[2026-02-05T11:40:56.530+0000] {processor.py:161} INFO - Started process (PID=1062) to work on /opt/airflow/dags/main.py
[2026-02-05T11:40:56.531+0000] {processor.py:830} INFO - Processing file /opt/airflow/dags/main.py for tasks to queue
[2026-02-05T11:40:56.535+0000] {logging_mixin.py:188} INFO - [2026-02-05T11:40:56.535+0000] {dagbag.py:545} INFO - Filling up the DagBag from /opt/airflow/dags/main.py
[2026-02-05T11:40:57.180+0000] {processor.py:840} INFO - DAG(s) 'produce_json' retrieved from /opt/airflow/dags/main.py
[2026-02-05T11:40:58.384+0000] {logging_mixin.py:188} INFO - [2026-02-05T11:40:58.380+0000] {dag.py:3096} INFO - Sync 1 DAGs
[2026-02-05T11:40:58.742+0000] {logging_mixin.py:188} INFO - [2026-02-05T11:40:58.741+0000] {dag.py:3954} INFO - Setting next_dagrun for produce_json to 2026-02-04 14:00:00+00:00, run_after=2026-02-05 14:00:00+00:00
[2026-02-05T11:40:58.888+0000] {processor.py:183} INFO - Processing /opt/airflow/dags/main.py took 2.806 seconds
[2026-02-05T11:41:29.661+0000] {processor.py:161} INFO - Started process (PID=1074) to work on /opt/airflow/dags/main.py
[2026-02-05T11:41:29.671+0000] {processor.py:830} INFO - Processing file /opt/airflow/dags/main.py for tasks to queue
[2026-02-05T11:41:29.683+0000] {logging_mixin.py:188} INFO - [2026-02-05T11:41:29.682+0000] {dagbag.py:545} INFO - Filling up the DagBag from /opt/airflow/dags/main.py
[2026-02-05T11:41:29.888+0000] {processor.py:840} INFO - DAG(s) 'produce_json' retrieved from /opt/airflow/dags/main.py
[2026-02-05T11:41:30.052+0000] {logging_mixin.py:188} INFO - [2026-02-05T11:41:30.051+0000] {dag.py:3096} INFO - Sync 1 DAGs
[2026-02-05T11:41:30.199+0000] {logging_mixin.py:188} INFO - [2026-02-05T11:41:30.199+0000] {dag.py:3954} INFO - Setting next_dagrun for produce_json to 2026-02-04 14:00:00+00:00, run_after=2026-02-05 14:00:00+00:00
[2026-02-05T11:41:30.266+0000] {processor.py:183} INFO - Processing /opt/airflow/dags/main.py took 0.659 seconds
[2026-02-05T11:42:00.515+0000] {processor.py:161} INFO - Started process (PID=1081) to work on /opt/airflow/dags/main.py
[2026-02-05T11:42:00.518+0000] {processor.py:830} INFO - Processing file /opt/airflow/dags/main.py for tasks to queue
[2026-02-05T11:42:00.522+0000] {logging_mixin.py:188} INFO - [2026-02-05T11:42:00.521+0000] {dagbag.py:545} INFO - Filling up the DagBag from /opt/airflow/dags/main.py
[2026-02-05T11:42:00.796+0000] {processor.py:840} INFO - DAG(s) 'produce_json' retrieved from /opt/airflow/dags/main.py
[2026-02-05T11:42:01.094+0000] {logging_mixin.py:188} INFO - [2026-02-05T11:42:01.093+0000] {dag.py:3096} INFO - Sync 1 DAGs
[2026-02-05T11:42:01.282+0000] {logging_mixin.py:188} INFO - [2026-02-05T11:42:01.252+0000] {dag.py:3954} INFO - Setting next_dagrun for produce_json to 2026-02-04 14:00:00+00:00, run_after=2026-02-05 14:00:00+00:00
[2026-02-05T11:42:01.437+0000] {processor.py:183} INFO - Processing /opt/airflow/dags/main.py took 1.088 seconds
[2026-02-05T11:42:31.985+0000] {processor.py:161} INFO - Started process (PID=1088) to work on /opt/airflow/dags/main.py
[2026-02-05T11:42:32.035+0000] {processor.py:830} INFO - Processing file /opt/airflow/dags/main.py for tasks to queue
[2026-02-05T11:42:32.040+0000] {logging_mixin.py:188} INFO - [2026-02-05T11:42:32.039+0000] {dagbag.py:545} INFO - Filling up the DagBag from /opt/airflow/dags/main.py
[2026-02-05T11:42:32.141+0000] {processor.py:840} INFO - DAG(s) 'produce_json' retrieved from /opt/airflow/dags/main.py
[2026-02-05T11:42:32.322+0000] {logging_mixin.py:188} INFO - [2026-02-05T11:42:32.321+0000] {dag.py:3096} INFO - Sync 1 DAGs
[2026-02-05T11:42:32.423+0000] {logging_mixin.py:188} INFO - [2026-02-05T11:42:32.420+0000] {dag.py:3954} INFO - Setting next_dagrun for produce_json to 2026-02-04 14:00:00+00:00, run_after=2026-02-05 14:00:00+00:00
[2026-02-05T11:42:32.567+0000] {processor.py:183} INFO - Processing /opt/airflow/dags/main.py took 0.751 seconds
[2026-02-05T11:43:06.722+0000] {processor.py:161} INFO - Started process (PID=1095) to work on /opt/airflow/dags/main.py
[2026-02-05T11:43:06.726+0000] {processor.py:830} INFO - Processing file /opt/airflow/dags/main.py for tasks to queue
[2026-02-05T11:43:06.735+0000] {logging_mixin.py:188} INFO - [2026-02-05T11:43:06.734+0000] {dagbag.py:545} INFO - Filling up the DagBag from /opt/airflow/dags/main.py
[2026-02-05T11:43:06.827+0000] {processor.py:840} INFO - DAG(s) 'produce_json' retrieved from /opt/airflow/dags/main.py
[2026-02-05T11:43:06.929+0000] {logging_mixin.py:188} INFO - [2026-02-05T11:43:06.929+0000] {dag.py:3096} INFO - Sync 1 DAGs
[2026-02-05T11:43:07.001+0000] {logging_mixin.py:188} INFO - [2026-02-05T11:43:07.000+0000] {dag.py:3954} INFO - Setting next_dagrun for produce_json to 2026-02-04 14:00:00+00:00, run_after=2026-02-05 14:00:00+00:00
[2026-02-05T11:43:07.048+0000] {processor.py:183} INFO - Processing /opt/airflow/dags/main.py took 1.757 seconds
[2026-02-05T11:43:37.758+0000] {processor.py:161} INFO - Started process (PID=1102) to work on /opt/airflow/dags/main.py
[2026-02-05T11:43:37.763+0000] {processor.py:830} INFO - Processing file /opt/airflow/dags/main.py for tasks to queue
[2026-02-05T11:43:37.771+0000] {logging_mixin.py:188} INFO - [2026-02-05T11:43:37.769+0000] {dagbag.py:545} INFO - Filling up the DagBag from /opt/airflow/dags/main.py
[2026-02-05T11:43:37.866+0000] {processor.py:840} INFO - DAG(s) 'produce_json' retrieved from /opt/airflow/dags/main.py
[2026-02-05T11:43:37.957+0000] {logging_mixin.py:188} INFO - [2026-02-05T11:43:37.956+0000] {dag.py:3096} INFO - Sync 1 DAGs
[2026-02-05T11:43:38.029+0000] {logging_mixin.py:188} INFO - [2026-02-05T11:43:38.029+0000] {dag.py:3954} INFO - Setting next_dagrun for produce_json to 2026-02-04 14:00:00+00:00, run_after=2026-02-05 14:00:00+00:00
[2026-02-05T11:43:38.099+0000] {processor.py:183} INFO - Processing /opt/airflow/dags/main.py took 0.366 seconds
[2026-02-05T12:53:22.624+0000] {processor.py:161} INFO - Started process (PID=1109) to work on /opt/airflow/dags/main.py
[2026-02-05T12:53:22.638+0000] {processor.py:830} INFO - Processing file /opt/airflow/dags/main.py for tasks to queue
[2026-02-05T12:53:22.641+0000] {logging_mixin.py:188} INFO - [2026-02-05T12:53:22.640+0000] {dagbag.py:545} INFO - Filling up the DagBag from /opt/airflow/dags/main.py
[2026-02-05T12:53:22.697+0000] {processor.py:840} INFO - DAG(s) 'produce_json' retrieved from /opt/airflow/dags/main.py
[2026-02-05T12:53:22.817+0000] {logging_mixin.py:188} INFO - [2026-02-05T12:53:22.817+0000] {dag.py:3096} INFO - Sync 1 DAGs
[2026-02-05T12:53:22.907+0000] {logging_mixin.py:188} INFO - [2026-02-05T12:53:22.900+0000] {dag.py:3954} INFO - Setting next_dagrun for produce_json to 2026-02-04 14:00:00+00:00, run_after=2026-02-05 14:00:00+00:00
[2026-02-05T12:53:23.124+0000] {processor.py:183} INFO - Processing /opt/airflow/dags/main.py took 0.512 seconds
[2026-02-05T12:53:53.505+0000] {processor.py:161} INFO - Started process (PID=1116) to work on /opt/airflow/dags/main.py
[2026-02-05T12:53:53.514+0000] {processor.py:830} INFO - Processing file /opt/airflow/dags/main.py for tasks to queue
[2026-02-05T12:53:53.519+0000] {logging_mixin.py:188} INFO - [2026-02-05T12:53:53.518+0000] {dagbag.py:545} INFO - Filling up the DagBag from /opt/airflow/dags/main.py
[2026-02-05T12:53:53.626+0000] {processor.py:840} INFO - DAG(s) 'produce_json' retrieved from /opt/airflow/dags/main.py
[2026-02-05T12:53:54.280+0000] {logging_mixin.py:188} INFO - [2026-02-05T12:53:54.280+0000] {dag.py:3096} INFO - Sync 1 DAGs
[2026-02-05T12:53:54.450+0000] {logging_mixin.py:188} INFO - [2026-02-05T12:53:54.450+0000] {dag.py:3954} INFO - Setting next_dagrun for produce_json to 2026-02-04 14:00:00+00:00, run_after=2026-02-05 14:00:00+00:00
[2026-02-05T12:53:54.645+0000] {processor.py:183} INFO - Processing /opt/airflow/dags/main.py took 1.255 seconds
[2026-02-05T13:06:46.093+0000] {processor.py:161} INFO - Started process (PID=1124) to work on /opt/airflow/dags/main.py
[2026-02-05T13:06:46.123+0000] {processor.py:830} INFO - Processing file /opt/airflow/dags/main.py for tasks to queue
[2026-02-05T13:06:46.127+0000] {logging_mixin.py:188} INFO - [2026-02-05T13:06:46.126+0000] {dagbag.py:545} INFO - Filling up the DagBag from /opt/airflow/dags/main.py
[2026-02-05T13:06:46.367+0000] {processor.py:840} INFO - DAG(s) 'produce_json' retrieved from /opt/airflow/dags/main.py
[2026-02-05T13:06:46.529+0000] {logging_mixin.py:188} INFO - [2026-02-05T13:06:46.529+0000] {dag.py:3096} INFO - Sync 1 DAGs
[2026-02-05T13:06:46.866+0000] {logging_mixin.py:188} INFO - [2026-02-05T13:06:46.866+0000] {dag.py:3954} INFO - Setting next_dagrun for produce_json to 2026-02-04 14:00:00+00:00, run_after=2026-02-05 14:00:00+00:00
[2026-02-05T13:06:47.086+0000] {processor.py:183} INFO - Processing /opt/airflow/dags/main.py took 1.111 seconds
[2026-02-05T13:07:18.180+0000] {processor.py:161} INFO - Started process (PID=1131) to work on /opt/airflow/dags/main.py
[2026-02-05T13:07:18.197+0000] {processor.py:830} INFO - Processing file /opt/airflow/dags/main.py for tasks to queue
[2026-02-05T13:07:18.201+0000] {logging_mixin.py:188} INFO - [2026-02-05T13:07:18.200+0000] {dagbag.py:545} INFO - Filling up the DagBag from /opt/airflow/dags/main.py
[2026-02-05T13:07:18.271+0000] {processor.py:840} INFO - DAG(s) 'produce_json' retrieved from /opt/airflow/dags/main.py
[2026-02-05T13:07:18.435+0000] {logging_mixin.py:188} INFO - [2026-02-05T13:07:18.434+0000] {dag.py:3096} INFO - Sync 1 DAGs
[2026-02-05T13:07:18.554+0000] {logging_mixin.py:188} INFO - [2026-02-05T13:07:18.554+0000] {dag.py:3954} INFO - Setting next_dagrun for produce_json to 2026-02-04 14:00:00+00:00, run_after=2026-02-05 14:00:00+00:00
[2026-02-05T13:07:18.750+0000] {processor.py:183} INFO - Processing /opt/airflow/dags/main.py took 0.587 seconds
[2026-02-05T13:07:48.957+0000] {processor.py:161} INFO - Started process (PID=1139) to work on /opt/airflow/dags/main.py
[2026-02-05T13:07:48.977+0000] {processor.py:830} INFO - Processing file /opt/airflow/dags/main.py for tasks to queue
[2026-02-05T13:07:48.990+0000] {logging_mixin.py:188} INFO - [2026-02-05T13:07:48.989+0000] {dagbag.py:545} INFO - Filling up the DagBag from /opt/airflow/dags/main.py
[2026-02-05T13:07:49.111+0000] {processor.py:840} INFO - DAG(s) 'produce_json' retrieved from /opt/airflow/dags/main.py
[2026-02-05T13:07:49.243+0000] {logging_mixin.py:188} INFO - [2026-02-05T13:07:49.242+0000] {dag.py:3096} INFO - Sync 1 DAGs
[2026-02-05T13:07:49.308+0000] {logging_mixin.py:188} INFO - [2026-02-05T13:07:49.307+0000] {dag.py:3954} INFO - Setting next_dagrun for produce_json to 2026-02-04 14:00:00+00:00, run_after=2026-02-05 14:00:00+00:00
[2026-02-05T13:07:49.372+0000] {processor.py:183} INFO - Processing /opt/airflow/dags/main.py took 0.460 seconds
[2026-02-05T13:08:19.571+0000] {processor.py:161} INFO - Started process (PID=1153) to work on /opt/airflow/dags/main.py
[2026-02-05T13:08:19.574+0000] {processor.py:830} INFO - Processing file /opt/airflow/dags/main.py for tasks to queue
[2026-02-05T13:08:19.578+0000] {logging_mixin.py:188} INFO - [2026-02-05T13:08:19.578+0000] {dagbag.py:545} INFO - Filling up the DagBag from /opt/airflow/dags/main.py
[2026-02-05T13:08:19.676+0000] {processor.py:840} INFO - DAG(s) 'produce_json' retrieved from /opt/airflow/dags/main.py
[2026-02-05T13:08:19.760+0000] {logging_mixin.py:188} INFO - [2026-02-05T13:08:19.759+0000] {dag.py:3096} INFO - Sync 1 DAGs
[2026-02-05T13:08:19.828+0000] {logging_mixin.py:188} INFO - [2026-02-05T13:08:19.826+0000] {dag.py:3954} INFO - Setting next_dagrun for produce_json to 2026-02-04 14:00:00+00:00, run_after=2026-02-05 14:00:00+00:00
[2026-02-05T13:08:19.887+0000] {processor.py:183} INFO - Processing /opt/airflow/dags/main.py took 0.331 seconds
[2026-02-05T13:08:50.624+0000] {processor.py:161} INFO - Started process (PID=1160) to work on /opt/airflow/dags/main.py
[2026-02-05T13:08:50.627+0000] {processor.py:830} INFO - Processing file /opt/airflow/dags/main.py for tasks to queue
[2026-02-05T13:08:50.631+0000] {logging_mixin.py:188} INFO - [2026-02-05T13:08:50.630+0000] {dagbag.py:545} INFO - Filling up the DagBag from /opt/airflow/dags/main.py
[2026-02-05T13:08:50.720+0000] {processor.py:840} INFO - DAG(s) 'produce_json' retrieved from /opt/airflow/dags/main.py
[2026-02-05T13:08:50.803+0000] {logging_mixin.py:188} INFO - [2026-02-05T13:08:50.802+0000] {dag.py:3096} INFO - Sync 1 DAGs
[2026-02-05T13:08:50.859+0000] {logging_mixin.py:188} INFO - [2026-02-05T13:08:50.858+0000] {dag.py:3954} INFO - Setting next_dagrun for produce_json to 2026-02-04 14:00:00+00:00, run_after=2026-02-05 14:00:00+00:00
[2026-02-05T13:08:50.911+0000] {processor.py:183} INFO - Processing /opt/airflow/dags/main.py took 0.304 seconds
[2026-02-05T13:09:21.227+0000] {processor.py:161} INFO - Started process (PID=1167) to work on /opt/airflow/dags/main.py
[2026-02-05T13:09:21.233+0000] {processor.py:830} INFO - Processing file /opt/airflow/dags/main.py for tasks to queue
[2026-02-05T13:09:21.240+0000] {logging_mixin.py:188} INFO - [2026-02-05T13:09:21.239+0000] {dagbag.py:545} INFO - Filling up the DagBag from /opt/airflow/dags/main.py
[2026-02-05T13:09:21.306+0000] {processor.py:840} INFO - DAG(s) 'produce_json' retrieved from /opt/airflow/dags/main.py
[2026-02-05T13:09:21.377+0000] {logging_mixin.py:188} INFO - [2026-02-05T13:09:21.377+0000] {dag.py:3096} INFO - Sync 1 DAGs
[2026-02-05T13:09:21.434+0000] {logging_mixin.py:188} INFO - [2026-02-05T13:09:21.434+0000] {dag.py:3954} INFO - Setting next_dagrun for produce_json to 2026-02-04 14:00:00+00:00, run_after=2026-02-05 14:00:00+00:00
[2026-02-05T13:09:21.487+0000] {processor.py:183} INFO - Processing /opt/airflow/dags/main.py took 0.277 seconds
[2026-02-05T13:09:51.761+0000] {processor.py:161} INFO - Started process (PID=1175) to work on /opt/airflow/dags/main.py
[2026-02-05T13:09:51.766+0000] {processor.py:830} INFO - Processing file /opt/airflow/dags/main.py for tasks to queue
[2026-02-05T13:09:51.770+0000] {logging_mixin.py:188} INFO - [2026-02-05T13:09:51.769+0000] {dagbag.py:545} INFO - Filling up the DagBag from /opt/airflow/dags/main.py
[2026-02-05T13:09:51.849+0000] {processor.py:840} INFO - DAG(s) 'produce_json' retrieved from /opt/airflow/dags/main.py
[2026-02-05T13:09:51.931+0000] {logging_mixin.py:188} INFO - [2026-02-05T13:09:51.930+0000] {dag.py:3096} INFO - Sync 1 DAGs
[2026-02-05T13:09:51.980+0000] {logging_mixin.py:188} INFO - [2026-02-05T13:09:51.979+0000] {dag.py:3954} INFO - Setting next_dagrun for produce_json to 2026-02-04 14:00:00+00:00, run_after=2026-02-05 14:00:00+00:00
[2026-02-05T13:09:52.028+0000] {processor.py:183} INFO - Processing /opt/airflow/dags/main.py took 0.288 seconds
[2026-02-05T13:10:22.476+0000] {processor.py:161} INFO - Started process (PID=1183) to work on /opt/airflow/dags/main.py
[2026-02-05T13:10:22.478+0000] {processor.py:830} INFO - Processing file /opt/airflow/dags/main.py for tasks to queue
[2026-02-05T13:10:22.482+0000] {logging_mixin.py:188} INFO - [2026-02-05T13:10:22.481+0000] {dagbag.py:545} INFO - Filling up the DagBag from /opt/airflow/dags/main.py
[2026-02-05T13:10:22.555+0000] {processor.py:840} INFO - DAG(s) 'produce_json' retrieved from /opt/airflow/dags/main.py
[2026-02-05T13:10:22.636+0000] {logging_mixin.py:188} INFO - [2026-02-05T13:10:22.636+0000] {dag.py:3096} INFO - Sync 1 DAGs
[2026-02-05T13:10:22.689+0000] {logging_mixin.py:188} INFO - [2026-02-05T13:10:22.688+0000] {dag.py:3954} INFO - Setting next_dagrun for produce_json to 2026-02-04 14:00:00+00:00, run_after=2026-02-05 14:00:00+00:00
[2026-02-05T13:10:22.740+0000] {processor.py:183} INFO - Processing /opt/airflow/dags/main.py took 0.280 seconds
[2026-02-05T13:10:53.228+0000] {processor.py:161} INFO - Started process (PID=1190) to work on /opt/airflow/dags/main.py
[2026-02-05T13:10:53.232+0000] {processor.py:830} INFO - Processing file /opt/airflow/dags/main.py for tasks to queue
[2026-02-05T13:10:53.238+0000] {logging_mixin.py:188} INFO - [2026-02-05T13:10:53.237+0000] {dagbag.py:545} INFO - Filling up the DagBag from /opt/airflow/dags/main.py
[2026-02-05T13:10:53.323+0000] {processor.py:840} INFO - DAG(s) 'produce_json' retrieved from /opt/airflow/dags/main.py
[2026-02-05T13:10:53.400+0000] {logging_mixin.py:188} INFO - [2026-02-05T13:10:53.399+0000] {dag.py:3096} INFO - Sync 1 DAGs
[2026-02-05T13:10:53.456+0000] {logging_mixin.py:188} INFO - [2026-02-05T13:10:53.455+0000] {dag.py:3954} INFO - Setting next_dagrun for produce_json to 2026-02-04 14:00:00+00:00, run_after=2026-02-05 14:00:00+00:00
[2026-02-05T13:10:53.557+0000] {processor.py:183} INFO - Processing /opt/airflow/dags/main.py took 0.348 seconds
[2026-02-05T13:11:24.168+0000] {processor.py:161} INFO - Started process (PID=1197) to work on /opt/airflow/dags/main.py
[2026-02-05T13:11:24.171+0000] {processor.py:830} INFO - Processing file /opt/airflow/dags/main.py for tasks to queue
[2026-02-05T13:11:24.174+0000] {logging_mixin.py:188} INFO - [2026-02-05T13:11:24.174+0000] {dagbag.py:545} INFO - Filling up the DagBag from /opt/airflow/dags/main.py
[2026-02-05T13:11:24.225+0000] {processor.py:840} INFO - DAG(s) 'produce_json' retrieved from /opt/airflow/dags/main.py
[2026-02-05T13:11:24.324+0000] {logging_mixin.py:188} INFO - [2026-02-05T13:11:24.323+0000] {dag.py:3096} INFO - Sync 1 DAGs
[2026-02-05T13:11:24.381+0000] {logging_mixin.py:188} INFO - [2026-02-05T13:11:24.380+0000] {dag.py:3954} INFO - Setting next_dagrun for produce_json to 2026-02-04 14:00:00+00:00, run_after=2026-02-05 14:00:00+00:00
[2026-02-05T13:11:24.443+0000] {processor.py:183} INFO - Processing /opt/airflow/dags/main.py took 0.288 seconds
[2026-02-05T13:11:57.057+0000] {processor.py:161} INFO - Started process (PID=1204) to work on /opt/airflow/dags/main.py
[2026-02-05T13:11:57.064+0000] {processor.py:830} INFO - Processing file /opt/airflow/dags/main.py for tasks to queue
[2026-02-05T13:11:57.068+0000] {logging_mixin.py:188} INFO - [2026-02-05T13:11:57.067+0000] {dagbag.py:545} INFO - Filling up the DagBag from /opt/airflow/dags/main.py
[2026-02-05T13:11:57.159+0000] {processor.py:840} INFO - DAG(s) 'produce_json' retrieved from /opt/airflow/dags/main.py
[2026-02-05T13:11:57.275+0000] {logging_mixin.py:188} INFO - [2026-02-05T13:11:57.275+0000] {dag.py:3096} INFO - Sync 1 DAGs
[2026-02-05T13:11:57.339+0000] {logging_mixin.py:188} INFO - [2026-02-05T13:11:57.339+0000] {dag.py:3954} INFO - Setting next_dagrun for produce_json to 2026-02-04 14:00:00+00:00, run_after=2026-02-05 14:00:00+00:00
[2026-02-05T13:11:57.393+0000] {processor.py:183} INFO - Processing /opt/airflow/dags/main.py took 0.392 seconds
[2026-02-05T13:12:28.160+0000] {processor.py:161} INFO - Started process (PID=1212) to work on /opt/airflow/dags/main.py
[2026-02-05T13:12:28.166+0000] {processor.py:830} INFO - Processing file /opt/airflow/dags/main.py for tasks to queue
[2026-02-05T13:12:28.170+0000] {logging_mixin.py:188} INFO - [2026-02-05T13:12:28.169+0000] {dagbag.py:545} INFO - Filling up the DagBag from /opt/airflow/dags/main.py
[2026-02-05T13:12:28.220+0000] {processor.py:840} INFO - DAG(s) 'produce_json' retrieved from /opt/airflow/dags/main.py
[2026-02-05T13:12:28.286+0000] {logging_mixin.py:188} INFO - [2026-02-05T13:12:28.284+0000] {dag.py:3096} INFO - Sync 1 DAGs
[2026-02-05T13:12:28.328+0000] {logging_mixin.py:188} INFO - [2026-02-05T13:12:28.328+0000] {dag.py:3954} INFO - Setting next_dagrun for produce_json to 2026-02-04 14:00:00+00:00, run_after=2026-02-05 14:00:00+00:00
[2026-02-05T13:12:28.375+0000] {processor.py:183} INFO - Processing /opt/airflow/dags/main.py took 0.225 seconds
[2026-02-05T13:12:58.747+0000] {processor.py:161} INFO - Started process (PID=1220) to work on /opt/airflow/dags/main.py
[2026-02-05T13:12:58.754+0000] {processor.py:830} INFO - Processing file /opt/airflow/dags/main.py for tasks to queue
[2026-02-05T13:12:58.757+0000] {logging_mixin.py:188} INFO - [2026-02-05T13:12:58.756+0000] {dagbag.py:545} INFO - Filling up the DagBag from /opt/airflow/dags/main.py
[2026-02-05T13:12:58.809+0000] {processor.py:840} INFO - DAG(s) 'produce_json' retrieved from /opt/airflow/dags/main.py
[2026-02-05T13:12:58.877+0000] {logging_mixin.py:188} INFO - [2026-02-05T13:12:58.877+0000] {dag.py:3096} INFO - Sync 1 DAGs
[2026-02-05T13:12:58.926+0000] {logging_mixin.py:188} INFO - [2026-02-05T13:12:58.926+0000] {dag.py:3954} INFO - Setting next_dagrun for produce_json to 2026-02-04 14:00:00+00:00, run_after=2026-02-05 14:00:00+00:00
[2026-02-05T13:12:58.987+0000] {processor.py:183} INFO - Processing /opt/airflow/dags/main.py took 0.251 seconds
[2026-02-05T13:13:29.886+0000] {processor.py:161} INFO - Started process (PID=1226) to work on /opt/airflow/dags/main.py
[2026-02-05T13:13:29.889+0000] {processor.py:830} INFO - Processing file /opt/airflow/dags/main.py for tasks to queue
[2026-02-05T13:13:29.896+0000] {logging_mixin.py:188} INFO - [2026-02-05T13:13:29.895+0000] {dagbag.py:545} INFO - Filling up the DagBag from /opt/airflow/dags/main.py
[2026-02-05T13:13:30.006+0000] {processor.py:840} INFO - DAG(s) 'produce_json' retrieved from /opt/airflow/dags/main.py
[2026-02-05T13:13:30.106+0000] {logging_mixin.py:188} INFO - [2026-02-05T13:13:30.106+0000] {dag.py:3096} INFO - Sync 1 DAGs
[2026-02-05T13:13:30.166+0000] {logging_mixin.py:188} INFO - [2026-02-05T13:13:30.165+0000] {dag.py:3954} INFO - Setting next_dagrun for produce_json to 2026-02-04 14:00:00+00:00, run_after=2026-02-05 14:00:00+00:00
[2026-02-05T13:13:30.235+0000] {processor.py:183} INFO - Processing /opt/airflow/dags/main.py took 0.386 seconds
[2026-02-05T13:14:00.596+0000] {processor.py:161} INFO - Started process (PID=1233) to work on /opt/airflow/dags/main.py
[2026-02-05T13:14:00.599+0000] {processor.py:830} INFO - Processing file /opt/airflow/dags/main.py for tasks to queue
[2026-02-05T13:14:00.604+0000] {logging_mixin.py:188} INFO - [2026-02-05T13:14:00.603+0000] {dagbag.py:545} INFO - Filling up the DagBag from /opt/airflow/dags/main.py
[2026-02-05T13:14:00.687+0000] {processor.py:840} INFO - DAG(s) 'produce_json' retrieved from /opt/airflow/dags/main.py
[2026-02-05T13:14:00.774+0000] {logging_mixin.py:188} INFO - [2026-02-05T13:14:00.773+0000] {dag.py:3096} INFO - Sync 1 DAGs
[2026-02-05T13:14:00.828+0000] {logging_mixin.py:188} INFO - [2026-02-05T13:14:00.827+0000] {dag.py:3954} INFO - Setting next_dagrun for produce_json to 2026-02-04 14:00:00+00:00, run_after=2026-02-05 14:00:00+00:00
[2026-02-05T13:14:00.887+0000] {processor.py:183} INFO - Processing /opt/airflow/dags/main.py took 0.306 seconds
[2026-02-05T13:14:31.035+0000] {processor.py:161} INFO - Started process (PID=1241) to work on /opt/airflow/dags/main.py
[2026-02-05T13:14:31.039+0000] {processor.py:830} INFO - Processing file /opt/airflow/dags/main.py for tasks to queue
[2026-02-05T13:14:31.046+0000] {logging_mixin.py:188} INFO - [2026-02-05T13:14:31.044+0000] {dagbag.py:545} INFO - Filling up the DagBag from /opt/airflow/dags/main.py
[2026-02-05T13:14:31.123+0000] {processor.py:840} INFO - DAG(s) 'produce_json' retrieved from /opt/airflow/dags/main.py
[2026-02-05T13:14:31.204+0000] {logging_mixin.py:188} INFO - [2026-02-05T13:14:31.203+0000] {dag.py:3096} INFO - Sync 1 DAGs
[2026-02-05T13:14:31.270+0000] {logging_mixin.py:188} INFO - [2026-02-05T13:14:31.269+0000] {dag.py:3954} INFO - Setting next_dagrun for produce_json to 2026-02-04 14:00:00+00:00, run_after=2026-02-05 14:00:00+00:00
[2026-02-05T13:14:31.327+0000] {processor.py:183} INFO - Processing /opt/airflow/dags/main.py took 0.306 seconds
[2026-02-05T13:15:01.538+0000] {processor.py:161} INFO - Started process (PID=1248) to work on /opt/airflow/dags/main.py
[2026-02-05T13:15:01.543+0000] {processor.py:830} INFO - Processing file /opt/airflow/dags/main.py for tasks to queue
[2026-02-05T13:15:01.548+0000] {logging_mixin.py:188} INFO - [2026-02-05T13:15:01.548+0000] {dagbag.py:545} INFO - Filling up the DagBag from /opt/airflow/dags/main.py
[2026-02-05T13:15:01.626+0000] {processor.py:840} INFO - DAG(s) 'produce_json' retrieved from /opt/airflow/dags/main.py
[2026-02-05T13:15:01.688+0000] {logging_mixin.py:188} INFO - [2026-02-05T13:15:01.688+0000] {dag.py:3096} INFO - Sync 1 DAGs
[2026-02-05T13:15:01.729+0000] {logging_mixin.py:188} INFO - [2026-02-05T13:15:01.728+0000] {dag.py:3954} INFO - Setting next_dagrun for produce_json to 2026-02-04 14:00:00+00:00, run_after=2026-02-05 14:00:00+00:00
[2026-02-05T13:15:01.775+0000] {processor.py:183} INFO - Processing /opt/airflow/dags/main.py took 0.258 seconds
[2026-02-05T13:15:32.070+0000] {processor.py:161} INFO - Started process (PID=1255) to work on /opt/airflow/dags/main.py
[2026-02-05T13:15:32.093+0000] {processor.py:830} INFO - Processing file /opt/airflow/dags/main.py for tasks to queue
[2026-02-05T13:15:32.096+0000] {logging_mixin.py:188} INFO - [2026-02-05T13:15:32.095+0000] {dagbag.py:545} INFO - Filling up the DagBag from /opt/airflow/dags/main.py
[2026-02-05T13:15:32.160+0000] {processor.py:840} INFO - DAG(s) 'produce_json' retrieved from /opt/airflow/dags/main.py
[2026-02-05T13:15:32.211+0000] {logging_mixin.py:188} INFO - [2026-02-05T13:15:32.210+0000] {dag.py:3096} INFO - Sync 1 DAGs
[2026-02-05T13:15:32.258+0000] {logging_mixin.py:188} INFO - [2026-02-05T13:15:32.258+0000] {dag.py:3954} INFO - Setting next_dagrun for produce_json to 2026-02-04 14:00:00+00:00, run_after=2026-02-05 14:00:00+00:00
[2026-02-05T13:15:32.289+0000] {processor.py:183} INFO - Processing /opt/airflow/dags/main.py took 0.229 seconds
[2026-02-05T13:16:10.777+0000] {processor.py:161} INFO - Started process (PID=1262) to work on /opt/airflow/dags/main.py
[2026-02-05T13:16:10.794+0000] {processor.py:830} INFO - Processing file /opt/airflow/dags/main.py for tasks to queue
[2026-02-05T13:16:10.797+0000] {logging_mixin.py:188} INFO - [2026-02-05T13:16:10.796+0000] {dagbag.py:545} INFO - Filling up the DagBag from /opt/airflow/dags/main.py
[2026-02-05T13:16:10.933+0000] {processor.py:840} INFO - DAG(s) 'produce_json' retrieved from /opt/airflow/dags/main.py
[2026-02-05T13:16:11.041+0000] {logging_mixin.py:188} INFO - [2026-02-05T13:16:11.041+0000] {dag.py:3096} INFO - Sync 1 DAGs
[2026-02-05T13:16:11.119+0000] {logging_mixin.py:188} INFO - [2026-02-05T13:16:11.119+0000] {dag.py:3954} INFO - Setting next_dagrun for produce_json to 2026-02-04 14:00:00+00:00, run_after=2026-02-05 14:00:00+00:00
[2026-02-05T13:16:11.248+0000] {processor.py:183} INFO - Processing /opt/airflow/dags/main.py took 0.521 seconds
[2026-02-05T13:16:41.840+0000] {processor.py:161} INFO - Started process (PID=1270) to work on /opt/airflow/dags/main.py
[2026-02-05T13:16:41.864+0000] {processor.py:830} INFO - Processing file /opt/airflow/dags/main.py for tasks to queue
[2026-02-05T13:16:41.872+0000] {logging_mixin.py:188} INFO - [2026-02-05T13:16:41.871+0000] {dagbag.py:545} INFO - Filling up the DagBag from /opt/airflow/dags/main.py
[2026-02-05T13:16:41.982+0000] {processor.py:840} INFO - DAG(s) 'produce_json' retrieved from /opt/airflow/dags/main.py
[2026-02-05T13:16:42.054+0000] {logging_mixin.py:188} INFO - [2026-02-05T13:16:42.054+0000] {dag.py:3096} INFO - Sync 1 DAGs
[2026-02-05T13:16:42.086+0000] {logging_mixin.py:188} INFO - [2026-02-05T13:16:42.085+0000] {dag.py:3954} INFO - Setting next_dagrun for produce_json to 2026-02-04 14:00:00+00:00, run_after=2026-02-05 14:00:00+00:00
[2026-02-05T13:16:42.115+0000] {processor.py:183} INFO - Processing /opt/airflow/dags/main.py took 0.295 seconds
[2026-02-05T13:17:12.333+0000] {processor.py:161} INFO - Started process (PID=1277) to work on /opt/airflow/dags/main.py
[2026-02-05T13:17:12.336+0000] {processor.py:830} INFO - Processing file /opt/airflow/dags/main.py for tasks to queue
[2026-02-05T13:17:12.339+0000] {logging_mixin.py:188} INFO - [2026-02-05T13:17:12.339+0000] {dagbag.py:545} INFO - Filling up the DagBag from /opt/airflow/dags/main.py
[2026-02-05T13:17:12.420+0000] {processor.py:840} INFO - DAG(s) 'produce_json' retrieved from /opt/airflow/dags/main.py
[2026-02-05T13:17:12.514+0000] {logging_mixin.py:188} INFO - [2026-02-05T13:17:12.513+0000] {dag.py:3096} INFO - Sync 1 DAGs
[2026-02-05T13:17:12.582+0000] {logging_mixin.py:188} INFO - [2026-02-05T13:17:12.582+0000] {dag.py:3954} INFO - Setting next_dagrun for produce_json to 2026-02-04 14:00:00+00:00, run_after=2026-02-05 14:00:00+00:00
[2026-02-05T13:17:12.621+0000] {processor.py:183} INFO - Processing /opt/airflow/dags/main.py took 0.314 seconds
[2026-02-05T13:17:43.310+0000] {processor.py:161} INFO - Started process (PID=1284) to work on /opt/airflow/dags/main.py
[2026-02-05T13:17:43.314+0000] {processor.py:830} INFO - Processing file /opt/airflow/dags/main.py for tasks to queue
[2026-02-05T13:17:43.323+0000] {logging_mixin.py:188} INFO - [2026-02-05T13:17:43.321+0000] {dagbag.py:545} INFO - Filling up the DagBag from /opt/airflow/dags/main.py
[2026-02-05T13:17:43.398+0000] {processor.py:840} INFO - DAG(s) 'produce_json' retrieved from /opt/airflow/dags/main.py
[2026-02-05T13:17:43.478+0000] {logging_mixin.py:188} INFO - [2026-02-05T13:17:43.477+0000] {dag.py:3096} INFO - Sync 1 DAGs
[2026-02-05T13:17:43.532+0000] {logging_mixin.py:188} INFO - [2026-02-05T13:17:43.531+0000] {dag.py:3954} INFO - Setting next_dagrun for produce_json to 2026-02-04 14:00:00+00:00, run_after=2026-02-05 14:00:00+00:00
[2026-02-05T13:17:43.593+0000] {processor.py:183} INFO - Processing /opt/airflow/dags/main.py took 0.297 seconds
[2026-02-05T13:18:13.851+0000] {processor.py:161} INFO - Started process (PID=1291) to work on /opt/airflow/dags/main.py
[2026-02-05T13:18:13.854+0000] {processor.py:830} INFO - Processing file /opt/airflow/dags/main.py for tasks to queue
[2026-02-05T13:18:13.860+0000] {logging_mixin.py:188} INFO - [2026-02-05T13:18:13.859+0000] {dagbag.py:545} INFO - Filling up the DagBag from /opt/airflow/dags/main.py
[2026-02-05T13:18:13.943+0000] {processor.py:840} INFO - DAG(s) 'produce_json' retrieved from /opt/airflow/dags/main.py
[2026-02-05T13:18:14.022+0000] {logging_mixin.py:188} INFO - [2026-02-05T13:18:14.022+0000] {dag.py:3096} INFO - Sync 1 DAGs
[2026-02-05T13:18:14.112+0000] {logging_mixin.py:188} INFO - [2026-02-05T13:18:14.112+0000] {dag.py:3954} INFO - Setting next_dagrun for produce_json to 2026-02-04 14:00:00+00:00, run_after=2026-02-05 14:00:00+00:00
[2026-02-05T13:18:14.153+0000] {processor.py:183} INFO - Processing /opt/airflow/dags/main.py took 0.346 seconds
[2026-02-05T13:18:45.458+0000] {processor.py:161} INFO - Started process (PID=1299) to work on /opt/airflow/dags/main.py
[2026-02-05T13:18:45.462+0000] {processor.py:830} INFO - Processing file /opt/airflow/dags/main.py for tasks to queue
[2026-02-05T13:18:45.466+0000] {logging_mixin.py:188} INFO - [2026-02-05T13:18:45.465+0000] {dagbag.py:545} INFO - Filling up the DagBag from /opt/airflow/dags/main.py
[2026-02-05T13:18:45.525+0000] {processor.py:840} INFO - DAG(s) 'produce_json' retrieved from /opt/airflow/dags/main.py
[2026-02-05T13:18:45.606+0000] {logging_mixin.py:188} INFO - [2026-02-05T13:18:45.605+0000] {dag.py:3096} INFO - Sync 1 DAGs
[2026-02-05T13:18:45.642+0000] {logging_mixin.py:188} INFO - [2026-02-05T13:18:45.642+0000] {dag.py:3954} INFO - Setting next_dagrun for produce_json to 2026-02-04 14:00:00+00:00, run_after=2026-02-05 14:00:00+00:00
[2026-02-05T13:18:45.675+0000] {processor.py:183} INFO - Processing /opt/airflow/dags/main.py took 0.247 seconds
[2026-02-05T13:19:16.066+0000] {processor.py:161} INFO - Started process (PID=1306) to work on /opt/airflow/dags/main.py
[2026-02-05T13:19:16.070+0000] {processor.py:830} INFO - Processing file /opt/airflow/dags/main.py for tasks to queue
[2026-02-05T13:19:16.077+0000] {logging_mixin.py:188} INFO - [2026-02-05T13:19:16.076+0000] {dagbag.py:545} INFO - Filling up the DagBag from /opt/airflow/dags/main.py
[2026-02-05T13:19:16.154+0000] {processor.py:840} INFO - DAG(s) 'produce_json' retrieved from /opt/airflow/dags/main.py
[2026-02-05T13:19:16.241+0000] {logging_mixin.py:188} INFO - [2026-02-05T13:19:16.241+0000] {dag.py:3096} INFO - Sync 1 DAGs
[2026-02-05T13:19:16.311+0000] {logging_mixin.py:188} INFO - [2026-02-05T13:19:16.311+0000] {dag.py:3954} INFO - Setting next_dagrun for produce_json to 2026-02-04 14:00:00+00:00, run_after=2026-02-05 14:00:00+00:00
[2026-02-05T13:19:16.368+0000] {processor.py:183} INFO - Processing /opt/airflow/dags/main.py took 0.320 seconds
[2026-02-05T13:19:47.311+0000] {processor.py:161} INFO - Started process (PID=1312) to work on /opt/airflow/dags/main.py
[2026-02-05T13:19:47.314+0000] {processor.py:830} INFO - Processing file /opt/airflow/dags/main.py for tasks to queue
[2026-02-05T13:19:47.324+0000] {logging_mixin.py:188} INFO - [2026-02-05T13:19:47.322+0000] {dagbag.py:545} INFO - Filling up the DagBag from /opt/airflow/dags/main.py
[2026-02-05T13:19:47.422+0000] {processor.py:840} INFO - DAG(s) 'produce_json' retrieved from /opt/airflow/dags/main.py
[2026-02-05T13:19:47.476+0000] {logging_mixin.py:188} INFO - [2026-02-05T13:19:47.475+0000] {dag.py:3096} INFO - Sync 1 DAGs
[2026-02-05T13:19:47.510+0000] {logging_mixin.py:188} INFO - [2026-02-05T13:19:47.509+0000] {dag.py:3954} INFO - Setting next_dagrun for produce_json to 2026-02-04 14:00:00+00:00, run_after=2026-02-05 14:00:00+00:00
[2026-02-05T13:19:47.552+0000] {processor.py:183} INFO - Processing /opt/airflow/dags/main.py took 0.254 seconds
[2026-02-05T13:20:17.947+0000] {processor.py:161} INFO - Started process (PID=1319) to work on /opt/airflow/dags/main.py
[2026-02-05T13:20:17.950+0000] {processor.py:830} INFO - Processing file /opt/airflow/dags/main.py for tasks to queue
[2026-02-05T13:20:17.956+0000] {logging_mixin.py:188} INFO - [2026-02-05T13:20:17.955+0000] {dagbag.py:545} INFO - Filling up the DagBag from /opt/airflow/dags/main.py
[2026-02-05T13:20:18.066+0000] {processor.py:840} INFO - DAG(s) 'produce_json' retrieved from /opt/airflow/dags/main.py
[2026-02-05T13:20:18.162+0000] {logging_mixin.py:188} INFO - [2026-02-05T13:20:18.162+0000] {dag.py:3096} INFO - Sync 1 DAGs
[2026-02-05T13:20:18.252+0000] {logging_mixin.py:188} INFO - [2026-02-05T13:20:18.251+0000] {dag.py:3954} INFO - Setting next_dagrun for produce_json to 2026-02-04 14:00:00+00:00, run_after=2026-02-05 14:00:00+00:00
[2026-02-05T13:20:18.319+0000] {processor.py:183} INFO - Processing /opt/airflow/dags/main.py took 0.390 seconds
[2026-02-05T13:20:48.574+0000] {processor.py:161} INFO - Started process (PID=1326) to work on /opt/airflow/dags/main.py
[2026-02-05T13:20:48.578+0000] {processor.py:830} INFO - Processing file /opt/airflow/dags/main.py for tasks to queue
[2026-02-05T13:20:48.583+0000] {logging_mixin.py:188} INFO - [2026-02-05T13:20:48.582+0000] {dagbag.py:545} INFO - Filling up the DagBag from /opt/airflow/dags/main.py
[2026-02-05T13:20:48.670+0000] {processor.py:840} INFO - DAG(s) 'produce_json' retrieved from /opt/airflow/dags/main.py
[2026-02-05T13:20:48.767+0000] {logging_mixin.py:188} INFO - [2026-02-05T13:20:48.766+0000] {dag.py:3096} INFO - Sync 1 DAGs
[2026-02-05T13:20:48.832+0000] {logging_mixin.py:188} INFO - [2026-02-05T13:20:48.832+0000] {dag.py:3954} INFO - Setting next_dagrun for produce_json to 2026-02-04 14:00:00+00:00, run_after=2026-02-05 14:00:00+00:00
[2026-02-05T13:20:48.890+0000] {processor.py:183} INFO - Processing /opt/airflow/dags/main.py took 0.335 seconds
[2026-02-05T13:21:19.521+0000] {processor.py:161} INFO - Started process (PID=1333) to work on /opt/airflow/dags/main.py
[2026-02-05T13:21:19.523+0000] {processor.py:830} INFO - Processing file /opt/airflow/dags/main.py for tasks to queue
[2026-02-05T13:21:19.526+0000] {logging_mixin.py:188} INFO - [2026-02-05T13:21:19.526+0000] {dagbag.py:545} INFO - Filling up the DagBag from /opt/airflow/dags/main.py
[2026-02-05T13:21:19.577+0000] {processor.py:840} INFO - DAG(s) 'produce_json' retrieved from /opt/airflow/dags/main.py
[2026-02-05T13:21:19.644+0000] {logging_mixin.py:188} INFO - [2026-02-05T13:21:19.644+0000] {dag.py:3096} INFO - Sync 1 DAGs
[2026-02-05T13:21:19.689+0000] {logging_mixin.py:188} INFO - [2026-02-05T13:21:19.689+0000] {dag.py:3954} INFO - Setting next_dagrun for produce_json to 2026-02-04 14:00:00+00:00, run_after=2026-02-05 14:00:00+00:00
[2026-02-05T13:21:19.748+0000] {processor.py:183} INFO - Processing /opt/airflow/dags/main.py took 0.243 seconds
[2026-02-05T13:21:50.791+0000] {processor.py:161} INFO - Started process (PID=1340) to work on /opt/airflow/dags/main.py
[2026-02-05T13:21:50.793+0000] {processor.py:830} INFO - Processing file /opt/airflow/dags/main.py for tasks to queue
[2026-02-05T13:21:50.795+0000] {logging_mixin.py:188} INFO - [2026-02-05T13:21:50.795+0000] {dagbag.py:545} INFO - Filling up the DagBag from /opt/airflow/dags/main.py
[2026-02-05T13:21:50.852+0000] {processor.py:840} INFO - DAG(s) 'produce_json' retrieved from /opt/airflow/dags/main.py
[2026-02-05T13:21:50.916+0000] {logging_mixin.py:188} INFO - [2026-02-05T13:21:50.916+0000] {dag.py:3096} INFO - Sync 1 DAGs
[2026-02-05T13:21:50.972+0000] {logging_mixin.py:188} INFO - [2026-02-05T13:21:50.972+0000] {dag.py:3954} INFO - Setting next_dagrun for produce_json to 2026-02-04 14:00:00+00:00, run_after=2026-02-05 14:00:00+00:00
[2026-02-05T13:21:51.022+0000] {processor.py:183} INFO - Processing /opt/airflow/dags/main.py took 0.252 seconds
[2026-02-05T13:22:22.125+0000] {processor.py:161} INFO - Started process (PID=1347) to work on /opt/airflow/dags/main.py
[2026-02-05T13:22:22.128+0000] {processor.py:830} INFO - Processing file /opt/airflow/dags/main.py for tasks to queue
[2026-02-05T13:22:22.131+0000] {logging_mixin.py:188} INFO - [2026-02-05T13:22:22.130+0000] {dagbag.py:545} INFO - Filling up the DagBag from /opt/airflow/dags/main.py
[2026-02-05T13:22:22.206+0000] {processor.py:840} INFO - DAG(s) 'produce_json' retrieved from /opt/airflow/dags/main.py
[2026-02-05T13:22:22.264+0000] {logging_mixin.py:188} INFO - [2026-02-05T13:22:22.264+0000] {dag.py:3096} INFO - Sync 1 DAGs
[2026-02-05T13:22:22.309+0000] {logging_mixin.py:188} INFO - [2026-02-05T13:22:22.308+0000] {dag.py:3954} INFO - Setting next_dagrun for produce_json to 2026-02-04 14:00:00+00:00, run_after=2026-02-05 14:00:00+00:00
[2026-02-05T13:22:22.342+0000] {processor.py:183} INFO - Processing /opt/airflow/dags/main.py took 0.269 seconds
[2026-02-05T13:22:53.364+0000] {processor.py:161} INFO - Started process (PID=1354) to work on /opt/airflow/dags/main.py
[2026-02-05T13:22:53.367+0000] {processor.py:830} INFO - Processing file /opt/airflow/dags/main.py for tasks to queue
[2026-02-05T13:22:53.373+0000] {logging_mixin.py:188} INFO - [2026-02-05T13:22:53.372+0000] {dagbag.py:545} INFO - Filling up the DagBag from /opt/airflow/dags/main.py
[2026-02-05T13:22:53.462+0000] {processor.py:840} INFO - DAG(s) 'produce_json' retrieved from /opt/airflow/dags/main.py
[2026-02-05T13:22:53.558+0000] {logging_mixin.py:188} INFO - [2026-02-05T13:22:53.558+0000] {dag.py:3096} INFO - Sync 1 DAGs
[2026-02-05T13:22:53.611+0000] {logging_mixin.py:188} INFO - [2026-02-05T13:22:53.610+0000] {dag.py:3954} INFO - Setting next_dagrun for produce_json to 2026-02-04 14:00:00+00:00, run_after=2026-02-05 14:00:00+00:00
[2026-02-05T13:22:53.644+0000] {processor.py:183} INFO - Processing /opt/airflow/dags/main.py took 0.298 seconds
[2026-02-05T13:23:23.773+0000] {processor.py:161} INFO - Started process (PID=1361) to work on /opt/airflow/dags/main.py
[2026-02-05T13:23:23.775+0000] {processor.py:830} INFO - Processing file /opt/airflow/dags/main.py for tasks to queue
[2026-02-05T13:23:23.778+0000] {logging_mixin.py:188} INFO - [2026-02-05T13:23:23.777+0000] {dagbag.py:545} INFO - Filling up the DagBag from /opt/airflow/dags/main.py
[2026-02-05T13:23:23.830+0000] {processor.py:840} INFO - DAG(s) 'produce_json' retrieved from /opt/airflow/dags/main.py
[2026-02-05T13:23:23.888+0000] {logging_mixin.py:188} INFO - [2026-02-05T13:23:23.888+0000] {dag.py:3096} INFO - Sync 1 DAGs
[2026-02-05T13:23:23.932+0000] {logging_mixin.py:188} INFO - [2026-02-05T13:23:23.932+0000] {dag.py:3954} INFO - Setting next_dagrun for produce_json to 2026-02-04 14:00:00+00:00, run_after=2026-02-05 14:00:00+00:00
[2026-02-05T13:23:23.976+0000] {processor.py:183} INFO - Processing /opt/airflow/dags/main.py took 0.220 seconds
[2026-02-05T13:23:54.718+0000] {processor.py:161} INFO - Started process (PID=1369) to work on /opt/airflow/dags/main.py
[2026-02-05T13:23:54.722+0000] {processor.py:830} INFO - Processing file /opt/airflow/dags/main.py for tasks to queue
[2026-02-05T13:23:54.728+0000] {logging_mixin.py:188} INFO - [2026-02-05T13:23:54.727+0000] {dagbag.py:545} INFO - Filling up the DagBag from /opt/airflow/dags/main.py
[2026-02-05T13:23:54.810+0000] {processor.py:840} INFO - DAG(s) 'produce_json' retrieved from /opt/airflow/dags/main.py
[2026-02-05T13:23:54.873+0000] {logging_mixin.py:188} INFO - [2026-02-05T13:23:54.873+0000] {dag.py:3096} INFO - Sync 1 DAGs
[2026-02-05T13:23:54.912+0000] {logging_mixin.py:188} INFO - [2026-02-05T13:23:54.912+0000] {dag.py:3954} INFO - Setting next_dagrun for produce_json to 2026-02-04 14:00:00+00:00, run_after=2026-02-05 14:00:00+00:00
[2026-02-05T13:23:54.961+0000] {processor.py:183} INFO - Processing /opt/airflow/dags/main.py took 0.260 seconds
[2026-02-05T13:24:25.705+0000] {processor.py:161} INFO - Started process (PID=1376) to work on /opt/airflow/dags/main.py
[2026-02-05T13:24:25.710+0000] {processor.py:830} INFO - Processing file /opt/airflow/dags/main.py for tasks to queue
[2026-02-05T13:24:25.715+0000] {logging_mixin.py:188} INFO - [2026-02-05T13:24:25.714+0000] {dagbag.py:545} INFO - Filling up the DagBag from /opt/airflow/dags/main.py
[2026-02-05T13:24:25.859+0000] {processor.py:840} INFO - DAG(s) 'produce_json' retrieved from /opt/airflow/dags/main.py
[2026-02-05T13:24:25.952+0000] {logging_mixin.py:188} INFO - [2026-02-05T13:24:25.951+0000] {dag.py:3096} INFO - Sync 1 DAGs
[2026-02-05T13:24:26.016+0000] {logging_mixin.py:188} INFO - [2026-02-05T13:24:26.016+0000] {dag.py:3954} INFO - Setting next_dagrun for produce_json to 2026-02-04 14:00:00+00:00, run_after=2026-02-05 14:00:00+00:00
[2026-02-05T13:24:26.072+0000] {processor.py:183} INFO - Processing /opt/airflow/dags/main.py took 0.386 seconds
[2026-02-05T13:24:56.335+0000] {processor.py:161} INFO - Started process (PID=1383) to work on /opt/airflow/dags/main.py
[2026-02-05T13:24:56.338+0000] {processor.py:830} INFO - Processing file /opt/airflow/dags/main.py for tasks to queue
[2026-02-05T13:24:56.348+0000] {logging_mixin.py:188} INFO - [2026-02-05T13:24:56.347+0000] {dagbag.py:545} INFO - Filling up the DagBag from /opt/airflow/dags/main.py
[2026-02-05T13:24:56.402+0000] {processor.py:840} INFO - DAG(s) 'produce_json' retrieved from /opt/airflow/dags/main.py
[2026-02-05T13:24:56.461+0000] {logging_mixin.py:188} INFO - [2026-02-05T13:24:56.460+0000] {dag.py:3096} INFO - Sync 1 DAGs
[2026-02-05T13:24:56.512+0000] {logging_mixin.py:188} INFO - [2026-02-05T13:24:56.512+0000] {dag.py:3954} INFO - Setting next_dagrun for produce_json to 2026-02-04 14:00:00+00:00, run_after=2026-02-05 14:00:00+00:00
[2026-02-05T13:24:56.551+0000] {processor.py:183} INFO - Processing /opt/airflow/dags/main.py took 0.235 seconds
[2026-02-05T13:25:27.087+0000] {processor.py:161} INFO - Started process (PID=1390) to work on /opt/airflow/dags/main.py
[2026-02-05T13:25:27.092+0000] {processor.py:830} INFO - Processing file /opt/airflow/dags/main.py for tasks to queue
[2026-02-05T13:25:27.095+0000] {logging_mixin.py:188} INFO - [2026-02-05T13:25:27.095+0000] {dagbag.py:545} INFO - Filling up the DagBag from /opt/airflow/dags/main.py
[2026-02-05T13:25:27.161+0000] {processor.py:840} INFO - DAG(s) 'produce_json' retrieved from /opt/airflow/dags/main.py
[2026-02-05T13:25:27.229+0000] {logging_mixin.py:188} INFO - [2026-02-05T13:25:27.228+0000] {dag.py:3096} INFO - Sync 1 DAGs
[2026-02-05T13:25:27.284+0000] {logging_mixin.py:188} INFO - [2026-02-05T13:25:27.283+0000] {dag.py:3954} INFO - Setting next_dagrun for produce_json to 2026-02-04 14:00:00+00:00, run_after=2026-02-05 14:00:00+00:00
[2026-02-05T13:25:27.352+0000] {processor.py:183} INFO - Processing /opt/airflow/dags/main.py took 0.281 seconds
[2026-02-05T13:25:58.131+0000] {processor.py:161} INFO - Started process (PID=1396) to work on /opt/airflow/dags/main.py
[2026-02-05T13:25:58.134+0000] {processor.py:830} INFO - Processing file /opt/airflow/dags/main.py for tasks to queue
[2026-02-05T13:25:58.139+0000] {logging_mixin.py:188} INFO - [2026-02-05T13:25:58.139+0000] {dagbag.py:545} INFO - Filling up the DagBag from /opt/airflow/dags/main.py
[2026-02-05T13:25:58.242+0000] {processor.py:840} INFO - DAG(s) 'produce_json' retrieved from /opt/airflow/dags/main.py
[2026-02-05T13:25:58.312+0000] {logging_mixin.py:188} INFO - [2026-02-05T13:25:58.311+0000] {dag.py:3096} INFO - Sync 1 DAGs
[2026-02-05T13:25:58.364+0000] {logging_mixin.py:188} INFO - [2026-02-05T13:25:58.363+0000] {dag.py:3954} INFO - Setting next_dagrun for produce_json to 2026-02-04 14:00:00+00:00, run_after=2026-02-05 14:00:00+00:00
[2026-02-05T13:25:58.441+0000] {processor.py:183} INFO - Processing /opt/airflow/dags/main.py took 0.327 seconds
[2026-02-05T13:26:29.092+0000] {processor.py:161} INFO - Started process (PID=1403) to work on /opt/airflow/dags/main.py
[2026-02-05T13:26:29.095+0000] {processor.py:830} INFO - Processing file /opt/airflow/dags/main.py for tasks to queue
[2026-02-05T13:26:29.100+0000] {logging_mixin.py:188} INFO - [2026-02-05T13:26:29.099+0000] {dagbag.py:545} INFO - Filling up the DagBag from /opt/airflow/dags/main.py
[2026-02-05T13:26:29.186+0000] {processor.py:840} INFO - DAG(s) 'produce_json' retrieved from /opt/airflow/dags/main.py
[2026-02-05T13:26:29.317+0000] {logging_mixin.py:188} INFO - [2026-02-05T13:26:29.317+0000] {dag.py:3096} INFO - Sync 1 DAGs
[2026-02-05T13:26:29.407+0000] {logging_mixin.py:188} INFO - [2026-02-05T13:26:29.407+0000] {dag.py:3954} INFO - Setting next_dagrun for produce_json to 2026-02-04 14:00:00+00:00, run_after=2026-02-05 14:00:00+00:00
[2026-02-05T13:26:29.493+0000] {processor.py:183} INFO - Processing /opt/airflow/dags/main.py took 0.423 seconds
[2026-02-05T13:26:59.996+0000] {processor.py:161} INFO - Started process (PID=1410) to work on /opt/airflow/dags/main.py
[2026-02-05T13:26:59.999+0000] {processor.py:830} INFO - Processing file /opt/airflow/dags/main.py for tasks to queue
[2026-02-05T13:27:00.009+0000] {logging_mixin.py:188} INFO - [2026-02-05T13:27:00.007+0000] {dagbag.py:545} INFO - Filling up the DagBag from /opt/airflow/dags/main.py
[2026-02-05T13:27:00.088+0000] {processor.py:840} INFO - DAG(s) 'produce_json' retrieved from /opt/airflow/dags/main.py
[2026-02-05T13:27:00.199+0000] {logging_mixin.py:188} INFO - [2026-02-05T13:27:00.198+0000] {dag.py:3096} INFO - Sync 1 DAGs
[2026-02-05T13:27:00.266+0000] {logging_mixin.py:188} INFO - [2026-02-05T13:27:00.265+0000] {dag.py:3954} INFO - Setting next_dagrun for produce_json to 2026-02-04 14:00:00+00:00, run_after=2026-02-05 14:00:00+00:00
[2026-02-05T13:27:00.322+0000] {processor.py:183} INFO - Processing /opt/airflow/dags/main.py took 0.344 seconds
[2026-02-05T13:27:49.492+0000] {processor.py:161} INFO - Started process (PID=1418) to work on /opt/airflow/dags/main.py
[2026-02-05T13:27:49.496+0000] {processor.py:830} INFO - Processing file /opt/airflow/dags/main.py for tasks to queue
[2026-02-05T13:27:49.499+0000] {logging_mixin.py:188} INFO - [2026-02-05T13:27:49.499+0000] {dagbag.py:545} INFO - Filling up the DagBag from /opt/airflow/dags/main.py
[2026-02-05T13:27:49.558+0000] {processor.py:840} INFO - DAG(s) 'produce_json' retrieved from /opt/airflow/dags/main.py
[2026-02-05T13:27:51.709+0000] {logging_mixin.py:188} INFO - [2026-02-05T13:27:51.708+0000] {dag.py:3096} INFO - Sync 1 DAGs
[2026-02-05T13:27:51.794+0000] {logging_mixin.py:188} INFO - [2026-02-05T13:27:51.794+0000] {dag.py:3954} INFO - Setting next_dagrun for produce_json to 2026-02-04 14:00:00+00:00, run_after=2026-02-05 14:00:00+00:00
[2026-02-05T13:27:51.834+0000] {processor.py:183} INFO - Processing /opt/airflow/dags/main.py took 2.356 seconds
[2026-02-05T13:28:21.960+0000] {processor.py:161} INFO - Started process (PID=1425) to work on /opt/airflow/dags/main.py
[2026-02-05T13:28:21.963+0000] {processor.py:830} INFO - Processing file /opt/airflow/dags/main.py for tasks to queue
[2026-02-05T13:28:21.967+0000] {logging_mixin.py:188} INFO - [2026-02-05T13:28:21.967+0000] {dagbag.py:545} INFO - Filling up the DagBag from /opt/airflow/dags/main.py
[2026-02-05T13:28:22.020+0000] {processor.py:840} INFO - DAG(s) 'produce_json' retrieved from /opt/airflow/dags/main.py
[2026-02-05T13:28:22.084+0000] {logging_mixin.py:188} INFO - [2026-02-05T13:28:22.083+0000] {dag.py:3096} INFO - Sync 1 DAGs
[2026-02-05T13:28:22.123+0000] {logging_mixin.py:188} INFO - [2026-02-05T13:28:22.123+0000] {dag.py:3954} INFO - Setting next_dagrun for produce_json to 2026-02-04 14:00:00+00:00, run_after=2026-02-05 14:00:00+00:00
[2026-02-05T13:28:22.156+0000] {processor.py:183} INFO - Processing /opt/airflow/dags/main.py took 0.210 seconds
[2026-02-05T13:28:53.049+0000] {processor.py:161} INFO - Started process (PID=1432) to work on /opt/airflow/dags/main.py
[2026-02-05T13:28:53.054+0000] {processor.py:830} INFO - Processing file /opt/airflow/dags/main.py for tasks to queue
[2026-02-05T13:28:53.064+0000] {logging_mixin.py:188} INFO - [2026-02-05T13:28:53.062+0000] {dagbag.py:545} INFO - Filling up the DagBag from /opt/airflow/dags/main.py
[2026-02-05T13:28:53.156+0000] {processor.py:840} INFO - DAG(s) 'produce_json' retrieved from /opt/airflow/dags/main.py
[2026-02-05T13:28:53.259+0000] {logging_mixin.py:188} INFO - [2026-02-05T13:28:53.258+0000] {dag.py:3096} INFO - Sync 1 DAGs
[2026-02-05T13:28:53.337+0000] {logging_mixin.py:188} INFO - [2026-02-05T13:28:53.336+0000] {dag.py:3954} INFO - Setting next_dagrun for produce_json to 2026-02-04 14:00:00+00:00, run_after=2026-02-05 14:00:00+00:00
[2026-02-05T13:28:53.424+0000] {processor.py:183} INFO - Processing /opt/airflow/dags/main.py took 0.388 seconds
[2026-02-05T13:29:24.327+0000] {processor.py:161} INFO - Started process (PID=1438) to work on /opt/airflow/dags/main.py
[2026-02-05T13:29:24.331+0000] {processor.py:830} INFO - Processing file /opt/airflow/dags/main.py for tasks to queue
[2026-02-05T13:29:24.337+0000] {logging_mixin.py:188} INFO - [2026-02-05T13:29:24.336+0000] {dagbag.py:545} INFO - Filling up the DagBag from /opt/airflow/dags/main.py
[2026-02-05T13:29:24.397+0000] {processor.py:840} INFO - DAG(s) 'produce_json' retrieved from /opt/airflow/dags/main.py
[2026-02-05T13:29:24.454+0000] {logging_mixin.py:188} INFO - [2026-02-05T13:29:24.453+0000] {dag.py:3096} INFO - Sync 1 DAGs
[2026-02-05T13:29:24.521+0000] {logging_mixin.py:188} INFO - [2026-02-05T13:29:24.520+0000] {dag.py:3954} INFO - Setting next_dagrun for produce_json to 2026-02-04 14:00:00+00:00, run_after=2026-02-05 14:00:00+00:00
[2026-02-05T13:29:24.561+0000] {processor.py:183} INFO - Processing /opt/airflow/dags/main.py took 0.253 seconds
[2026-02-05T13:29:55.172+0000] {processor.py:161} INFO - Started process (PID=1444) to work on /opt/airflow/dags/main.py
[2026-02-05T13:29:55.175+0000] {processor.py:830} INFO - Processing file /opt/airflow/dags/main.py for tasks to queue
[2026-02-05T13:29:55.179+0000] {logging_mixin.py:188} INFO - [2026-02-05T13:29:55.178+0000] {dagbag.py:545} INFO - Filling up the DagBag from /opt/airflow/dags/main.py
[2026-02-05T13:29:55.267+0000] {processor.py:840} INFO - DAG(s) 'produce_json' retrieved from /opt/airflow/dags/main.py
[2026-02-05T13:29:55.364+0000] {logging_mixin.py:188} INFO - [2026-02-05T13:29:55.363+0000] {dag.py:3096} INFO - Sync 1 DAGs
[2026-02-05T13:29:55.437+0000] {logging_mixin.py:188} INFO - [2026-02-05T13:29:55.436+0000] {dag.py:3954} INFO - Setting next_dagrun for produce_json to 2026-02-04 14:00:00+00:00, run_after=2026-02-05 14:00:00+00:00
[2026-02-05T13:29:55.487+0000] {processor.py:183} INFO - Processing /opt/airflow/dags/main.py took 0.328 seconds
[2026-02-05T13:30:26.569+0000] {processor.py:161} INFO - Started process (PID=1451) to work on /opt/airflow/dags/main.py
[2026-02-05T13:30:26.573+0000] {processor.py:830} INFO - Processing file /opt/airflow/dags/main.py for tasks to queue
[2026-02-05T13:30:26.578+0000] {logging_mixin.py:188} INFO - [2026-02-05T13:30:26.577+0000] {dagbag.py:545} INFO - Filling up the DagBag from /opt/airflow/dags/main.py
[2026-02-05T13:30:26.667+0000] {processor.py:840} INFO - DAG(s) 'produce_json' retrieved from /opt/airflow/dags/main.py
[2026-02-05T13:30:26.741+0000] {logging_mixin.py:188} INFO - [2026-02-05T13:30:26.741+0000] {dag.py:3096} INFO - Sync 1 DAGs
[2026-02-05T13:30:26.802+0000] {logging_mixin.py:188} INFO - [2026-02-05T13:30:26.800+0000] {dag.py:3954} INFO - Setting next_dagrun for produce_json to 2026-02-04 14:00:00+00:00, run_after=2026-02-05 14:00:00+00:00
[2026-02-05T13:30:26.851+0000] {processor.py:183} INFO - Processing /opt/airflow/dags/main.py took 0.325 seconds
[2026-02-05T13:30:56.997+0000] {processor.py:161} INFO - Started process (PID=1458) to work on /opt/airflow/dags/main.py
[2026-02-05T13:30:57.006+0000] {processor.py:830} INFO - Processing file /opt/airflow/dags/main.py for tasks to queue
[2026-02-05T13:30:57.015+0000] {logging_mixin.py:188} INFO - [2026-02-05T13:30:57.012+0000] {dagbag.py:545} INFO - Filling up the DagBag from /opt/airflow/dags/main.py
[2026-02-05T13:30:57.086+0000] {processor.py:840} INFO - DAG(s) 'produce_json' retrieved from /opt/airflow/dags/main.py
[2026-02-05T13:30:57.160+0000] {logging_mixin.py:188} INFO - [2026-02-05T13:30:57.160+0000] {dag.py:3096} INFO - Sync 1 DAGs
[2026-02-05T13:30:57.198+0000] {logging_mixin.py:188} INFO - [2026-02-05T13:30:57.198+0000] {dag.py:3954} INFO - Setting next_dagrun for produce_json to 2026-02-04 14:00:00+00:00, run_after=2026-02-05 14:00:00+00:00
[2026-02-05T13:30:57.243+0000] {processor.py:183} INFO - Processing /opt/airflow/dags/main.py took 0.276 seconds
[2026-02-05T13:31:27.861+0000] {processor.py:161} INFO - Started process (PID=1465) to work on /opt/airflow/dags/main.py
[2026-02-05T13:31:27.866+0000] {processor.py:830} INFO - Processing file /opt/airflow/dags/main.py for tasks to queue
[2026-02-05T13:31:27.874+0000] {logging_mixin.py:188} INFO - [2026-02-05T13:31:27.873+0000] {dagbag.py:545} INFO - Filling up the DagBag from /opt/airflow/dags/main.py
[2026-02-05T13:31:28.014+0000] {processor.py:840} INFO - DAG(s) 'produce_json' retrieved from /opt/airflow/dags/main.py
[2026-02-05T13:31:28.140+0000] {logging_mixin.py:188} INFO - [2026-02-05T13:31:28.139+0000] {dag.py:3096} INFO - Sync 1 DAGs
[2026-02-05T13:31:28.242+0000] {logging_mixin.py:188} INFO - [2026-02-05T13:31:28.241+0000] {dag.py:3954} INFO - Setting next_dagrun for produce_json to 2026-02-04 14:00:00+00:00, run_after=2026-02-05 14:00:00+00:00
[2026-02-05T13:31:28.337+0000] {processor.py:183} INFO - Processing /opt/airflow/dags/main.py took 0.500 seconds
[2026-02-05T13:31:58.664+0000] {processor.py:161} INFO - Started process (PID=1472) to work on /opt/airflow/dags/main.py
[2026-02-05T13:31:58.668+0000] {processor.py:830} INFO - Processing file /opt/airflow/dags/main.py for tasks to queue
[2026-02-05T13:31:58.672+0000] {logging_mixin.py:188} INFO - [2026-02-05T13:31:58.671+0000] {dagbag.py:545} INFO - Filling up the DagBag from /opt/airflow/dags/main.py
[2026-02-05T13:31:58.748+0000] {processor.py:840} INFO - DAG(s) 'produce_json' retrieved from /opt/airflow/dags/main.py
[2026-02-05T13:31:58.866+0000] {logging_mixin.py:188} INFO - [2026-02-05T13:31:58.866+0000] {dag.py:3096} INFO - Sync 1 DAGs
[2026-02-05T13:31:58.966+0000] {logging_mixin.py:188} INFO - [2026-02-05T13:31:58.966+0000] {dag.py:3954} INFO - Setting next_dagrun for produce_json to 2026-02-04 14:00:00+00:00, run_after=2026-02-05 14:00:00+00:00
[2026-02-05T13:31:59.022+0000] {processor.py:183} INFO - Processing /opt/airflow/dags/main.py took 0.380 seconds
[2026-02-05T13:32:29.452+0000] {processor.py:161} INFO - Started process (PID=1479) to work on /opt/airflow/dags/main.py
[2026-02-05T13:32:29.458+0000] {processor.py:830} INFO - Processing file /opt/airflow/dags/main.py for tasks to queue
[2026-02-05T13:32:29.465+0000] {logging_mixin.py:188} INFO - [2026-02-05T13:32:29.464+0000] {dagbag.py:545} INFO - Filling up the DagBag from /opt/airflow/dags/main.py
[2026-02-05T13:32:29.528+0000] {processor.py:840} INFO - DAG(s) 'produce_json' retrieved from /opt/airflow/dags/main.py
[2026-02-05T13:32:29.625+0000] {logging_mixin.py:188} INFO - [2026-02-05T13:32:29.624+0000] {dag.py:3096} INFO - Sync 1 DAGs
[2026-02-05T13:32:29.678+0000] {logging_mixin.py:188} INFO - [2026-02-05T13:32:29.678+0000] {dag.py:3954} INFO - Setting next_dagrun for produce_json to 2026-02-04 14:00:00+00:00, run_after=2026-02-05 14:00:00+00:00
[2026-02-05T13:32:29.731+0000] {processor.py:183} INFO - Processing /opt/airflow/dags/main.py took 0.308 seconds
[2026-02-05T13:33:00.080+0000] {processor.py:161} INFO - Started process (PID=1491) to work on /opt/airflow/dags/main.py
[2026-02-05T13:33:00.083+0000] {processor.py:830} INFO - Processing file /opt/airflow/dags/main.py for tasks to queue
[2026-02-05T13:33:00.088+0000] {logging_mixin.py:188} INFO - [2026-02-05T13:33:00.087+0000] {dagbag.py:545} INFO - Filling up the DagBag from /opt/airflow/dags/main.py
[2026-02-05T13:33:00.176+0000] {processor.py:840} INFO - DAG(s) 'produce_json' retrieved from /opt/airflow/dags/main.py
[2026-02-05T13:33:00.258+0000] {logging_mixin.py:188} INFO - [2026-02-05T13:33:00.258+0000] {dag.py:3096} INFO - Sync 1 DAGs
[2026-02-05T13:33:00.310+0000] {logging_mixin.py:188} INFO - [2026-02-05T13:33:00.309+0000] {dag.py:3954} INFO - Setting next_dagrun for produce_json to 2026-02-04 14:00:00+00:00, run_after=2026-02-05 14:00:00+00:00
[2026-02-05T13:33:00.368+0000] {processor.py:183} INFO - Processing /opt/airflow/dags/main.py took 0.303 seconds
[2026-02-05T16:37:23.504+0000] {processor.py:161} INFO - Started process (PID=1492) to work on /opt/airflow/dags/main.py
[2026-02-05T16:37:23.507+0000] {processor.py:830} INFO - Processing file /opt/airflow/dags/main.py for tasks to queue
[2026-02-05T16:37:23.526+0000] {logging_mixin.py:188} INFO - [2026-02-05T16:37:23.516+0000] {dagbag.py:545} INFO - Filling up the DagBag from /opt/airflow/dags/main.py
[2026-02-05T16:37:23.624+0000] {processor.py:840} INFO - DAG(s) 'produce_json' retrieved from /opt/airflow/dags/main.py
[2026-02-05T16:37:24.090+0000] {logging_mixin.py:188} INFO - [2026-02-05T16:37:24.089+0000] {dag.py:3096} INFO - Sync 1 DAGs
[2026-02-05T16:37:26.520+0000] {logging_mixin.py:188} INFO - [2026-02-05T16:37:26.519+0000] {dag.py:3954} INFO - Setting next_dagrun for produce_json to 2026-02-05 14:00:00+00:00, run_after=2026-02-06 14:00:00+00:00
[2026-02-05T16:37:26.904+0000] {processor.py:183} INFO - Processing /opt/airflow/dags/main.py took 3.432 seconds
[2026-02-05T16:37:57.343+0000] {processor.py:161} INFO - Started process (PID=1499) to work on /opt/airflow/dags/main.py
[2026-02-05T16:37:57.354+0000] {processor.py:830} INFO - Processing file /opt/airflow/dags/main.py for tasks to queue
[2026-02-05T16:37:57.361+0000] {logging_mixin.py:188} INFO - [2026-02-05T16:37:57.360+0000] {dagbag.py:545} INFO - Filling up the DagBag from /opt/airflow/dags/main.py
[2026-02-05T16:37:57.541+0000] {processor.py:840} INFO - DAG(s) 'produce_json' retrieved from /opt/airflow/dags/main.py
[2026-02-05T16:37:57.682+0000] {logging_mixin.py:188} INFO - [2026-02-05T16:37:57.681+0000] {dag.py:3096} INFO - Sync 1 DAGs
[2026-02-05T16:37:57.737+0000] {logging_mixin.py:188} INFO - [2026-02-05T16:37:57.737+0000] {dag.py:3954} INFO - Setting next_dagrun for produce_json to 2026-02-05 14:00:00+00:00, run_after=2026-02-06 14:00:00+00:00
[2026-02-05T16:37:57.781+0000] {processor.py:183} INFO - Processing /opt/airflow/dags/main.py took 0.462 seconds
[2026-02-05T16:38:27.880+0000] {processor.py:161} INFO - Started process (PID=1512) to work on /opt/airflow/dags/main.py
[2026-02-05T16:38:27.885+0000] {processor.py:830} INFO - Processing file /opt/airflow/dags/main.py for tasks to queue
[2026-02-05T16:38:27.901+0000] {logging_mixin.py:188} INFO - [2026-02-05T16:38:27.895+0000] {dagbag.py:545} INFO - Filling up the DagBag from /opt/airflow/dags/main.py
[2026-02-05T16:38:27.983+0000] {processor.py:840} INFO - DAG(s) 'produce_json' retrieved from /opt/airflow/dags/main.py
[2026-02-05T16:38:28.070+0000] {logging_mixin.py:188} INFO - [2026-02-05T16:38:28.070+0000] {dag.py:3096} INFO - Sync 1 DAGs
[2026-02-05T16:38:28.141+0000] {logging_mixin.py:188} INFO - [2026-02-05T16:38:28.141+0000] {dag.py:3954} INFO - Setting next_dagrun for produce_json to 2026-02-05 14:00:00+00:00, run_after=2026-02-06 14:00:00+00:00
[2026-02-05T16:38:28.193+0000] {processor.py:183} INFO - Processing /opt/airflow/dags/main.py took 0.329 seconds
[2026-02-05T18:37:29.964+0000] {processor.py:161} INFO - Started process (PID=1513) to work on /opt/airflow/dags/main.py
[2026-02-05T18:37:30.061+0000] {processor.py:830} INFO - Processing file /opt/airflow/dags/main.py for tasks to queue
[2026-02-05T18:37:30.119+0000] {logging_mixin.py:188} INFO - [2026-02-05T18:37:30.093+0000] {dagbag.py:545} INFO - Filling up the DagBag from /opt/airflow/dags/main.py
[2026-02-05T18:37:30.288+0000] {processor.py:840} INFO - DAG(s) 'produce_json' retrieved from /opt/airflow/dags/main.py
[2026-02-05T18:37:30.408+0000] {logging_mixin.py:188} INFO - [2026-02-05T18:37:30.408+0000] {dag.py:3096} INFO - Sync 1 DAGs
[2026-02-05T18:37:30.580+0000] {logging_mixin.py:188} INFO - [2026-02-05T18:37:30.577+0000] {dag.py:3954} INFO - Setting next_dagrun for produce_json to 2026-02-05 14:00:00+00:00, run_after=2026-02-06 14:00:00+00:00
[2026-02-05T18:37:30.730+0000] {processor.py:183} INFO - Processing /opt/airflow/dags/main.py took 0.785 seconds
[2026-02-05T18:38:01.154+0000] {processor.py:161} INFO - Started process (PID=1520) to work on /opt/airflow/dags/main.py
[2026-02-05T18:38:01.158+0000] {processor.py:830} INFO - Processing file /opt/airflow/dags/main.py for tasks to queue
[2026-02-05T18:38:01.164+0000] {logging_mixin.py:188} INFO - [2026-02-05T18:38:01.162+0000] {dagbag.py:545} INFO - Filling up the DagBag from /opt/airflow/dags/main.py
[2026-02-05T18:38:01.257+0000] {processor.py:840} INFO - DAG(s) 'produce_json' retrieved from /opt/airflow/dags/main.py
[2026-02-05T18:38:01.337+0000] {logging_mixin.py:188} INFO - [2026-02-05T18:38:01.336+0000] {dag.py:3096} INFO - Sync 1 DAGs
[2026-02-05T18:38:01.395+0000] {logging_mixin.py:188} INFO - [2026-02-05T18:38:01.394+0000] {dag.py:3954} INFO - Setting next_dagrun for produce_json to 2026-02-05 14:00:00+00:00, run_after=2026-02-06 14:00:00+00:00
[2026-02-05T18:38:01.450+0000] {processor.py:183} INFO - Processing /opt/airflow/dags/main.py took 0.320 seconds
[2026-02-05T18:38:31.860+0000] {processor.py:161} INFO - Started process (PID=1527) to work on /opt/airflow/dags/main.py
[2026-02-05T18:38:31.864+0000] {processor.py:830} INFO - Processing file /opt/airflow/dags/main.py for tasks to queue
[2026-02-05T18:38:31.870+0000] {logging_mixin.py:188} INFO - [2026-02-05T18:38:31.869+0000] {dagbag.py:545} INFO - Filling up the DagBag from /opt/airflow/dags/main.py
[2026-02-05T18:38:31.947+0000] {processor.py:840} INFO - DAG(s) 'produce_json' retrieved from /opt/airflow/dags/main.py
[2026-02-05T18:38:32.020+0000] {logging_mixin.py:188} INFO - [2026-02-05T18:38:32.019+0000] {dag.py:3096} INFO - Sync 1 DAGs
[2026-02-05T18:38:32.118+0000] {logging_mixin.py:188} INFO - [2026-02-05T18:38:32.117+0000] {dag.py:3954} INFO - Setting next_dagrun for produce_json to 2026-02-05 14:00:00+00:00, run_after=2026-02-06 14:00:00+00:00
[2026-02-05T18:38:32.169+0000] {processor.py:183} INFO - Processing /opt/airflow/dags/main.py took 0.335 seconds
[2026-02-05T18:39:02.910+0000] {processor.py:161} INFO - Started process (PID=1541) to work on /opt/airflow/dags/main.py
[2026-02-05T18:39:02.913+0000] {processor.py:830} INFO - Processing file /opt/airflow/dags/main.py for tasks to queue
[2026-02-05T18:39:02.915+0000] {logging_mixin.py:188} INFO - [2026-02-05T18:39:02.915+0000] {dagbag.py:545} INFO - Filling up the DagBag from /opt/airflow/dags/main.py
[2026-02-05T18:39:02.964+0000] {processor.py:840} INFO - DAG(s) 'produce_json' retrieved from /opt/airflow/dags/main.py
[2026-02-05T18:39:03.014+0000] {logging_mixin.py:188} INFO - [2026-02-05T18:39:03.014+0000] {dag.py:3096} INFO - Sync 1 DAGs
[2026-02-05T18:39:03.051+0000] {logging_mixin.py:188} INFO - [2026-02-05T18:39:03.051+0000] {dag.py:3954} INFO - Setting next_dagrun for produce_json to 2026-02-05 14:00:00+00:00, run_after=2026-02-06 14:00:00+00:00
[2026-02-05T18:39:03.082+0000] {processor.py:183} INFO - Processing /opt/airflow/dags/main.py took 0.185 seconds
[2026-02-05T22:33:51.294+0000] {processor.py:161} INFO - Started process (PID=1542) to work on /opt/airflow/dags/main.py
[2026-02-05T22:33:51.401+0000] {processor.py:830} INFO - Processing file /opt/airflow/dags/main.py for tasks to queue
[2026-02-05T22:33:51.406+0000] {logging_mixin.py:188} INFO - [2026-02-05T22:33:51.405+0000] {dagbag.py:545} INFO - Filling up the DagBag from /opt/airflow/dags/main.py
[2026-02-05T22:33:51.736+0000] {processor.py:840} INFO - DAG(s) 'produce_json' retrieved from /opt/airflow/dags/main.py
[2026-02-05T22:33:52.524+0000] {logging_mixin.py:188} INFO - [2026-02-05T22:33:52.194+0000] {dag.py:3096} INFO - Sync 1 DAGs
[2026-02-05T22:33:53.171+0000] {logging_mixin.py:188} INFO - [2026-02-05T22:33:53.170+0000] {dag.py:3954} INFO - Setting next_dagrun for produce_json to 2026-02-05 14:00:00+00:00, run_after=2026-02-06 14:00:00+00:00
[2026-02-05T22:33:53.845+0000] {processor.py:183} INFO - Processing /opt/airflow/dags/main.py took 2.614 seconds
[2026-02-05T22:34:25.676+0000] {processor.py:161} INFO - Started process (PID=1549) to work on /opt/airflow/dags/main.py
[2026-02-05T22:34:25.687+0000] {processor.py:830} INFO - Processing file /opt/airflow/dags/main.py for tasks to queue
[2026-02-05T22:34:25.738+0000] {logging_mixin.py:188} INFO - [2026-02-05T22:34:25.735+0000] {dagbag.py:545} INFO - Filling up the DagBag from /opt/airflow/dags/main.py
[2026-02-05T22:34:26.055+0000] {processor.py:840} INFO - DAG(s) 'produce_json' retrieved from /opt/airflow/dags/main.py
[2026-02-05T22:34:26.297+0000] {logging_mixin.py:188} INFO - [2026-02-05T22:34:26.295+0000] {dag.py:3096} INFO - Sync 1 DAGs
[2026-02-05T22:34:26.783+0000] {logging_mixin.py:188} INFO - [2026-02-05T22:34:26.783+0000] {dag.py:3954} INFO - Setting next_dagrun for produce_json to 2026-02-05 14:00:00+00:00, run_after=2026-02-06 14:00:00+00:00
[2026-02-05T22:34:27.085+0000] {processor.py:183} INFO - Processing /opt/airflow/dags/main.py took 1.942 seconds
[2026-02-05T22:37:39.371+0000] {processor.py:161} INFO - Started process (PID=1556) to work on /opt/airflow/dags/main.py
[2026-02-05T22:37:39.377+0000] {processor.py:830} INFO - Processing file /opt/airflow/dags/main.py for tasks to queue
[2026-02-05T22:37:39.382+0000] {logging_mixin.py:188} INFO - [2026-02-05T22:37:39.381+0000] {dagbag.py:545} INFO - Filling up the DagBag from /opt/airflow/dags/main.py
[2026-02-05T22:38:08.818+0000] {processor.py:840} INFO - DAG(s) 'produce_json' retrieved from /opt/airflow/dags/main.py
[2026-02-05T22:38:09.036+0000] {logging_mixin.py:188} INFO - [2026-02-05T22:38:09.035+0000] {dag.py:3096} INFO - Sync 1 DAGs
[2026-02-05T22:38:09.118+0000] {logging_mixin.py:188} INFO - [2026-02-05T22:38:09.117+0000] {dag.py:3954} INFO - Setting next_dagrun for produce_json to 2026-02-05 14:00:00+00:00, run_after=2026-02-06 14:00:00+00:00
[2026-02-05T22:38:09.174+0000] {processor.py:183} INFO - Processing /opt/airflow/dags/main.py took 29.934 seconds
[2026-02-05T22:38:39.927+0000] {processor.py:161} INFO - Started process (PID=1563) to work on /opt/airflow/dags/main.py
[2026-02-05T22:38:39.931+0000] {processor.py:830} INFO - Processing file /opt/airflow/dags/main.py for tasks to queue
[2026-02-05T22:38:39.937+0000] {logging_mixin.py:188} INFO - [2026-02-05T22:38:39.937+0000] {dagbag.py:545} INFO - Filling up the DagBag from /opt/airflow/dags/main.py
[2026-02-05T22:38:39.999+0000] {processor.py:840} INFO - DAG(s) 'produce_json' retrieved from /opt/airflow/dags/main.py
[2026-02-05T22:38:40.081+0000] {logging_mixin.py:188} INFO - [2026-02-05T22:38:40.081+0000] {dag.py:3096} INFO - Sync 1 DAGs
[2026-02-05T22:38:40.174+0000] {logging_mixin.py:188} INFO - [2026-02-05T22:38:40.173+0000] {dag.py:3954} INFO - Setting next_dagrun for produce_json to 2026-02-05 14:00:00+00:00, run_after=2026-02-06 14:00:00+00:00
[2026-02-05T22:38:40.226+0000] {processor.py:183} INFO - Processing /opt/airflow/dags/main.py took 0.323 seconds
[2026-02-05T22:39:22.666+0000] {processor.py:161} INFO - Started process (PID=1564) to work on /opt/airflow/dags/main.py
[2026-02-05T22:39:22.675+0000] {processor.py:830} INFO - Processing file /opt/airflow/dags/main.py for tasks to queue
[2026-02-05T22:39:22.691+0000] {logging_mixin.py:188} INFO - [2026-02-05T22:39:22.690+0000] {dagbag.py:545} INFO - Filling up the DagBag from /opt/airflow/dags/main.py
[2026-02-05T22:39:22.925+0000] {processor.py:840} INFO - DAG(s) 'produce_json' retrieved from /opt/airflow/dags/main.py
[2026-02-05T22:39:23.420+0000] {logging_mixin.py:188} INFO - [2026-02-05T22:39:23.413+0000] {dag.py:3096} INFO - Sync 1 DAGs
[2026-02-05T22:39:23.832+0000] {logging_mixin.py:188} INFO - [2026-02-05T22:39:23.832+0000] {dag.py:3954} INFO - Setting next_dagrun for produce_json to 2026-02-05 14:00:00+00:00, run_after=2026-02-06 14:00:00+00:00
[2026-02-05T22:39:24.402+0000] {processor.py:183} INFO - Processing /opt/airflow/dags/main.py took 1.900 seconds
[2026-02-05T22:39:55.537+0000] {processor.py:161} INFO - Started process (PID=1576) to work on /opt/airflow/dags/main.py
[2026-02-05T22:39:55.540+0000] {processor.py:830} INFO - Processing file /opt/airflow/dags/main.py for tasks to queue
[2026-02-05T22:39:55.548+0000] {logging_mixin.py:188} INFO - [2026-02-05T22:39:55.546+0000] {dagbag.py:545} INFO - Filling up the DagBag from /opt/airflow/dags/main.py
[2026-02-05T22:39:55.662+0000] {processor.py:840} INFO - DAG(s) 'produce_json' retrieved from /opt/airflow/dags/main.py
[2026-02-05T22:39:55.740+0000] {logging_mixin.py:188} INFO - [2026-02-05T22:39:55.739+0000] {dag.py:3096} INFO - Sync 1 DAGs
[2026-02-05T22:39:55.796+0000] {logging_mixin.py:188} INFO - [2026-02-05T22:39:55.796+0000] {dag.py:3954} INFO - Setting next_dagrun for produce_json to 2026-02-05 14:00:00+00:00, run_after=2026-02-06 14:00:00+00:00
[2026-02-05T22:39:55.838+0000] {processor.py:183} INFO - Processing /opt/airflow/dags/main.py took 0.322 seconds
[2026-02-05T22:40:32.967+0000] {processor.py:161} INFO - Started process (PID=1577) to work on /opt/airflow/dags/main.py
[2026-02-05T22:40:32.971+0000] {processor.py:830} INFO - Processing file /opt/airflow/dags/main.py for tasks to queue
[2026-02-05T22:40:33.003+0000] {logging_mixin.py:188} INFO - [2026-02-05T22:40:33.000+0000] {dagbag.py:545} INFO - Filling up the DagBag from /opt/airflow/dags/main.py
[2026-02-05T22:40:33.082+0000] {processor.py:840} INFO - DAG(s) 'produce_json' retrieved from /opt/airflow/dags/main.py
[2026-02-05T22:40:33.236+0000] {logging_mixin.py:188} INFO - [2026-02-05T22:40:33.232+0000] {dag.py:3096} INFO - Sync 1 DAGs
[2026-02-05T22:40:33.345+0000] {logging_mixin.py:188} INFO - [2026-02-05T22:40:33.344+0000] {dag.py:3954} INFO - Setting next_dagrun for produce_json to 2026-02-05 14:00:00+00:00, run_after=2026-02-06 14:00:00+00:00
[2026-02-05T22:40:33.536+0000] {processor.py:183} INFO - Processing /opt/airflow/dags/main.py took 0.628 seconds
[2026-02-05T22:41:03.901+0000] {processor.py:161} INFO - Started process (PID=1583) to work on /opt/airflow/dags/main.py
[2026-02-05T22:41:03.926+0000] {processor.py:830} INFO - Processing file /opt/airflow/dags/main.py for tasks to queue
[2026-02-05T22:41:03.993+0000] {logging_mixin.py:188} INFO - [2026-02-05T22:41:03.987+0000] {dagbag.py:545} INFO - Filling up the DagBag from /opt/airflow/dags/main.py
[2026-02-05T22:41:04.600+0000] {processor.py:840} INFO - DAG(s) 'produce_json' retrieved from /opt/airflow/dags/main.py
[2026-02-05T22:41:05.145+0000] {logging_mixin.py:188} INFO - [2026-02-05T22:41:05.144+0000] {dag.py:3096} INFO - Sync 1 DAGs
[2026-02-05T22:41:05.548+0000] {logging_mixin.py:188} INFO - [2026-02-05T22:41:05.548+0000] {dag.py:3954} INFO - Setting next_dagrun for produce_json to 2026-02-05 14:00:00+00:00, run_after=2026-02-06 14:00:00+00:00
[2026-02-05T22:41:05.688+0000] {processor.py:183} INFO - Processing /opt/airflow/dags/main.py took 1.863 seconds
[2026-02-05T22:41:35.791+0000] {processor.py:161} INFO - Started process (PID=1596) to work on /opt/airflow/dags/main.py
[2026-02-05T22:41:35.794+0000] {processor.py:830} INFO - Processing file /opt/airflow/dags/main.py for tasks to queue
[2026-02-05T22:41:35.804+0000] {logging_mixin.py:188} INFO - [2026-02-05T22:41:35.803+0000] {dagbag.py:545} INFO - Filling up the DagBag from /opt/airflow/dags/main.py
[2026-02-05T22:41:35.934+0000] {processor.py:840} INFO - DAG(s) 'produce_json' retrieved from /opt/airflow/dags/main.py
[2026-02-05T22:41:36.015+0000] {logging_mixin.py:188} INFO - [2026-02-05T22:41:36.015+0000] {dag.py:3096} INFO - Sync 1 DAGs
[2026-02-05T22:41:36.074+0000] {logging_mixin.py:188} INFO - [2026-02-05T22:41:36.073+0000] {dag.py:3954} INFO - Setting next_dagrun for produce_json to 2026-02-05 14:00:00+00:00, run_after=2026-02-06 14:00:00+00:00
[2026-02-05T22:41:36.149+0000] {processor.py:183} INFO - Processing /opt/airflow/dags/main.py took 0.382 seconds
[2026-02-05T22:42:06.331+0000] {processor.py:161} INFO - Started process (PID=1597) to work on /opt/airflow/dags/main.py
[2026-02-05T22:42:06.346+0000] {processor.py:830} INFO - Processing file /opt/airflow/dags/main.py for tasks to queue
[2026-02-05T22:42:06.386+0000] {logging_mixin.py:188} INFO - [2026-02-05T22:42:06.366+0000] {dagbag.py:545} INFO - Filling up the DagBag from /opt/airflow/dags/main.py
[2026-02-05T22:42:06.726+0000] {processor.py:840} INFO - DAG(s) 'produce_json' retrieved from /opt/airflow/dags/main.py
[2026-02-05T22:42:06.877+0000] {logging_mixin.py:188} INFO - [2026-02-05T22:42:06.873+0000] {dag.py:3096} INFO - Sync 1 DAGs
[2026-02-05T22:42:07.011+0000] {logging_mixin.py:188} INFO - [2026-02-05T22:42:07.011+0000] {dag.py:3954} INFO - Setting next_dagrun for produce_json to 2026-02-05 14:00:00+00:00, run_after=2026-02-06 14:00:00+00:00
[2026-02-05T22:42:07.113+0000] {processor.py:183} INFO - Processing /opt/airflow/dags/main.py took 0.880 seconds
[2026-02-05T22:42:37.519+0000] {processor.py:161} INFO - Started process (PID=1610) to work on /opt/airflow/dags/main.py
[2026-02-05T22:42:37.534+0000] {processor.py:830} INFO - Processing file /opt/airflow/dags/main.py for tasks to queue
[2026-02-05T22:42:37.541+0000] {logging_mixin.py:188} INFO - [2026-02-05T22:42:37.540+0000] {dagbag.py:545} INFO - Filling up the DagBag from /opt/airflow/dags/main.py
[2026-02-05T22:42:37.712+0000] {processor.py:840} INFO - DAG(s) 'produce_json' retrieved from /opt/airflow/dags/main.py
[2026-02-05T22:42:37.872+0000] {logging_mixin.py:188} INFO - [2026-02-05T22:42:37.871+0000] {dag.py:3096} INFO - Sync 1 DAGs
[2026-02-05T22:42:37.973+0000] {logging_mixin.py:188} INFO - [2026-02-05T22:42:37.972+0000] {dag.py:3954} INFO - Setting next_dagrun for produce_json to 2026-02-05 14:00:00+00:00, run_after=2026-02-06 14:00:00+00:00
[2026-02-05T22:42:38.074+0000] {processor.py:183} INFO - Processing /opt/airflow/dags/main.py took 0.577 seconds
[2026-02-05T22:43:08.898+0000] {processor.py:161} INFO - Started process (PID=1617) to work on /opt/airflow/dags/main.py
[2026-02-05T22:43:08.902+0000] {processor.py:830} INFO - Processing file /opt/airflow/dags/main.py for tasks to queue
[2026-02-05T22:43:08.907+0000] {logging_mixin.py:188} INFO - [2026-02-05T22:43:08.907+0000] {dagbag.py:545} INFO - Filling up the DagBag from /opt/airflow/dags/main.py
[2026-02-05T22:43:08.969+0000] {processor.py:840} INFO - DAG(s) 'produce_json' retrieved from /opt/airflow/dags/main.py
[2026-02-05T22:43:09.045+0000] {logging_mixin.py:188} INFO - [2026-02-05T22:43:09.045+0000] {dag.py:3096} INFO - Sync 1 DAGs
[2026-02-05T22:43:09.086+0000] {logging_mixin.py:188} INFO - [2026-02-05T22:43:09.086+0000] {dag.py:3954} INFO - Setting next_dagrun for produce_json to 2026-02-05 14:00:00+00:00, run_after=2026-02-06 14:00:00+00:00
[2026-02-05T22:43:09.130+0000] {processor.py:183} INFO - Processing /opt/airflow/dags/main.py took 0.250 seconds
[2026-02-05T22:43:40.241+0000] {processor.py:161} INFO - Started process (PID=1624) to work on /opt/airflow/dags/main.py
[2026-02-05T22:43:40.252+0000] {processor.py:830} INFO - Processing file /opt/airflow/dags/main.py for tasks to queue
[2026-02-05T22:43:40.269+0000] {logging_mixin.py:188} INFO - [2026-02-05T22:43:40.266+0000] {dagbag.py:545} INFO - Filling up the DagBag from /opt/airflow/dags/main.py
[2026-02-05T22:43:40.377+0000] {processor.py:840} INFO - DAG(s) 'produce_json' retrieved from /opt/airflow/dags/main.py
[2026-02-05T22:43:40.490+0000] {logging_mixin.py:188} INFO - [2026-02-05T22:43:40.490+0000] {dag.py:3096} INFO - Sync 1 DAGs
[2026-02-05T22:43:40.573+0000] {logging_mixin.py:188} INFO - [2026-02-05T22:43:40.572+0000] {dag.py:3954} INFO - Setting next_dagrun for produce_json to 2026-02-05 14:00:00+00:00, run_after=2026-02-06 14:00:00+00:00
[2026-02-05T22:43:40.642+0000] {processor.py:183} INFO - Processing /opt/airflow/dags/main.py took 0.445 seconds
[2026-02-05T22:44:11.130+0000] {processor.py:161} INFO - Started process (PID=1632) to work on /opt/airflow/dags/main.py
[2026-02-05T22:44:11.132+0000] {processor.py:830} INFO - Processing file /opt/airflow/dags/main.py for tasks to queue
[2026-02-05T22:44:11.136+0000] {logging_mixin.py:188} INFO - [2026-02-05T22:44:11.135+0000] {dagbag.py:545} INFO - Filling up the DagBag from /opt/airflow/dags/main.py
[2026-02-05T22:44:11.204+0000] {processor.py:840} INFO - DAG(s) 'produce_json' retrieved from /opt/airflow/dags/main.py
[2026-02-05T22:44:11.314+0000] {logging_mixin.py:188} INFO - [2026-02-05T22:44:11.314+0000] {dag.py:3096} INFO - Sync 1 DAGs
[2026-02-05T22:44:11.481+0000] {logging_mixin.py:188} INFO - [2026-02-05T22:44:11.479+0000] {dag.py:3954} INFO - Setting next_dagrun for produce_json to 2026-02-05 14:00:00+00:00, run_after=2026-02-06 14:00:00+00:00
[2026-02-05T22:44:11.907+0000] {processor.py:183} INFO - Processing /opt/airflow/dags/main.py took 0.797 seconds
[2026-02-05T22:44:42.456+0000] {processor.py:161} INFO - Started process (PID=1640) to work on /opt/airflow/dags/main.py
[2026-02-05T22:44:42.461+0000] {processor.py:830} INFO - Processing file /opt/airflow/dags/main.py for tasks to queue
[2026-02-05T22:44:42.469+0000] {logging_mixin.py:188} INFO - [2026-02-05T22:44:42.467+0000] {dagbag.py:545} INFO - Filling up the DagBag from /opt/airflow/dags/main.py
[2026-02-05T22:44:42.589+0000] {processor.py:840} INFO - DAG(s) 'produce_json' retrieved from /opt/airflow/dags/main.py
[2026-02-05T22:44:42.773+0000] {logging_mixin.py:188} INFO - [2026-02-05T22:44:42.773+0000] {dag.py:3096} INFO - Sync 1 DAGs
[2026-02-05T22:44:42.933+0000] {logging_mixin.py:188} INFO - [2026-02-05T22:44:42.932+0000] {dag.py:3954} INFO - Setting next_dagrun for produce_json to 2026-02-05 14:00:00+00:00, run_after=2026-02-06 14:00:00+00:00
[2026-02-05T22:44:43.018+0000] {processor.py:183} INFO - Processing /opt/airflow/dags/main.py took 0.583 seconds
[2026-02-05T22:45:13.378+0000] {processor.py:161} INFO - Started process (PID=1647) to work on /opt/airflow/dags/main.py
[2026-02-05T22:45:13.383+0000] {processor.py:830} INFO - Processing file /opt/airflow/dags/main.py for tasks to queue
[2026-02-05T22:45:13.391+0000] {logging_mixin.py:188} INFO - [2026-02-05T22:45:13.386+0000] {dagbag.py:545} INFO - Filling up the DagBag from /opt/airflow/dags/main.py
[2026-02-05T22:45:13.461+0000] {processor.py:840} INFO - DAG(s) 'produce_json' retrieved from /opt/airflow/dags/main.py
[2026-02-05T22:45:13.625+0000] {logging_mixin.py:188} INFO - [2026-02-05T22:45:13.624+0000] {dag.py:3096} INFO - Sync 1 DAGs
[2026-02-05T22:45:13.707+0000] {logging_mixin.py:188} INFO - [2026-02-05T22:45:13.707+0000] {dag.py:3954} INFO - Setting next_dagrun for produce_json to 2026-02-05 14:00:00+00:00, run_after=2026-02-06 14:00:00+00:00
[2026-02-05T22:45:13.775+0000] {processor.py:183} INFO - Processing /opt/airflow/dags/main.py took 0.426 seconds
[2026-02-05T22:45:44.116+0000] {processor.py:161} INFO - Started process (PID=1654) to work on /opt/airflow/dags/main.py
[2026-02-05T22:45:44.120+0000] {processor.py:830} INFO - Processing file /opt/airflow/dags/main.py for tasks to queue
[2026-02-05T22:45:44.129+0000] {logging_mixin.py:188} INFO - [2026-02-05T22:45:44.127+0000] {dagbag.py:545} INFO - Filling up the DagBag from /opt/airflow/dags/main.py
[2026-02-05T22:45:44.226+0000] {processor.py:840} INFO - DAG(s) 'produce_json' retrieved from /opt/airflow/dags/main.py
[2026-02-05T22:45:44.332+0000] {logging_mixin.py:188} INFO - [2026-02-05T22:45:44.331+0000] {dag.py:3096} INFO - Sync 1 DAGs
[2026-02-05T22:45:44.421+0000] {logging_mixin.py:188} INFO - [2026-02-05T22:45:44.421+0000] {dag.py:3954} INFO - Setting next_dagrun for produce_json to 2026-02-05 14:00:00+00:00, run_after=2026-02-06 14:00:00+00:00
[2026-02-05T22:45:44.464+0000] {processor.py:183} INFO - Processing /opt/airflow/dags/main.py took 0.372 seconds
[2026-02-05T22:46:15.475+0000] {processor.py:161} INFO - Started process (PID=1662) to work on /opt/airflow/dags/main.py
[2026-02-05T22:46:15.479+0000] {processor.py:830} INFO - Processing file /opt/airflow/dags/main.py for tasks to queue
[2026-02-05T22:46:15.485+0000] {logging_mixin.py:188} INFO - [2026-02-05T22:46:15.484+0000] {dagbag.py:545} INFO - Filling up the DagBag from /opt/airflow/dags/main.py
[2026-02-05T22:46:15.612+0000] {processor.py:840} INFO - DAG(s) 'produce_json' retrieved from /opt/airflow/dags/main.py
[2026-02-05T22:46:15.699+0000] {logging_mixin.py:188} INFO - [2026-02-05T22:46:15.699+0000] {dag.py:3096} INFO - Sync 1 DAGs
[2026-02-05T22:46:15.741+0000] {logging_mixin.py:188} INFO - [2026-02-05T22:46:15.740+0000] {dag.py:3954} INFO - Setting next_dagrun for produce_json to 2026-02-05 14:00:00+00:00, run_after=2026-02-06 14:00:00+00:00
[2026-02-05T22:46:15.800+0000] {processor.py:183} INFO - Processing /opt/airflow/dags/main.py took 0.341 seconds
[2026-02-05T22:46:46.083+0000] {processor.py:161} INFO - Started process (PID=1669) to work on /opt/airflow/dags/main.py
[2026-02-05T22:46:46.086+0000] {processor.py:830} INFO - Processing file /opt/airflow/dags/main.py for tasks to queue
[2026-02-05T22:46:46.089+0000] {logging_mixin.py:188} INFO - [2026-02-05T22:46:46.089+0000] {dagbag.py:545} INFO - Filling up the DagBag from /opt/airflow/dags/main.py
[2026-02-05T22:46:46.147+0000] {processor.py:840} INFO - DAG(s) 'produce_json' retrieved from /opt/airflow/dags/main.py
[2026-02-05T22:46:46.213+0000] {logging_mixin.py:188} INFO - [2026-02-05T22:46:46.213+0000] {dag.py:3096} INFO - Sync 1 DAGs
[2026-02-05T22:46:46.263+0000] {logging_mixin.py:188} INFO - [2026-02-05T22:46:46.263+0000] {dag.py:3954} INFO - Setting next_dagrun for produce_json to 2026-02-05 14:00:00+00:00, run_after=2026-02-06 14:00:00+00:00
[2026-02-05T22:46:46.332+0000] {processor.py:183} INFO - Processing /opt/airflow/dags/main.py took 0.267 seconds
[2026-02-05T22:47:17.108+0000] {processor.py:161} INFO - Started process (PID=1677) to work on /opt/airflow/dags/main.py
[2026-02-05T22:47:17.111+0000] {processor.py:830} INFO - Processing file /opt/airflow/dags/main.py for tasks to queue
[2026-02-05T22:47:17.117+0000] {logging_mixin.py:188} INFO - [2026-02-05T22:47:17.116+0000] {dagbag.py:545} INFO - Filling up the DagBag from /opt/airflow/dags/main.py
[2026-02-05T22:47:17.179+0000] {processor.py:840} INFO - DAG(s) 'produce_json' retrieved from /opt/airflow/dags/main.py
[2026-02-05T22:47:17.248+0000] {logging_mixin.py:188} INFO - [2026-02-05T22:47:17.248+0000] {dag.py:3096} INFO - Sync 1 DAGs
[2026-02-05T22:47:17.289+0000] {logging_mixin.py:188} INFO - [2026-02-05T22:47:17.289+0000] {dag.py:3954} INFO - Setting next_dagrun for produce_json to 2026-02-05 14:00:00+00:00, run_after=2026-02-06 14:00:00+00:00
[2026-02-05T22:47:17.332+0000] {processor.py:183} INFO - Processing /opt/airflow/dags/main.py took 0.243 seconds
[2026-02-05T22:47:47.501+0000] {processor.py:161} INFO - Started process (PID=1684) to work on /opt/airflow/dags/main.py
[2026-02-05T22:47:47.507+0000] {processor.py:830} INFO - Processing file /opt/airflow/dags/main.py for tasks to queue
[2026-02-05T22:47:47.512+0000] {logging_mixin.py:188} INFO - [2026-02-05T22:47:47.511+0000] {dagbag.py:545} INFO - Filling up the DagBag from /opt/airflow/dags/main.py
[2026-02-05T22:47:47.584+0000] {processor.py:840} INFO - DAG(s) 'produce_json' retrieved from /opt/airflow/dags/main.py
[2026-02-05T22:47:47.655+0000] {logging_mixin.py:188} INFO - [2026-02-05T22:47:47.655+0000] {dag.py:3096} INFO - Sync 1 DAGs
[2026-02-05T22:47:47.708+0000] {logging_mixin.py:188} INFO - [2026-02-05T22:47:47.708+0000] {dag.py:3954} INFO - Setting next_dagrun for produce_json to 2026-02-05 14:00:00+00:00, run_after=2026-02-06 14:00:00+00:00
[2026-02-05T22:47:47.756+0000] {processor.py:183} INFO - Processing /opt/airflow/dags/main.py took 0.269 seconds
[2026-02-05T22:48:18.386+0000] {processor.py:161} INFO - Started process (PID=1691) to work on /opt/airflow/dags/main.py
[2026-02-05T22:48:18.391+0000] {processor.py:830} INFO - Processing file /opt/airflow/dags/main.py for tasks to queue
[2026-02-05T22:48:18.396+0000] {logging_mixin.py:188} INFO - [2026-02-05T22:48:18.395+0000] {dagbag.py:545} INFO - Filling up the DagBag from /opt/airflow/dags/main.py
[2026-02-05T22:48:18.510+0000] {processor.py:840} INFO - DAG(s) 'produce_json' retrieved from /opt/airflow/dags/main.py
[2026-02-05T22:48:18.606+0000] {logging_mixin.py:188} INFO - [2026-02-05T22:48:18.606+0000] {dag.py:3096} INFO - Sync 1 DAGs
[2026-02-05T22:48:18.691+0000] {logging_mixin.py:188} INFO - [2026-02-05T22:48:18.690+0000] {dag.py:3954} INFO - Setting next_dagrun for produce_json to 2026-02-05 14:00:00+00:00, run_after=2026-02-06 14:00:00+00:00
[2026-02-05T22:48:18.773+0000] {processor.py:183} INFO - Processing /opt/airflow/dags/main.py took 0.404 seconds
[2026-02-05T22:48:49.605+0000] {processor.py:161} INFO - Started process (PID=1698) to work on /opt/airflow/dags/main.py
[2026-02-05T22:48:49.615+0000] {processor.py:830} INFO - Processing file /opt/airflow/dags/main.py for tasks to queue
[2026-02-05T22:48:49.626+0000] {logging_mixin.py:188} INFO - [2026-02-05T22:48:49.624+0000] {dagbag.py:545} INFO - Filling up the DagBag from /opt/airflow/dags/main.py
[2026-02-05T22:48:49.828+0000] {processor.py:840} INFO - DAG(s) 'produce_json' retrieved from /opt/airflow/dags/main.py
[2026-02-05T22:48:49.914+0000] {logging_mixin.py:188} INFO - [2026-02-05T22:48:49.914+0000] {dag.py:3096} INFO - Sync 1 DAGs
[2026-02-05T22:48:49.955+0000] {logging_mixin.py:188} INFO - [2026-02-05T22:48:49.955+0000] {dag.py:3954} INFO - Setting next_dagrun for produce_json to 2026-02-05 14:00:00+00:00, run_after=2026-02-06 14:00:00+00:00
[2026-02-05T22:48:50.006+0000] {processor.py:183} INFO - Processing /opt/airflow/dags/main.py took 0.445 seconds
[2026-02-05T22:49:20.519+0000] {processor.py:161} INFO - Started process (PID=1705) to work on /opt/airflow/dags/main.py
[2026-02-05T22:49:20.524+0000] {processor.py:830} INFO - Processing file /opt/airflow/dags/main.py for tasks to queue
[2026-02-05T22:49:20.534+0000] {logging_mixin.py:188} INFO - [2026-02-05T22:49:20.533+0000] {dagbag.py:545} INFO - Filling up the DagBag from /opt/airflow/dags/main.py
[2026-02-05T22:49:20.600+0000] {processor.py:840} INFO - DAG(s) 'produce_json' retrieved from /opt/airflow/dags/main.py
[2026-02-05T22:49:20.657+0000] {logging_mixin.py:188} INFO - [2026-02-05T22:49:20.657+0000] {dag.py:3096} INFO - Sync 1 DAGs
[2026-02-05T22:49:20.709+0000] {logging_mixin.py:188} INFO - [2026-02-05T22:49:20.709+0000] {dag.py:3954} INFO - Setting next_dagrun for produce_json to 2026-02-05 14:00:00+00:00, run_after=2026-02-06 14:00:00+00:00
[2026-02-05T22:49:20.749+0000] {processor.py:183} INFO - Processing /opt/airflow/dags/main.py took 0.246 seconds
[2026-02-05T22:49:51.472+0000] {processor.py:161} INFO - Started process (PID=1712) to work on /opt/airflow/dags/main.py
[2026-02-05T22:49:51.477+0000] {processor.py:830} INFO - Processing file /opt/airflow/dags/main.py for tasks to queue
[2026-02-05T22:49:51.507+0000] {logging_mixin.py:188} INFO - [2026-02-05T22:49:51.505+0000] {dagbag.py:545} INFO - Filling up the DagBag from /opt/airflow/dags/main.py
[2026-02-05T22:49:51.659+0000] {processor.py:840} INFO - DAG(s) 'produce_json' retrieved from /opt/airflow/dags/main.py
[2026-02-05T22:49:51.750+0000] {logging_mixin.py:188} INFO - [2026-02-05T22:49:51.749+0000] {dag.py:3096} INFO - Sync 1 DAGs
[2026-02-05T22:49:51.820+0000] {logging_mixin.py:188} INFO - [2026-02-05T22:49:51.819+0000] {dag.py:3954} INFO - Setting next_dagrun for produce_json to 2026-02-05 14:00:00+00:00, run_after=2026-02-06 14:00:00+00:00
[2026-02-05T22:49:51.862+0000] {processor.py:183} INFO - Processing /opt/airflow/dags/main.py took 0.410 seconds
[2026-02-05T22:50:22.056+0000] {processor.py:161} INFO - Started process (PID=1719) to work on /opt/airflow/dags/main.py
[2026-02-05T22:50:22.060+0000] {processor.py:830} INFO - Processing file /opt/airflow/dags/main.py for tasks to queue
[2026-02-05T22:50:22.065+0000] {logging_mixin.py:188} INFO - [2026-02-05T22:50:22.064+0000] {dagbag.py:545} INFO - Filling up the DagBag from /opt/airflow/dags/main.py
[2026-02-05T22:50:22.171+0000] {processor.py:840} INFO - DAG(s) 'produce_json' retrieved from /opt/airflow/dags/main.py
[2026-02-05T22:50:22.273+0000] {logging_mixin.py:188} INFO - [2026-02-05T22:50:22.272+0000] {dag.py:3096} INFO - Sync 1 DAGs
[2026-02-05T22:50:22.359+0000] {logging_mixin.py:188} INFO - [2026-02-05T22:50:22.358+0000] {dag.py:3954} INFO - Setting next_dagrun for produce_json to 2026-02-05 14:00:00+00:00, run_after=2026-02-06 14:00:00+00:00
[2026-02-05T22:50:22.427+0000] {processor.py:183} INFO - Processing /opt/airflow/dags/main.py took 0.395 seconds
[2026-02-05T22:50:52.700+0000] {processor.py:161} INFO - Started process (PID=1726) to work on /opt/airflow/dags/main.py
[2026-02-05T22:50:52.706+0000] {processor.py:830} INFO - Processing file /opt/airflow/dags/main.py for tasks to queue
[2026-02-05T22:50:52.710+0000] {logging_mixin.py:188} INFO - [2026-02-05T22:50:52.709+0000] {dagbag.py:545} INFO - Filling up the DagBag from /opt/airflow/dags/main.py
[2026-02-05T22:50:52.778+0000] {processor.py:840} INFO - DAG(s) 'produce_json' retrieved from /opt/airflow/dags/main.py
[2026-02-05T22:50:52.834+0000] {logging_mixin.py:188} INFO - [2026-02-05T22:50:52.833+0000] {dag.py:3096} INFO - Sync 1 DAGs
[2026-02-05T22:50:52.901+0000] {logging_mixin.py:188} INFO - [2026-02-05T22:50:52.900+0000] {dag.py:3954} INFO - Setting next_dagrun for produce_json to 2026-02-05 14:00:00+00:00, run_after=2026-02-06 14:00:00+00:00
[2026-02-05T22:50:52.973+0000] {processor.py:183} INFO - Processing /opt/airflow/dags/main.py took 0.294 seconds
[2026-02-05T22:51:23.183+0000] {processor.py:161} INFO - Started process (PID=1733) to work on /opt/airflow/dags/main.py
[2026-02-05T22:51:23.189+0000] {processor.py:830} INFO - Processing file /opt/airflow/dags/main.py for tasks to queue
[2026-02-05T22:51:23.193+0000] {logging_mixin.py:188} INFO - [2026-02-05T22:51:23.192+0000] {dagbag.py:545} INFO - Filling up the DagBag from /opt/airflow/dags/main.py
[2026-02-05T22:51:23.269+0000] {processor.py:840} INFO - DAG(s) 'produce_json' retrieved from /opt/airflow/dags/main.py
[2026-02-05T22:51:23.554+0000] {logging_mixin.py:188} INFO - [2026-02-05T22:51:23.553+0000] {dag.py:3096} INFO - Sync 1 DAGs
[2026-02-05T22:51:23.678+0000] {logging_mixin.py:188} INFO - [2026-02-05T22:51:23.677+0000] {dag.py:3954} INFO - Setting next_dagrun for produce_json to 2026-02-05 14:00:00+00:00, run_after=2026-02-06 14:00:00+00:00
[2026-02-05T22:51:23.746+0000] {processor.py:183} INFO - Processing /opt/airflow/dags/main.py took 0.576 seconds
[2026-02-05T22:51:54.232+0000] {processor.py:161} INFO - Started process (PID=1741) to work on /opt/airflow/dags/main.py
[2026-02-05T22:51:54.235+0000] {processor.py:830} INFO - Processing file /opt/airflow/dags/main.py for tasks to queue
[2026-02-05T22:51:54.282+0000] {logging_mixin.py:188} INFO - [2026-02-05T22:51:54.281+0000] {dagbag.py:545} INFO - Filling up the DagBag from /opt/airflow/dags/main.py
[2026-02-05T22:51:54.444+0000] {processor.py:840} INFO - DAG(s) 'produce_json' retrieved from /opt/airflow/dags/main.py
[2026-02-05T22:51:54.517+0000] {logging_mixin.py:188} INFO - [2026-02-05T22:51:54.516+0000] {dag.py:3096} INFO - Sync 1 DAGs
[2026-02-05T22:51:54.562+0000] {logging_mixin.py:188} INFO - [2026-02-05T22:51:54.562+0000] {dag.py:3954} INFO - Setting next_dagrun for produce_json to 2026-02-05 14:00:00+00:00, run_after=2026-02-06 14:00:00+00:00
[2026-02-05T22:51:54.621+0000] {processor.py:183} INFO - Processing /opt/airflow/dags/main.py took 0.405 seconds
[2026-02-05T22:52:25.381+0000] {processor.py:161} INFO - Started process (PID=1749) to work on /opt/airflow/dags/main.py
[2026-02-05T22:52:25.401+0000] {processor.py:830} INFO - Processing file /opt/airflow/dags/main.py for tasks to queue
[2026-02-05T22:52:25.413+0000] {logging_mixin.py:188} INFO - [2026-02-05T22:52:25.412+0000] {dagbag.py:545} INFO - Filling up the DagBag from /opt/airflow/dags/main.py
[2026-02-05T22:52:25.543+0000] {processor.py:840} INFO - DAG(s) 'produce_json' retrieved from /opt/airflow/dags/main.py
[2026-02-05T22:52:25.649+0000] {logging_mixin.py:188} INFO - [2026-02-05T22:52:25.648+0000] {dag.py:3096} INFO - Sync 1 DAGs
[2026-02-05T22:52:25.746+0000] {logging_mixin.py:188} INFO - [2026-02-05T22:52:25.745+0000] {dag.py:3954} INFO - Setting next_dagrun for produce_json to 2026-02-05 14:00:00+00:00, run_after=2026-02-06 14:00:00+00:00
[2026-02-05T22:52:25.794+0000] {processor.py:183} INFO - Processing /opt/airflow/dags/main.py took 0.431 seconds
[2026-02-05T22:52:56.341+0000] {processor.py:161} INFO - Started process (PID=1756) to work on /opt/airflow/dags/main.py
[2026-02-05T22:52:56.344+0000] {processor.py:830} INFO - Processing file /opt/airflow/dags/main.py for tasks to queue
[2026-02-05T22:52:56.348+0000] {logging_mixin.py:188} INFO - [2026-02-05T22:52:56.347+0000] {dagbag.py:545} INFO - Filling up the DagBag from /opt/airflow/dags/main.py
[2026-02-05T22:52:56.457+0000] {processor.py:840} INFO - DAG(s) 'produce_json' retrieved from /opt/airflow/dags/main.py
[2026-02-05T22:52:56.556+0000] {logging_mixin.py:188} INFO - [2026-02-05T22:52:56.555+0000] {dag.py:3096} INFO - Sync 1 DAGs
[2026-02-05T22:52:56.642+0000] {logging_mixin.py:188} INFO - [2026-02-05T22:52:56.641+0000] {dag.py:3954} INFO - Setting next_dagrun for produce_json to 2026-02-05 14:00:00+00:00, run_after=2026-02-06 14:00:00+00:00
[2026-02-05T22:52:56.706+0000] {processor.py:183} INFO - Processing /opt/airflow/dags/main.py took 0.395 seconds
[2026-02-05T22:53:27.015+0000] {processor.py:161} INFO - Started process (PID=1762) to work on /opt/airflow/dags/main.py
[2026-02-05T22:53:27.020+0000] {processor.py:830} INFO - Processing file /opt/airflow/dags/main.py for tasks to queue
[2026-02-05T22:53:27.027+0000] {logging_mixin.py:188} INFO - [2026-02-05T22:53:27.026+0000] {dagbag.py:545} INFO - Filling up the DagBag from /opt/airflow/dags/main.py
[2026-02-05T22:53:27.120+0000] {processor.py:840} INFO - DAG(s) 'produce_json' retrieved from /opt/airflow/dags/main.py
[2026-02-05T22:53:27.195+0000] {logging_mixin.py:188} INFO - [2026-02-05T22:53:27.195+0000] {dag.py:3096} INFO - Sync 1 DAGs
[2026-02-05T22:53:27.281+0000] {logging_mixin.py:188} INFO - [2026-02-05T22:53:27.281+0000] {dag.py:3954} INFO - Setting next_dagrun for produce_json to 2026-02-05 14:00:00+00:00, run_after=2026-02-06 14:00:00+00:00
[2026-02-05T22:53:27.322+0000] {processor.py:183} INFO - Processing /opt/airflow/dags/main.py took 0.324 seconds
[2026-02-05T22:53:58.228+0000] {processor.py:161} INFO - Started process (PID=1769) to work on /opt/airflow/dags/main.py
[2026-02-05T22:53:58.232+0000] {processor.py:830} INFO - Processing file /opt/airflow/dags/main.py for tasks to queue
[2026-02-05T22:53:58.242+0000] {logging_mixin.py:188} INFO - [2026-02-05T22:53:58.241+0000] {dagbag.py:545} INFO - Filling up the DagBag from /opt/airflow/dags/main.py
[2026-02-05T22:53:58.353+0000] {processor.py:840} INFO - DAG(s) 'produce_json' retrieved from /opt/airflow/dags/main.py
[2026-02-05T22:53:58.452+0000] {logging_mixin.py:188} INFO - [2026-02-05T22:53:58.449+0000] {dag.py:3096} INFO - Sync 1 DAGs
[2026-02-05T22:53:58.551+0000] {logging_mixin.py:188} INFO - [2026-02-05T22:53:58.550+0000] {dag.py:3954} INFO - Setting next_dagrun for produce_json to 2026-02-05 14:00:00+00:00, run_after=2026-02-06 14:00:00+00:00
[2026-02-05T22:53:58.632+0000] {processor.py:183} INFO - Processing /opt/airflow/dags/main.py took 0.421 seconds
[2026-02-05T22:54:29.665+0000] {processor.py:161} INFO - Started process (PID=1776) to work on /opt/airflow/dags/main.py
[2026-02-05T22:54:29.679+0000] {processor.py:830} INFO - Processing file /opt/airflow/dags/main.py for tasks to queue
[2026-02-05T22:54:29.689+0000] {logging_mixin.py:188} INFO - [2026-02-05T22:54:29.688+0000] {dagbag.py:545} INFO - Filling up the DagBag from /opt/airflow/dags/main.py
[2026-02-05T22:54:29.867+0000] {processor.py:840} INFO - DAG(s) 'produce_json' retrieved from /opt/airflow/dags/main.py
[2026-02-05T22:54:29.995+0000] {logging_mixin.py:188} INFO - [2026-02-05T22:54:29.994+0000] {dag.py:3096} INFO - Sync 1 DAGs
[2026-02-05T22:54:30.102+0000] {logging_mixin.py:188} INFO - [2026-02-05T22:54:30.101+0000] {dag.py:3954} INFO - Setting next_dagrun for produce_json to 2026-02-05 14:00:00+00:00, run_after=2026-02-06 14:00:00+00:00
[2026-02-05T22:54:30.173+0000] {processor.py:183} INFO - Processing /opt/airflow/dags/main.py took 0.577 seconds
[2026-02-05T22:55:00.404+0000] {processor.py:161} INFO - Started process (PID=1783) to work on /opt/airflow/dags/main.py
[2026-02-05T22:55:00.407+0000] {processor.py:830} INFO - Processing file /opt/airflow/dags/main.py for tasks to queue
[2026-02-05T22:55:00.412+0000] {logging_mixin.py:188} INFO - [2026-02-05T22:55:00.411+0000] {dagbag.py:545} INFO - Filling up the DagBag from /opt/airflow/dags/main.py
[2026-02-05T22:55:00.521+0000] {processor.py:840} INFO - DAG(s) 'produce_json' retrieved from /opt/airflow/dags/main.py
[2026-02-05T22:55:00.640+0000] {logging_mixin.py:188} INFO - [2026-02-05T22:55:00.640+0000] {dag.py:3096} INFO - Sync 1 DAGs
[2026-02-05T22:55:00.742+0000] {logging_mixin.py:188} INFO - [2026-02-05T22:55:00.742+0000] {dag.py:3954} INFO - Setting next_dagrun for produce_json to 2026-02-05 14:00:00+00:00, run_after=2026-02-06 14:00:00+00:00
[2026-02-05T22:55:00.806+0000] {processor.py:183} INFO - Processing /opt/airflow/dags/main.py took 0.418 seconds
[2026-02-05T22:55:31.221+0000] {processor.py:161} INFO - Started process (PID=1791) to work on /opt/airflow/dags/main.py
[2026-02-05T22:55:31.238+0000] {processor.py:830} INFO - Processing file /opt/airflow/dags/main.py for tasks to queue
[2026-02-05T22:55:31.242+0000] {logging_mixin.py:188} INFO - [2026-02-05T22:55:31.242+0000] {dagbag.py:545} INFO - Filling up the DagBag from /opt/airflow/dags/main.py
[2026-02-05T22:55:31.307+0000] {processor.py:840} INFO - DAG(s) 'produce_json' retrieved from /opt/airflow/dags/main.py
[2026-02-05T22:55:31.445+0000] {logging_mixin.py:188} INFO - [2026-02-05T22:55:31.445+0000] {dag.py:3096} INFO - Sync 1 DAGs
[2026-02-05T22:55:31.493+0000] {logging_mixin.py:188} INFO - [2026-02-05T22:55:31.493+0000] {dag.py:3954} INFO - Setting next_dagrun for produce_json to 2026-02-05 14:00:00+00:00, run_after=2026-02-06 14:00:00+00:00
[2026-02-05T22:55:31.536+0000] {processor.py:183} INFO - Processing /opt/airflow/dags/main.py took 0.350 seconds
[2026-02-05T22:56:01.839+0000] {processor.py:161} INFO - Started process (PID=1797) to work on /opt/airflow/dags/main.py
[2026-02-05T22:56:01.843+0000] {processor.py:830} INFO - Processing file /opt/airflow/dags/main.py for tasks to queue
[2026-02-05T22:56:01.848+0000] {logging_mixin.py:188} INFO - [2026-02-05T22:56:01.847+0000] {dagbag.py:545} INFO - Filling up the DagBag from /opt/airflow/dags/main.py
[2026-02-05T22:56:01.949+0000] {processor.py:840} INFO - DAG(s) 'produce_json' retrieved from /opt/airflow/dags/main.py
[2026-02-05T22:56:02.010+0000] {logging_mixin.py:188} INFO - [2026-02-05T22:56:02.010+0000] {dag.py:3096} INFO - Sync 1 DAGs
[2026-02-05T22:56:02.060+0000] {logging_mixin.py:188} INFO - [2026-02-05T22:56:02.060+0000] {dag.py:3954} INFO - Setting next_dagrun for produce_json to 2026-02-05 14:00:00+00:00, run_after=2026-02-06 14:00:00+00:00
[2026-02-05T22:56:02.127+0000] {processor.py:183} INFO - Processing /opt/airflow/dags/main.py took 0.319 seconds
[2026-02-05T22:56:33.161+0000] {processor.py:161} INFO - Started process (PID=1803) to work on /opt/airflow/dags/main.py
[2026-02-05T22:56:33.164+0000] {processor.py:830} INFO - Processing file /opt/airflow/dags/main.py for tasks to queue
[2026-02-05T22:56:33.168+0000] {logging_mixin.py:188} INFO - [2026-02-05T22:56:33.168+0000] {dagbag.py:545} INFO - Filling up the DagBag from /opt/airflow/dags/main.py
[2026-02-05T22:56:33.224+0000] {processor.py:840} INFO - DAG(s) 'produce_json' retrieved from /opt/airflow/dags/main.py
[2026-02-05T22:56:33.319+0000] {logging_mixin.py:188} INFO - [2026-02-05T22:56:33.318+0000] {dag.py:3096} INFO - Sync 1 DAGs
[2026-02-05T22:56:33.398+0000] {logging_mixin.py:188} INFO - [2026-02-05T22:56:33.398+0000] {dag.py:3954} INFO - Setting next_dagrun for produce_json to 2026-02-05 14:00:00+00:00, run_after=2026-02-06 14:00:00+00:00
[2026-02-05T22:56:33.470+0000] {processor.py:183} INFO - Processing /opt/airflow/dags/main.py took 0.322 seconds
[2026-02-05T22:57:03.690+0000] {processor.py:161} INFO - Started process (PID=1811) to work on /opt/airflow/dags/main.py
[2026-02-05T22:57:03.696+0000] {processor.py:830} INFO - Processing file /opt/airflow/dags/main.py for tasks to queue
[2026-02-05T22:57:03.703+0000] {logging_mixin.py:188} INFO - [2026-02-05T22:57:03.702+0000] {dagbag.py:545} INFO - Filling up the DagBag from /opt/airflow/dags/main.py
[2026-02-05T22:57:03.799+0000] {processor.py:840} INFO - DAG(s) 'produce_json' retrieved from /opt/airflow/dags/main.py
[2026-02-05T22:57:03.893+0000] {logging_mixin.py:188} INFO - [2026-02-05T22:57:03.892+0000] {dag.py:3096} INFO - Sync 1 DAGs
[2026-02-05T22:57:03.945+0000] {logging_mixin.py:188} INFO - [2026-02-05T22:57:03.945+0000] {dag.py:3954} INFO - Setting next_dagrun for produce_json to 2026-02-05 14:00:00+00:00, run_after=2026-02-06 14:00:00+00:00
[2026-02-05T22:57:03.977+0000] {processor.py:183} INFO - Processing /opt/airflow/dags/main.py took 0.308 seconds
[2026-02-05T22:57:34.318+0000] {processor.py:161} INFO - Started process (PID=1818) to work on /opt/airflow/dags/main.py
[2026-02-05T22:57:34.321+0000] {processor.py:830} INFO - Processing file /opt/airflow/dags/main.py for tasks to queue
[2026-02-05T22:57:34.325+0000] {logging_mixin.py:188} INFO - [2026-02-05T22:57:34.324+0000] {dagbag.py:545} INFO - Filling up the DagBag from /opt/airflow/dags/main.py
[2026-02-05T22:57:34.382+0000] {processor.py:840} INFO - DAG(s) 'produce_json' retrieved from /opt/airflow/dags/main.py
[2026-02-05T22:57:34.439+0000] {logging_mixin.py:188} INFO - [2026-02-05T22:57:34.438+0000] {dag.py:3096} INFO - Sync 1 DAGs
[2026-02-05T22:57:34.504+0000] {logging_mixin.py:188} INFO - [2026-02-05T22:57:34.504+0000] {dag.py:3954} INFO - Setting next_dagrun for produce_json to 2026-02-05 14:00:00+00:00, run_after=2026-02-06 14:00:00+00:00
[2026-02-05T22:57:34.572+0000] {processor.py:183} INFO - Processing /opt/airflow/dags/main.py took 0.268 seconds
[2026-02-05T22:58:05.456+0000] {processor.py:161} INFO - Started process (PID=1824) to work on /opt/airflow/dags/main.py
[2026-02-05T22:58:05.458+0000] {processor.py:830} INFO - Processing file /opt/airflow/dags/main.py for tasks to queue
[2026-02-05T22:58:05.465+0000] {logging_mixin.py:188} INFO - [2026-02-05T22:58:05.464+0000] {dagbag.py:545} INFO - Filling up the DagBag from /opt/airflow/dags/main.py
[2026-02-05T22:58:05.581+0000] {processor.py:840} INFO - DAG(s) 'produce_json' retrieved from /opt/airflow/dags/main.py
[2026-02-05T22:58:05.676+0000] {logging_mixin.py:188} INFO - [2026-02-05T22:58:05.676+0000] {dag.py:3096} INFO - Sync 1 DAGs
[2026-02-05T22:58:05.752+0000] {logging_mixin.py:188} INFO - [2026-02-05T22:58:05.751+0000] {dag.py:3954} INFO - Setting next_dagrun for produce_json to 2026-02-05 14:00:00+00:00, run_after=2026-02-06 14:00:00+00:00
[2026-02-05T22:58:05.836+0000] {processor.py:183} INFO - Processing /opt/airflow/dags/main.py took 0.397 seconds
[2026-02-05T22:58:36.499+0000] {processor.py:161} INFO - Started process (PID=1832) to work on /opt/airflow/dags/main.py
[2026-02-05T22:58:36.502+0000] {processor.py:830} INFO - Processing file /opt/airflow/dags/main.py for tasks to queue
[2026-02-05T22:58:36.505+0000] {logging_mixin.py:188} INFO - [2026-02-05T22:58:36.505+0000] {dagbag.py:545} INFO - Filling up the DagBag from /opt/airflow/dags/main.py
[2026-02-05T22:58:36.567+0000] {processor.py:840} INFO - DAG(s) 'produce_json' retrieved from /opt/airflow/dags/main.py
[2026-02-05T22:58:36.667+0000] {logging_mixin.py:188} INFO - [2026-02-05T22:58:36.667+0000] {dag.py:3096} INFO - Sync 1 DAGs
[2026-02-05T22:58:36.752+0000] {logging_mixin.py:188} INFO - [2026-02-05T22:58:36.751+0000] {dag.py:3954} INFO - Setting next_dagrun for produce_json to 2026-02-05 14:00:00+00:00, run_after=2026-02-06 14:00:00+00:00
[2026-02-05T22:58:36.805+0000] {processor.py:183} INFO - Processing /opt/airflow/dags/main.py took 0.318 seconds
[2026-02-05T22:59:06.904+0000] {processor.py:161} INFO - Started process (PID=1840) to work on /opt/airflow/dags/main.py
[2026-02-05T22:59:06.907+0000] {processor.py:830} INFO - Processing file /opt/airflow/dags/main.py for tasks to queue
[2026-02-05T22:59:06.914+0000] {logging_mixin.py:188} INFO - [2026-02-05T22:59:06.913+0000] {dagbag.py:545} INFO - Filling up the DagBag from /opt/airflow/dags/main.py
[2026-02-05T22:59:07.005+0000] {processor.py:840} INFO - DAG(s) 'produce_json' retrieved from /opt/airflow/dags/main.py
[2026-02-05T22:59:07.102+0000] {logging_mixin.py:188} INFO - [2026-02-05T22:59:07.101+0000] {dag.py:3096} INFO - Sync 1 DAGs
[2026-02-05T22:59:07.161+0000] {logging_mixin.py:188} INFO - [2026-02-05T22:59:07.161+0000] {dag.py:3954} INFO - Setting next_dagrun for produce_json to 2026-02-05 14:00:00+00:00, run_after=2026-02-06 14:00:00+00:00
[2026-02-05T22:59:07.221+0000] {processor.py:183} INFO - Processing /opt/airflow/dags/main.py took 0.333 seconds
[2026-02-05T22:59:38.248+0000] {processor.py:161} INFO - Started process (PID=1848) to work on /opt/airflow/dags/main.py
[2026-02-05T22:59:38.261+0000] {processor.py:830} INFO - Processing file /opt/airflow/dags/main.py for tasks to queue
[2026-02-05T22:59:38.287+0000] {logging_mixin.py:188} INFO - [2026-02-05T22:59:38.286+0000] {dagbag.py:545} INFO - Filling up the DagBag from /opt/airflow/dags/main.py
[2026-02-05T22:59:38.365+0000] {processor.py:840} INFO - DAG(s) 'produce_json' retrieved from /opt/airflow/dags/main.py
[2026-02-05T22:59:38.464+0000] {logging_mixin.py:188} INFO - [2026-02-05T22:59:38.464+0000] {dag.py:3096} INFO - Sync 1 DAGs
[2026-02-05T22:59:38.513+0000] {logging_mixin.py:188} INFO - [2026-02-05T22:59:38.512+0000] {dag.py:3954} INFO - Setting next_dagrun for produce_json to 2026-02-05 14:00:00+00:00, run_after=2026-02-06 14:00:00+00:00
[2026-02-05T22:59:38.546+0000] {processor.py:183} INFO - Processing /opt/airflow/dags/main.py took 0.318 seconds
[2026-02-05T23:00:09.122+0000] {processor.py:161} INFO - Started process (PID=1854) to work on /opt/airflow/dags/main.py
[2026-02-05T23:00:09.125+0000] {processor.py:830} INFO - Processing file /opt/airflow/dags/main.py for tasks to queue
[2026-02-05T23:00:09.129+0000] {logging_mixin.py:188} INFO - [2026-02-05T23:00:09.129+0000] {dagbag.py:545} INFO - Filling up the DagBag from /opt/airflow/dags/main.py
[2026-02-05T23:00:09.451+0000] {processor.py:840} INFO - DAG(s) 'produce_json' retrieved from /opt/airflow/dags/main.py
[2026-02-05T23:00:09.522+0000] {logging_mixin.py:188} INFO - [2026-02-05T23:00:09.521+0000] {dag.py:3096} INFO - Sync 1 DAGs
[2026-02-05T23:00:09.581+0000] {logging_mixin.py:188} INFO - [2026-02-05T23:00:09.581+0000] {dag.py:3954} INFO - Setting next_dagrun for produce_json to 2026-02-05 14:00:00+00:00, run_after=2026-02-06 14:00:00+00:00
[2026-02-05T23:00:09.635+0000] {processor.py:183} INFO - Processing /opt/airflow/dags/main.py took 0.530 seconds
[2026-02-05T23:00:39.886+0000] {processor.py:161} INFO - Started process (PID=1861) to work on /opt/airflow/dags/main.py
[2026-02-05T23:00:39.891+0000] {processor.py:830} INFO - Processing file /opt/airflow/dags/main.py for tasks to queue
[2026-02-05T23:00:39.896+0000] {logging_mixin.py:188} INFO - [2026-02-05T23:00:39.895+0000] {dagbag.py:545} INFO - Filling up the DagBag from /opt/airflow/dags/main.py
[2026-02-05T23:00:40.025+0000] {processor.py:840} INFO - DAG(s) 'produce_json' retrieved from /opt/airflow/dags/main.py
[2026-02-05T23:00:40.117+0000] {logging_mixin.py:188} INFO - [2026-02-05T23:00:40.116+0000] {dag.py:3096} INFO - Sync 1 DAGs
[2026-02-05T23:00:40.193+0000] {logging_mixin.py:188} INFO - [2026-02-05T23:00:40.192+0000] {dag.py:3954} INFO - Setting next_dagrun for produce_json to 2026-02-05 14:00:00+00:00, run_after=2026-02-06 14:00:00+00:00
[2026-02-05T23:00:40.265+0000] {processor.py:183} INFO - Processing /opt/airflow/dags/main.py took 0.396 seconds
[2026-02-05T23:01:10.584+0000] {processor.py:161} INFO - Started process (PID=1867) to work on /opt/airflow/dags/main.py
[2026-02-05T23:01:10.587+0000] {processor.py:830} INFO - Processing file /opt/airflow/dags/main.py for tasks to queue
[2026-02-05T23:01:10.592+0000] {logging_mixin.py:188} INFO - [2026-02-05T23:01:10.591+0000] {dagbag.py:545} INFO - Filling up the DagBag from /opt/airflow/dags/main.py
[2026-02-05T23:01:10.648+0000] {processor.py:840} INFO - DAG(s) 'produce_json' retrieved from /opt/airflow/dags/main.py
[2026-02-05T23:01:10.719+0000] {logging_mixin.py:188} INFO - [2026-02-05T23:01:10.718+0000] {dag.py:3096} INFO - Sync 1 DAGs
[2026-02-05T23:01:10.779+0000] {logging_mixin.py:188} INFO - [2026-02-05T23:01:10.778+0000] {dag.py:3954} INFO - Setting next_dagrun for produce_json to 2026-02-05 14:00:00+00:00, run_after=2026-02-06 14:00:00+00:00
[2026-02-05T23:01:10.860+0000] {processor.py:183} INFO - Processing /opt/airflow/dags/main.py took 0.292 seconds
[2026-02-05T23:01:41.592+0000] {processor.py:161} INFO - Started process (PID=1875) to work on /opt/airflow/dags/main.py
[2026-02-05T23:01:41.595+0000] {processor.py:830} INFO - Processing file /opt/airflow/dags/main.py for tasks to queue
[2026-02-05T23:01:41.600+0000] {logging_mixin.py:188} INFO - [2026-02-05T23:01:41.599+0000] {dagbag.py:545} INFO - Filling up the DagBag from /opt/airflow/dags/main.py
[2026-02-05T23:01:41.715+0000] {processor.py:840} INFO - DAG(s) 'produce_json' retrieved from /opt/airflow/dags/main.py
[2026-02-05T23:01:41.798+0000] {logging_mixin.py:188} INFO - [2026-02-05T23:01:41.797+0000] {dag.py:3096} INFO - Sync 1 DAGs
[2026-02-05T23:01:41.876+0000] {logging_mixin.py:188} INFO - [2026-02-05T23:01:41.876+0000] {dag.py:3954} INFO - Setting next_dagrun for produce_json to 2026-02-05 14:00:00+00:00, run_after=2026-02-06 14:00:00+00:00
[2026-02-05T23:01:41.958+0000] {processor.py:183} INFO - Processing /opt/airflow/dags/main.py took 0.383 seconds
[2026-02-05T23:02:12.922+0000] {processor.py:161} INFO - Started process (PID=1882) to work on /opt/airflow/dags/main.py
[2026-02-05T23:02:12.927+0000] {processor.py:830} INFO - Processing file /opt/airflow/dags/main.py for tasks to queue
[2026-02-05T23:02:12.935+0000] {logging_mixin.py:188} INFO - [2026-02-05T23:02:12.934+0000] {dagbag.py:545} INFO - Filling up the DagBag from /opt/airflow/dags/main.py
[2026-02-05T23:02:13.049+0000] {processor.py:840} INFO - DAG(s) 'produce_json' retrieved from /opt/airflow/dags/main.py
[2026-02-05T23:02:13.156+0000] {logging_mixin.py:188} INFO - [2026-02-05T23:02:13.155+0000] {dag.py:3096} INFO - Sync 1 DAGs
[2026-02-05T23:02:13.238+0000] {logging_mixin.py:188} INFO - [2026-02-05T23:02:13.238+0000] {dag.py:3954} INFO - Setting next_dagrun for produce_json to 2026-02-05 14:00:00+00:00, run_after=2026-02-06 14:00:00+00:00
[2026-02-05T23:02:13.285+0000] {processor.py:183} INFO - Processing /opt/airflow/dags/main.py took 0.380 seconds
[2026-02-05T23:02:43.612+0000] {processor.py:161} INFO - Started process (PID=1889) to work on /opt/airflow/dags/main.py
[2026-02-05T23:02:43.615+0000] {processor.py:830} INFO - Processing file /opt/airflow/dags/main.py for tasks to queue
[2026-02-05T23:02:43.619+0000] {logging_mixin.py:188} INFO - [2026-02-05T23:02:43.618+0000] {dagbag.py:545} INFO - Filling up the DagBag from /opt/airflow/dags/main.py
[2026-02-05T23:02:43.675+0000] {processor.py:840} INFO - DAG(s) 'produce_json' retrieved from /opt/airflow/dags/main.py
[2026-02-05T23:02:43.766+0000] {logging_mixin.py:188} INFO - [2026-02-05T23:02:43.765+0000] {dag.py:3096} INFO - Sync 1 DAGs
[2026-02-05T23:02:43.833+0000] {logging_mixin.py:188} INFO - [2026-02-05T23:02:43.832+0000] {dag.py:3954} INFO - Setting next_dagrun for produce_json to 2026-02-05 14:00:00+00:00, run_after=2026-02-06 14:00:00+00:00
[2026-02-05T23:02:43.880+0000] {processor.py:183} INFO - Processing /opt/airflow/dags/main.py took 0.281 seconds
[2026-02-05T23:03:14.154+0000] {processor.py:161} INFO - Started process (PID=1896) to work on /opt/airflow/dags/main.py
[2026-02-05T23:03:14.157+0000] {processor.py:830} INFO - Processing file /opt/airflow/dags/main.py for tasks to queue
[2026-02-05T23:03:14.161+0000] {logging_mixin.py:188} INFO - [2026-02-05T23:03:14.160+0000] {dagbag.py:545} INFO - Filling up the DagBag from /opt/airflow/dags/main.py
[2026-02-05T23:03:14.280+0000] {processor.py:840} INFO - DAG(s) 'produce_json' retrieved from /opt/airflow/dags/main.py
[2026-02-05T23:03:14.338+0000] {logging_mixin.py:188} INFO - [2026-02-05T23:03:14.337+0000] {dag.py:3096} INFO - Sync 1 DAGs
[2026-02-05T23:03:14.374+0000] {logging_mixin.py:188} INFO - [2026-02-05T23:03:14.374+0000] {dag.py:3954} INFO - Setting next_dagrun for produce_json to 2026-02-05 14:00:00+00:00, run_after=2026-02-06 14:00:00+00:00
[2026-02-05T23:03:14.426+0000] {processor.py:183} INFO - Processing /opt/airflow/dags/main.py took 0.292 seconds
[2026-02-05T23:03:44.700+0000] {processor.py:161} INFO - Started process (PID=1903) to work on /opt/airflow/dags/main.py
[2026-02-05T23:03:44.712+0000] {processor.py:830} INFO - Processing file /opt/airflow/dags/main.py for tasks to queue
[2026-02-05T23:03:44.738+0000] {logging_mixin.py:188} INFO - [2026-02-05T23:03:44.737+0000] {dagbag.py:545} INFO - Filling up the DagBag from /opt/airflow/dags/main.py
[2026-02-05T23:03:44.801+0000] {processor.py:840} INFO - DAG(s) 'produce_json' retrieved from /opt/airflow/dags/main.py
[2026-02-05T23:03:45.078+0000] {logging_mixin.py:188} INFO - [2026-02-05T23:03:45.078+0000] {dag.py:3096} INFO - Sync 1 DAGs
[2026-02-05T23:03:45.157+0000] {logging_mixin.py:188} INFO - [2026-02-05T23:03:45.156+0000] {dag.py:3954} INFO - Setting next_dagrun for produce_json to 2026-02-05 14:00:00+00:00, run_after=2026-02-06 14:00:00+00:00
[2026-02-05T23:03:45.202+0000] {processor.py:183} INFO - Processing /opt/airflow/dags/main.py took 0.538 seconds
[2026-02-05T23:04:16.006+0000] {processor.py:161} INFO - Started process (PID=1911) to work on /opt/airflow/dags/main.py
[2026-02-05T23:04:16.009+0000] {processor.py:830} INFO - Processing file /opt/airflow/dags/main.py for tasks to queue
[2026-02-05T23:04:16.015+0000] {logging_mixin.py:188} INFO - [2026-02-05T23:04:16.013+0000] {dagbag.py:545} INFO - Filling up the DagBag from /opt/airflow/dags/main.py
[2026-02-05T23:04:16.109+0000] {processor.py:840} INFO - DAG(s) 'produce_json' retrieved from /opt/airflow/dags/main.py
[2026-02-05T23:04:16.202+0000] {logging_mixin.py:188} INFO - [2026-02-05T23:04:16.201+0000] {dag.py:3096} INFO - Sync 1 DAGs
[2026-02-05T23:04:16.243+0000] {logging_mixin.py:188} INFO - [2026-02-05T23:04:16.243+0000] {dag.py:3954} INFO - Setting next_dagrun for produce_json to 2026-02-05 14:00:00+00:00, run_after=2026-02-06 14:00:00+00:00
[2026-02-05T23:04:16.300+0000] {processor.py:183} INFO - Processing /opt/airflow/dags/main.py took 0.333 seconds
[2026-02-05T23:04:46.770+0000] {processor.py:161} INFO - Started process (PID=1918) to work on /opt/airflow/dags/main.py
[2026-02-05T23:04:46.774+0000] {processor.py:830} INFO - Processing file /opt/airflow/dags/main.py for tasks to queue
[2026-02-05T23:04:46.784+0000] {logging_mixin.py:188} INFO - [2026-02-05T23:04:46.783+0000] {dagbag.py:545} INFO - Filling up the DagBag from /opt/airflow/dags/main.py
[2026-02-05T23:04:46.923+0000] {processor.py:840} INFO - DAG(s) 'produce_json' retrieved from /opt/airflow/dags/main.py
[2026-02-05T23:04:47.189+0000] {logging_mixin.py:188} INFO - [2026-02-05T23:04:47.189+0000] {dag.py:3096} INFO - Sync 1 DAGs
[2026-02-05T23:04:47.309+0000] {logging_mixin.py:188} INFO - [2026-02-05T23:04:47.307+0000] {dag.py:3954} INFO - Setting next_dagrun for produce_json to 2026-02-05 14:00:00+00:00, run_after=2026-02-06 14:00:00+00:00
[2026-02-05T23:04:47.402+0000] {processor.py:183} INFO - Processing /opt/airflow/dags/main.py took 0.647 seconds
[2026-02-05T23:05:18.410+0000] {processor.py:161} INFO - Started process (PID=1925) to work on /opt/airflow/dags/main.py
[2026-02-05T23:05:18.416+0000] {processor.py:830} INFO - Processing file /opt/airflow/dags/main.py for tasks to queue
[2026-02-05T23:05:18.426+0000] {logging_mixin.py:188} INFO - [2026-02-05T23:05:18.425+0000] {dagbag.py:545} INFO - Filling up the DagBag from /opt/airflow/dags/main.py
[2026-02-05T23:05:18.485+0000] {processor.py:840} INFO - DAG(s) 'produce_json' retrieved from /opt/airflow/dags/main.py
[2026-02-05T23:05:18.540+0000] {logging_mixin.py:188} INFO - [2026-02-05T23:05:18.540+0000] {dag.py:3096} INFO - Sync 1 DAGs
[2026-02-05T23:05:18.598+0000] {logging_mixin.py:188} INFO - [2026-02-05T23:05:18.598+0000] {dag.py:3954} INFO - Setting next_dagrun for produce_json to 2026-02-05 14:00:00+00:00, run_after=2026-02-06 14:00:00+00:00
[2026-02-05T23:05:18.636+0000] {processor.py:183} INFO - Processing /opt/airflow/dags/main.py took 0.251 seconds
[2026-02-05T23:05:48.915+0000] {processor.py:161} INFO - Started process (PID=1932) to work on /opt/airflow/dags/main.py
[2026-02-05T23:05:48.920+0000] {processor.py:830} INFO - Processing file /opt/airflow/dags/main.py for tasks to queue
[2026-02-05T23:05:48.926+0000] {logging_mixin.py:188} INFO - [2026-02-05T23:05:48.925+0000] {dagbag.py:545} INFO - Filling up the DagBag from /opt/airflow/dags/main.py
[2026-02-05T23:05:49.035+0000] {processor.py:840} INFO - DAG(s) 'produce_json' retrieved from /opt/airflow/dags/main.py
[2026-02-05T23:05:49.132+0000] {logging_mixin.py:188} INFO - [2026-02-05T23:05:49.131+0000] {dag.py:3096} INFO - Sync 1 DAGs
[2026-02-05T23:05:49.208+0000] {logging_mixin.py:188} INFO - [2026-02-05T23:05:49.207+0000] {dag.py:3954} INFO - Setting next_dagrun for produce_json to 2026-02-05 14:00:00+00:00, run_after=2026-02-06 14:00:00+00:00
[2026-02-05T23:05:49.282+0000] {processor.py:183} INFO - Processing /opt/airflow/dags/main.py took 0.391 seconds
[2026-02-05T23:06:19.658+0000] {processor.py:161} INFO - Started process (PID=1940) to work on /opt/airflow/dags/main.py
[2026-02-05T23:06:19.663+0000] {processor.py:830} INFO - Processing file /opt/airflow/dags/main.py for tasks to queue
[2026-02-05T23:06:19.666+0000] {logging_mixin.py:188} INFO - [2026-02-05T23:06:19.666+0000] {dagbag.py:545} INFO - Filling up the DagBag from /opt/airflow/dags/main.py
[2026-02-05T23:06:19.728+0000] {processor.py:840} INFO - DAG(s) 'produce_json' retrieved from /opt/airflow/dags/main.py
[2026-02-05T23:06:19.803+0000] {logging_mixin.py:188} INFO - [2026-02-05T23:06:19.802+0000] {dag.py:3096} INFO - Sync 1 DAGs
[2026-02-05T23:06:19.852+0000] {logging_mixin.py:188} INFO - [2026-02-05T23:06:19.852+0000] {dag.py:3954} INFO - Setting next_dagrun for produce_json to 2026-02-05 14:00:00+00:00, run_after=2026-02-06 14:00:00+00:00
[2026-02-05T23:06:19.900+0000] {processor.py:183} INFO - Processing /opt/airflow/dags/main.py took 0.264 seconds
[2026-02-05T23:06:50.703+0000] {processor.py:161} INFO - Started process (PID=1947) to work on /opt/airflow/dags/main.py
[2026-02-05T23:06:50.709+0000] {processor.py:830} INFO - Processing file /opt/airflow/dags/main.py for tasks to queue
[2026-02-05T23:06:50.714+0000] {logging_mixin.py:188} INFO - [2026-02-05T23:06:50.713+0000] {dagbag.py:545} INFO - Filling up the DagBag from /opt/airflow/dags/main.py
[2026-02-05T23:06:50.924+0000] {processor.py:840} INFO - DAG(s) 'produce_json' retrieved from /opt/airflow/dags/main.py
[2026-02-05T23:06:51.001+0000] {logging_mixin.py:188} INFO - [2026-02-05T23:06:51.000+0000] {dag.py:3096} INFO - Sync 1 DAGs
[2026-02-05T23:06:51.054+0000] {logging_mixin.py:188} INFO - [2026-02-05T23:06:51.054+0000] {dag.py:3954} INFO - Setting next_dagrun for produce_json to 2026-02-05 14:00:00+00:00, run_after=2026-02-06 14:00:00+00:00
[2026-02-05T23:06:51.124+0000] {processor.py:183} INFO - Processing /opt/airflow/dags/main.py took 0.438 seconds
[2026-02-05T23:07:49.700+0000] {processor.py:161} INFO - Started process (PID=1954) to work on /opt/airflow/dags/main.py
[2026-02-05T23:07:49.736+0000] {processor.py:830} INFO - Processing file /opt/airflow/dags/main.py for tasks to queue
[2026-02-05T23:07:49.774+0000] {logging_mixin.py:188} INFO - [2026-02-05T23:07:49.773+0000] {dagbag.py:545} INFO - Filling up the DagBag from /opt/airflow/dags/main.py
[2026-02-05T23:07:50.171+0000] {processor.py:840} INFO - DAG(s) 'produce_json' retrieved from /opt/airflow/dags/main.py
[2026-02-05T23:07:50.466+0000] {logging_mixin.py:188} INFO - [2026-02-05T23:07:50.465+0000] {dag.py:3096} INFO - Sync 1 DAGs
[2026-02-05T23:07:50.902+0000] {logging_mixin.py:188} INFO - [2026-02-05T23:07:50.901+0000] {dag.py:3954} INFO - Setting next_dagrun for produce_json to 2026-02-05 14:00:00+00:00, run_after=2026-02-06 14:00:00+00:00
[2026-02-05T23:07:51.058+0000] {processor.py:183} INFO - Processing /opt/airflow/dags/main.py took 1.434 seconds
[2026-02-05T23:08:49.849+0000] {processor.py:161} INFO - Started process (PID=1961) to work on /opt/airflow/dags/main.py
[2026-02-05T23:08:49.868+0000] {processor.py:830} INFO - Processing file /opt/airflow/dags/main.py for tasks to queue
[2026-02-05T23:08:49.884+0000] {logging_mixin.py:188} INFO - [2026-02-05T23:08:49.880+0000] {dagbag.py:545} INFO - Filling up the DagBag from /opt/airflow/dags/main.py
[2026-02-05T23:08:50.213+0000] {processor.py:840} INFO - DAG(s) 'produce_json' retrieved from /opt/airflow/dags/main.py
[2026-02-05T23:08:50.358+0000] {logging_mixin.py:188} INFO - [2026-02-05T23:08:50.357+0000] {dag.py:3096} INFO - Sync 1 DAGs
[2026-02-05T23:08:50.589+0000] {logging_mixin.py:188} INFO - [2026-02-05T23:08:50.588+0000] {dag.py:3954} INFO - Setting next_dagrun for produce_json to 2026-02-05 14:00:00+00:00, run_after=2026-02-06 14:00:00+00:00
[2026-02-05T23:08:50.830+0000] {processor.py:183} INFO - Processing /opt/airflow/dags/main.py took 1.102 seconds
[2026-02-05T23:09:21.646+0000] {processor.py:161} INFO - Started process (PID=1974) to work on /opt/airflow/dags/main.py
[2026-02-05T23:09:21.652+0000] {processor.py:830} INFO - Processing file /opt/airflow/dags/main.py for tasks to queue
[2026-02-05T23:09:21.659+0000] {logging_mixin.py:188} INFO - [2026-02-05T23:09:21.658+0000] {dagbag.py:545} INFO - Filling up the DagBag from /opt/airflow/dags/main.py
[2026-02-05T23:09:21.770+0000] {processor.py:840} INFO - DAG(s) 'produce_json' retrieved from /opt/airflow/dags/main.py
[2026-02-05T23:09:21.855+0000] {logging_mixin.py:188} INFO - [2026-02-05T23:09:21.855+0000] {dag.py:3096} INFO - Sync 1 DAGs
[2026-02-05T23:09:21.928+0000] {logging_mixin.py:188} INFO - [2026-02-05T23:09:21.927+0000] {dag.py:3954} INFO - Setting next_dagrun for produce_json to 2026-02-05 14:00:00+00:00, run_after=2026-02-06 14:00:00+00:00
[2026-02-05T23:09:22.025+0000] {processor.py:183} INFO - Processing /opt/airflow/dags/main.py took 0.406 seconds
[2026-02-05T23:09:52.269+0000] {processor.py:161} INFO - Started process (PID=1981) to work on /opt/airflow/dags/main.py
[2026-02-05T23:09:52.272+0000] {processor.py:830} INFO - Processing file /opt/airflow/dags/main.py for tasks to queue
[2026-02-05T23:09:52.282+0000] {logging_mixin.py:188} INFO - [2026-02-05T23:09:52.281+0000] {dagbag.py:545} INFO - Filling up the DagBag from /opt/airflow/dags/main.py
[2026-02-05T23:09:52.443+0000] {processor.py:840} INFO - DAG(s) 'produce_json' retrieved from /opt/airflow/dags/main.py
[2026-02-05T23:09:52.636+0000] {logging_mixin.py:188} INFO - [2026-02-05T23:09:52.635+0000] {dag.py:3096} INFO - Sync 1 DAGs
[2026-02-05T23:09:52.851+0000] {logging_mixin.py:188} INFO - [2026-02-05T23:09:52.850+0000] {dag.py:3954} INFO - Setting next_dagrun for produce_json to 2026-02-05 14:00:00+00:00, run_after=2026-02-06 14:00:00+00:00
[2026-02-05T23:09:52.959+0000] {processor.py:183} INFO - Processing /opt/airflow/dags/main.py took 0.725 seconds
[2026-02-05T23:10:23.652+0000] {processor.py:161} INFO - Started process (PID=1988) to work on /opt/airflow/dags/main.py
[2026-02-05T23:10:23.656+0000] {processor.py:830} INFO - Processing file /opt/airflow/dags/main.py for tasks to queue
[2026-02-05T23:10:23.664+0000] {logging_mixin.py:188} INFO - [2026-02-05T23:10:23.663+0000] {dagbag.py:545} INFO - Filling up the DagBag from /opt/airflow/dags/main.py
[2026-02-05T23:10:23.757+0000] {processor.py:840} INFO - DAG(s) 'produce_json' retrieved from /opt/airflow/dags/main.py
[2026-02-05T23:10:23.857+0000] {logging_mixin.py:188} INFO - [2026-02-05T23:10:23.856+0000] {dag.py:3096} INFO - Sync 1 DAGs
[2026-02-05T23:10:23.921+0000] {logging_mixin.py:188} INFO - [2026-02-05T23:10:23.921+0000] {dag.py:3954} INFO - Setting next_dagrun for produce_json to 2026-02-05 14:00:00+00:00, run_after=2026-02-06 14:00:00+00:00
[2026-02-05T23:10:23.979+0000] {processor.py:183} INFO - Processing /opt/airflow/dags/main.py took 0.344 seconds
[2026-02-05T23:11:26.693+0000] {processor.py:161} INFO - Started process (PID=1989) to work on /opt/airflow/dags/main.py
[2026-02-05T23:11:26.767+0000] {processor.py:830} INFO - Processing file /opt/airflow/dags/main.py for tasks to queue
[2026-02-05T23:11:26.790+0000] {logging_mixin.py:188} INFO - [2026-02-05T23:11:26.790+0000] {dagbag.py:545} INFO - Filling up the DagBag from /opt/airflow/dags/main.py
[2026-02-05T23:11:27.219+0000] {processor.py:840} INFO - DAG(s) 'produce_json' retrieved from /opt/airflow/dags/main.py
[2026-02-05T23:11:27.561+0000] {logging_mixin.py:188} INFO - [2026-02-05T23:11:27.561+0000] {dag.py:3096} INFO - Sync 1 DAGs
[2026-02-05T23:11:28.514+0000] {logging_mixin.py:188} INFO - [2026-02-05T23:11:28.455+0000] {dag.py:3954} INFO - Setting next_dagrun for produce_json to 2026-02-05 14:00:00+00:00, run_after=2026-02-06 14:00:00+00:00
[2026-02-05T23:11:28.937+0000] {processor.py:183} INFO - Processing /opt/airflow/dags/main.py took 2.258 seconds
[2026-02-05T23:11:59.354+0000] {processor.py:161} INFO - Started process (PID=2002) to work on /opt/airflow/dags/main.py
[2026-02-05T23:11:59.357+0000] {processor.py:830} INFO - Processing file /opt/airflow/dags/main.py for tasks to queue
[2026-02-05T23:11:59.364+0000] {logging_mixin.py:188} INFO - [2026-02-05T23:11:59.363+0000] {dagbag.py:545} INFO - Filling up the DagBag from /opt/airflow/dags/main.py
[2026-02-05T23:11:59.509+0000] {processor.py:840} INFO - DAG(s) 'produce_json' retrieved from /opt/airflow/dags/main.py
[2026-02-05T23:11:59.623+0000] {logging_mixin.py:188} INFO - [2026-02-05T23:11:59.623+0000] {dag.py:3096} INFO - Sync 1 DAGs
[2026-02-05T23:11:59.738+0000] {logging_mixin.py:188} INFO - [2026-02-05T23:11:59.737+0000] {dag.py:3954} INFO - Setting next_dagrun for produce_json to 2026-02-05 14:00:00+00:00, run_after=2026-02-06 14:00:00+00:00
[2026-02-05T23:11:59.791+0000] {processor.py:183} INFO - Processing /opt/airflow/dags/main.py took 0.472 seconds
[2026-02-05T23:12:30.725+0000] {processor.py:161} INFO - Started process (PID=2009) to work on /opt/airflow/dags/main.py
[2026-02-05T23:12:30.728+0000] {processor.py:830} INFO - Processing file /opt/airflow/dags/main.py for tasks to queue
[2026-02-05T23:12:30.733+0000] {logging_mixin.py:188} INFO - [2026-02-05T23:12:30.732+0000] {dagbag.py:545} INFO - Filling up the DagBag from /opt/airflow/dags/main.py
[2026-02-05T23:12:30.829+0000] {processor.py:840} INFO - DAG(s) 'produce_json' retrieved from /opt/airflow/dags/main.py
[2026-02-05T23:12:30.939+0000] {logging_mixin.py:188} INFO - [2026-02-05T23:12:30.937+0000] {dag.py:3096} INFO - Sync 1 DAGs
[2026-02-05T23:12:31.044+0000] {logging_mixin.py:188} INFO - [2026-02-05T23:12:31.043+0000] {dag.py:3954} INFO - Setting next_dagrun for produce_json to 2026-02-05 14:00:00+00:00, run_after=2026-02-06 14:00:00+00:00
[2026-02-05T23:12:31.142+0000] {processor.py:183} INFO - Processing /opt/airflow/dags/main.py took 0.437 seconds
[2026-02-05T23:13:01.492+0000] {processor.py:161} INFO - Started process (PID=2017) to work on /opt/airflow/dags/main.py
[2026-02-05T23:13:01.504+0000] {processor.py:830} INFO - Processing file /opt/airflow/dags/main.py for tasks to queue
[2026-02-05T23:13:01.518+0000] {logging_mixin.py:188} INFO - [2026-02-05T23:13:01.515+0000] {dagbag.py:545} INFO - Filling up the DagBag from /opt/airflow/dags/main.py
[2026-02-05T23:13:01.659+0000] {processor.py:840} INFO - DAG(s) 'produce_json' retrieved from /opt/airflow/dags/main.py
[2026-02-05T23:13:01.769+0000] {logging_mixin.py:188} INFO - [2026-02-05T23:13:01.768+0000] {dag.py:3096} INFO - Sync 1 DAGs
[2026-02-05T23:13:01.852+0000] {logging_mixin.py:188} INFO - [2026-02-05T23:13:01.848+0000] {dag.py:3954} INFO - Setting next_dagrun for produce_json to 2026-02-05 14:00:00+00:00, run_after=2026-02-06 14:00:00+00:00
[2026-02-05T23:13:01.969+0000] {processor.py:183} INFO - Processing /opt/airflow/dags/main.py took 0.555 seconds
[2026-02-05T23:13:32.218+0000] {processor.py:161} INFO - Started process (PID=2023) to work on /opt/airflow/dags/main.py
[2026-02-05T23:13:32.223+0000] {processor.py:830} INFO - Processing file /opt/airflow/dags/main.py for tasks to queue
[2026-02-05T23:13:32.228+0000] {logging_mixin.py:188} INFO - [2026-02-05T23:13:32.227+0000] {dagbag.py:545} INFO - Filling up the DagBag from /opt/airflow/dags/main.py
[2026-02-05T23:13:32.319+0000] {processor.py:840} INFO - DAG(s) 'produce_json' retrieved from /opt/airflow/dags/main.py
[2026-02-05T23:13:32.398+0000] {logging_mixin.py:188} INFO - [2026-02-05T23:13:32.397+0000] {dag.py:3096} INFO - Sync 1 DAGs
[2026-02-05T23:13:32.463+0000] {logging_mixin.py:188} INFO - [2026-02-05T23:13:32.459+0000] {dag.py:3954} INFO - Setting next_dagrun for produce_json to 2026-02-05 14:00:00+00:00, run_after=2026-02-06 14:00:00+00:00
[2026-02-05T23:13:32.505+0000] {processor.py:183} INFO - Processing /opt/airflow/dags/main.py took 0.302 seconds
[2026-02-05T23:14:03.218+0000] {processor.py:161} INFO - Started process (PID=2031) to work on /opt/airflow/dags/main.py
[2026-02-05T23:14:03.236+0000] {processor.py:830} INFO - Processing file /opt/airflow/dags/main.py for tasks to queue
[2026-02-05T23:14:03.259+0000] {logging_mixin.py:188} INFO - [2026-02-05T23:14:03.256+0000] {dagbag.py:545} INFO - Filling up the DagBag from /opt/airflow/dags/main.py
[2026-02-05T23:14:03.313+0000] {processor.py:840} INFO - DAG(s) 'produce_json' retrieved from /opt/airflow/dags/main.py
[2026-02-05T23:14:03.430+0000] {logging_mixin.py:188} INFO - [2026-02-05T23:14:03.430+0000] {dag.py:3096} INFO - Sync 1 DAGs
[2026-02-05T23:14:03.470+0000] {logging_mixin.py:188} INFO - [2026-02-05T23:14:03.469+0000] {dag.py:3954} INFO - Setting next_dagrun for produce_json to 2026-02-05 14:00:00+00:00, run_after=2026-02-06 14:00:00+00:00
[2026-02-05T23:14:03.534+0000] {processor.py:183} INFO - Processing /opt/airflow/dags/main.py took 0.329 seconds
[2026-02-05T23:14:33.911+0000] {processor.py:161} INFO - Started process (PID=2038) to work on /opt/airflow/dags/main.py
[2026-02-05T23:14:33.914+0000] {processor.py:830} INFO - Processing file /opt/airflow/dags/main.py for tasks to queue
[2026-02-05T23:14:33.920+0000] {logging_mixin.py:188} INFO - [2026-02-05T23:14:33.919+0000] {dagbag.py:545} INFO - Filling up the DagBag from /opt/airflow/dags/main.py
[2026-02-05T23:14:33.966+0000] {processor.py:840} INFO - DAG(s) 'produce_json' retrieved from /opt/airflow/dags/main.py
[2026-02-05T23:14:34.328+0000] {logging_mixin.py:188} INFO - [2026-02-05T23:14:34.327+0000] {dag.py:3096} INFO - Sync 1 DAGs
[2026-02-05T23:14:34.425+0000] {logging_mixin.py:188} INFO - [2026-02-05T23:14:34.424+0000] {dag.py:3954} INFO - Setting next_dagrun for produce_json to 2026-02-05 14:00:00+00:00, run_after=2026-02-06 14:00:00+00:00
[2026-02-05T23:14:34.490+0000] {processor.py:183} INFO - Processing /opt/airflow/dags/main.py took 0.611 seconds
[2026-02-05T23:15:05.589+0000] {processor.py:161} INFO - Started process (PID=2045) to work on /opt/airflow/dags/main.py
[2026-02-05T23:15:05.592+0000] {processor.py:830} INFO - Processing file /opt/airflow/dags/main.py for tasks to queue
[2026-02-05T23:15:05.598+0000] {logging_mixin.py:188} INFO - [2026-02-05T23:15:05.597+0000] {dagbag.py:545} INFO - Filling up the DagBag from /opt/airflow/dags/main.py
[2026-02-05T23:15:05.673+0000] {processor.py:840} INFO - DAG(s) 'produce_json' retrieved from /opt/airflow/dags/main.py
[2026-02-05T23:15:05.767+0000] {logging_mixin.py:188} INFO - [2026-02-05T23:15:05.767+0000] {dag.py:3096} INFO - Sync 1 DAGs
[2026-02-05T23:15:05.831+0000] {logging_mixin.py:188} INFO - [2026-02-05T23:15:05.830+0000] {dag.py:3954} INFO - Setting next_dagrun for produce_json to 2026-02-05 14:00:00+00:00, run_after=2026-02-06 14:00:00+00:00
[2026-02-05T23:15:05.886+0000] {processor.py:183} INFO - Processing /opt/airflow/dags/main.py took 0.320 seconds
[2026-02-05T23:15:36.412+0000] {processor.py:161} INFO - Started process (PID=2053) to work on /opt/airflow/dags/main.py
[2026-02-05T23:15:36.415+0000] {processor.py:830} INFO - Processing file /opt/airflow/dags/main.py for tasks to queue
[2026-02-05T23:15:36.418+0000] {logging_mixin.py:188} INFO - [2026-02-05T23:15:36.418+0000] {dagbag.py:545} INFO - Filling up the DagBag from /opt/airflow/dags/main.py
[2026-02-05T23:15:36.474+0000] {processor.py:840} INFO - DAG(s) 'produce_json' retrieved from /opt/airflow/dags/main.py
[2026-02-05T23:15:36.547+0000] {logging_mixin.py:188} INFO - [2026-02-05T23:15:36.546+0000] {dag.py:3096} INFO - Sync 1 DAGs
[2026-02-05T23:15:36.592+0000] {logging_mixin.py:188} INFO - [2026-02-05T23:15:36.592+0000] {dag.py:3954} INFO - Setting next_dagrun for produce_json to 2026-02-05 14:00:00+00:00, run_after=2026-02-06 14:00:00+00:00
[2026-02-05T23:15:36.623+0000] {processor.py:183} INFO - Processing /opt/airflow/dags/main.py took 0.226 seconds
[2026-02-05T23:16:07.361+0000] {processor.py:161} INFO - Started process (PID=2060) to work on /opt/airflow/dags/main.py
[2026-02-05T23:16:07.365+0000] {processor.py:830} INFO - Processing file /opt/airflow/dags/main.py for tasks to queue
[2026-02-05T23:16:07.371+0000] {logging_mixin.py:188} INFO - [2026-02-05T23:16:07.370+0000] {dagbag.py:545} INFO - Filling up the DagBag from /opt/airflow/dags/main.py
[2026-02-05T23:16:07.450+0000] {processor.py:840} INFO - DAG(s) 'produce_json' retrieved from /opt/airflow/dags/main.py
[2026-02-05T23:16:07.552+0000] {logging_mixin.py:188} INFO - [2026-02-05T23:16:07.552+0000] {dag.py:3096} INFO - Sync 1 DAGs
[2026-02-05T23:16:07.642+0000] {logging_mixin.py:188} INFO - [2026-02-05T23:16:07.641+0000] {dag.py:3954} INFO - Setting next_dagrun for produce_json to 2026-02-05 14:00:00+00:00, run_after=2026-02-06 14:00:00+00:00
[2026-02-05T23:16:07.720+0000] {processor.py:183} INFO - Processing /opt/airflow/dags/main.py took 0.382 seconds
[2026-02-05T23:16:38.262+0000] {processor.py:161} INFO - Started process (PID=2068) to work on /opt/airflow/dags/main.py
[2026-02-05T23:16:38.264+0000] {processor.py:830} INFO - Processing file /opt/airflow/dags/main.py for tasks to queue
[2026-02-05T23:16:38.270+0000] {logging_mixin.py:188} INFO - [2026-02-05T23:16:38.269+0000] {dagbag.py:545} INFO - Filling up the DagBag from /opt/airflow/dags/main.py
[2026-02-05T23:16:38.368+0000] {processor.py:840} INFO - DAG(s) 'produce_json' retrieved from /opt/airflow/dags/main.py
[2026-02-05T23:16:38.464+0000] {logging_mixin.py:188} INFO - [2026-02-05T23:16:38.463+0000] {dag.py:3096} INFO - Sync 1 DAGs
[2026-02-05T23:16:38.541+0000] {logging_mixin.py:188} INFO - [2026-02-05T23:16:38.540+0000] {dag.py:3954} INFO - Setting next_dagrun for produce_json to 2026-02-05 14:00:00+00:00, run_after=2026-02-06 14:00:00+00:00
[2026-02-05T23:16:38.595+0000] {processor.py:183} INFO - Processing /opt/airflow/dags/main.py took 0.351 seconds
[2026-02-05T23:17:49.810+0000] {processor.py:161} INFO - Started process (PID=2069) to work on /opt/airflow/dags/main.py
[2026-02-05T23:17:49.833+0000] {processor.py:830} INFO - Processing file /opt/airflow/dags/main.py for tasks to queue
[2026-02-05T23:17:49.855+0000] {logging_mixin.py:188} INFO - [2026-02-05T23:17:49.855+0000] {dagbag.py:545} INFO - Filling up the DagBag from /opt/airflow/dags/main.py
[2026-02-05T23:17:50.248+0000] {processor.py:840} INFO - DAG(s) 'produce_json' retrieved from /opt/airflow/dags/main.py
[2026-02-05T23:17:50.563+0000] {logging_mixin.py:188} INFO - [2026-02-05T23:17:50.563+0000] {dag.py:3096} INFO - Sync 1 DAGs
[2026-02-05T23:17:50.610+0000] {logging_mixin.py:188} INFO - [2026-02-05T23:17:50.609+0000] {dag.py:3954} INFO - Setting next_dagrun for produce_json to 2026-02-05 14:00:00+00:00, run_after=2026-02-06 14:00:00+00:00
[2026-02-05T23:17:51.155+0000] {processor.py:183} INFO - Processing /opt/airflow/dags/main.py took 1.488 seconds
[2026-02-05T23:18:21.958+0000] {processor.py:161} INFO - Started process (PID=2083) to work on /opt/airflow/dags/main.py
[2026-02-05T23:18:21.963+0000] {processor.py:830} INFO - Processing file /opt/airflow/dags/main.py for tasks to queue
[2026-02-05T23:18:21.968+0000] {logging_mixin.py:188} INFO - [2026-02-05T23:18:21.967+0000] {dagbag.py:545} INFO - Filling up the DagBag from /opt/airflow/dags/main.py
[2026-02-05T23:18:22.067+0000] {processor.py:840} INFO - DAG(s) 'produce_json' retrieved from /opt/airflow/dags/main.py
[2026-02-05T23:18:22.232+0000] {logging_mixin.py:188} INFO - [2026-02-05T23:18:22.232+0000] {dag.py:3096} INFO - Sync 1 DAGs
[2026-02-05T23:18:22.272+0000] {logging_mixin.py:188} INFO - [2026-02-05T23:18:22.272+0000] {dag.py:3954} INFO - Setting next_dagrun for produce_json to 2026-02-05 14:00:00+00:00, run_after=2026-02-06 14:00:00+00:00
[2026-02-05T23:18:22.316+0000] {processor.py:183} INFO - Processing /opt/airflow/dags/main.py took 0.381 seconds
[2026-02-05T23:18:53.145+0000] {processor.py:161} INFO - Started process (PID=2090) to work on /opt/airflow/dags/main.py
[2026-02-05T23:18:53.149+0000] {processor.py:830} INFO - Processing file /opt/airflow/dags/main.py for tasks to queue
[2026-02-05T23:18:53.154+0000] {logging_mixin.py:188} INFO - [2026-02-05T23:18:53.153+0000] {dagbag.py:545} INFO - Filling up the DagBag from /opt/airflow/dags/main.py
[2026-02-05T23:18:53.241+0000] {processor.py:840} INFO - DAG(s) 'produce_json' retrieved from /opt/airflow/dags/main.py
[2026-02-05T23:18:53.330+0000] {logging_mixin.py:188} INFO - [2026-02-05T23:18:53.330+0000] {dag.py:3096} INFO - Sync 1 DAGs
[2026-02-05T23:18:53.411+0000] {logging_mixin.py:188} INFO - [2026-02-05T23:18:53.410+0000] {dag.py:3954} INFO - Setting next_dagrun for produce_json to 2026-02-05 14:00:00+00:00, run_after=2026-02-06 14:00:00+00:00
[2026-02-05T23:18:53.472+0000] {processor.py:183} INFO - Processing /opt/airflow/dags/main.py took 0.347 seconds
[2026-02-05T23:19:23.774+0000] {processor.py:161} INFO - Started process (PID=2097) to work on /opt/airflow/dags/main.py
[2026-02-05T23:19:23.777+0000] {processor.py:830} INFO - Processing file /opt/airflow/dags/main.py for tasks to queue
[2026-02-05T23:19:23.780+0000] {logging_mixin.py:188} INFO - [2026-02-05T23:19:23.780+0000] {dagbag.py:545} INFO - Filling up the DagBag from /opt/airflow/dags/main.py
[2026-02-05T23:19:23.832+0000] {processor.py:840} INFO - DAG(s) 'produce_json' retrieved from /opt/airflow/dags/main.py
[2026-02-05T23:19:23.901+0000] {logging_mixin.py:188} INFO - [2026-02-05T23:19:23.900+0000] {dag.py:3096} INFO - Sync 1 DAGs
[2026-02-05T23:19:23.954+0000] {logging_mixin.py:188} INFO - [2026-02-05T23:19:23.954+0000] {dag.py:3954} INFO - Setting next_dagrun for produce_json to 2026-02-05 14:00:00+00:00, run_after=2026-02-06 14:00:00+00:00
[2026-02-05T23:19:24.020+0000] {processor.py:183} INFO - Processing /opt/airflow/dags/main.py took 0.258 seconds
[2026-02-05T23:19:54.326+0000] {processor.py:161} INFO - Started process (PID=2104) to work on /opt/airflow/dags/main.py
[2026-02-05T23:19:54.329+0000] {processor.py:830} INFO - Processing file /opt/airflow/dags/main.py for tasks to queue
[2026-02-05T23:19:54.333+0000] {logging_mixin.py:188} INFO - [2026-02-05T23:19:54.333+0000] {dagbag.py:545} INFO - Filling up the DagBag from /opt/airflow/dags/main.py
[2026-02-05T23:19:54.427+0000] {processor.py:840} INFO - DAG(s) 'produce_json' retrieved from /opt/airflow/dags/main.py
[2026-02-05T23:19:54.535+0000] {logging_mixin.py:188} INFO - [2026-02-05T23:19:54.535+0000] {dag.py:3096} INFO - Sync 1 DAGs
[2026-02-05T23:19:54.606+0000] {logging_mixin.py:188} INFO - [2026-02-05T23:19:54.605+0000] {dag.py:3954} INFO - Setting next_dagrun for produce_json to 2026-02-05 14:00:00+00:00, run_after=2026-02-06 14:00:00+00:00
[2026-02-05T23:19:54.662+0000] {processor.py:183} INFO - Processing /opt/airflow/dags/main.py took 0.355 seconds
[2026-02-05T23:20:24.862+0000] {processor.py:161} INFO - Started process (PID=2111) to work on /opt/airflow/dags/main.py
[2026-02-05T23:20:24.866+0000] {processor.py:830} INFO - Processing file /opt/airflow/dags/main.py for tasks to queue
[2026-02-05T23:20:24.873+0000] {logging_mixin.py:188} INFO - [2026-02-05T23:20:24.871+0000] {dagbag.py:545} INFO - Filling up the DagBag from /opt/airflow/dags/main.py
[2026-02-05T23:20:24.932+0000] {processor.py:840} INFO - DAG(s) 'produce_json' retrieved from /opt/airflow/dags/main.py
[2026-02-05T23:20:24.999+0000] {logging_mixin.py:188} INFO - [2026-02-05T23:20:24.999+0000] {dag.py:3096} INFO - Sync 1 DAGs
[2026-02-05T23:20:25.049+0000] {logging_mixin.py:188} INFO - [2026-02-05T23:20:25.049+0000] {dag.py:3954} INFO - Setting next_dagrun for produce_json to 2026-02-05 14:00:00+00:00, run_after=2026-02-06 14:00:00+00:00
[2026-02-05T23:20:25.093+0000] {processor.py:183} INFO - Processing /opt/airflow/dags/main.py took 0.246 seconds
[2026-02-05T23:20:55.372+0000] {processor.py:161} INFO - Started process (PID=2118) to work on /opt/airflow/dags/main.py
[2026-02-05T23:20:55.375+0000] {processor.py:830} INFO - Processing file /opt/airflow/dags/main.py for tasks to queue
[2026-02-05T23:20:55.379+0000] {logging_mixin.py:188} INFO - [2026-02-05T23:20:55.378+0000] {dagbag.py:545} INFO - Filling up the DagBag from /opt/airflow/dags/main.py
[2026-02-05T23:20:55.425+0000] {processor.py:840} INFO - DAG(s) 'produce_json' retrieved from /opt/airflow/dags/main.py
[2026-02-05T23:20:55.479+0000] {logging_mixin.py:188} INFO - [2026-02-05T23:20:55.479+0000] {dag.py:3096} INFO - Sync 1 DAGs
[2026-02-05T23:20:55.515+0000] {logging_mixin.py:188} INFO - [2026-02-05T23:20:55.515+0000] {dag.py:3954} INFO - Setting next_dagrun for produce_json to 2026-02-05 14:00:00+00:00, run_after=2026-02-06 14:00:00+00:00
[2026-02-05T23:20:55.549+0000] {processor.py:183} INFO - Processing /opt/airflow/dags/main.py took 0.192 seconds
[2026-02-05T23:21:25.763+0000] {processor.py:161} INFO - Started process (PID=2125) to work on /opt/airflow/dags/main.py
[2026-02-05T23:21:25.767+0000] {processor.py:830} INFO - Processing file /opt/airflow/dags/main.py for tasks to queue
[2026-02-05T23:21:25.770+0000] {logging_mixin.py:188} INFO - [2026-02-05T23:21:25.770+0000] {dagbag.py:545} INFO - Filling up the DagBag from /opt/airflow/dags/main.py
[2026-02-05T23:21:25.828+0000] {processor.py:840} INFO - DAG(s) 'produce_json' retrieved from /opt/airflow/dags/main.py
[2026-02-05T23:21:25.913+0000] {logging_mixin.py:188} INFO - [2026-02-05T23:21:25.913+0000] {dag.py:3096} INFO - Sync 1 DAGs
[2026-02-05T23:21:25.957+0000] {logging_mixin.py:188} INFO - [2026-02-05T23:21:25.957+0000] {dag.py:3954} INFO - Setting next_dagrun for produce_json to 2026-02-05 14:00:00+00:00, run_after=2026-02-06 14:00:00+00:00
[2026-02-05T23:21:26.006+0000] {processor.py:183} INFO - Processing /opt/airflow/dags/main.py took 0.257 seconds
[2026-02-05T23:21:56.674+0000] {processor.py:161} INFO - Started process (PID=2132) to work on /opt/airflow/dags/main.py
[2026-02-05T23:21:56.680+0000] {processor.py:830} INFO - Processing file /opt/airflow/dags/main.py for tasks to queue
[2026-02-05T23:21:56.690+0000] {logging_mixin.py:188} INFO - [2026-02-05T23:21:56.688+0000] {dagbag.py:545} INFO - Filling up the DagBag from /opt/airflow/dags/main.py
[2026-02-05T23:21:56.872+0000] {processor.py:840} INFO - DAG(s) 'produce_json' retrieved from /opt/airflow/dags/main.py
[2026-02-05T23:21:56.980+0000] {logging_mixin.py:188} INFO - [2026-02-05T23:21:56.980+0000] {dag.py:3096} INFO - Sync 1 DAGs
[2026-02-05T23:21:57.082+0000] {logging_mixin.py:188} INFO - [2026-02-05T23:21:57.081+0000] {dag.py:3954} INFO - Setting next_dagrun for produce_json to 2026-02-05 14:00:00+00:00, run_after=2026-02-06 14:00:00+00:00
[2026-02-05T23:21:57.176+0000] {processor.py:183} INFO - Processing /opt/airflow/dags/main.py took 0.532 seconds
[2026-02-05T23:22:27.736+0000] {processor.py:161} INFO - Started process (PID=2139) to work on /opt/airflow/dags/main.py
[2026-02-05T23:22:27.739+0000] {processor.py:830} INFO - Processing file /opt/airflow/dags/main.py for tasks to queue
[2026-02-05T23:22:27.742+0000] {logging_mixin.py:188} INFO - [2026-02-05T23:22:27.742+0000] {dagbag.py:545} INFO - Filling up the DagBag from /opt/airflow/dags/main.py
[2026-02-05T23:22:27.810+0000] {processor.py:840} INFO - DAG(s) 'produce_json' retrieved from /opt/airflow/dags/main.py
[2026-02-05T23:22:27.874+0000] {logging_mixin.py:188} INFO - [2026-02-05T23:22:27.873+0000] {dag.py:3096} INFO - Sync 1 DAGs
[2026-02-05T23:22:27.913+0000] {logging_mixin.py:188} INFO - [2026-02-05T23:22:27.912+0000] {dag.py:3954} INFO - Setting next_dagrun for produce_json to 2026-02-05 14:00:00+00:00, run_after=2026-02-06 14:00:00+00:00
[2026-02-05T23:22:27.950+0000] {processor.py:183} INFO - Processing /opt/airflow/dags/main.py took 0.241 seconds
[2026-02-05T23:24:58.638+0000] {processor.py:161} INFO - Started process (PID=2146) to work on /opt/airflow/dags/main.py
[2026-02-05T23:25:00.343+0000] {processor.py:830} INFO - Processing file /opt/airflow/dags/main.py for tasks to queue
[2026-02-05T23:25:00.478+0000] {logging_mixin.py:188} INFO - [2026-02-05T23:25:00.457+0000] {dagbag.py:545} INFO - Filling up the DagBag from /opt/airflow/dags/main.py
[2026-02-05T23:25:00.830+0000] {processor.py:840} INFO - DAG(s) 'produce_json' retrieved from /opt/airflow/dags/main.py
[2026-02-05T23:25:01.186+0000] {logging_mixin.py:188} INFO - [2026-02-05T23:25:01.186+0000] {dag.py:3096} INFO - Sync 1 DAGs
[2026-02-05T23:25:01.369+0000] {logging_mixin.py:188} INFO - [2026-02-05T23:25:01.354+0000] {dag.py:3954} INFO - Setting next_dagrun for produce_json to 2026-02-05 14:00:00+00:00, run_after=2026-02-06 14:00:00+00:00
[2026-02-05T23:25:01.688+0000] {processor.py:183} INFO - Processing /opt/airflow/dags/main.py took 3.109 seconds
[2026-02-05T23:25:32.706+0000] {processor.py:161} INFO - Started process (PID=2153) to work on /opt/airflow/dags/main.py
[2026-02-05T23:25:32.738+0000] {processor.py:830} INFO - Processing file /opt/airflow/dags/main.py for tasks to queue
[2026-02-05T23:25:32.755+0000] {logging_mixin.py:188} INFO - [2026-02-05T23:25:32.749+0000] {dagbag.py:545} INFO - Filling up the DagBag from /opt/airflow/dags/main.py
[2026-02-05T23:25:32.834+0000] {processor.py:840} INFO - DAG(s) 'produce_json' retrieved from /opt/airflow/dags/main.py
[2026-02-05T23:25:32.970+0000] {logging_mixin.py:188} INFO - [2026-02-05T23:25:32.970+0000] {dag.py:3096} INFO - Sync 1 DAGs
[2026-02-05T23:25:33.077+0000] {logging_mixin.py:188} INFO - [2026-02-05T23:25:33.073+0000] {dag.py:3954} INFO - Setting next_dagrun for produce_json to 2026-02-05 14:00:00+00:00, run_after=2026-02-06 14:00:00+00:00
[2026-02-05T23:25:33.406+0000] {processor.py:183} INFO - Processing /opt/airflow/dags/main.py took 0.840 seconds
[2026-02-05T23:26:04.354+0000] {processor.py:161} INFO - Started process (PID=2168) to work on /opt/airflow/dags/main.py
[2026-02-05T23:26:04.358+0000] {processor.py:830} INFO - Processing file /opt/airflow/dags/main.py for tasks to queue
[2026-02-05T23:26:04.362+0000] {logging_mixin.py:188} INFO - [2026-02-05T23:26:04.361+0000] {dagbag.py:545} INFO - Filling up the DagBag from /opt/airflow/dags/main.py
[2026-02-05T23:26:04.413+0000] {processor.py:840} INFO - DAG(s) 'produce_json' retrieved from /opt/airflow/dags/main.py
[2026-02-05T23:26:04.537+0000] {logging_mixin.py:188} INFO - [2026-02-05T23:26:04.537+0000] {dag.py:3096} INFO - Sync 1 DAGs
[2026-02-05T23:26:04.596+0000] {logging_mixin.py:188} INFO - [2026-02-05T23:26:04.596+0000] {dag.py:3954} INFO - Setting next_dagrun for produce_json to 2026-02-05 14:00:00+00:00, run_after=2026-02-06 14:00:00+00:00
[2026-02-05T23:26:04.669+0000] {processor.py:183} INFO - Processing /opt/airflow/dags/main.py took 0.339 seconds
[2026-02-05T23:26:34.796+0000] {processor.py:161} INFO - Started process (PID=2175) to work on /opt/airflow/dags/main.py
[2026-02-05T23:26:34.799+0000] {processor.py:830} INFO - Processing file /opt/airflow/dags/main.py for tasks to queue
[2026-02-05T23:26:34.804+0000] {logging_mixin.py:188} INFO - [2026-02-05T23:26:34.803+0000] {dagbag.py:545} INFO - Filling up the DagBag from /opt/airflow/dags/main.py
[2026-02-05T23:26:34.872+0000] {processor.py:840} INFO - DAG(s) 'produce_json' retrieved from /opt/airflow/dags/main.py
[2026-02-05T23:26:34.960+0000] {logging_mixin.py:188} INFO - [2026-02-05T23:26:34.959+0000] {dag.py:3096} INFO - Sync 1 DAGs
[2026-02-05T23:26:35.003+0000] {logging_mixin.py:188} INFO - [2026-02-05T23:26:35.003+0000] {dag.py:3954} INFO - Setting next_dagrun for produce_json to 2026-02-05 14:00:00+00:00, run_after=2026-02-06 14:00:00+00:00
[2026-02-05T23:26:35.049+0000] {processor.py:183} INFO - Processing /opt/airflow/dags/main.py took 0.271 seconds
[2026-02-05T23:27:05.950+0000] {processor.py:161} INFO - Started process (PID=2183) to work on /opt/airflow/dags/main.py
[2026-02-05T23:27:05.954+0000] {processor.py:830} INFO - Processing file /opt/airflow/dags/main.py for tasks to queue
[2026-02-05T23:27:05.959+0000] {logging_mixin.py:188} INFO - [2026-02-05T23:27:05.958+0000] {dagbag.py:545} INFO - Filling up the DagBag from /opt/airflow/dags/main.py
[2026-02-05T23:27:06.070+0000] {processor.py:840} INFO - DAG(s) 'produce_json' retrieved from /opt/airflow/dags/main.py
[2026-02-05T23:27:06.160+0000] {logging_mixin.py:188} INFO - [2026-02-05T23:27:06.159+0000] {dag.py:3096} INFO - Sync 1 DAGs
[2026-02-05T23:27:06.221+0000] {logging_mixin.py:188} INFO - [2026-02-05T23:27:06.221+0000] {dag.py:3954} INFO - Setting next_dagrun for produce_json to 2026-02-05 14:00:00+00:00, run_after=2026-02-06 14:00:00+00:00
[2026-02-05T23:27:06.294+0000] {processor.py:183} INFO - Processing /opt/airflow/dags/main.py took 0.362 seconds
[2026-02-05T23:27:36.421+0000] {processor.py:161} INFO - Started process (PID=2191) to work on /opt/airflow/dags/main.py
[2026-02-05T23:27:36.427+0000] {processor.py:830} INFO - Processing file /opt/airflow/dags/main.py for tasks to queue
[2026-02-05T23:27:36.435+0000] {logging_mixin.py:188} INFO - [2026-02-05T23:27:36.434+0000] {dagbag.py:545} INFO - Filling up the DagBag from /opt/airflow/dags/main.py
[2026-02-05T23:27:36.561+0000] {processor.py:840} INFO - DAG(s) 'produce_json' retrieved from /opt/airflow/dags/main.py
[2026-02-05T23:27:36.645+0000] {logging_mixin.py:188} INFO - [2026-02-05T23:27:36.644+0000] {dag.py:3096} INFO - Sync 1 DAGs
[2026-02-05T23:27:36.679+0000] {logging_mixin.py:188} INFO - [2026-02-05T23:27:36.679+0000] {dag.py:3954} INFO - Setting next_dagrun for produce_json to 2026-02-05 14:00:00+00:00, run_after=2026-02-06 14:00:00+00:00
[2026-02-05T23:27:36.722+0000] {processor.py:183} INFO - Processing /opt/airflow/dags/main.py took 0.320 seconds
[2026-02-05T23:28:07.767+0000] {processor.py:161} INFO - Started process (PID=2198) to work on /opt/airflow/dags/main.py
[2026-02-05T23:28:07.774+0000] {processor.py:830} INFO - Processing file /opt/airflow/dags/main.py for tasks to queue
[2026-02-05T23:28:07.782+0000] {logging_mixin.py:188} INFO - [2026-02-05T23:28:07.780+0000] {dagbag.py:545} INFO - Filling up the DagBag from /opt/airflow/dags/main.py
[2026-02-05T23:28:07.908+0000] {processor.py:840} INFO - DAG(s) 'produce_json' retrieved from /opt/airflow/dags/main.py
[2026-02-05T23:28:07.988+0000] {logging_mixin.py:188} INFO - [2026-02-05T23:28:07.988+0000] {dag.py:3096} INFO - Sync 1 DAGs
[2026-02-05T23:28:08.058+0000] {logging_mixin.py:188} INFO - [2026-02-05T23:28:08.057+0000] {dag.py:3954} INFO - Setting next_dagrun for produce_json to 2026-02-05 14:00:00+00:00, run_after=2026-02-06 14:00:00+00:00
[2026-02-05T23:28:08.139+0000] {processor.py:183} INFO - Processing /opt/airflow/dags/main.py took 0.407 seconds
[2026-02-05T23:28:38.459+0000] {processor.py:161} INFO - Started process (PID=2205) to work on /opt/airflow/dags/main.py
[2026-02-05T23:28:38.467+0000] {processor.py:830} INFO - Processing file /opt/airflow/dags/main.py for tasks to queue
[2026-02-05T23:28:38.471+0000] {logging_mixin.py:188} INFO - [2026-02-05T23:28:38.470+0000] {dagbag.py:545} INFO - Filling up the DagBag from /opt/airflow/dags/main.py
[2026-02-05T23:28:38.539+0000] {processor.py:840} INFO - DAG(s) 'produce_json' retrieved from /opt/airflow/dags/main.py
[2026-02-05T23:28:38.738+0000] {logging_mixin.py:188} INFO - [2026-02-05T23:28:38.738+0000] {dag.py:3096} INFO - Sync 1 DAGs
[2026-02-05T23:28:38.791+0000] {logging_mixin.py:188} INFO - [2026-02-05T23:28:38.790+0000] {dag.py:3954} INFO - Setting next_dagrun for produce_json to 2026-02-05 14:00:00+00:00, run_after=2026-02-06 14:00:00+00:00
[2026-02-05T23:28:38.825+0000] {processor.py:183} INFO - Processing /opt/airflow/dags/main.py took 0.382 seconds
[2026-02-05T23:29:09.610+0000] {processor.py:161} INFO - Started process (PID=2212) to work on /opt/airflow/dags/main.py
[2026-02-05T23:29:09.613+0000] {processor.py:830} INFO - Processing file /opt/airflow/dags/main.py for tasks to queue
[2026-02-05T23:29:09.620+0000] {logging_mixin.py:188} INFO - [2026-02-05T23:29:09.619+0000] {dagbag.py:545} INFO - Filling up the DagBag from /opt/airflow/dags/main.py
[2026-02-05T23:29:09.676+0000] {processor.py:840} INFO - DAG(s) 'produce_json' retrieved from /opt/airflow/dags/main.py
[2026-02-05T23:29:09.761+0000] {logging_mixin.py:188} INFO - [2026-02-05T23:29:09.761+0000] {dag.py:3096} INFO - Sync 1 DAGs
[2026-02-05T23:29:09.811+0000] {logging_mixin.py:188} INFO - [2026-02-05T23:29:09.810+0000] {dag.py:3954} INFO - Setting next_dagrun for produce_json to 2026-02-05 14:00:00+00:00, run_after=2026-02-06 14:00:00+00:00
[2026-02-05T23:29:09.848+0000] {processor.py:183} INFO - Processing /opt/airflow/dags/main.py took 0.251 seconds
[2026-02-05T23:29:40.657+0000] {processor.py:161} INFO - Started process (PID=2219) to work on /opt/airflow/dags/main.py
[2026-02-05T23:29:40.660+0000] {processor.py:830} INFO - Processing file /opt/airflow/dags/main.py for tasks to queue
[2026-02-05T23:29:40.665+0000] {logging_mixin.py:188} INFO - [2026-02-05T23:29:40.664+0000] {dagbag.py:545} INFO - Filling up the DagBag from /opt/airflow/dags/main.py
[2026-02-05T23:29:40.798+0000] {processor.py:840} INFO - DAG(s) 'produce_json' retrieved from /opt/airflow/dags/main.py
[2026-02-05T23:29:40.907+0000] {logging_mixin.py:188} INFO - [2026-02-05T23:29:40.906+0000] {dag.py:3096} INFO - Sync 1 DAGs
[2026-02-05T23:29:40.971+0000] {logging_mixin.py:188} INFO - [2026-02-05T23:29:40.971+0000] {dag.py:3954} INFO - Setting next_dagrun for produce_json to 2026-02-05 14:00:00+00:00, run_after=2026-02-06 14:00:00+00:00
[2026-02-05T23:29:41.033+0000] {processor.py:183} INFO - Processing /opt/airflow/dags/main.py took 0.392 seconds
[2026-02-05T23:30:11.396+0000] {processor.py:161} INFO - Started process (PID=2226) to work on /opt/airflow/dags/main.py
[2026-02-05T23:30:11.400+0000] {processor.py:830} INFO - Processing file /opt/airflow/dags/main.py for tasks to queue
[2026-02-05T23:30:11.405+0000] {logging_mixin.py:188} INFO - [2026-02-05T23:30:11.404+0000] {dagbag.py:545} INFO - Filling up the DagBag from /opt/airflow/dags/main.py
[2026-02-05T23:30:11.500+0000] {processor.py:840} INFO - DAG(s) 'produce_json' retrieved from /opt/airflow/dags/main.py
[2026-02-05T23:30:11.625+0000] {logging_mixin.py:188} INFO - [2026-02-05T23:30:11.624+0000] {dag.py:3096} INFO - Sync 1 DAGs
[2026-02-05T23:30:11.710+0000] {logging_mixin.py:188} INFO - [2026-02-05T23:30:11.710+0000] {dag.py:3954} INFO - Setting next_dagrun for produce_json to 2026-02-05 14:00:00+00:00, run_after=2026-02-06 14:00:00+00:00
[2026-02-05T23:30:11.774+0000] {processor.py:183} INFO - Processing /opt/airflow/dags/main.py took 0.399 seconds
[2026-02-05T23:30:42.576+0000] {processor.py:161} INFO - Started process (PID=2233) to work on /opt/airflow/dags/main.py
[2026-02-05T23:30:42.580+0000] {processor.py:830} INFO - Processing file /opt/airflow/dags/main.py for tasks to queue
[2026-02-05T23:30:42.585+0000] {logging_mixin.py:188} INFO - [2026-02-05T23:30:42.585+0000] {dagbag.py:545} INFO - Filling up the DagBag from /opt/airflow/dags/main.py
[2026-02-05T23:30:42.640+0000] {processor.py:840} INFO - DAG(s) 'produce_json' retrieved from /opt/airflow/dags/main.py
[2026-02-05T23:30:42.717+0000] {logging_mixin.py:188} INFO - [2026-02-05T23:30:42.717+0000] {dag.py:3096} INFO - Sync 1 DAGs
[2026-02-05T23:30:42.761+0000] {logging_mixin.py:188} INFO - [2026-02-05T23:30:42.760+0000] {dag.py:3954} INFO - Setting next_dagrun for produce_json to 2026-02-05 14:00:00+00:00, run_after=2026-02-06 14:00:00+00:00
[2026-02-05T23:30:42.825+0000] {processor.py:183} INFO - Processing /opt/airflow/dags/main.py took 0.267 seconds
[2026-02-05T23:31:13.474+0000] {processor.py:161} INFO - Started process (PID=2240) to work on /opt/airflow/dags/main.py
[2026-02-05T23:31:13.477+0000] {processor.py:830} INFO - Processing file /opt/airflow/dags/main.py for tasks to queue
[2026-02-05T23:31:13.481+0000] {logging_mixin.py:188} INFO - [2026-02-05T23:31:13.481+0000] {dagbag.py:545} INFO - Filling up the DagBag from /opt/airflow/dags/main.py
[2026-02-05T23:31:13.538+0000] {processor.py:840} INFO - DAG(s) 'produce_json' retrieved from /opt/airflow/dags/main.py
[2026-02-05T23:31:13.609+0000] {logging_mixin.py:188} INFO - [2026-02-05T23:31:13.609+0000] {dag.py:3096} INFO - Sync 1 DAGs
[2026-02-05T23:31:13.658+0000] {logging_mixin.py:188} INFO - [2026-02-05T23:31:13.658+0000] {dag.py:3954} INFO - Setting next_dagrun for produce_json to 2026-02-05 14:00:00+00:00, run_after=2026-02-06 14:00:00+00:00
[2026-02-05T23:31:13.705+0000] {processor.py:183} INFO - Processing /opt/airflow/dags/main.py took 0.248 seconds
[2026-02-05T23:31:44.360+0000] {processor.py:161} INFO - Started process (PID=2246) to work on /opt/airflow/dags/main.py
[2026-02-05T23:31:44.366+0000] {processor.py:830} INFO - Processing file /opt/airflow/dags/main.py for tasks to queue
[2026-02-05T23:31:44.372+0000] {logging_mixin.py:188} INFO - [2026-02-05T23:31:44.371+0000] {dagbag.py:545} INFO - Filling up the DagBag from /opt/airflow/dags/main.py
[2026-02-05T23:31:44.471+0000] {processor.py:840} INFO - DAG(s) 'produce_json' retrieved from /opt/airflow/dags/main.py
[2026-02-05T23:31:44.572+0000] {logging_mixin.py:188} INFO - [2026-02-05T23:31:44.572+0000] {dag.py:3096} INFO - Sync 1 DAGs
[2026-02-05T23:31:44.652+0000] {logging_mixin.py:188} INFO - [2026-02-05T23:31:44.651+0000] {dag.py:3954} INFO - Setting next_dagrun for produce_json to 2026-02-05 14:00:00+00:00, run_after=2026-02-06 14:00:00+00:00
[2026-02-05T23:31:44.731+0000] {processor.py:183} INFO - Processing /opt/airflow/dags/main.py took 0.395 seconds
[2026-02-05T23:32:15.289+0000] {processor.py:161} INFO - Started process (PID=2254) to work on /opt/airflow/dags/main.py
[2026-02-05T23:32:15.322+0000] {processor.py:830} INFO - Processing file /opt/airflow/dags/main.py for tasks to queue
[2026-02-05T23:32:15.333+0000] {logging_mixin.py:188} INFO - [2026-02-05T23:32:15.331+0000] {dagbag.py:545} INFO - Filling up the DagBag from /opt/airflow/dags/main.py
[2026-02-05T23:32:15.525+0000] {processor.py:840} INFO - DAG(s) 'produce_json' retrieved from /opt/airflow/dags/main.py
[2026-02-05T23:32:15.709+0000] {logging_mixin.py:188} INFO - [2026-02-05T23:32:15.708+0000] {dag.py:3096} INFO - Sync 1 DAGs
[2026-02-05T23:32:15.749+0000] {logging_mixin.py:188} INFO - [2026-02-05T23:32:15.749+0000] {dag.py:3954} INFO - Setting next_dagrun for produce_json to 2026-02-05 14:00:00+00:00, run_after=2026-02-06 14:00:00+00:00
[2026-02-05T23:32:15.783+0000] {processor.py:183} INFO - Processing /opt/airflow/dags/main.py took 0.530 seconds
[2026-02-05T23:32:46.854+0000] {processor.py:161} INFO - Started process (PID=2261) to work on /opt/airflow/dags/main.py
[2026-02-05T23:32:46.857+0000] {processor.py:830} INFO - Processing file /opt/airflow/dags/main.py for tasks to queue
[2026-02-05T23:32:46.862+0000] {logging_mixin.py:188} INFO - [2026-02-05T23:32:46.861+0000] {dagbag.py:545} INFO - Filling up the DagBag from /opt/airflow/dags/main.py
[2026-02-05T23:32:46.918+0000] {processor.py:840} INFO - DAG(s) 'produce_json' retrieved from /opt/airflow/dags/main.py
[2026-02-05T23:32:46.971+0000] {logging_mixin.py:188} INFO - [2026-02-05T23:32:46.970+0000] {dag.py:3096} INFO - Sync 1 DAGs
[2026-02-05T23:32:47.058+0000] {logging_mixin.py:188} INFO - [2026-02-05T23:32:47.057+0000] {dag.py:3954} INFO - Setting next_dagrun for produce_json to 2026-02-05 14:00:00+00:00, run_after=2026-02-06 14:00:00+00:00
[2026-02-05T23:32:47.137+0000] {processor.py:183} INFO - Processing /opt/airflow/dags/main.py took 0.303 seconds
[2026-02-05T23:33:17.673+0000] {processor.py:161} INFO - Started process (PID=2268) to work on /opt/airflow/dags/main.py
[2026-02-05T23:33:17.676+0000] {processor.py:830} INFO - Processing file /opt/airflow/dags/main.py for tasks to queue
[2026-02-05T23:33:17.682+0000] {logging_mixin.py:188} INFO - [2026-02-05T23:33:17.681+0000] {dagbag.py:545} INFO - Filling up the DagBag from /opt/airflow/dags/main.py
[2026-02-05T23:33:17.751+0000] {processor.py:840} INFO - DAG(s) 'produce_json' retrieved from /opt/airflow/dags/main.py
[2026-02-05T23:33:17.814+0000] {logging_mixin.py:188} INFO - [2026-02-05T23:33:17.813+0000] {dag.py:3096} INFO - Sync 1 DAGs
[2026-02-05T23:33:17.866+0000] {logging_mixin.py:188} INFO - [2026-02-05T23:33:17.865+0000] {dag.py:3954} INFO - Setting next_dagrun for produce_json to 2026-02-05 14:00:00+00:00, run_after=2026-02-06 14:00:00+00:00
[2026-02-05T23:33:17.912+0000] {processor.py:183} INFO - Processing /opt/airflow/dags/main.py took 0.258 seconds
[2026-02-05T23:33:48.530+0000] {processor.py:161} INFO - Started process (PID=2275) to work on /opt/airflow/dags/main.py
[2026-02-05T23:33:48.532+0000] {processor.py:830} INFO - Processing file /opt/airflow/dags/main.py for tasks to queue
[2026-02-05T23:33:48.536+0000] {logging_mixin.py:188} INFO - [2026-02-05T23:33:48.535+0000] {dagbag.py:545} INFO - Filling up the DagBag from /opt/airflow/dags/main.py
[2026-02-05T23:33:48.593+0000] {processor.py:840} INFO - DAG(s) 'produce_json' retrieved from /opt/airflow/dags/main.py
[2026-02-05T23:33:48.667+0000] {logging_mixin.py:188} INFO - [2026-02-05T23:33:48.666+0000] {dag.py:3096} INFO - Sync 1 DAGs
[2026-02-05T23:33:48.712+0000] {logging_mixin.py:188} INFO - [2026-02-05T23:33:48.711+0000] {dag.py:3954} INFO - Setting next_dagrun for produce_json to 2026-02-05 14:00:00+00:00, run_after=2026-02-06 14:00:00+00:00
[2026-02-05T23:33:48.747+0000] {processor.py:183} INFO - Processing /opt/airflow/dags/main.py took 0.232 seconds
[2026-02-05T23:34:19.284+0000] {processor.py:161} INFO - Started process (PID=2282) to work on /opt/airflow/dags/main.py
[2026-02-05T23:34:19.334+0000] {processor.py:830} INFO - Processing file /opt/airflow/dags/main.py for tasks to queue
[2026-02-05T23:34:19.347+0000] {logging_mixin.py:188} INFO - [2026-02-05T23:34:19.340+0000] {dagbag.py:545} INFO - Filling up the DagBag from /opt/airflow/dags/main.py
[2026-02-05T23:34:19.530+0000] {processor.py:840} INFO - DAG(s) 'produce_json' retrieved from /opt/airflow/dags/main.py
[2026-02-05T23:34:19.640+0000] {logging_mixin.py:188} INFO - [2026-02-05T23:34:19.639+0000] {dag.py:3096} INFO - Sync 1 DAGs
[2026-02-05T23:34:19.727+0000] {logging_mixin.py:188} INFO - [2026-02-05T23:34:19.727+0000] {dag.py:3954} INFO - Setting next_dagrun for produce_json to 2026-02-05 14:00:00+00:00, run_after=2026-02-06 14:00:00+00:00
[2026-02-05T23:34:19.845+0000] {processor.py:183} INFO - Processing /opt/airflow/dags/main.py took 0.582 seconds
[2026-02-05T23:34:50.263+0000] {processor.py:161} INFO - Started process (PID=2289) to work on /opt/airflow/dags/main.py
[2026-02-05T23:34:50.267+0000] {processor.py:830} INFO - Processing file /opt/airflow/dags/main.py for tasks to queue
[2026-02-05T23:34:50.273+0000] {logging_mixin.py:188} INFO - [2026-02-05T23:34:50.271+0000] {dagbag.py:545} INFO - Filling up the DagBag from /opt/airflow/dags/main.py
[2026-02-05T23:34:50.377+0000] {processor.py:840} INFO - DAG(s) 'produce_json' retrieved from /opt/airflow/dags/main.py
[2026-02-05T23:34:50.456+0000] {logging_mixin.py:188} INFO - [2026-02-05T23:34:50.455+0000] {dag.py:3096} INFO - Sync 1 DAGs
[2026-02-05T23:34:50.500+0000] {logging_mixin.py:188} INFO - [2026-02-05T23:34:50.500+0000] {dag.py:3954} INFO - Setting next_dagrun for produce_json to 2026-02-05 14:00:00+00:00, run_after=2026-02-06 14:00:00+00:00
[2026-02-05T23:34:50.544+0000] {processor.py:183} INFO - Processing /opt/airflow/dags/main.py took 0.309 seconds
[2026-02-05T23:35:20.721+0000] {processor.py:161} INFO - Started process (PID=2296) to work on /opt/airflow/dags/main.py
[2026-02-05T23:35:20.729+0000] {processor.py:830} INFO - Processing file /opt/airflow/dags/main.py for tasks to queue
[2026-02-05T23:35:20.732+0000] {logging_mixin.py:188} INFO - [2026-02-05T23:35:20.732+0000] {dagbag.py:545} INFO - Filling up the DagBag from /opt/airflow/dags/main.py
[2026-02-05T23:35:20.801+0000] {processor.py:840} INFO - DAG(s) 'produce_json' retrieved from /opt/airflow/dags/main.py
[2026-02-05T23:35:21.095+0000] {logging_mixin.py:188} INFO - [2026-02-05T23:35:21.094+0000] {dag.py:3096} INFO - Sync 1 DAGs
[2026-02-05T23:35:21.142+0000] {logging_mixin.py:188} INFO - [2026-02-05T23:35:21.142+0000] {dag.py:3954} INFO - Setting next_dagrun for produce_json to 2026-02-05 14:00:00+00:00, run_after=2026-02-06 14:00:00+00:00
[2026-02-05T23:35:21.204+0000] {processor.py:183} INFO - Processing /opt/airflow/dags/main.py took 0.520 seconds
[2026-02-05T23:35:52.398+0000] {processor.py:161} INFO - Started process (PID=2303) to work on /opt/airflow/dags/main.py
[2026-02-05T23:35:52.401+0000] {processor.py:830} INFO - Processing file /opt/airflow/dags/main.py for tasks to queue
[2026-02-05T23:35:52.411+0000] {logging_mixin.py:188} INFO - [2026-02-05T23:35:52.411+0000] {dagbag.py:545} INFO - Filling up the DagBag from /opt/airflow/dags/main.py
[2026-02-05T23:35:52.497+0000] {processor.py:840} INFO - DAG(s) 'produce_json' retrieved from /opt/airflow/dags/main.py
[2026-02-05T23:35:52.612+0000] {logging_mixin.py:188} INFO - [2026-02-05T23:35:52.612+0000] {dag.py:3096} INFO - Sync 1 DAGs
[2026-02-05T23:35:52.679+0000] {logging_mixin.py:188} INFO - [2026-02-05T23:35:52.679+0000] {dag.py:3954} INFO - Setting next_dagrun for produce_json to 2026-02-05 14:00:00+00:00, run_after=2026-02-06 14:00:00+00:00
[2026-02-05T23:35:52.751+0000] {processor.py:183} INFO - Processing /opt/airflow/dags/main.py took 0.404 seconds
[2026-02-05T23:37:52.320+0000] {processor.py:161} INFO - Started process (PID=2304) to work on /opt/airflow/dags/main.py
[2026-02-05T23:37:52.359+0000] {processor.py:830} INFO - Processing file /opt/airflow/dags/main.py for tasks to queue
[2026-02-05T23:37:52.398+0000] {logging_mixin.py:188} INFO - [2026-02-05T23:37:52.397+0000] {dagbag.py:545} INFO - Filling up the DagBag from /opt/airflow/dags/main.py
[2026-02-05T23:37:52.617+0000] {processor.py:840} INFO - DAG(s) 'produce_json' retrieved from /opt/airflow/dags/main.py
[2026-02-05T23:37:53.196+0000] {logging_mixin.py:188} INFO - [2026-02-05T23:37:53.196+0000] {dag.py:3096} INFO - Sync 1 DAGs
[2026-02-05T23:37:53.769+0000] {logging_mixin.py:188} INFO - [2026-02-05T23:37:53.768+0000] {dag.py:3954} INFO - Setting next_dagrun for produce_json to 2026-02-05 14:00:00+00:00, run_after=2026-02-06 14:00:00+00:00
[2026-02-05T23:37:54.482+0000] {processor.py:183} INFO - Processing /opt/airflow/dags/main.py took 2.397 seconds
[2026-02-05T23:38:25.333+0000] {processor.py:161} INFO - Started process (PID=2317) to work on /opt/airflow/dags/main.py
[2026-02-05T23:38:25.340+0000] {processor.py:830} INFO - Processing file /opt/airflow/dags/main.py for tasks to queue
[2026-02-05T23:38:25.346+0000] {logging_mixin.py:188} INFO - [2026-02-05T23:38:25.345+0000] {dagbag.py:545} INFO - Filling up the DagBag from /opt/airflow/dags/main.py
[2026-02-05T23:38:25.467+0000] {processor.py:840} INFO - DAG(s) 'produce_json' retrieved from /opt/airflow/dags/main.py
[2026-02-05T23:38:25.567+0000] {logging_mixin.py:188} INFO - [2026-02-05T23:38:25.566+0000] {dag.py:3096} INFO - Sync 1 DAGs
[2026-02-05T23:38:25.650+0000] {logging_mixin.py:188} INFO - [2026-02-05T23:38:25.650+0000] {dag.py:3954} INFO - Setting next_dagrun for produce_json to 2026-02-05 14:00:00+00:00, run_after=2026-02-06 14:00:00+00:00
[2026-02-05T23:38:25.693+0000] {processor.py:183} INFO - Processing /opt/airflow/dags/main.py took 0.383 seconds
[2026-02-05T23:38:56.227+0000] {processor.py:161} INFO - Started process (PID=2325) to work on /opt/airflow/dags/main.py
[2026-02-05T23:38:56.232+0000] {processor.py:830} INFO - Processing file /opt/airflow/dags/main.py for tasks to queue
[2026-02-05T23:38:56.238+0000] {logging_mixin.py:188} INFO - [2026-02-05T23:38:56.237+0000] {dagbag.py:545} INFO - Filling up the DagBag from /opt/airflow/dags/main.py
[2026-02-05T23:38:56.354+0000] {processor.py:840} INFO - DAG(s) 'produce_json' retrieved from /opt/airflow/dags/main.py
[2026-02-05T23:38:56.433+0000] {logging_mixin.py:188} INFO - [2026-02-05T23:38:56.432+0000] {dag.py:3096} INFO - Sync 1 DAGs
[2026-02-05T23:38:56.523+0000] {logging_mixin.py:188} INFO - [2026-02-05T23:38:56.522+0000] {dag.py:3954} INFO - Setting next_dagrun for produce_json to 2026-02-05 14:00:00+00:00, run_after=2026-02-06 14:00:00+00:00
[2026-02-05T23:38:56.577+0000] {processor.py:183} INFO - Processing /opt/airflow/dags/main.py took 0.370 seconds
[2026-02-05T23:39:27.231+0000] {processor.py:161} INFO - Started process (PID=2332) to work on /opt/airflow/dags/main.py
[2026-02-05T23:39:27.234+0000] {processor.py:830} INFO - Processing file /opt/airflow/dags/main.py for tasks to queue
[2026-02-05T23:39:27.240+0000] {logging_mixin.py:188} INFO - [2026-02-05T23:39:27.239+0000] {dagbag.py:545} INFO - Filling up the DagBag from /opt/airflow/dags/main.py
[2026-02-05T23:39:27.300+0000] {processor.py:840} INFO - DAG(s) 'produce_json' retrieved from /opt/airflow/dags/main.py
[2026-02-05T23:39:27.409+0000] {logging_mixin.py:188} INFO - [2026-02-05T23:39:27.409+0000] {dag.py:3096} INFO - Sync 1 DAGs
[2026-02-05T23:39:27.522+0000] {logging_mixin.py:188} INFO - [2026-02-05T23:39:27.521+0000] {dag.py:3954} INFO - Setting next_dagrun for produce_json to 2026-02-05 14:00:00+00:00, run_after=2026-02-06 14:00:00+00:00
[2026-02-05T23:39:27.604+0000] {processor.py:183} INFO - Processing /opt/airflow/dags/main.py took 0.387 seconds
[2026-02-05T23:39:58.325+0000] {processor.py:161} INFO - Started process (PID=2339) to work on /opt/airflow/dags/main.py
[2026-02-05T23:39:58.329+0000] {processor.py:830} INFO - Processing file /opt/airflow/dags/main.py for tasks to queue
[2026-02-05T23:39:58.333+0000] {logging_mixin.py:188} INFO - [2026-02-05T23:39:58.332+0000] {dagbag.py:545} INFO - Filling up the DagBag from /opt/airflow/dags/main.py
[2026-02-05T23:39:58.439+0000] {processor.py:840} INFO - DAG(s) 'produce_json' retrieved from /opt/airflow/dags/main.py
[2026-02-05T23:39:58.499+0000] {logging_mixin.py:188} INFO - [2026-02-05T23:39:58.499+0000] {dag.py:3096} INFO - Sync 1 DAGs
[2026-02-05T23:39:58.544+0000] {logging_mixin.py:188} INFO - [2026-02-05T23:39:58.544+0000] {dag.py:3954} INFO - Setting next_dagrun for produce_json to 2026-02-05 14:00:00+00:00, run_after=2026-02-06 14:00:00+00:00
[2026-02-05T23:39:58.584+0000] {processor.py:183} INFO - Processing /opt/airflow/dags/main.py took 0.273 seconds
[2026-02-05T23:40:30.852+0000] {processor.py:161} INFO - Started process (PID=2347) to work on /opt/airflow/dags/main.py
[2026-02-05T23:40:30.866+0000] {processor.py:830} INFO - Processing file /opt/airflow/dags/main.py for tasks to queue
[2026-02-05T23:40:30.905+0000] {logging_mixin.py:188} INFO - [2026-02-05T23:40:30.898+0000] {dagbag.py:545} INFO - Filling up the DagBag from /opt/airflow/dags/main.py
[2026-02-05T23:40:31.206+0000] {processor.py:840} INFO - DAG(s) 'produce_json' retrieved from /opt/airflow/dags/main.py
[2026-02-05T23:40:31.363+0000] {logging_mixin.py:188} INFO - [2026-02-05T23:40:31.363+0000] {dag.py:3096} INFO - Sync 1 DAGs
[2026-02-05T23:40:31.424+0000] {logging_mixin.py:188} INFO - [2026-02-05T23:40:31.423+0000] {dag.py:3954} INFO - Setting next_dagrun for produce_json to 2026-02-05 14:00:00+00:00, run_after=2026-02-06 14:00:00+00:00
[2026-02-05T23:40:31.473+0000] {processor.py:183} INFO - Processing /opt/airflow/dags/main.py took 0.739 seconds
[2026-02-05T23:41:01.761+0000] {processor.py:161} INFO - Started process (PID=2354) to work on /opt/airflow/dags/main.py
[2026-02-05T23:41:01.774+0000] {processor.py:830} INFO - Processing file /opt/airflow/dags/main.py for tasks to queue
[2026-02-05T23:41:01.782+0000] {logging_mixin.py:188} INFO - [2026-02-05T23:41:01.781+0000] {dagbag.py:545} INFO - Filling up the DagBag from /opt/airflow/dags/main.py
[2026-02-05T23:41:01.921+0000] {processor.py:840} INFO - DAG(s) 'produce_json' retrieved from /opt/airflow/dags/main.py
[2026-02-05T23:41:01.995+0000] {logging_mixin.py:188} INFO - [2026-02-05T23:41:01.994+0000] {dag.py:3096} INFO - Sync 1 DAGs
[2026-02-05T23:41:02.078+0000] {logging_mixin.py:188} INFO - [2026-02-05T23:41:02.078+0000] {dag.py:3954} INFO - Setting next_dagrun for produce_json to 2026-02-05 14:00:00+00:00, run_after=2026-02-06 14:00:00+00:00
[2026-02-05T23:41:02.162+0000] {processor.py:183} INFO - Processing /opt/airflow/dags/main.py took 0.424 seconds
