[2026-03-03T00:00:29.497+0000] {processor.py:161} INFO - Started process (PID=1646) to work on /opt/airflow/dags/main.py
[2026-03-03T00:00:29.519+0000] {processor.py:830} INFO - Processing file /opt/airflow/dags/main.py for tasks to queue
[2026-03-03T00:00:29.538+0000] {logging_mixin.py:188} INFO - [2026-03-03T00:00:29.535+0000] {dagbag.py:545} INFO - Filling up the DagBag from /opt/airflow/dags/main.py
[2026-03-03T00:00:29.874+0000] {processor.py:840} INFO - DAG(s) 'data_quality', 'update_db', 'produce_json' retrieved from /opt/airflow/dags/main.py
[2026-03-03T00:00:30.322+0000] {logging_mixin.py:188} INFO - [2026-03-03T00:00:30.321+0000] {dag.py:3096} INFO - Sync 3 DAGs
[2026-03-03T00:00:30.384+0000] {logging_mixin.py:188} INFO - [2026-03-03T00:00:30.384+0000] {dag.py:3954} INFO - Setting next_dagrun for data_quality to 2026-03-02 16:00:00+00:00, run_after=2026-03-03 16:00:00+00:00
[2026-03-03T00:00:30.395+0000] {logging_mixin.py:188} INFO - [2026-03-03T00:00:30.395+0000] {dag.py:3954} INFO - Setting next_dagrun for produce_json to 2026-03-02 14:00:00+00:00, run_after=2026-03-03 14:00:00+00:00
[2026-03-03T00:00:30.400+0000] {logging_mixin.py:188} INFO - [2026-03-03T00:00:30.400+0000] {dag.py:3954} INFO - Setting next_dagrun for update_db to 2026-03-02 15:00:00+00:00, run_after=2026-03-03 15:00:00+00:00
[2026-03-03T00:00:30.426+0000] {processor.py:183} INFO - Processing /opt/airflow/dags/main.py took 1.065 seconds
[2026-03-03T00:01:00.563+0000] {processor.py:161} INFO - Started process (PID=1653) to work on /opt/airflow/dags/main.py
[2026-03-03T00:01:00.576+0000] {processor.py:830} INFO - Processing file /opt/airflow/dags/main.py for tasks to queue
[2026-03-03T00:01:00.578+0000] {logging_mixin.py:188} INFO - [2026-03-03T00:01:00.577+0000] {dagbag.py:545} INFO - Filling up the DagBag from /opt/airflow/dags/main.py
[2026-03-03T00:01:00.942+0000] {processor.py:840} INFO - DAG(s) 'data_quality', 'update_db', 'produce_json' retrieved from /opt/airflow/dags/main.py
[2026-03-03T00:01:01.215+0000] {logging_mixin.py:188} INFO - [2026-03-03T00:01:01.215+0000] {dag.py:3096} INFO - Sync 3 DAGs
[2026-03-03T00:01:01.322+0000] {logging_mixin.py:188} INFO - [2026-03-03T00:01:01.321+0000] {dag.py:3954} INFO - Setting next_dagrun for data_quality to 2026-03-02 16:00:00+00:00, run_after=2026-03-03 16:00:00+00:00
[2026-03-03T00:01:01.338+0000] {logging_mixin.py:188} INFO - [2026-03-03T00:01:01.336+0000] {dag.py:3954} INFO - Setting next_dagrun for produce_json to 2026-03-02 14:00:00+00:00, run_after=2026-03-03 14:00:00+00:00
[2026-03-03T00:01:01.347+0000] {logging_mixin.py:188} INFO - [2026-03-03T00:01:01.347+0000] {dag.py:3954} INFO - Setting next_dagrun for update_db to 2026-03-02 15:00:00+00:00, run_after=2026-03-03 15:00:00+00:00
[2026-03-03T00:01:01.396+0000] {processor.py:183} INFO - Processing /opt/airflow/dags/main.py took 0.875 seconds
[2026-03-03T00:01:32.274+0000] {processor.py:161} INFO - Started process (PID=1666) to work on /opt/airflow/dags/main.py
[2026-03-03T00:01:32.277+0000] {processor.py:830} INFO - Processing file /opt/airflow/dags/main.py for tasks to queue
[2026-03-03T00:01:32.279+0000] {logging_mixin.py:188} INFO - [2026-03-03T00:01:32.278+0000] {dagbag.py:545} INFO - Filling up the DagBag from /opt/airflow/dags/main.py
[2026-03-03T00:01:32.345+0000] {processor.py:840} INFO - DAG(s) 'update_db', 'produce_json', 'data_quality' retrieved from /opt/airflow/dags/main.py
[2026-03-03T00:01:32.395+0000] {logging_mixin.py:188} INFO - [2026-03-03T00:01:32.395+0000] {dag.py:3096} INFO - Sync 3 DAGs
[2026-03-03T00:01:32.432+0000] {logging_mixin.py:188} INFO - [2026-03-03T00:01:32.431+0000] {dag.py:3954} INFO - Setting next_dagrun for data_quality to 2026-03-02 16:00:00+00:00, run_after=2026-03-03 16:00:00+00:00
[2026-03-03T00:01:32.440+0000] {logging_mixin.py:188} INFO - [2026-03-03T00:01:32.440+0000] {dag.py:3954} INFO - Setting next_dagrun for produce_json to 2026-03-02 14:00:00+00:00, run_after=2026-03-03 14:00:00+00:00
[2026-03-03T00:01:32.446+0000] {logging_mixin.py:188} INFO - [2026-03-03T00:01:32.445+0000] {dag.py:3954} INFO - Setting next_dagrun for update_db to 2026-03-02 15:00:00+00:00, run_after=2026-03-03 15:00:00+00:00
[2026-03-03T00:01:32.472+0000] {processor.py:183} INFO - Processing /opt/airflow/dags/main.py took 0.210 seconds
[2026-03-03T00:02:30.303+0000] {processor.py:161} INFO - Started process (PID=1667) to work on /opt/airflow/dags/main.py
[2026-03-03T00:02:30.310+0000] {processor.py:830} INFO - Processing file /opt/airflow/dags/main.py for tasks to queue
[2026-03-03T00:02:30.324+0000] {logging_mixin.py:188} INFO - [2026-03-03T00:02:30.324+0000] {dagbag.py:545} INFO - Filling up the DagBag from /opt/airflow/dags/main.py
[2026-03-03T00:02:30.490+0000] {processor.py:840} INFO - DAG(s) 'update_db', 'produce_json', 'data_quality' retrieved from /opt/airflow/dags/main.py
[2026-03-03T00:02:30.720+0000] {logging_mixin.py:188} INFO - [2026-03-03T00:02:30.720+0000] {dag.py:3096} INFO - Sync 3 DAGs
[2026-03-03T00:02:31.045+0000] {logging_mixin.py:188} INFO - [2026-03-03T00:02:31.045+0000] {dag.py:3954} INFO - Setting next_dagrun for data_quality to 2026-03-02 16:00:00+00:00, run_after=2026-03-03 16:00:00+00:00
[2026-03-03T00:02:31.071+0000] {logging_mixin.py:188} INFO - [2026-03-03T00:02:31.071+0000] {dag.py:3954} INFO - Setting next_dagrun for produce_json to 2026-03-02 14:00:00+00:00, run_after=2026-03-03 14:00:00+00:00
[2026-03-03T00:02:31.079+0000] {logging_mixin.py:188} INFO - [2026-03-03T00:02:31.078+0000] {dag.py:3954} INFO - Setting next_dagrun for update_db to 2026-03-02 15:00:00+00:00, run_after=2026-03-03 15:00:00+00:00
[2026-03-03T00:02:31.127+0000] {processor.py:183} INFO - Processing /opt/airflow/dags/main.py took 0.881 seconds
[2026-03-03T00:03:29.428+0000] {processor.py:161} INFO - Started process (PID=1674) to work on /opt/airflow/dags/main.py
[2026-03-03T00:03:29.439+0000] {processor.py:830} INFO - Processing file /opt/airflow/dags/main.py for tasks to queue
[2026-03-03T00:03:29.447+0000] {logging_mixin.py:188} INFO - [2026-03-03T00:03:29.441+0000] {dagbag.py:545} INFO - Filling up the DagBag from /opt/airflow/dags/main.py
[2026-03-03T00:03:29.692+0000] {processor.py:840} INFO - DAG(s) 'produce_json', 'data_quality', 'update_db' retrieved from /opt/airflow/dags/main.py
[2026-03-03T00:03:30.058+0000] {logging_mixin.py:188} INFO - [2026-03-03T00:03:30.057+0000] {dag.py:3096} INFO - Sync 3 DAGs
[2026-03-03T00:03:30.110+0000] {logging_mixin.py:188} INFO - [2026-03-03T00:03:30.110+0000] {dag.py:3954} INFO - Setting next_dagrun for data_quality to 2026-03-02 16:00:00+00:00, run_after=2026-03-03 16:00:00+00:00
[2026-03-03T00:03:30.121+0000] {logging_mixin.py:188} INFO - [2026-03-03T00:03:30.121+0000] {dag.py:3954} INFO - Setting next_dagrun for produce_json to 2026-03-02 14:00:00+00:00, run_after=2026-03-03 14:00:00+00:00
[2026-03-03T00:03:30.127+0000] {logging_mixin.py:188} INFO - [2026-03-03T00:03:30.127+0000] {dag.py:3954} INFO - Setting next_dagrun for update_db to 2026-03-02 15:00:00+00:00, run_after=2026-03-03 15:00:00+00:00
[2026-03-03T00:03:30.152+0000] {processor.py:183} INFO - Processing /opt/airflow/dags/main.py took 0.826 seconds
[2026-03-03T00:04:00.398+0000] {processor.py:161} INFO - Started process (PID=1688) to work on /opt/airflow/dags/main.py
[2026-03-03T00:04:00.461+0000] {processor.py:830} INFO - Processing file /opt/airflow/dags/main.py for tasks to queue
[2026-03-03T00:04:00.465+0000] {logging_mixin.py:188} INFO - [2026-03-03T00:04:00.465+0000] {dagbag.py:545} INFO - Filling up the DagBag from /opt/airflow/dags/main.py
[2026-03-03T00:04:00.663+0000] {processor.py:840} INFO - DAG(s) 'produce_json', 'update_db', 'data_quality' retrieved from /opt/airflow/dags/main.py
[2026-03-03T00:04:00.739+0000] {logging_mixin.py:188} INFO - [2026-03-03T00:04:00.738+0000] {dag.py:3096} INFO - Sync 3 DAGs
[2026-03-03T00:04:00.797+0000] {logging_mixin.py:188} INFO - [2026-03-03T00:04:00.797+0000] {dag.py:3954} INFO - Setting next_dagrun for data_quality to 2026-03-02 16:00:00+00:00, run_after=2026-03-03 16:00:00+00:00
[2026-03-03T00:04:00.812+0000] {logging_mixin.py:188} INFO - [2026-03-03T00:04:00.812+0000] {dag.py:3954} INFO - Setting next_dagrun for produce_json to 2026-03-02 14:00:00+00:00, run_after=2026-03-03 14:00:00+00:00
[2026-03-03T00:04:00.822+0000] {logging_mixin.py:188} INFO - [2026-03-03T00:04:00.822+0000] {dag.py:3954} INFO - Setting next_dagrun for update_db to 2026-03-02 15:00:00+00:00, run_after=2026-03-03 15:00:00+00:00
[2026-03-03T00:04:00.876+0000] {processor.py:183} INFO - Processing /opt/airflow/dags/main.py took 0.492 seconds
[2026-03-03T00:04:31.290+0000] {processor.py:161} INFO - Started process (PID=1697) to work on /opt/airflow/dags/main.py
[2026-03-03T00:04:31.292+0000] {processor.py:830} INFO - Processing file /opt/airflow/dags/main.py for tasks to queue
[2026-03-03T00:04:31.294+0000] {logging_mixin.py:188} INFO - [2026-03-03T00:04:31.293+0000] {dagbag.py:545} INFO - Filling up the DagBag from /opt/airflow/dags/main.py
[2026-03-03T00:04:31.360+0000] {processor.py:840} INFO - DAG(s) 'data_quality', 'produce_json', 'update_db' retrieved from /opt/airflow/dags/main.py
[2026-03-03T00:04:31.414+0000] {logging_mixin.py:188} INFO - [2026-03-03T00:04:31.414+0000] {dag.py:3096} INFO - Sync 3 DAGs
[2026-03-03T00:04:31.452+0000] {logging_mixin.py:188} INFO - [2026-03-03T00:04:31.451+0000] {dag.py:3954} INFO - Setting next_dagrun for data_quality to 2026-03-02 16:00:00+00:00, run_after=2026-03-03 16:00:00+00:00
[2026-03-03T00:04:31.461+0000] {logging_mixin.py:188} INFO - [2026-03-03T00:04:31.460+0000] {dag.py:3954} INFO - Setting next_dagrun for produce_json to 2026-03-02 14:00:00+00:00, run_after=2026-03-03 14:00:00+00:00
[2026-03-03T00:04:31.467+0000] {logging_mixin.py:188} INFO - [2026-03-03T00:04:31.467+0000] {dag.py:3954} INFO - Setting next_dagrun for update_db to 2026-03-02 15:00:00+00:00, run_after=2026-03-03 15:00:00+00:00
[2026-03-03T00:04:31.506+0000] {processor.py:183} INFO - Processing /opt/airflow/dags/main.py took 0.229 seconds
[2026-03-03T00:05:02.264+0000] {processor.py:161} INFO - Started process (PID=1704) to work on /opt/airflow/dags/main.py
[2026-03-03T00:05:02.267+0000] {processor.py:830} INFO - Processing file /opt/airflow/dags/main.py for tasks to queue
[2026-03-03T00:05:02.269+0000] {logging_mixin.py:188} INFO - [2026-03-03T00:05:02.268+0000] {dagbag.py:545} INFO - Filling up the DagBag from /opt/airflow/dags/main.py
[2026-03-03T00:05:02.338+0000] {processor.py:840} INFO - DAG(s) 'update_db', 'data_quality', 'produce_json' retrieved from /opt/airflow/dags/main.py
[2026-03-03T00:05:02.389+0000] {logging_mixin.py:188} INFO - [2026-03-03T00:05:02.389+0000] {dag.py:3096} INFO - Sync 3 DAGs
[2026-03-03T00:05:02.425+0000] {logging_mixin.py:188} INFO - [2026-03-03T00:05:02.424+0000] {dag.py:3954} INFO - Setting next_dagrun for data_quality to 2026-03-02 16:00:00+00:00, run_after=2026-03-03 16:00:00+00:00
[2026-03-03T00:05:02.435+0000] {logging_mixin.py:188} INFO - [2026-03-03T00:05:02.435+0000] {dag.py:3954} INFO - Setting next_dagrun for produce_json to 2026-03-02 14:00:00+00:00, run_after=2026-03-03 14:00:00+00:00
[2026-03-03T00:05:02.441+0000] {logging_mixin.py:188} INFO - [2026-03-03T00:05:02.441+0000] {dag.py:3954} INFO - Setting next_dagrun for update_db to 2026-03-02 15:00:00+00:00, run_after=2026-03-03 15:00:00+00:00
[2026-03-03T00:05:02.481+0000] {processor.py:183} INFO - Processing /opt/airflow/dags/main.py took 0.229 seconds
[2026-03-03T00:05:32.989+0000] {processor.py:161} INFO - Started process (PID=1712) to work on /opt/airflow/dags/main.py
[2026-03-03T00:05:32.991+0000] {processor.py:830} INFO - Processing file /opt/airflow/dags/main.py for tasks to queue
[2026-03-03T00:05:32.993+0000] {logging_mixin.py:188} INFO - [2026-03-03T00:05:32.992+0000] {dagbag.py:545} INFO - Filling up the DagBag from /opt/airflow/dags/main.py
[2026-03-03T00:05:33.068+0000] {processor.py:840} INFO - DAG(s) 'produce_json', 'update_db', 'data_quality' retrieved from /opt/airflow/dags/main.py
[2026-03-03T00:05:33.128+0000] {logging_mixin.py:188} INFO - [2026-03-03T00:05:33.127+0000] {dag.py:3096} INFO - Sync 3 DAGs
[2026-03-03T00:05:33.163+0000] {logging_mixin.py:188} INFO - [2026-03-03T00:05:33.163+0000] {dag.py:3954} INFO - Setting next_dagrun for data_quality to 2026-03-02 16:00:00+00:00, run_after=2026-03-03 16:00:00+00:00
[2026-03-03T00:05:33.172+0000] {logging_mixin.py:188} INFO - [2026-03-03T00:05:33.172+0000] {dag.py:3954} INFO - Setting next_dagrun for produce_json to 2026-03-02 14:00:00+00:00, run_after=2026-03-03 14:00:00+00:00
[2026-03-03T00:05:33.179+0000] {logging_mixin.py:188} INFO - [2026-03-03T00:05:33.179+0000] {dag.py:3954} INFO - Setting next_dagrun for update_db to 2026-03-02 15:00:00+00:00, run_after=2026-03-03 15:00:00+00:00
[2026-03-03T00:05:33.220+0000] {processor.py:183} INFO - Processing /opt/airflow/dags/main.py took 0.243 seconds
[2026-03-03T00:06:03.464+0000] {processor.py:161} INFO - Started process (PID=1718) to work on /opt/airflow/dags/main.py
[2026-03-03T00:06:03.466+0000] {processor.py:830} INFO - Processing file /opt/airflow/dags/main.py for tasks to queue
[2026-03-03T00:06:03.470+0000] {logging_mixin.py:188} INFO - [2026-03-03T00:06:03.469+0000] {dagbag.py:545} INFO - Filling up the DagBag from /opt/airflow/dags/main.py
[2026-03-03T00:06:03.557+0000] {processor.py:840} INFO - DAG(s) 'produce_json', 'data_quality', 'update_db' retrieved from /opt/airflow/dags/main.py
[2026-03-03T00:06:03.613+0000] {logging_mixin.py:188} INFO - [2026-03-03T00:06:03.613+0000] {dag.py:3096} INFO - Sync 3 DAGs
[2026-03-03T00:06:03.654+0000] {logging_mixin.py:188} INFO - [2026-03-03T00:06:03.654+0000] {dag.py:3954} INFO - Setting next_dagrun for data_quality to 2026-03-02 16:00:00+00:00, run_after=2026-03-03 16:00:00+00:00
[2026-03-03T00:06:03.663+0000] {logging_mixin.py:188} INFO - [2026-03-03T00:06:03.663+0000] {dag.py:3954} INFO - Setting next_dagrun for produce_json to 2026-03-02 14:00:00+00:00, run_after=2026-03-03 14:00:00+00:00
[2026-03-03T00:06:03.671+0000] {logging_mixin.py:188} INFO - [2026-03-03T00:06:03.670+0000] {dag.py:3954} INFO - Setting next_dagrun for update_db to 2026-03-02 15:00:00+00:00, run_after=2026-03-03 15:00:00+00:00
[2026-03-03T00:06:03.719+0000] {processor.py:183} INFO - Processing /opt/airflow/dags/main.py took 0.268 seconds
[2026-03-03T00:06:34.480+0000] {processor.py:161} INFO - Started process (PID=1725) to work on /opt/airflow/dags/main.py
[2026-03-03T00:06:34.483+0000] {processor.py:830} INFO - Processing file /opt/airflow/dags/main.py for tasks to queue
[2026-03-03T00:06:34.484+0000] {logging_mixin.py:188} INFO - [2026-03-03T00:06:34.484+0000] {dagbag.py:545} INFO - Filling up the DagBag from /opt/airflow/dags/main.py
[2026-03-03T00:06:34.547+0000] {processor.py:840} INFO - DAG(s) 'update_db', 'produce_json', 'data_quality' retrieved from /opt/airflow/dags/main.py
[2026-03-03T00:06:34.595+0000] {logging_mixin.py:188} INFO - [2026-03-03T00:06:34.595+0000] {dag.py:3096} INFO - Sync 3 DAGs
[2026-03-03T00:06:34.644+0000] {logging_mixin.py:188} INFO - [2026-03-03T00:06:34.644+0000] {dag.py:3954} INFO - Setting next_dagrun for data_quality to 2026-03-02 16:00:00+00:00, run_after=2026-03-03 16:00:00+00:00
[2026-03-03T00:06:34.657+0000] {logging_mixin.py:188} INFO - [2026-03-03T00:06:34.656+0000] {dag.py:3954} INFO - Setting next_dagrun for produce_json to 2026-03-02 14:00:00+00:00, run_after=2026-03-03 14:00:00+00:00
[2026-03-03T00:06:34.662+0000] {logging_mixin.py:188} INFO - [2026-03-03T00:06:34.662+0000] {dag.py:3954} INFO - Setting next_dagrun for update_db to 2026-03-02 15:00:00+00:00, run_after=2026-03-03 15:00:00+00:00
[2026-03-03T00:06:34.686+0000] {processor.py:183} INFO - Processing /opt/airflow/dags/main.py took 0.217 seconds
[2026-03-03T00:07:04.752+0000] {processor.py:161} INFO - Started process (PID=1731) to work on /opt/airflow/dags/main.py
[2026-03-03T00:07:04.755+0000] {processor.py:830} INFO - Processing file /opt/airflow/dags/main.py for tasks to queue
[2026-03-03T00:07:04.756+0000] {logging_mixin.py:188} INFO - [2026-03-03T00:07:04.756+0000] {dagbag.py:545} INFO - Filling up the DagBag from /opt/airflow/dags/main.py
[2026-03-03T00:07:04.819+0000] {processor.py:840} INFO - DAG(s) 'update_db', 'produce_json', 'data_quality' retrieved from /opt/airflow/dags/main.py
[2026-03-03T00:07:04.882+0000] {logging_mixin.py:188} INFO - [2026-03-03T00:07:04.881+0000] {dag.py:3096} INFO - Sync 3 DAGs
[2026-03-03T00:07:04.920+0000] {logging_mixin.py:188} INFO - [2026-03-03T00:07:04.920+0000] {dag.py:3954} INFO - Setting next_dagrun for data_quality to 2026-03-02 16:00:00+00:00, run_after=2026-03-03 16:00:00+00:00
[2026-03-03T00:07:04.929+0000] {logging_mixin.py:188} INFO - [2026-03-03T00:07:04.929+0000] {dag.py:3954} INFO - Setting next_dagrun for produce_json to 2026-03-02 14:00:00+00:00, run_after=2026-03-03 14:00:00+00:00
[2026-03-03T00:07:04.936+0000] {logging_mixin.py:188} INFO - [2026-03-03T00:07:04.936+0000] {dag.py:3954} INFO - Setting next_dagrun for update_db to 2026-03-02 15:00:00+00:00, run_after=2026-03-03 15:00:00+00:00
[2026-03-03T00:07:04.973+0000] {processor.py:183} INFO - Processing /opt/airflow/dags/main.py took 0.233 seconds
[2026-03-03T00:07:35.784+0000] {processor.py:161} INFO - Started process (PID=1737) to work on /opt/airflow/dags/main.py
[2026-03-03T00:07:35.786+0000] {processor.py:830} INFO - Processing file /opt/airflow/dags/main.py for tasks to queue
[2026-03-03T00:07:35.789+0000] {logging_mixin.py:188} INFO - [2026-03-03T00:07:35.788+0000] {dagbag.py:545} INFO - Filling up the DagBag from /opt/airflow/dags/main.py
[2026-03-03T00:07:35.857+0000] {processor.py:840} INFO - DAG(s) 'produce_json', 'update_db', 'data_quality' retrieved from /opt/airflow/dags/main.py
[2026-03-03T00:07:35.932+0000] {logging_mixin.py:188} INFO - [2026-03-03T00:07:35.932+0000] {dag.py:3096} INFO - Sync 3 DAGs
[2026-03-03T00:07:35.975+0000] {logging_mixin.py:188} INFO - [2026-03-03T00:07:35.975+0000] {dag.py:3954} INFO - Setting next_dagrun for data_quality to 2026-03-02 16:00:00+00:00, run_after=2026-03-03 16:00:00+00:00
[2026-03-03T00:07:35.986+0000] {logging_mixin.py:188} INFO - [2026-03-03T00:07:35.985+0000] {dag.py:3954} INFO - Setting next_dagrun for produce_json to 2026-03-02 14:00:00+00:00, run_after=2026-03-03 14:00:00+00:00
[2026-03-03T00:07:35.994+0000] {logging_mixin.py:188} INFO - [2026-03-03T00:07:35.993+0000] {dag.py:3954} INFO - Setting next_dagrun for update_db to 2026-03-02 15:00:00+00:00, run_after=2026-03-03 15:00:00+00:00
[2026-03-03T00:07:36.040+0000] {processor.py:183} INFO - Processing /opt/airflow/dags/main.py took 0.267 seconds
[2026-03-03T00:08:29.397+0000] {processor.py:161} INFO - Started process (PID=1738) to work on /opt/airflow/dags/main.py
[2026-03-03T00:08:29.406+0000] {processor.py:830} INFO - Processing file /opt/airflow/dags/main.py for tasks to queue
[2026-03-03T00:08:29.441+0000] {logging_mixin.py:188} INFO - [2026-03-03T00:08:29.440+0000] {dagbag.py:545} INFO - Filling up the DagBag from /opt/airflow/dags/main.py
[2026-03-03T00:08:29.822+0000] {processor.py:840} INFO - DAG(s) 'update_db', 'data_quality', 'produce_json' retrieved from /opt/airflow/dags/main.py
[2026-03-03T00:08:30.567+0000] {logging_mixin.py:188} INFO - [2026-03-03T00:08:30.567+0000] {dag.py:3096} INFO - Sync 3 DAGs
[2026-03-03T00:08:30.669+0000] {logging_mixin.py:188} INFO - [2026-03-03T00:08:30.668+0000] {dag.py:3954} INFO - Setting next_dagrun for data_quality to 2026-03-02 16:00:00+00:00, run_after=2026-03-03 16:00:00+00:00
[2026-03-03T00:08:30.714+0000] {logging_mixin.py:188} INFO - [2026-03-03T00:08:30.713+0000] {dag.py:3954} INFO - Setting next_dagrun for produce_json to 2026-03-02 14:00:00+00:00, run_after=2026-03-03 14:00:00+00:00
[2026-03-03T00:08:30.726+0000] {logging_mixin.py:188} INFO - [2026-03-03T00:08:30.726+0000] {dag.py:3954} INFO - Setting next_dagrun for update_db to 2026-03-02 15:00:00+00:00, run_after=2026-03-03 15:00:00+00:00
[2026-03-03T00:08:30.778+0000] {processor.py:183} INFO - Processing /opt/airflow/dags/main.py took 1.403 seconds
[2026-03-03T00:09:29.387+0000] {processor.py:161} INFO - Started process (PID=1745) to work on /opt/airflow/dags/main.py
[2026-03-03T00:09:29.389+0000] {processor.py:830} INFO - Processing file /opt/airflow/dags/main.py for tasks to queue
[2026-03-03T00:09:29.393+0000] {logging_mixin.py:188} INFO - [2026-03-03T00:09:29.391+0000] {dagbag.py:545} INFO - Filling up the DagBag from /opt/airflow/dags/main.py
[2026-03-03T00:10:29.280+0000] {logging_mixin.py:188} INFO - [2026-03-03T00:10:29.280+0000] {timeout.py:68} ERROR - Process timed out, PID: 1745
[2026-03-03T00:11:29.563+0000] {processor.py:161} INFO - Started process (PID=1746) to work on /opt/airflow/dags/main.py
[2026-03-03T00:11:29.569+0000] {processor.py:830} INFO - Processing file /opt/airflow/dags/main.py for tasks to queue
[2026-03-03T00:11:29.570+0000] {logging_mixin.py:188} INFO - [2026-03-03T00:11:29.570+0000] {dagbag.py:545} INFO - Filling up the DagBag from /opt/airflow/dags/main.py
[2026-03-03T00:13:00.387+0000] {processor.py:161} INFO - Started process (PID=1759) to work on /opt/airflow/dags/main.py
[2026-03-03T00:13:00.429+0000] {processor.py:830} INFO - Processing file /opt/airflow/dags/main.py for tasks to queue
[2026-03-03T00:13:00.431+0000] {logging_mixin.py:188} INFO - [2026-03-03T00:13:00.430+0000] {dagbag.py:545} INFO - Filling up the DagBag from /opt/airflow/dags/main.py
[2026-03-03T00:13:00.559+0000] {processor.py:840} INFO - DAG(s) 'produce_json', 'update_db', 'data_quality' retrieved from /opt/airflow/dags/main.py
[2026-03-03T00:13:00.896+0000] {logging_mixin.py:188} INFO - [2026-03-03T00:13:00.895+0000] {dag.py:3096} INFO - Sync 3 DAGs
[2026-03-03T00:13:00.941+0000] {logging_mixin.py:188} INFO - [2026-03-03T00:13:00.941+0000] {dag.py:3954} INFO - Setting next_dagrun for data_quality to 2026-03-02 16:00:00+00:00, run_after=2026-03-03 16:00:00+00:00
[2026-03-03T00:13:00.974+0000] {logging_mixin.py:188} INFO - [2026-03-03T00:13:00.974+0000] {dag.py:3954} INFO - Setting next_dagrun for produce_json to 2026-03-02 14:00:00+00:00, run_after=2026-03-03 14:00:00+00:00
[2026-03-03T00:13:00.984+0000] {logging_mixin.py:188} INFO - [2026-03-03T00:13:00.984+0000] {dag.py:3954} INFO - Setting next_dagrun for update_db to 2026-03-02 15:00:00+00:00, run_after=2026-03-03 15:00:00+00:00
[2026-03-03T00:13:01.063+0000] {processor.py:183} INFO - Processing /opt/airflow/dags/main.py took 0.700 seconds
[2026-03-03T00:13:32.118+0000] {processor.py:161} INFO - Started process (PID=1767) to work on /opt/airflow/dags/main.py
[2026-03-03T00:13:32.122+0000] {processor.py:830} INFO - Processing file /opt/airflow/dags/main.py for tasks to queue
[2026-03-03T00:13:32.126+0000] {logging_mixin.py:188} INFO - [2026-03-03T00:13:32.123+0000] {dagbag.py:545} INFO - Filling up the DagBag from /opt/airflow/dags/main.py
[2026-03-03T00:13:32.273+0000] {processor.py:840} INFO - DAG(s) 'data_quality', 'produce_json', 'update_db' retrieved from /opt/airflow/dags/main.py
[2026-03-03T00:13:32.377+0000] {logging_mixin.py:188} INFO - [2026-03-03T00:13:32.377+0000] {dag.py:3096} INFO - Sync 3 DAGs
[2026-03-03T00:13:32.433+0000] {logging_mixin.py:188} INFO - [2026-03-03T00:13:32.432+0000] {dag.py:3954} INFO - Setting next_dagrun for data_quality to 2026-03-02 16:00:00+00:00, run_after=2026-03-03 16:00:00+00:00
[2026-03-03T00:13:32.444+0000] {logging_mixin.py:188} INFO - [2026-03-03T00:13:32.444+0000] {dag.py:3954} INFO - Setting next_dagrun for produce_json to 2026-03-02 14:00:00+00:00, run_after=2026-03-03 14:00:00+00:00
[2026-03-03T00:13:32.451+0000] {logging_mixin.py:188} INFO - [2026-03-03T00:13:32.450+0000] {dag.py:3954} INFO - Setting next_dagrun for update_db to 2026-03-02 15:00:00+00:00, run_after=2026-03-03 15:00:00+00:00
[2026-03-03T00:13:32.494+0000] {processor.py:183} INFO - Processing /opt/airflow/dags/main.py took 0.423 seconds
[2026-03-03T00:13:39.886+0000] {processor.py:161} INFO - Started process (PID=1768) to work on /opt/airflow/dags/main.py
[2026-03-03T00:13:39.889+0000] {processor.py:830} INFO - Processing file /opt/airflow/dags/main.py for tasks to queue
[2026-03-03T00:13:39.893+0000] {logging_mixin.py:188} INFO - [2026-03-03T00:13:39.892+0000] {dagbag.py:545} INFO - Filling up the DagBag from /opt/airflow/dags/main.py
[2026-03-03T00:13:40.020+0000] {processor.py:840} INFO - DAG(s) 'update_db', 'data_quality', 'produce_json' retrieved from /opt/airflow/dags/main.py
[2026-03-03T00:13:40.096+0000] {logging_mixin.py:188} INFO - [2026-03-03T00:13:40.095+0000] {dag.py:3096} INFO - Sync 3 DAGs
[2026-03-03T00:13:40.142+0000] {logging_mixin.py:188} INFO - [2026-03-03T00:13:40.141+0000] {dag.py:3954} INFO - Setting next_dagrun for data_quality to 2026-03-02 16:00:00+00:00, run_after=2026-03-03 16:00:00+00:00
[2026-03-03T00:13:40.156+0000] {logging_mixin.py:188} INFO - [2026-03-03T00:13:40.154+0000] {dag.py:3954} INFO - Setting next_dagrun for produce_json to 2026-03-02 14:00:00+00:00, run_after=2026-03-03 14:00:00+00:00
[2026-03-03T00:13:40.170+0000] {logging_mixin.py:188} INFO - [2026-03-03T00:13:40.169+0000] {dag.py:3954} INFO - Setting next_dagrun for update_db to 2026-03-02 15:00:00+00:00, run_after=2026-03-03 15:00:00+00:00
[2026-03-03T00:13:40.232+0000] {processor.py:183} INFO - Processing /opt/airflow/dags/main.py took 0.366 seconds
[2026-03-03T00:13:42.440+0000] {processor.py:161} INFO - Started process (PID=1769) to work on /opt/airflow/dags/main.py
[2026-03-03T00:13:42.453+0000] {processor.py:830} INFO - Processing file /opt/airflow/dags/main.py for tasks to queue
[2026-03-03T00:13:42.457+0000] {logging_mixin.py:188} INFO - [2026-03-03T00:13:42.456+0000] {dagbag.py:545} INFO - Filling up the DagBag from /opt/airflow/dags/main.py
[2026-03-03T00:13:42.627+0000] {processor.py:840} INFO - DAG(s) 'produce_json', 'update_db', 'data_quality' retrieved from /opt/airflow/dags/main.py
[2026-03-03T00:13:42.987+0000] {logging_mixin.py:188} INFO - [2026-03-03T00:13:42.986+0000] {dag.py:3096} INFO - Sync 3 DAGs
[2026-03-03T00:13:43.074+0000] {logging_mixin.py:188} INFO - [2026-03-03T00:13:43.074+0000] {dag.py:3954} INFO - Setting next_dagrun for data_quality to 2026-03-02 16:00:00+00:00, run_after=2026-03-03 16:00:00+00:00
[2026-03-03T00:13:43.084+0000] {logging_mixin.py:188} INFO - [2026-03-03T00:13:43.084+0000] {dag.py:3954} INFO - Setting next_dagrun for produce_json to 2026-03-02 14:00:00+00:00, run_after=2026-03-03 14:00:00+00:00
[2026-03-03T00:13:43.091+0000] {logging_mixin.py:188} INFO - [2026-03-03T00:13:43.090+0000] {dag.py:3954} INFO - Setting next_dagrun for update_db to 2026-03-02 15:00:00+00:00, run_after=2026-03-03 15:00:00+00:00
[2026-03-03T00:13:43.143+0000] {processor.py:183} INFO - Processing /opt/airflow/dags/main.py took 0.739 seconds
[2026-03-03T00:13:45.962+0000] {processor.py:161} INFO - Started process (PID=1770) to work on /opt/airflow/dags/main.py
[2026-03-03T00:13:45.965+0000] {processor.py:830} INFO - Processing file /opt/airflow/dags/main.py for tasks to queue
[2026-03-03T00:13:45.967+0000] {logging_mixin.py:188} INFO - [2026-03-03T00:13:45.967+0000] {dagbag.py:545} INFO - Filling up the DagBag from /opt/airflow/dags/main.py
[2026-03-03T00:13:46.040+0000] {processor.py:840} INFO - DAG(s) 'update_db', 'data_quality', 'produce_json' retrieved from /opt/airflow/dags/main.py
[2026-03-03T00:13:46.137+0000] {logging_mixin.py:188} INFO - [2026-03-03T00:13:46.137+0000] {dag.py:3096} INFO - Sync 3 DAGs
[2026-03-03T00:13:46.184+0000] {logging_mixin.py:188} INFO - [2026-03-03T00:13:46.183+0000] {dag.py:3954} INFO - Setting next_dagrun for data_quality to 2026-03-02 16:00:00+00:00, run_after=2026-03-03 16:00:00+00:00
[2026-03-03T00:13:46.195+0000] {logging_mixin.py:188} INFO - [2026-03-03T00:13:46.195+0000] {dag.py:3954} INFO - Setting next_dagrun for produce_json to 2026-03-02 14:00:00+00:00, run_after=2026-03-03 14:00:00+00:00
[2026-03-03T00:13:46.206+0000] {logging_mixin.py:188} INFO - [2026-03-03T00:13:46.206+0000] {dag.py:3954} INFO - Setting next_dagrun for update_db to 2026-03-02 15:00:00+00:00, run_after=2026-03-03 15:00:00+00:00
[2026-03-03T00:13:46.236+0000] {processor.py:183} INFO - Processing /opt/airflow/dags/main.py took 0.285 seconds
[2026-03-03T00:13:54.372+0000] {processor.py:161} INFO - Started process (PID=1771) to work on /opt/airflow/dags/main.py
[2026-03-03T00:13:54.378+0000] {processor.py:830} INFO - Processing file /opt/airflow/dags/main.py for tasks to queue
[2026-03-03T00:13:54.383+0000] {logging_mixin.py:188} INFO - [2026-03-03T00:13:54.381+0000] {dagbag.py:545} INFO - Filling up the DagBag from /opt/airflow/dags/main.py
[2026-03-03T00:13:54.501+0000] {processor.py:840} INFO - DAG(s) 'data_quality', 'update_db', 'produce_json' retrieved from /opt/airflow/dags/main.py
[2026-03-03T00:13:54.573+0000] {logging_mixin.py:188} INFO - [2026-03-03T00:13:54.573+0000] {dag.py:3096} INFO - Sync 3 DAGs
[2026-03-03T00:13:54.626+0000] {logging_mixin.py:188} INFO - [2026-03-03T00:13:54.626+0000] {dag.py:3954} INFO - Setting next_dagrun for data_quality to 2026-03-02 16:00:00+00:00, run_after=2026-03-03 16:00:00+00:00
[2026-03-03T00:13:54.635+0000] {logging_mixin.py:188} INFO - [2026-03-03T00:13:54.634+0000] {dag.py:3954} INFO - Setting next_dagrun for produce_json to 2026-03-02 14:00:00+00:00, run_after=2026-03-03 14:00:00+00:00
[2026-03-03T00:13:54.647+0000] {logging_mixin.py:188} INFO - [2026-03-03T00:13:54.646+0000] {dag.py:3954} INFO - Setting next_dagrun for update_db to 2026-03-02 15:00:00+00:00, run_after=2026-03-03 15:00:00+00:00
[2026-03-03T00:13:54.848+0000] {processor.py:183} INFO - Processing /opt/airflow/dags/main.py took 0.499 seconds
[2026-03-03T00:14:09.299+0000] {processor.py:161} INFO - Started process (PID=1777) to work on /opt/airflow/dags/main.py
[2026-03-03T00:14:09.306+0000] {processor.py:830} INFO - Processing file /opt/airflow/dags/main.py for tasks to queue
[2026-03-03T00:14:09.315+0000] {logging_mixin.py:188} INFO - [2026-03-03T00:14:09.313+0000] {dagbag.py:545} INFO - Filling up the DagBag from /opt/airflow/dags/main.py
[2026-03-03T00:14:09.752+0000] {processor.py:840} INFO - DAG(s) 'produce_json', 'data_quality', 'update_db' retrieved from /opt/airflow/dags/main.py
[2026-03-03T00:14:09.850+0000] {logging_mixin.py:188} INFO - [2026-03-03T00:14:09.850+0000] {dag.py:3096} INFO - Sync 3 DAGs
[2026-03-03T00:14:09.896+0000] {logging_mixin.py:188} INFO - [2026-03-03T00:14:09.896+0000] {dag.py:3954} INFO - Setting next_dagrun for data_quality to 2026-03-02 16:00:00+00:00, run_after=2026-03-03 16:00:00+00:00
[2026-03-03T00:14:09.906+0000] {logging_mixin.py:188} INFO - [2026-03-03T00:14:09.906+0000] {dag.py:3954} INFO - Setting next_dagrun for produce_json to 2026-03-02 14:00:00+00:00, run_after=2026-03-03 14:00:00+00:00
[2026-03-03T00:14:09.912+0000] {logging_mixin.py:188} INFO - [2026-03-03T00:14:09.911+0000] {dag.py:3954} INFO - Setting next_dagrun for update_db to 2026-03-02 15:00:00+00:00, run_after=2026-03-03 15:00:00+00:00
[2026-03-03T00:14:09.950+0000] {processor.py:183} INFO - Processing /opt/airflow/dags/main.py took 0.683 seconds
[2026-03-03T00:14:15.196+0000] {processor.py:161} INFO - Started process (PID=1778) to work on /opt/airflow/dags/main.py
[2026-03-03T00:14:15.199+0000] {processor.py:830} INFO - Processing file /opt/airflow/dags/main.py for tasks to queue
[2026-03-03T00:14:15.201+0000] {logging_mixin.py:188} INFO - [2026-03-03T00:14:15.200+0000] {dagbag.py:545} INFO - Filling up the DagBag from /opt/airflow/dags/main.py
[2026-03-03T00:14:15.277+0000] {logging_mixin.py:188} INFO - [2026-03-03T00:14:15.273+0000] {dagbag.py:355} ERROR - Failed to import: /opt/airflow/dags/main.py
Traceback (most recent call last):
  File "/home/airflow/.local/lib/python3.10/site-packages/airflow/models/dagbag.py", line 351, in parse
    loader.exec_module(new_module)
  File "<frozen importlib._bootstrap_external>", line 883, in exec_module
  File "<frozen importlib._bootstrap>", line 241, in _call_with_frames_removed
  File "/opt/airflow/dags/main.py", line 47, in <module>
    trigger_
NameError: name 'trigger_' is not defined
[2026-03-03T00:14:15.315+0000] {processor.py:842} WARNING - No viable dags retrieved from /opt/airflow/dags/main.py
[2026-03-03T00:14:15.351+0000] {processor.py:183} INFO - Processing /opt/airflow/dags/main.py took 0.185 seconds
[2026-03-03T00:14:18.427+0000] {processor.py:161} INFO - Started process (PID=1779) to work on /opt/airflow/dags/main.py
[2026-03-03T00:14:18.433+0000] {processor.py:830} INFO - Processing file /opt/airflow/dags/main.py for tasks to queue
[2026-03-03T00:14:18.439+0000] {logging_mixin.py:188} INFO - [2026-03-03T00:14:18.437+0000] {dagbag.py:545} INFO - Filling up the DagBag from /opt/airflow/dags/main.py
[2026-03-03T00:14:18.518+0000] {logging_mixin.py:188} INFO - [2026-03-03T00:14:18.509+0000] {dagbag.py:355} ERROR - Failed to import: /opt/airflow/dags/main.py
Traceback (most recent call last):
  File "/home/airflow/.local/lib/python3.10/site-packages/airflow/models/dagbag.py", line 351, in parse
    loader.exec_module(new_module)
  File "<frozen importlib._bootstrap_external>", line 883, in exec_module
  File "<frozen importlib._bootstrap>", line 241, in _call_with_frames_removed
  File "/opt/airflow/dags/main.py", line 47, in <module>
    trigger_upda
NameError: name 'trigger_upda' is not defined
[2026-03-03T00:14:18.528+0000] {processor.py:842} WARNING - No viable dags retrieved from /opt/airflow/dags/main.py
[2026-03-03T00:14:18.587+0000] {processor.py:183} INFO - Processing /opt/airflow/dags/main.py took 0.181 seconds
[2026-03-03T00:14:20.447+0000] {processor.py:161} INFO - Started process (PID=1780) to work on /opt/airflow/dags/main.py
[2026-03-03T00:14:20.448+0000] {processor.py:830} INFO - Processing file /opt/airflow/dags/main.py for tasks to queue
[2026-03-03T00:14:20.450+0000] {logging_mixin.py:188} INFO - [2026-03-03T00:14:20.449+0000] {dagbag.py:545} INFO - Filling up the DagBag from /opt/airflow/dags/main.py
[2026-03-03T00:14:20.534+0000] {logging_mixin.py:188} INFO - [2026-03-03T00:14:20.522+0000] {dagbag.py:355} ERROR - Failed to import: /opt/airflow/dags/main.py
Traceback (most recent call last):
  File "/home/airflow/.local/lib/python3.10/site-packages/airflow/models/dagbag.py", line 351, in parse
    loader.exec_module(new_module)
  File "<frozen importlib._bootstrap_external>", line 883, in exec_module
  File "<frozen importlib._bootstrap>", line 241, in _call_with_frames_removed
  File "/opt/airflow/dags/main.py", line 47, in <module>
    trigger_update_db
NameError: name 'trigger_update_db' is not defined
[2026-03-03T00:14:20.552+0000] {processor.py:842} WARNING - No viable dags retrieved from /opt/airflow/dags/main.py
[2026-03-03T00:14:20.614+0000] {processor.py:183} INFO - Processing /opt/airflow/dags/main.py took 0.180 seconds
[2026-03-03T00:14:25.486+0000] {processor.py:161} INFO - Started process (PID=1781) to work on /opt/airflow/dags/main.py
[2026-03-03T00:14:25.488+0000] {processor.py:830} INFO - Processing file /opt/airflow/dags/main.py for tasks to queue
[2026-03-03T00:14:25.491+0000] {logging_mixin.py:188} INFO - [2026-03-03T00:14:25.488+0000] {dagbag.py:545} INFO - Filling up the DagBag from /opt/airflow/dags/main.py
[2026-03-03T00:14:25.562+0000] {logging_mixin.py:188} INFO - [2026-03-03T00:14:25.561+0000] {dagbag.py:355} ERROR - Failed to import: /opt/airflow/dags/main.py
Traceback (most recent call last):
  File "/home/airflow/.local/lib/python3.10/site-packages/airflow/models/dagbag.py", line 351, in parse
    loader.exec_module(new_module)
  File "<frozen importlib._bootstrap_external>", line 883, in exec_module
  File "<frozen importlib._bootstrap>", line 241, in _call_with_frames_removed
  File "/opt/airflow/dags/main.py", line 47, in <module>
    trigger_update_db = Tr
NameError: name 'Tr' is not defined
[2026-03-03T00:14:25.564+0000] {processor.py:842} WARNING - No viable dags retrieved from /opt/airflow/dags/main.py
[2026-03-03T00:14:25.600+0000] {processor.py:183} INFO - Processing /opt/airflow/dags/main.py took 0.127 seconds
[2026-03-03T00:14:29.546+0000] {processor.py:161} INFO - Started process (PID=1782) to work on /opt/airflow/dags/main.py
[2026-03-03T00:14:29.549+0000] {processor.py:830} INFO - Processing file /opt/airflow/dags/main.py for tasks to queue
[2026-03-03T00:14:29.551+0000] {logging_mixin.py:188} INFO - [2026-03-03T00:14:29.550+0000] {dagbag.py:545} INFO - Filling up the DagBag from /opt/airflow/dags/main.py
[2026-03-03T00:14:29.616+0000] {logging_mixin.py:188} INFO - [2026-03-03T00:14:29.615+0000] {dagbag.py:355} ERROR - Failed to import: /opt/airflow/dags/main.py
Traceback (most recent call last):
  File "/home/airflow/.local/lib/python3.10/site-packages/airflow/models/dagbag.py", line 351, in parse
    loader.exec_module(new_module)
  File "<frozen importlib._bootstrap_external>", line 883, in exec_module
  File "<frozen importlib._bootstrap>", line 241, in _call_with_frames_removed
  File "/opt/airflow/dags/main.py", line 47, in <module>
    trigger_update_db = T
NameError: name 'T' is not defined
[2026-03-03T00:14:29.618+0000] {processor.py:842} WARNING - No viable dags retrieved from /opt/airflow/dags/main.py
[2026-03-03T00:14:29.681+0000] {processor.py:183} INFO - Processing /opt/airflow/dags/main.py took 0.148 seconds
[2026-03-03T00:14:31.941+0000] {processor.py:161} INFO - Started process (PID=1789) to work on /opt/airflow/dags/main.py
[2026-03-03T00:14:31.944+0000] {processor.py:830} INFO - Processing file /opt/airflow/dags/main.py for tasks to queue
[2026-03-03T00:14:31.947+0000] {logging_mixin.py:188} INFO - [2026-03-03T00:14:31.945+0000] {dagbag.py:545} INFO - Filling up the DagBag from /opt/airflow/dags/main.py
[2026-03-03T00:14:32.112+0000] {processor.py:840} INFO - DAG(s) 'update_db', 'produce_json', 'data_quality' retrieved from /opt/airflow/dags/main.py
[2026-03-03T00:14:32.203+0000] {logging_mixin.py:188} INFO - [2026-03-03T00:14:32.203+0000] {dag.py:3096} INFO - Sync 3 DAGs
[2026-03-03T00:14:32.251+0000] {logging_mixin.py:188} INFO - [2026-03-03T00:14:32.251+0000] {dag.py:3954} INFO - Setting next_dagrun for data_quality to 2026-03-02 16:00:00+00:00, run_after=2026-03-03 16:00:00+00:00
[2026-03-03T00:14:32.270+0000] {logging_mixin.py:188} INFO - [2026-03-03T00:14:32.270+0000] {dag.py:3954} INFO - Setting next_dagrun for produce_json to 2026-03-02 14:00:00+00:00, run_after=2026-03-03 14:00:00+00:00
[2026-03-03T00:14:32.277+0000] {logging_mixin.py:188} INFO - [2026-03-03T00:14:32.277+0000] {dag.py:3954} INFO - Setting next_dagrun for update_db to 2026-03-02 15:00:00+00:00, run_after=2026-03-03 15:00:00+00:00
[2026-03-03T00:14:32.331+0000] {processor.py:183} INFO - Processing /opt/airflow/dags/main.py took 0.431 seconds
[2026-03-03T00:14:35.422+0000] {processor.py:161} INFO - Started process (PID=1790) to work on /opt/airflow/dags/main.py
[2026-03-03T00:14:35.424+0000] {processor.py:830} INFO - Processing file /opt/airflow/dags/main.py for tasks to queue
[2026-03-03T00:14:35.426+0000] {logging_mixin.py:188} INFO - [2026-03-03T00:14:35.426+0000] {dagbag.py:545} INFO - Filling up the DagBag from /opt/airflow/dags/main.py
[2026-03-03T00:14:35.488+0000] {logging_mixin.py:188} INFO - [2026-03-03T00:14:35.487+0000] {dagbag.py:355} ERROR - Failed to import: /opt/airflow/dags/main.py
Traceback (most recent call last):
  File "/home/airflow/.local/lib/python3.10/site-packages/airflow/models/dagbag.py", line 351, in parse
    loader.exec_module(new_module)
  File "<frozen importlib._bootstrap_external>", line 883, in exec_module
  File "<frozen importlib._bootstrap>", line 241, in _call_with_frames_removed
  File "/opt/airflow/dags/main.py", line 47, in <module>
    trigger_update_db = TriggerDagRunOperator(
  File "/home/airflow/.local/lib/python3.10/site-packages/airflow/models/baseoperator.py", line 468, in apply_defaults
    raise AirflowException(f"missing keyword argument {missing_args.pop()!r}")
airflow.exceptions.AirflowException: missing keyword argument 'trigger_dag_id'
[2026-03-03T00:14:35.490+0000] {processor.py:842} WARNING - No viable dags retrieved from /opt/airflow/dags/main.py
[2026-03-03T00:14:35.537+0000] {processor.py:183} INFO - Processing /opt/airflow/dags/main.py took 0.128 seconds
[2026-03-03T00:14:40.704+0000] {processor.py:161} INFO - Started process (PID=1791) to work on /opt/airflow/dags/main.py
[2026-03-03T00:14:40.710+0000] {processor.py:830} INFO - Processing file /opt/airflow/dags/main.py for tasks to queue
[2026-03-03T00:14:40.715+0000] {logging_mixin.py:188} INFO - [2026-03-03T00:14:40.715+0000] {dagbag.py:545} INFO - Filling up the DagBag from /opt/airflow/dags/main.py
[2026-03-03T00:14:40.813+0000] {logging_mixin.py:188} INFO - [2026-03-03T00:14:40.804+0000] {dagbag.py:355} ERROR - Failed to import: /opt/airflow/dags/main.py
Traceback (most recent call last):
  File "/home/airflow/.local/lib/python3.10/site-packages/airflow/models/dagbag.py", line 351, in parse
    loader.exec_module(new_module)
  File "<frozen importlib._bootstrap_external>", line 883, in exec_module
  File "<frozen importlib._bootstrap>", line 241, in _call_with_frames_removed
  File "/opt/airflow/dags/main.py", line 48, in <module>
    task_id
NameError: name 'task_id' is not defined
[2026-03-03T00:14:40.818+0000] {processor.py:842} WARNING - No viable dags retrieved from /opt/airflow/dags/main.py
[2026-03-03T00:14:40.858+0000] {processor.py:183} INFO - Processing /opt/airflow/dags/main.py took 0.208 seconds
[2026-03-03T00:14:42.753+0000] {processor.py:161} INFO - Started process (PID=1792) to work on /opt/airflow/dags/main.py
[2026-03-03T00:14:42.755+0000] {processor.py:830} INFO - Processing file /opt/airflow/dags/main.py for tasks to queue
[2026-03-03T00:14:42.756+0000] {logging_mixin.py:188} INFO - [2026-03-03T00:14:42.755+0000] {dagbag.py:545} INFO - Filling up the DagBag from /opt/airflow/dags/main.py
[2026-03-03T00:14:42.762+0000] {logging_mixin.py:188} INFO - [2026-03-03T00:14:42.760+0000] {dagbag.py:355} ERROR - Failed to import: /opt/airflow/dags/main.py
Traceback (most recent call last):
  File "/home/airflow/.local/lib/python3.10/site-packages/airflow/models/dagbag.py", line 351, in parse
    loader.exec_module(new_module)
  File "<frozen importlib._bootstrap_external>", line 879, in exec_module
  File "<frozen importlib._bootstrap_external>", line 1017, in get_code
  File "<frozen importlib._bootstrap_external>", line 947, in source_to_code
  File "<frozen importlib._bootstrap>", line 241, in _call_with_frames_removed
  File "/opt/airflow/dags/main.py", line 49
    )
    ^
SyntaxError: invalid syntax
[2026-03-03T00:14:42.762+0000] {processor.py:842} WARNING - No viable dags retrieved from /opt/airflow/dags/main.py
[2026-03-03T00:14:42.804+0000] {processor.py:183} INFO - Processing /opt/airflow/dags/main.py took 0.064 seconds
[2026-03-03T00:14:44.769+0000] {processor.py:161} INFO - Started process (PID=1793) to work on /opt/airflow/dags/main.py
[2026-03-03T00:14:44.770+0000] {processor.py:830} INFO - Processing file /opt/airflow/dags/main.py for tasks to queue
[2026-03-03T00:14:44.772+0000] {logging_mixin.py:188} INFO - [2026-03-03T00:14:44.771+0000] {dagbag.py:545} INFO - Filling up the DagBag from /opt/airflow/dags/main.py
[2026-03-03T00:14:45.049+0000] {logging_mixin.py:188} INFO - [2026-03-03T00:14:45.048+0000] {dagbag.py:355} ERROR - Failed to import: /opt/airflow/dags/main.py
Traceback (most recent call last):
  File "/home/airflow/.local/lib/python3.10/site-packages/airflow/models/dagbag.py", line 351, in parse
    loader.exec_module(new_module)
  File "<frozen importlib._bootstrap_external>", line 883, in exec_module
  File "<frozen importlib._bootstrap>", line 241, in _call_with_frames_removed
  File "/opt/airflow/dags/main.py", line 47, in <module>
    trigger_update_db = TriggerDagRunOperator(
  File "/home/airflow/.local/lib/python3.10/site-packages/airflow/models/baseoperator.py", line 468, in apply_defaults
    raise AirflowException(f"missing keyword argument {missing_args.pop()!r}")
airflow.exceptions.AirflowException: missing keyword argument 'trigger_dag_id'
[2026-03-03T00:14:45.055+0000] {processor.py:842} WARNING - No viable dags retrieved from /opt/airflow/dags/main.py
[2026-03-03T00:14:45.109+0000] {processor.py:183} INFO - Processing /opt/airflow/dags/main.py took 0.352 seconds
[2026-03-03T00:14:51.605+0000] {processor.py:161} INFO - Started process (PID=1794) to work on /opt/airflow/dags/main.py
[2026-03-03T00:14:51.612+0000] {processor.py:830} INFO - Processing file /opt/airflow/dags/main.py for tasks to queue
[2026-03-03T00:14:51.616+0000] {logging_mixin.py:188} INFO - [2026-03-03T00:14:51.615+0000] {dagbag.py:545} INFO - Filling up the DagBag from /opt/airflow/dags/main.py
[2026-03-03T00:14:51.687+0000] {logging_mixin.py:188} INFO - [2026-03-03T00:14:51.686+0000] {dagbag.py:355} ERROR - Failed to import: /opt/airflow/dags/main.py
Traceback (most recent call last):
  File "/home/airflow/.local/lib/python3.10/site-packages/airflow/models/dagbag.py", line 351, in parse
    loader.exec_module(new_module)
  File "<frozen importlib._bootstrap_external>", line 883, in exec_module
  File "<frozen importlib._bootstrap>", line 241, in _call_with_frames_removed
  File "/opt/airflow/dags/main.py", line 47, in <module>
    trigger_update_db = TriggerDagRunOperator(
  File "/home/airflow/.local/lib/python3.10/site-packages/airflow/models/baseoperator.py", line 468, in apply_defaults
    raise AirflowException(f"missing keyword argument {missing_args.pop()!r}")
airflow.exceptions.AirflowException: missing keyword argument 'trigger_dag_id'
[2026-03-03T00:14:51.690+0000] {processor.py:842} WARNING - No viable dags retrieved from /opt/airflow/dags/main.py
[2026-03-03T00:14:51.748+0000] {processor.py:183} INFO - Processing /opt/airflow/dags/main.py took 0.189 seconds
[2026-03-03T00:14:52.690+0000] {processor.py:161} INFO - Started process (PID=1795) to work on /opt/airflow/dags/main.py
[2026-03-03T00:14:52.693+0000] {processor.py:830} INFO - Processing file /opt/airflow/dags/main.py for tasks to queue
[2026-03-03T00:14:52.696+0000] {logging_mixin.py:188} INFO - [2026-03-03T00:14:52.695+0000] {dagbag.py:545} INFO - Filling up the DagBag from /opt/airflow/dags/main.py
[2026-03-03T00:14:52.786+0000] {logging_mixin.py:188} INFO - [2026-03-03T00:14:52.784+0000] {dagbag.py:355} ERROR - Failed to import: /opt/airflow/dags/main.py
Traceback (most recent call last):
  File "/home/airflow/.local/lib/python3.10/site-packages/airflow/models/dagbag.py", line 351, in parse
    loader.exec_module(new_module)
  File "<frozen importlib._bootstrap_external>", line 883, in exec_module
  File "<frozen importlib._bootstrap>", line 241, in _call_with_frames_removed
  File "/opt/airflow/dags/main.py", line 47, in <module>
    trigger_update_db = TriggerDagRunOperator(
  File "/home/airflow/.local/lib/python3.10/site-packages/airflow/models/baseoperator.py", line 468, in apply_defaults
    raise AirflowException(f"missing keyword argument {missing_args.pop()!r}")
airflow.exceptions.AirflowException: missing keyword argument 'trigger_dag_id'
[2026-03-03T00:14:52.792+0000] {processor.py:842} WARNING - No viable dags retrieved from /opt/airflow/dags/main.py
[2026-03-03T00:14:52.866+0000] {processor.py:183} INFO - Processing /opt/airflow/dags/main.py took 0.231 seconds
[2026-03-03T00:15:01.924+0000] {processor.py:161} INFO - Started process (PID=1802) to work on /opt/airflow/dags/main.py
[2026-03-03T00:15:01.927+0000] {processor.py:830} INFO - Processing file /opt/airflow/dags/main.py for tasks to queue
[2026-03-03T00:15:01.929+0000] {logging_mixin.py:188} INFO - [2026-03-03T00:15:01.928+0000] {dagbag.py:545} INFO - Filling up the DagBag from /opt/airflow/dags/main.py
[2026-03-03T00:15:01.936+0000] {logging_mixin.py:188} INFO - [2026-03-03T00:15:01.933+0000] {dagbag.py:355} ERROR - Failed to import: /opt/airflow/dags/main.py
Traceback (most recent call last):
  File "/home/airflow/.local/lib/python3.10/site-packages/airflow/models/dagbag.py", line 351, in parse
    loader.exec_module(new_module)
  File "<frozen importlib._bootstrap_external>", line 879, in exec_module
  File "<frozen importlib._bootstrap_external>", line 1017, in get_code
  File "<frozen importlib._bootstrap_external>", line 947, in source_to_code
  File "<frozen importlib._bootstrap>", line 241, in _call_with_frames_removed
  File "/opt/airflow/dags/main.py", line 48
    task_id="trigger_update_db"
            
SyntaxError: invalid syntax. Perhaps you forgot a comma?
[2026-03-03T00:15:01.937+0000] {processor.py:842} WARNING - No viable dags retrieved from /opt/airflow/dags/main.py
[2026-03-03T00:15:01.971+0000] {processor.py:183} INFO - Processing /opt/airflow/dags/main.py took 0.059 seconds
[2026-03-03T00:15:06.242+0000] {processor.py:161} INFO - Started process (PID=1803) to work on /opt/airflow/dags/main.py
[2026-03-03T00:15:06.245+0000] {processor.py:830} INFO - Processing file /opt/airflow/dags/main.py for tasks to queue
[2026-03-03T00:15:06.250+0000] {logging_mixin.py:188} INFO - [2026-03-03T00:15:06.248+0000] {dagbag.py:545} INFO - Filling up the DagBag from /opt/airflow/dags/main.py
[2026-03-03T00:15:06.256+0000] {logging_mixin.py:188} INFO - [2026-03-03T00:15:06.255+0000] {dagbag.py:355} ERROR - Failed to import: /opt/airflow/dags/main.py
Traceback (most recent call last):
  File "/home/airflow/.local/lib/python3.10/site-packages/airflow/models/dagbag.py", line 351, in parse
    loader.exec_module(new_module)
  File "<frozen importlib._bootstrap_external>", line 879, in exec_module
  File "<frozen importlib._bootstrap_external>", line 1017, in get_code
  File "<frozen importlib._bootstrap_external>", line 947, in source_to_code
  File "<frozen importlib._bootstrap>", line 241, in _call_with_frames_removed
  File "/opt/airflow/dags/main.py", line 48
    task_id="trigger_update_db"
            
SyntaxError: invalid syntax. Perhaps you forgot a comma?
[2026-03-03T00:15:06.257+0000] {processor.py:842} WARNING - No viable dags retrieved from /opt/airflow/dags/main.py
[2026-03-03T00:15:06.305+0000] {processor.py:183} INFO - Processing /opt/airflow/dags/main.py took 0.084 seconds
[2026-03-03T00:15:12.367+0000] {processor.py:161} INFO - Started process (PID=1804) to work on /opt/airflow/dags/main.py
[2026-03-03T00:15:12.370+0000] {processor.py:830} INFO - Processing file /opt/airflow/dags/main.py for tasks to queue
[2026-03-03T00:15:12.371+0000] {logging_mixin.py:188} INFO - [2026-03-03T00:15:12.371+0000] {dagbag.py:545} INFO - Filling up the DagBag from /opt/airflow/dags/main.py
[2026-03-03T00:15:12.379+0000] {logging_mixin.py:188} INFO - [2026-03-03T00:15:12.377+0000] {dagbag.py:355} ERROR - Failed to import: /opt/airflow/dags/main.py
Traceback (most recent call last):
  File "/home/airflow/.local/lib/python3.10/site-packages/airflow/models/dagbag.py", line 351, in parse
    loader.exec_module(new_module)
  File "<frozen importlib._bootstrap_external>", line 879, in exec_module
  File "<frozen importlib._bootstrap_external>", line 1017, in get_code
  File "<frozen importlib._bootstrap_external>", line 947, in source_to_code
  File "<frozen importlib._bootstrap>", line 241, in _call_with_frames_removed
  File "/opt/airflow/dags/main.py", line 48
    task_id="trigger_update_db"
            ^^^^^^
SyntaxError: invalid syntax. Perhaps you forgot a comma?
[2026-03-03T00:15:12.380+0000] {processor.py:842} WARNING - No viable dags retrieved from /opt/airflow/dags/main.py
[2026-03-03T00:15:12.437+0000] {processor.py:183} INFO - Processing /opt/airflow/dags/main.py took 0.083 seconds
[2026-03-03T00:15:15.495+0000] {processor.py:161} INFO - Started process (PID=1805) to work on /opt/airflow/dags/main.py
[2026-03-03T00:15:15.497+0000] {processor.py:830} INFO - Processing file /opt/airflow/dags/main.py for tasks to queue
[2026-03-03T00:15:15.499+0000] {logging_mixin.py:188} INFO - [2026-03-03T00:15:15.498+0000] {dagbag.py:545} INFO - Filling up the DagBag from /opt/airflow/dags/main.py
[2026-03-03T00:15:15.510+0000] {logging_mixin.py:188} INFO - [2026-03-03T00:15:15.505+0000] {dagbag.py:355} ERROR - Failed to import: /opt/airflow/dags/main.py
Traceback (most recent call last):
  File "/home/airflow/.local/lib/python3.10/site-packages/airflow/models/dagbag.py", line 351, in parse
    loader.exec_module(new_module)
  File "<frozen importlib._bootstrap_external>", line 879, in exec_module
  File "<frozen importlib._bootstrap_external>", line 1017, in get_code
  File "<frozen importlib._bootstrap_external>", line 947, in source_to_code
  File "<frozen importlib._bootstrap>", line 241, in _call_with_frames_removed
  File "/opt/airflow/dags/main.py", line 48
    task_id="trigger_update_db"
            ^^^^^^
SyntaxError: invalid syntax. Perhaps you forgot a comma?
[2026-03-03T00:15:15.511+0000] {processor.py:842} WARNING - No viable dags retrieved from /opt/airflow/dags/main.py
[2026-03-03T00:15:15.561+0000] {processor.py:183} INFO - Processing /opt/airflow/dags/main.py took 0.092 seconds
[2026-03-03T00:15:18.547+0000] {processor.py:161} INFO - Started process (PID=1806) to work on /opt/airflow/dags/main.py
[2026-03-03T00:15:18.549+0000] {processor.py:830} INFO - Processing file /opt/airflow/dags/main.py for tasks to queue
[2026-03-03T00:15:18.551+0000] {logging_mixin.py:188} INFO - [2026-03-03T00:15:18.550+0000] {dagbag.py:545} INFO - Filling up the DagBag from /opt/airflow/dags/main.py
[2026-03-03T00:15:18.556+0000] {logging_mixin.py:188} INFO - [2026-03-03T00:15:18.554+0000] {dagbag.py:355} ERROR - Failed to import: /opt/airflow/dags/main.py
Traceback (most recent call last):
  File "/home/airflow/.local/lib/python3.10/site-packages/airflow/models/dagbag.py", line 351, in parse
    loader.exec_module(new_module)
  File "<frozen importlib._bootstrap_external>", line 879, in exec_module
  File "<frozen importlib._bootstrap_external>", line 1017, in get_code
  File "<frozen importlib._bootstrap_external>", line 947, in source_to_code
  File "<frozen importlib._bootstrap>", line 241, in _call_with_frames_removed
  File "/opt/airflow/dags/main.py", line 48
    task_id="trigger_update_db"
            ^^^^^^
SyntaxError: invalid syntax. Perhaps you forgot a comma?
[2026-03-03T00:15:18.557+0000] {processor.py:842} WARNING - No viable dags retrieved from /opt/airflow/dags/main.py
[2026-03-03T00:15:18.627+0000] {processor.py:183} INFO - Processing /opt/airflow/dags/main.py took 0.092 seconds
[2026-03-03T00:15:34.237+0000] {processor.py:161} INFO - Started process (PID=1813) to work on /opt/airflow/dags/main.py
[2026-03-03T00:15:34.240+0000] {processor.py:830} INFO - Processing file /opt/airflow/dags/main.py for tasks to queue
[2026-03-03T00:15:34.246+0000] {logging_mixin.py:188} INFO - [2026-03-03T00:15:34.243+0000] {dagbag.py:545} INFO - Filling up the DagBag from /opt/airflow/dags/main.py
[2026-03-03T00:15:34.253+0000] {logging_mixin.py:188} INFO - [2026-03-03T00:15:34.251+0000] {dagbag.py:355} ERROR - Failed to import: /opt/airflow/dags/main.py
Traceback (most recent call last):
  File "/home/airflow/.local/lib/python3.10/site-packages/airflow/models/dagbag.py", line 351, in parse
    loader.exec_module(new_module)
  File "<frozen importlib._bootstrap_external>", line 879, in exec_module
  File "<frozen importlib._bootstrap_external>", line 1017, in get_code
  File "<frozen importlib._bootstrap_external>", line 947, in source_to_code
  File "<frozen importlib._bootstrap>", line 241, in _call_with_frames_removed
  File "/opt/airflow/dags/main.py", line 48
    task_id="trigger_update_db"
            ^^^^^^
SyntaxError: invalid syntax. Perhaps you forgot a comma?
[2026-03-03T00:15:34.254+0000] {processor.py:842} WARNING - No viable dags retrieved from /opt/airflow/dags/main.py
[2026-03-03T00:15:34.336+0000] {processor.py:183} INFO - Processing /opt/airflow/dags/main.py took 0.118 seconds
[2026-03-03T00:15:36.434+0000] {processor.py:161} INFO - Started process (PID=1814) to work on /opt/airflow/dags/main.py
[2026-03-03T00:15:36.436+0000] {processor.py:830} INFO - Processing file /opt/airflow/dags/main.py for tasks to queue
[2026-03-03T00:15:36.438+0000] {logging_mixin.py:188} INFO - [2026-03-03T00:15:36.437+0000] {dagbag.py:545} INFO - Filling up the DagBag from /opt/airflow/dags/main.py
[2026-03-03T00:15:36.444+0000] {logging_mixin.py:188} INFO - [2026-03-03T00:15:36.442+0000] {dagbag.py:355} ERROR - Failed to import: /opt/airflow/dags/main.py
Traceback (most recent call last):
  File "/home/airflow/.local/lib/python3.10/site-packages/airflow/models/dagbag.py", line 351, in parse
    loader.exec_module(new_module)
  File "<frozen importlib._bootstrap_external>", line 879, in exec_module
  File "<frozen importlib._bootstrap_external>", line 1017, in get_code
  File "<frozen importlib._bootstrap_external>", line 947, in source_to_code
  File "<frozen importlib._bootstrap>", line 241, in _call_with_frames_removed
  File "/opt/airflow/dags/main.py", line 48
    task_id="trigger_update_db"
            ^^^^^^
SyntaxError: invalid syntax. Perhaps you forgot a comma?
[2026-03-03T00:15:36.444+0000] {processor.py:842} WARNING - No viable dags retrieved from /opt/airflow/dags/main.py
[2026-03-03T00:15:36.480+0000] {processor.py:183} INFO - Processing /opt/airflow/dags/main.py took 0.079 seconds
[2026-03-03T00:15:38.647+0000] {processor.py:161} INFO - Started process (PID=1815) to work on /opt/airflow/dags/main.py
[2026-03-03T00:15:38.654+0000] {processor.py:830} INFO - Processing file /opt/airflow/dags/main.py for tasks to queue
[2026-03-03T00:15:38.657+0000] {logging_mixin.py:188} INFO - [2026-03-03T00:15:38.656+0000] {dagbag.py:545} INFO - Filling up the DagBag from /opt/airflow/dags/main.py
[2026-03-03T00:15:38.672+0000] {logging_mixin.py:188} INFO - [2026-03-03T00:15:38.671+0000] {dagbag.py:355} ERROR - Failed to import: /opt/airflow/dags/main.py
Traceback (most recent call last):
  File "/home/airflow/.local/lib/python3.10/site-packages/airflow/models/dagbag.py", line 351, in parse
    loader.exec_module(new_module)
  File "<frozen importlib._bootstrap_external>", line 879, in exec_module
  File "<frozen importlib._bootstrap_external>", line 1017, in get_code
  File "<frozen importlib._bootstrap_external>", line 947, in source_to_code
  File "<frozen importlib._bootstrap>", line 241, in _call_with_frames_removed
  File "/opt/airflow/dags/main.py", line 48
    task_id="trigger_update_db"
            ^^^^^^
SyntaxError: invalid syntax. Perhaps you forgot a comma?
[2026-03-03T00:15:38.674+0000] {processor.py:842} WARNING - No viable dags retrieved from /opt/airflow/dags/main.py
[2026-03-03T00:15:38.820+0000] {processor.py:183} INFO - Processing /opt/airflow/dags/main.py took 0.194 seconds
[2026-03-03T00:15:41.925+0000] {processor.py:161} INFO - Started process (PID=1816) to work on /opt/airflow/dags/main.py
[2026-03-03T00:15:41.927+0000] {processor.py:830} INFO - Processing file /opt/airflow/dags/main.py for tasks to queue
[2026-03-03T00:15:41.930+0000] {logging_mixin.py:188} INFO - [2026-03-03T00:15:41.929+0000] {dagbag.py:545} INFO - Filling up the DagBag from /opt/airflow/dags/main.py
[2026-03-03T00:15:41.937+0000] {logging_mixin.py:188} INFO - [2026-03-03T00:15:41.935+0000] {dagbag.py:355} ERROR - Failed to import: /opt/airflow/dags/main.py
Traceback (most recent call last):
  File "/home/airflow/.local/lib/python3.10/site-packages/airflow/models/dagbag.py", line 351, in parse
    loader.exec_module(new_module)
  File "<frozen importlib._bootstrap_external>", line 879, in exec_module
  File "<frozen importlib._bootstrap_external>", line 1017, in get_code
  File "<frozen importlib._bootstrap_external>", line 947, in source_to_code
  File "<frozen importlib._bootstrap>", line 241, in _call_with_frames_removed
  File "/opt/airflow/dags/main.py", line 48
    task_id="trigger_update_db"
            ^^^^^^
SyntaxError: invalid syntax. Perhaps you forgot a comma?
[2026-03-03T00:15:41.939+0000] {processor.py:842} WARNING - No viable dags retrieved from /opt/airflow/dags/main.py
[2026-03-03T00:15:41.987+0000] {processor.py:183} INFO - Processing /opt/airflow/dags/main.py took 0.074 seconds
[2026-03-03T00:15:54.101+0000] {processor.py:161} INFO - Started process (PID=1817) to work on /opt/airflow/dags/main.py
[2026-03-03T00:15:54.105+0000] {processor.py:830} INFO - Processing file /opt/airflow/dags/main.py for tasks to queue
[2026-03-03T00:15:54.106+0000] {logging_mixin.py:188} INFO - [2026-03-03T00:15:54.106+0000] {dagbag.py:545} INFO - Filling up the DagBag from /opt/airflow/dags/main.py
[2026-03-03T00:15:54.175+0000] {processor.py:840} INFO - DAG(s) 'update_db', 'produce_json', 'data_quality' retrieved from /opt/airflow/dags/main.py
[2026-03-03T00:15:54.434+0000] {logging_mixin.py:188} INFO - [2026-03-03T00:15:54.433+0000] {dag.py:3096} INFO - Sync 3 DAGs
[2026-03-03T00:15:54.482+0000] {logging_mixin.py:188} INFO - [2026-03-03T00:15:54.482+0000] {dag.py:3954} INFO - Setting next_dagrun for data_quality to 2026-03-02 16:00:00+00:00, run_after=2026-03-03 16:00:00+00:00
[2026-03-03T00:15:54.500+0000] {logging_mixin.py:188} INFO - [2026-03-03T00:15:54.499+0000] {dag.py:3954} INFO - Setting next_dagrun for produce_json to 2026-03-02 14:00:00+00:00, run_after=2026-03-03 14:00:00+00:00
[2026-03-03T00:15:54.507+0000] {logging_mixin.py:188} INFO - [2026-03-03T00:15:54.506+0000] {dag.py:3954} INFO - Setting next_dagrun for update_db to 2026-03-02 15:00:00+00:00, run_after=2026-03-03 15:00:00+00:00
[2026-03-03T00:15:54.579+0000] {processor.py:183} INFO - Processing /opt/airflow/dags/main.py took 0.490 seconds
[2026-03-03T00:15:55.635+0000] {processor.py:161} INFO - Started process (PID=1818) to work on /opt/airflow/dags/main.py
[2026-03-03T00:15:55.697+0000] {processor.py:830} INFO - Processing file /opt/airflow/dags/main.py for tasks to queue
[2026-03-03T00:15:55.699+0000] {logging_mixin.py:188} INFO - [2026-03-03T00:15:55.699+0000] {dagbag.py:545} INFO - Filling up the DagBag from /opt/airflow/dags/main.py
[2026-03-03T00:15:55.978+0000] {processor.py:840} INFO - DAG(s) 'data_quality', 'produce_json', 'update_db' retrieved from /opt/airflow/dags/main.py
[2026-03-03T00:15:56.083+0000] {logging_mixin.py:188} INFO - [2026-03-03T00:15:56.082+0000] {dag.py:3096} INFO - Sync 3 DAGs
[2026-03-03T00:15:56.141+0000] {logging_mixin.py:188} INFO - [2026-03-03T00:15:56.141+0000] {dag.py:3954} INFO - Setting next_dagrun for data_quality to 2026-03-02 16:00:00+00:00, run_after=2026-03-03 16:00:00+00:00
[2026-03-03T00:15:56.150+0000] {logging_mixin.py:188} INFO - [2026-03-03T00:15:56.150+0000] {dag.py:3954} INFO - Setting next_dagrun for produce_json to 2026-03-02 14:00:00+00:00, run_after=2026-03-03 14:00:00+00:00
[2026-03-03T00:15:56.155+0000] {logging_mixin.py:188} INFO - [2026-03-03T00:15:56.155+0000] {dag.py:3954} INFO - Setting next_dagrun for update_db to 2026-03-02 15:00:00+00:00, run_after=2026-03-03 15:00:00+00:00
[2026-03-03T00:15:56.184+0000] {processor.py:183} INFO - Processing /opt/airflow/dags/main.py took 0.565 seconds
[2026-03-03T00:16:21.639+0000] {processor.py:161} INFO - Started process (PID=1825) to work on /opt/airflow/dags/main.py
[2026-03-03T00:16:21.642+0000] {processor.py:830} INFO - Processing file /opt/airflow/dags/main.py for tasks to queue
[2026-03-03T00:16:21.645+0000] {logging_mixin.py:188} INFO - [2026-03-03T00:16:21.643+0000] {dagbag.py:545} INFO - Filling up the DagBag from /opt/airflow/dags/main.py
[2026-03-03T00:16:22.001+0000] {processor.py:840} INFO - DAG(s) 'update_db', 'produce_json', 'data_quality' retrieved from /opt/airflow/dags/main.py
[2026-03-03T00:16:22.086+0000] {logging_mixin.py:188} INFO - [2026-03-03T00:16:22.085+0000] {dag.py:3096} INFO - Sync 3 DAGs
[2026-03-03T00:16:22.167+0000] {logging_mixin.py:188} INFO - [2026-03-03T00:16:22.167+0000] {dag.py:3954} INFO - Setting next_dagrun for data_quality to 2026-03-02 16:00:00+00:00, run_after=2026-03-03 16:00:00+00:00
[2026-03-03T00:16:22.176+0000] {logging_mixin.py:188} INFO - [2026-03-03T00:16:22.176+0000] {dag.py:3954} INFO - Setting next_dagrun for produce_json to 2026-03-02 14:00:00+00:00, run_after=2026-03-03 14:00:00+00:00
[2026-03-03T00:16:22.182+0000] {logging_mixin.py:188} INFO - [2026-03-03T00:16:22.182+0000] {dag.py:3954} INFO - Setting next_dagrun for update_db to 2026-03-02 15:00:00+00:00, run_after=2026-03-03 15:00:00+00:00
[2026-03-03T00:16:22.216+0000] {processor.py:183} INFO - Processing /opt/airflow/dags/main.py took 0.598 seconds
[2026-03-03T00:16:28.115+0000] {processor.py:161} INFO - Started process (PID=1826) to work on /opt/airflow/dags/main.py
[2026-03-03T00:16:28.119+0000] {processor.py:830} INFO - Processing file /opt/airflow/dags/main.py for tasks to queue
[2026-03-03T00:16:28.123+0000] {logging_mixin.py:188} INFO - [2026-03-03T00:16:28.122+0000] {dagbag.py:545} INFO - Filling up the DagBag from /opt/airflow/dags/main.py
[2026-03-03T00:16:28.337+0000] {processor.py:840} INFO - DAG(s) 'data_quality', 'produce_json', 'update_db' retrieved from /opt/airflow/dags/main.py
[2026-03-03T00:16:28.402+0000] {logging_mixin.py:188} INFO - [2026-03-03T00:16:28.402+0000] {dag.py:3096} INFO - Sync 3 DAGs
[2026-03-03T00:16:28.450+0000] {logging_mixin.py:188} INFO - [2026-03-03T00:16:28.450+0000] {dag.py:3954} INFO - Setting next_dagrun for data_quality to 2026-03-02 16:00:00+00:00, run_after=2026-03-03 16:00:00+00:00
[2026-03-03T00:16:28.462+0000] {logging_mixin.py:188} INFO - [2026-03-03T00:16:28.462+0000] {dag.py:3954} INFO - Setting next_dagrun for produce_json to 2026-03-02 14:00:00+00:00, run_after=2026-03-03 14:00:00+00:00
[2026-03-03T00:16:28.475+0000] {logging_mixin.py:188} INFO - [2026-03-03T00:16:28.473+0000] {dag.py:3954} INFO - Setting next_dagrun for update_db to 2026-03-02 15:00:00+00:00, run_after=2026-03-03 15:00:00+00:00
[2026-03-03T00:16:28.541+0000] {processor.py:183} INFO - Processing /opt/airflow/dags/main.py took 0.475 seconds
[2026-03-03T00:16:30.671+0000] {processor.py:161} INFO - Started process (PID=1827) to work on /opt/airflow/dags/main.py
[2026-03-03T00:16:30.673+0000] {processor.py:830} INFO - Processing file /opt/airflow/dags/main.py for tasks to queue
[2026-03-03T00:16:30.675+0000] {logging_mixin.py:188} INFO - [2026-03-03T00:16:30.675+0000] {dagbag.py:545} INFO - Filling up the DagBag from /opt/airflow/dags/main.py
[2026-03-03T00:16:30.757+0000] {processor.py:840} INFO - DAG(s) 'update_db', 'produce_json', 'data_quality' retrieved from /opt/airflow/dags/main.py
[2026-03-03T00:16:30.815+0000] {logging_mixin.py:188} INFO - [2026-03-03T00:16:30.814+0000] {dag.py:3096} INFO - Sync 3 DAGs
[2026-03-03T00:16:30.860+0000] {logging_mixin.py:188} INFO - [2026-03-03T00:16:30.860+0000] {dag.py:3954} INFO - Setting next_dagrun for data_quality to 2026-03-02 16:00:00+00:00, run_after=2026-03-03 16:00:00+00:00
[2026-03-03T00:16:30.868+0000] {logging_mixin.py:188} INFO - [2026-03-03T00:16:30.868+0000] {dag.py:3954} INFO - Setting next_dagrun for produce_json to 2026-03-02 14:00:00+00:00, run_after=2026-03-03 14:00:00+00:00
[2026-03-03T00:16:30.874+0000] {logging_mixin.py:188} INFO - [2026-03-03T00:16:30.873+0000] {dag.py:3954} INFO - Setting next_dagrun for update_db to 2026-03-02 15:00:00+00:00, run_after=2026-03-03 15:00:00+00:00
[2026-03-03T00:16:30.904+0000] {processor.py:183} INFO - Processing /opt/airflow/dags/main.py took 0.271 seconds
[2026-03-03T00:16:44.505+0000] {processor.py:161} INFO - Started process (PID=1835) to work on /opt/airflow/dags/main.py
[2026-03-03T00:16:44.509+0000] {processor.py:830} INFO - Processing file /opt/airflow/dags/main.py for tasks to queue
[2026-03-03T00:16:44.511+0000] {logging_mixin.py:188} INFO - [2026-03-03T00:16:44.510+0000] {dagbag.py:545} INFO - Filling up the DagBag from /opt/airflow/dags/main.py
[2026-03-03T00:16:44.584+0000] {processor.py:840} INFO - DAG(s) 'data_quality', 'produce_json', 'update_db' retrieved from /opt/airflow/dags/main.py
[2026-03-03T00:16:44.665+0000] {logging_mixin.py:188} INFO - [2026-03-03T00:16:44.664+0000] {dag.py:3096} INFO - Sync 3 DAGs
[2026-03-03T00:16:44.731+0000] {logging_mixin.py:188} INFO - [2026-03-03T00:16:44.730+0000] {dag.py:3954} INFO - Setting next_dagrun for data_quality to 2026-03-02 16:00:00+00:00, run_after=2026-03-03 16:00:00+00:00
[2026-03-03T00:16:44.740+0000] {logging_mixin.py:188} INFO - [2026-03-03T00:16:44.740+0000] {dag.py:3954} INFO - Setting next_dagrun for produce_json to 2026-03-02 14:00:00+00:00, run_after=2026-03-03 14:00:00+00:00
[2026-03-03T00:16:44.747+0000] {logging_mixin.py:188} INFO - [2026-03-03T00:16:44.746+0000] {dag.py:3954} INFO - Setting next_dagrun for update_db to 2026-03-02 15:00:00+00:00, run_after=2026-03-03 15:00:00+00:00
[2026-03-03T00:16:44.791+0000] {processor.py:183} INFO - Processing /opt/airflow/dags/main.py took 0.297 seconds
[2026-03-03T00:16:45.574+0000] {processor.py:161} INFO - Started process (PID=1836) to work on /opt/airflow/dags/main.py
[2026-03-03T00:16:45.580+0000] {processor.py:830} INFO - Processing file /opt/airflow/dags/main.py for tasks to queue
[2026-03-03T00:16:45.590+0000] {logging_mixin.py:188} INFO - [2026-03-03T00:16:45.584+0000] {dagbag.py:545} INFO - Filling up the DagBag from /opt/airflow/dags/main.py
[2026-03-03T00:16:45.680+0000] {processor.py:840} INFO - DAG(s) 'produce_json', 'data_quality', 'update_db' retrieved from /opt/airflow/dags/main.py
[2026-03-03T00:16:45.760+0000] {logging_mixin.py:188} INFO - [2026-03-03T00:16:45.759+0000] {dag.py:3096} INFO - Sync 3 DAGs
[2026-03-03T00:16:45.805+0000] {logging_mixin.py:188} INFO - [2026-03-03T00:16:45.805+0000] {dag.py:3954} INFO - Setting next_dagrun for data_quality to 2026-03-02 16:00:00+00:00, run_after=2026-03-03 16:00:00+00:00
[2026-03-03T00:16:45.824+0000] {logging_mixin.py:188} INFO - [2026-03-03T00:16:45.824+0000] {dag.py:3954} INFO - Setting next_dagrun for produce_json to 2026-03-02 14:00:00+00:00, run_after=2026-03-03 14:00:00+00:00
[2026-03-03T00:16:45.831+0000] {logging_mixin.py:188} INFO - [2026-03-03T00:16:45.831+0000] {dag.py:3954} INFO - Setting next_dagrun for update_db to 2026-03-02 15:00:00+00:00, run_after=2026-03-03 15:00:00+00:00
[2026-03-03T00:16:45.869+0000] {processor.py:183} INFO - Processing /opt/airflow/dags/main.py took 0.310 seconds
[2026-03-03T00:17:16.360+0000] {processor.py:161} INFO - Started process (PID=1843) to work on /opt/airflow/dags/main.py
[2026-03-03T00:17:16.362+0000] {processor.py:830} INFO - Processing file /opt/airflow/dags/main.py for tasks to queue
[2026-03-03T00:17:16.365+0000] {logging_mixin.py:188} INFO - [2026-03-03T00:17:16.364+0000] {dagbag.py:545} INFO - Filling up the DagBag from /opt/airflow/dags/main.py
[2026-03-03T00:17:16.446+0000] {processor.py:840} INFO - DAG(s) 'produce_json', 'data_quality', 'update_db' retrieved from /opt/airflow/dags/main.py
[2026-03-03T00:17:16.506+0000] {logging_mixin.py:188} INFO - [2026-03-03T00:17:16.505+0000] {dag.py:3096} INFO - Sync 3 DAGs
[2026-03-03T00:17:16.545+0000] {logging_mixin.py:188} INFO - [2026-03-03T00:17:16.545+0000] {dag.py:3954} INFO - Setting next_dagrun for data_quality to 2026-03-02 16:00:00+00:00, run_after=2026-03-03 16:00:00+00:00
[2026-03-03T00:17:16.555+0000] {logging_mixin.py:188} INFO - [2026-03-03T00:17:16.555+0000] {dag.py:3954} INFO - Setting next_dagrun for produce_json to 2026-03-02 14:00:00+00:00, run_after=2026-03-03 14:00:00+00:00
[2026-03-03T00:17:16.561+0000] {logging_mixin.py:188} INFO - [2026-03-03T00:17:16.560+0000] {dag.py:3954} INFO - Setting next_dagrun for update_db to 2026-03-02 15:00:00+00:00, run_after=2026-03-03 15:00:00+00:00
[2026-03-03T00:17:16.595+0000] {processor.py:183} INFO - Processing /opt/airflow/dags/main.py took 0.249 seconds
[2026-03-03T00:17:47.577+0000] {processor.py:161} INFO - Started process (PID=1852) to work on /opt/airflow/dags/main.py
[2026-03-03T00:17:47.580+0000] {processor.py:830} INFO - Processing file /opt/airflow/dags/main.py for tasks to queue
[2026-03-03T00:17:47.581+0000] {logging_mixin.py:188} INFO - [2026-03-03T00:17:47.581+0000] {dagbag.py:545} INFO - Filling up the DagBag from /opt/airflow/dags/main.py
[2026-03-03T00:17:47.684+0000] {processor.py:840} INFO - DAG(s) 'produce_json', 'update_db', 'data_quality' retrieved from /opt/airflow/dags/main.py
[2026-03-03T00:17:47.759+0000] {logging_mixin.py:188} INFO - [2026-03-03T00:17:47.759+0000] {dag.py:3096} INFO - Sync 3 DAGs
[2026-03-03T00:17:47.807+0000] {logging_mixin.py:188} INFO - [2026-03-03T00:17:47.806+0000] {dag.py:3954} INFO - Setting next_dagrun for data_quality to 2026-03-02 16:00:00+00:00, run_after=2026-03-03 16:00:00+00:00
[2026-03-03T00:17:47.821+0000] {logging_mixin.py:188} INFO - [2026-03-03T00:17:47.821+0000] {dag.py:3954} INFO - Setting next_dagrun for produce_json to 2026-03-02 14:00:00+00:00, run_after=2026-03-03 14:00:00+00:00
[2026-03-03T00:17:47.828+0000] {logging_mixin.py:188} INFO - [2026-03-03T00:17:47.827+0000] {dag.py:3954} INFO - Setting next_dagrun for update_db to 2026-03-02 15:00:00+00:00, run_after=2026-03-03 15:00:00+00:00
[2026-03-03T00:17:47.882+0000] {processor.py:183} INFO - Processing /opt/airflow/dags/main.py took 0.326 seconds
[2026-03-03T00:18:18.495+0000] {processor.py:161} INFO - Started process (PID=1860) to work on /opt/airflow/dags/main.py
[2026-03-03T00:18:18.501+0000] {processor.py:830} INFO - Processing file /opt/airflow/dags/main.py for tasks to queue
[2026-03-03T00:18:18.503+0000] {logging_mixin.py:188} INFO - [2026-03-03T00:18:18.502+0000] {dagbag.py:545} INFO - Filling up the DagBag from /opt/airflow/dags/main.py
[2026-03-03T00:18:18.678+0000] {processor.py:840} INFO - DAG(s) 'update_db', 'data_quality', 'produce_json' retrieved from /opt/airflow/dags/main.py
[2026-03-03T00:18:18.746+0000] {logging_mixin.py:188} INFO - [2026-03-03T00:18:18.746+0000] {dag.py:3096} INFO - Sync 3 DAGs
[2026-03-03T00:18:18.803+0000] {logging_mixin.py:188} INFO - [2026-03-03T00:18:18.802+0000] {dag.py:3954} INFO - Setting next_dagrun for data_quality to 2026-03-02 16:00:00+00:00, run_after=2026-03-03 16:00:00+00:00
[2026-03-03T00:18:18.821+0000] {logging_mixin.py:188} INFO - [2026-03-03T00:18:18.821+0000] {dag.py:3954} INFO - Setting next_dagrun for produce_json to 2026-03-02 14:00:00+00:00, run_after=2026-03-03 14:00:00+00:00
[2026-03-03T00:18:18.839+0000] {logging_mixin.py:188} INFO - [2026-03-03T00:18:18.839+0000] {dag.py:3954} INFO - Setting next_dagrun for update_db to 2026-03-02 15:00:00+00:00, run_after=2026-03-03 15:00:00+00:00
[2026-03-03T00:18:18.889+0000] {processor.py:183} INFO - Processing /opt/airflow/dags/main.py took 0.458 seconds
[2026-03-03T00:18:33.185+0000] {processor.py:161} INFO - Started process (PID=1867) to work on /opt/airflow/dags/main.py
[2026-03-03T00:18:33.191+0000] {processor.py:830} INFO - Processing file /opt/airflow/dags/main.py for tasks to queue
[2026-03-03T00:18:33.195+0000] {logging_mixin.py:188} INFO - [2026-03-03T00:18:33.194+0000] {dagbag.py:545} INFO - Filling up the DagBag from /opt/airflow/dags/main.py
[2026-03-03T00:18:33.292+0000] {processor.py:840} INFO - DAG(s) 'produce_json', 'update_db', 'data_quality' retrieved from /opt/airflow/dags/main.py
[2026-03-03T00:18:33.369+0000] {logging_mixin.py:188} INFO - [2026-03-03T00:18:33.369+0000] {dag.py:3096} INFO - Sync 3 DAGs
[2026-03-03T00:18:33.408+0000] {logging_mixin.py:188} INFO - [2026-03-03T00:18:33.408+0000] {dag.py:3954} INFO - Setting next_dagrun for data_quality to 2026-03-02 16:00:00+00:00, run_after=2026-03-03 16:00:00+00:00
[2026-03-03T00:18:33.417+0000] {logging_mixin.py:188} INFO - [2026-03-03T00:18:33.417+0000] {dag.py:3954} INFO - Setting next_dagrun for produce_json to 2026-03-02 14:00:00+00:00, run_after=2026-03-03 14:00:00+00:00
[2026-03-03T00:18:33.422+0000] {logging_mixin.py:188} INFO - [2026-03-03T00:18:33.422+0000] {dag.py:3954} INFO - Setting next_dagrun for update_db to 2026-03-02 15:00:00+00:00, run_after=2026-03-03 15:00:00+00:00
[2026-03-03T00:18:33.459+0000] {processor.py:183} INFO - Processing /opt/airflow/dags/main.py took 0.330 seconds
[2026-03-03T00:18:36.210+0000] {processor.py:161} INFO - Started process (PID=1868) to work on /opt/airflow/dags/main.py
[2026-03-03T00:18:36.212+0000] {processor.py:830} INFO - Processing file /opt/airflow/dags/main.py for tasks to queue
[2026-03-03T00:18:36.214+0000] {logging_mixin.py:188} INFO - [2026-03-03T00:18:36.214+0000] {dagbag.py:545} INFO - Filling up the DagBag from /opt/airflow/dags/main.py
[2026-03-03T00:18:36.343+0000] {processor.py:840} INFO - DAG(s) 'data_quality', 'produce_json', 'update_db' retrieved from /opt/airflow/dags/main.py
[2026-03-03T00:18:36.571+0000] {logging_mixin.py:188} INFO - [2026-03-03T00:18:36.571+0000] {dag.py:3096} INFO - Sync 3 DAGs
[2026-03-03T00:18:36.620+0000] {logging_mixin.py:188} INFO - [2026-03-03T00:18:36.620+0000] {dag.py:3954} INFO - Setting next_dagrun for data_quality to 2026-03-02 16:00:00+00:00, run_after=2026-03-03 16:00:00+00:00
[2026-03-03T00:18:36.630+0000] {logging_mixin.py:188} INFO - [2026-03-03T00:18:36.630+0000] {dag.py:3954} INFO - Setting next_dagrun for produce_json to 2026-03-02 14:00:00+00:00, run_after=2026-03-03 14:00:00+00:00
[2026-03-03T00:18:36.637+0000] {logging_mixin.py:188} INFO - [2026-03-03T00:18:36.637+0000] {dag.py:3954} INFO - Setting next_dagrun for update_db to 2026-03-02 15:00:00+00:00, run_after=2026-03-03 15:00:00+00:00
[2026-03-03T00:18:36.682+0000] {processor.py:183} INFO - Processing /opt/airflow/dags/main.py took 0.490 seconds
[2026-03-03T00:18:50.919+0000] {processor.py:161} INFO - Started process (PID=1869) to work on /opt/airflow/dags/main.py
[2026-03-03T00:18:50.922+0000] {processor.py:830} INFO - Processing file /opt/airflow/dags/main.py for tasks to queue
[2026-03-03T00:18:50.923+0000] {logging_mixin.py:188} INFO - [2026-03-03T00:18:50.923+0000] {dagbag.py:545} INFO - Filling up the DagBag from /opt/airflow/dags/main.py
[2026-03-03T00:18:51.008+0000] {processor.py:840} INFO - DAG(s) 'update_db', 'data_quality', 'produce_json' retrieved from /opt/airflow/dags/main.py
[2026-03-03T00:18:51.093+0000] {logging_mixin.py:188} INFO - [2026-03-03T00:18:51.093+0000] {dag.py:3096} INFO - Sync 3 DAGs
[2026-03-03T00:18:51.132+0000] {logging_mixin.py:188} INFO - [2026-03-03T00:18:51.131+0000] {dag.py:3954} INFO - Setting next_dagrun for data_quality to 2026-03-02 16:00:00+00:00, run_after=2026-03-03 16:00:00+00:00
[2026-03-03T00:18:51.140+0000] {logging_mixin.py:188} INFO - [2026-03-03T00:18:51.140+0000] {dag.py:3954} INFO - Setting next_dagrun for produce_json to 2026-03-02 14:00:00+00:00, run_after=2026-03-03 14:00:00+00:00
[2026-03-03T00:18:51.146+0000] {logging_mixin.py:188} INFO - [2026-03-03T00:18:51.146+0000] {dag.py:3954} INFO - Setting next_dagrun for update_db to 2026-03-02 15:00:00+00:00, run_after=2026-03-03 15:00:00+00:00
[2026-03-03T00:18:51.429+0000] {processor.py:183} INFO - Processing /opt/airflow/dags/main.py took 0.523 seconds
[2026-03-03T00:19:04.462+0000] {processor.py:161} INFO - Started process (PID=1876) to work on /opt/airflow/dags/main.py
[2026-03-03T00:19:04.464+0000] {processor.py:830} INFO - Processing file /opt/airflow/dags/main.py for tasks to queue
[2026-03-03T00:19:04.467+0000] {logging_mixin.py:188} INFO - [2026-03-03T00:19:04.466+0000] {dagbag.py:545} INFO - Filling up the DagBag from /opt/airflow/dags/main.py
[2026-03-03T00:19:04.560+0000] {processor.py:840} INFO - DAG(s) 'data_quality', 'update_db', 'produce_json' retrieved from /opt/airflow/dags/main.py
[2026-03-03T00:19:04.626+0000] {logging_mixin.py:188} INFO - [2026-03-03T00:19:04.626+0000] {dag.py:3096} INFO - Sync 3 DAGs
[2026-03-03T00:19:04.669+0000] {logging_mixin.py:188} INFO - [2026-03-03T00:19:04.669+0000] {dag.py:3954} INFO - Setting next_dagrun for data_quality to 2026-03-02 16:00:00+00:00, run_after=2026-03-03 16:00:00+00:00
[2026-03-03T00:19:04.681+0000] {logging_mixin.py:188} INFO - [2026-03-03T00:19:04.680+0000] {dag.py:3954} INFO - Setting next_dagrun for produce_json to 2026-03-02 14:00:00+00:00, run_after=2026-03-03 14:00:00+00:00
[2026-03-03T00:19:04.690+0000] {logging_mixin.py:188} INFO - [2026-03-03T00:19:04.688+0000] {dag.py:3954} INFO - Setting next_dagrun for update_db to 2026-03-02 15:00:00+00:00, run_after=2026-03-03 15:00:00+00:00
[2026-03-03T00:19:04.753+0000] {processor.py:183} INFO - Processing /opt/airflow/dags/main.py took 0.311 seconds
[2026-03-03T00:19:13.945+0000] {processor.py:161} INFO - Started process (PID=1877) to work on /opt/airflow/dags/main.py
[2026-03-03T00:19:13.948+0000] {processor.py:830} INFO - Processing file /opt/airflow/dags/main.py for tasks to queue
[2026-03-03T00:19:13.950+0000] {logging_mixin.py:188} INFO - [2026-03-03T00:19:13.950+0000] {dagbag.py:545} INFO - Filling up the DagBag from /opt/airflow/dags/main.py
[2026-03-03T00:19:14.016+0000] {processor.py:840} INFO - DAG(s) 'update_db', 'produce_json', 'data_quality' retrieved from /opt/airflow/dags/main.py
[2026-03-03T00:19:14.258+0000] {logging_mixin.py:188} INFO - [2026-03-03T00:19:14.258+0000] {dag.py:3096} INFO - Sync 3 DAGs
[2026-03-03T00:19:14.295+0000] {logging_mixin.py:188} INFO - [2026-03-03T00:19:14.294+0000] {dag.py:3954} INFO - Setting next_dagrun for data_quality to 2026-03-02 16:00:00+00:00, run_after=2026-03-03 16:00:00+00:00
[2026-03-03T00:19:14.304+0000] {logging_mixin.py:188} INFO - [2026-03-03T00:19:14.304+0000] {dag.py:3954} INFO - Setting next_dagrun for produce_json to 2026-03-02 14:00:00+00:00, run_after=2026-03-03 14:00:00+00:00
[2026-03-03T00:19:14.311+0000] {logging_mixin.py:188} INFO - [2026-03-03T00:19:14.310+0000] {dag.py:3954} INFO - Setting next_dagrun for update_db to 2026-03-02 15:00:00+00:00, run_after=2026-03-03 15:00:00+00:00
[2026-03-03T00:19:14.360+0000] {processor.py:183} INFO - Processing /opt/airflow/dags/main.py took 0.428 seconds
[2026-03-03T00:19:22.099+0000] {processor.py:161} INFO - Started process (PID=1878) to work on /opt/airflow/dags/main.py
[2026-03-03T00:19:22.102+0000] {processor.py:830} INFO - Processing file /opt/airflow/dags/main.py for tasks to queue
[2026-03-03T00:19:22.104+0000] {logging_mixin.py:188} INFO - [2026-03-03T00:19:22.103+0000] {dagbag.py:545} INFO - Filling up the DagBag from /opt/airflow/dags/main.py
[2026-03-03T00:19:22.111+0000] {logging_mixin.py:188} INFO - [2026-03-03T00:19:22.109+0000] {dagbag.py:355} ERROR - Failed to import: /opt/airflow/dags/main.py
Traceback (most recent call last):
  File "/home/airflow/.local/lib/python3.10/site-packages/airflow/models/dagbag.py", line 351, in parse
    loader.exec_module(new_module)
  File "<frozen importlib._bootstrap_external>", line 879, in exec_module
  File "<frozen importlib._bootstrap_external>", line 1017, in get_code
  File "<frozen importlib._bootstrap_external>", line 947, in source_to_code
  File "<frozen importlib._bootstrap>", line 241, in _call_with_frames_removed
  File "/opt/airflow/dags/main.py", line 75
    update_staging >> update_core >> 
                                     ^
SyntaxError: invalid syntax
[2026-03-03T00:19:22.112+0000] {processor.py:842} WARNING - No viable dags retrieved from /opt/airflow/dags/main.py
[2026-03-03T00:19:22.148+0000] {processor.py:183} INFO - Processing /opt/airflow/dags/main.py took 0.062 seconds
[2026-03-03T00:19:25.139+0000] {processor.py:161} INFO - Started process (PID=1879) to work on /opt/airflow/dags/main.py
[2026-03-03T00:19:25.140+0000] {processor.py:830} INFO - Processing file /opt/airflow/dags/main.py for tasks to queue
[2026-03-03T00:19:25.143+0000] {logging_mixin.py:188} INFO - [2026-03-03T00:19:25.141+0000] {dagbag.py:545} INFO - Filling up the DagBag from /opt/airflow/dags/main.py
[2026-03-03T00:19:25.230+0000] {logging_mixin.py:188} INFO - [2026-03-03T00:19:25.225+0000] {dagbag.py:355} ERROR - Failed to import: /opt/airflow/dags/main.py
Traceback (most recent call last):
  File "/home/airflow/.local/lib/python3.10/site-packages/airflow/models/dagbag.py", line 351, in parse
    loader.exec_module(new_module)
  File "<frozen importlib._bootstrap_external>", line 883, in exec_module
  File "<frozen importlib._bootstrap>", line 241, in _call_with_frames_removed
  File "/opt/airflow/dags/main.py", line 75, in <module>
    update_staging >> update_core >> trigger_
NameError: name 'trigger_' is not defined
[2026-03-03T00:19:25.234+0000] {processor.py:842} WARNING - No viable dags retrieved from /opt/airflow/dags/main.py
[2026-03-03T00:19:25.282+0000] {processor.py:183} INFO - Processing /opt/airflow/dags/main.py took 0.154 seconds
[2026-03-03T00:19:26.643+0000] {processor.py:161} INFO - Started process (PID=1880) to work on /opt/airflow/dags/main.py
[2026-03-03T00:19:26.648+0000] {processor.py:830} INFO - Processing file /opt/airflow/dags/main.py for tasks to queue
[2026-03-03T00:19:26.653+0000] {logging_mixin.py:188} INFO - [2026-03-03T00:19:26.652+0000] {dagbag.py:545} INFO - Filling up the DagBag from /opt/airflow/dags/main.py
[2026-03-03T00:19:26.740+0000] {processor.py:840} INFO - DAG(s) 'produce_json', 'update_db', 'data_quality' retrieved from /opt/airflow/dags/main.py
[2026-03-03T00:19:26.809+0000] {logging_mixin.py:188} INFO - [2026-03-03T00:19:26.808+0000] {dag.py:3096} INFO - Sync 3 DAGs
[2026-03-03T00:19:26.850+0000] {logging_mixin.py:188} INFO - [2026-03-03T00:19:26.850+0000] {dag.py:3954} INFO - Setting next_dagrun for data_quality to 2026-03-02 16:00:00+00:00, run_after=2026-03-03 16:00:00+00:00
[2026-03-03T00:19:26.862+0000] {logging_mixin.py:188} INFO - [2026-03-03T00:19:26.862+0000] {dag.py:3954} INFO - Setting next_dagrun for produce_json to 2026-03-02 14:00:00+00:00, run_after=2026-03-03 14:00:00+00:00
[2026-03-03T00:19:26.869+0000] {logging_mixin.py:188} INFO - [2026-03-03T00:19:26.869+0000] {dag.py:3954} INFO - Setting next_dagrun for update_db to 2026-03-02 15:00:00+00:00, run_after=2026-03-03 15:00:00+00:00
[2026-03-03T00:19:26.909+0000] {processor.py:183} INFO - Processing /opt/airflow/dags/main.py took 0.369 seconds
[2026-03-03T00:19:36.355+0000] {processor.py:161} INFO - Started process (PID=1887) to work on /opt/airflow/dags/main.py
[2026-03-03T00:19:36.361+0000] {processor.py:830} INFO - Processing file /opt/airflow/dags/main.py for tasks to queue
[2026-03-03T00:19:36.365+0000] {logging_mixin.py:188} INFO - [2026-03-03T00:19:36.364+0000] {dagbag.py:545} INFO - Filling up the DagBag from /opt/airflow/dags/main.py
[2026-03-03T00:19:36.441+0000] {processor.py:840} INFO - DAG(s) 'data_quality', 'produce_json', 'update_db' retrieved from /opt/airflow/dags/main.py
[2026-03-03T00:19:36.510+0000] {logging_mixin.py:188} INFO - [2026-03-03T00:19:36.509+0000] {dag.py:3096} INFO - Sync 3 DAGs
[2026-03-03T00:19:36.556+0000] {logging_mixin.py:188} INFO - [2026-03-03T00:19:36.556+0000] {dag.py:3954} INFO - Setting next_dagrun for data_quality to 2026-03-02 16:00:00+00:00, run_after=2026-03-03 16:00:00+00:00
[2026-03-03T00:19:36.566+0000] {logging_mixin.py:188} INFO - [2026-03-03T00:19:36.565+0000] {dag.py:3954} INFO - Setting next_dagrun for produce_json to 2026-03-02 14:00:00+00:00, run_after=2026-03-03 14:00:00+00:00
[2026-03-03T00:19:36.573+0000] {logging_mixin.py:188} INFO - [2026-03-03T00:19:36.572+0000] {dag.py:3954} INFO - Setting next_dagrun for update_db to 2026-03-02 15:00:00+00:00, run_after=2026-03-03 15:00:00+00:00
[2026-03-03T00:19:36.637+0000] {processor.py:183} INFO - Processing /opt/airflow/dags/main.py took 0.316 seconds
[2026-03-03T00:19:40.425+0000] {processor.py:161} INFO - Started process (PID=1888) to work on /opt/airflow/dags/main.py
[2026-03-03T00:19:40.427+0000] {processor.py:830} INFO - Processing file /opt/airflow/dags/main.py for tasks to queue
[2026-03-03T00:19:40.429+0000] {logging_mixin.py:188} INFO - [2026-03-03T00:19:40.428+0000] {dagbag.py:545} INFO - Filling up the DagBag from /opt/airflow/dags/main.py
[2026-03-03T00:19:40.497+0000] {processor.py:840} INFO - DAG(s) 'update_db', 'produce_json', 'data_quality' retrieved from /opt/airflow/dags/main.py
[2026-03-03T00:19:40.568+0000] {logging_mixin.py:188} INFO - [2026-03-03T00:19:40.568+0000] {dag.py:3096} INFO - Sync 3 DAGs
[2026-03-03T00:19:40.620+0000] {logging_mixin.py:188} INFO - [2026-03-03T00:19:40.620+0000] {dag.py:3954} INFO - Setting next_dagrun for data_quality to 2026-03-02 16:00:00+00:00, run_after=2026-03-03 16:00:00+00:00
[2026-03-03T00:19:40.629+0000] {logging_mixin.py:188} INFO - [2026-03-03T00:19:40.629+0000] {dag.py:3954} INFO - Setting next_dagrun for produce_json to 2026-03-02 14:00:00+00:00, run_after=2026-03-03 14:00:00+00:00
[2026-03-03T00:19:40.635+0000] {logging_mixin.py:188} INFO - [2026-03-03T00:19:40.635+0000] {dag.py:3954} INFO - Setting next_dagrun for update_db to 2026-03-02 15:00:00+00:00, run_after=2026-03-03 15:00:00+00:00
[2026-03-03T00:19:40.686+0000] {processor.py:183} INFO - Processing /opt/airflow/dags/main.py took 0.275 seconds
[2026-03-03T00:19:47.679+0000] {processor.py:161} INFO - Started process (PID=1889) to work on /opt/airflow/dags/main.py
[2026-03-03T00:19:47.685+0000] {processor.py:830} INFO - Processing file /opt/airflow/dags/main.py for tasks to queue
[2026-03-03T00:19:47.692+0000] {logging_mixin.py:188} INFO - [2026-03-03T00:19:47.690+0000] {dagbag.py:545} INFO - Filling up the DagBag from /opt/airflow/dags/main.py
[2026-03-03T00:19:47.766+0000] {processor.py:840} INFO - DAG(s) 'data_quality', 'produce_json', 'update_db' retrieved from /opt/airflow/dags/main.py
[2026-03-03T00:19:47.976+0000] {logging_mixin.py:188} INFO - [2026-03-03T00:19:47.976+0000] {dag.py:3096} INFO - Sync 3 DAGs
[2026-03-03T00:19:48.010+0000] {logging_mixin.py:188} INFO - [2026-03-03T00:19:48.010+0000] {dag.py:3954} INFO - Setting next_dagrun for data_quality to 2026-03-02 16:00:00+00:00, run_after=2026-03-03 16:00:00+00:00
[2026-03-03T00:19:48.020+0000] {logging_mixin.py:188} INFO - [2026-03-03T00:19:48.020+0000] {dag.py:3954} INFO - Setting next_dagrun for produce_json to 2026-03-02 14:00:00+00:00, run_after=2026-03-03 14:00:00+00:00
[2026-03-03T00:19:48.026+0000] {logging_mixin.py:188} INFO - [2026-03-03T00:19:48.026+0000] {dag.py:3954} INFO - Setting next_dagrun for update_db to 2026-03-02 15:00:00+00:00, run_after=2026-03-03 15:00:00+00:00
[2026-03-03T00:19:48.091+0000] {processor.py:183} INFO - Processing /opt/airflow/dags/main.py took 0.472 seconds
[2026-03-03T00:20:18.142+0000] {processor.py:161} INFO - Started process (PID=1896) to work on /opt/airflow/dags/main.py
[2026-03-03T00:20:18.146+0000] {processor.py:830} INFO - Processing file /opt/airflow/dags/main.py for tasks to queue
[2026-03-03T00:20:18.148+0000] {logging_mixin.py:188} INFO - [2026-03-03T00:20:18.148+0000] {dagbag.py:545} INFO - Filling up the DagBag from /opt/airflow/dags/main.py
[2026-03-03T00:20:18.223+0000] {processor.py:840} INFO - DAG(s) 'update_db', 'produce_json', 'data_quality' retrieved from /opt/airflow/dags/main.py
[2026-03-03T00:20:18.506+0000] {logging_mixin.py:188} INFO - [2026-03-03T00:20:18.505+0000] {dag.py:3096} INFO - Sync 3 DAGs
[2026-03-03T00:20:18.550+0000] {logging_mixin.py:188} INFO - [2026-03-03T00:20:18.550+0000] {dag.py:3954} INFO - Setting next_dagrun for data_quality to 2026-03-02 16:00:00+00:00, run_after=2026-03-03 16:00:00+00:00
[2026-03-03T00:20:18.562+0000] {logging_mixin.py:188} INFO - [2026-03-03T00:20:18.561+0000] {dag.py:3954} INFO - Setting next_dagrun for produce_json to 2026-03-02 14:00:00+00:00, run_after=2026-03-03 14:00:00+00:00
[2026-03-03T00:20:18.565+0000] {logging_mixin.py:188} INFO - [2026-03-03T00:20:18.565+0000] {dag.py:3954} INFO - Setting next_dagrun for update_db to None, run_after=None
[2026-03-03T00:20:18.619+0000] {processor.py:183} INFO - Processing /opt/airflow/dags/main.py took 0.500 seconds
[2026-03-03T00:20:19.200+0000] {processor.py:161} INFO - Started process (PID=1897) to work on /opt/airflow/dags/main.py
[2026-03-03T00:20:19.202+0000] {processor.py:830} INFO - Processing file /opt/airflow/dags/main.py for tasks to queue
[2026-03-03T00:20:19.204+0000] {logging_mixin.py:188} INFO - [2026-03-03T00:20:19.203+0000] {dagbag.py:545} INFO - Filling up the DagBag from /opt/airflow/dags/main.py
[2026-03-03T00:20:19.298+0000] {processor.py:840} INFO - DAG(s) 'data_quality', 'produce_json', 'update_db' retrieved from /opt/airflow/dags/main.py
[2026-03-03T00:20:19.366+0000] {logging_mixin.py:188} INFO - [2026-03-03T00:20:19.365+0000] {dag.py:3096} INFO - Sync 3 DAGs
[2026-03-03T00:20:19.430+0000] {logging_mixin.py:188} INFO - [2026-03-03T00:20:19.430+0000] {dag.py:3954} INFO - Setting next_dagrun for data_quality to 2026-03-02 16:00:00+00:00, run_after=2026-03-03 16:00:00+00:00
[2026-03-03T00:20:19.444+0000] {logging_mixin.py:188} INFO - [2026-03-03T00:20:19.443+0000] {dag.py:3954} INFO - Setting next_dagrun for produce_json to 2026-03-02 14:00:00+00:00, run_after=2026-03-03 14:00:00+00:00
[2026-03-03T00:20:19.448+0000] {logging_mixin.py:188} INFO - [2026-03-03T00:20:19.448+0000] {dag.py:3954} INFO - Setting next_dagrun for update_db to None, run_after=None
[2026-03-03T00:20:19.525+0000] {processor.py:183} INFO - Processing /opt/airflow/dags/main.py took 0.339 seconds
[2026-03-03T00:20:35.759+0000] {processor.py:161} INFO - Started process (PID=1904) to work on /opt/airflow/dags/main.py
[2026-03-03T00:20:35.762+0000] {processor.py:830} INFO - Processing file /opt/airflow/dags/main.py for tasks to queue
[2026-03-03T00:20:35.765+0000] {logging_mixin.py:188} INFO - [2026-03-03T00:20:35.764+0000] {dagbag.py:545} INFO - Filling up the DagBag from /opt/airflow/dags/main.py
[2026-03-03T00:20:35.837+0000] {processor.py:840} INFO - DAG(s) 'produce_json', 'update_db', 'data_quality' retrieved from /opt/airflow/dags/main.py
[2026-03-03T00:20:36.077+0000] {logging_mixin.py:188} INFO - [2026-03-03T00:20:36.077+0000] {dag.py:3096} INFO - Sync 3 DAGs
[2026-03-03T00:20:36.108+0000] {logging_mixin.py:188} INFO - [2026-03-03T00:20:36.108+0000] {dag.py:3954} INFO - Setting next_dagrun for data_quality to None, run_after=None
[2026-03-03T00:20:36.120+0000] {logging_mixin.py:188} INFO - [2026-03-03T00:20:36.119+0000] {dag.py:3954} INFO - Setting next_dagrun for produce_json to 2026-03-02 14:00:00+00:00, run_after=2026-03-03 14:00:00+00:00
[2026-03-03T00:20:36.123+0000] {logging_mixin.py:188} INFO - [2026-03-03T00:20:36.122+0000] {dag.py:3954} INFO - Setting next_dagrun for update_db to None, run_after=None
[2026-03-03T00:20:36.156+0000] {processor.py:183} INFO - Processing /opt/airflow/dags/main.py took 0.413 seconds
[2026-03-03T00:20:43.504+0000] {processor.py:161} INFO - Started process (PID=1905) to work on /opt/airflow/dags/main.py
[2026-03-03T00:20:43.507+0000] {processor.py:830} INFO - Processing file /opt/airflow/dags/main.py for tasks to queue
[2026-03-03T00:20:43.508+0000] {logging_mixin.py:188} INFO - [2026-03-03T00:20:43.508+0000] {dagbag.py:545} INFO - Filling up the DagBag from /opt/airflow/dags/main.py
[2026-03-03T00:20:43.589+0000] {processor.py:840} INFO - DAG(s) 'data_quality', 'update_db', 'produce_json' retrieved from /opt/airflow/dags/main.py
[2026-03-03T00:20:43.627+0000] {logging_mixin.py:188} INFO - [2026-03-03T00:20:43.627+0000] {dag.py:3096} INFO - Sync 3 DAGs
[2026-03-03T00:20:43.681+0000] {logging_mixin.py:188} INFO - [2026-03-03T00:20:43.680+0000] {dag.py:3954} INFO - Setting next_dagrun for data_quality to None, run_after=None
[2026-03-03T00:20:43.696+0000] {logging_mixin.py:188} INFO - [2026-03-03T00:20:43.696+0000] {dag.py:3954} INFO - Setting next_dagrun for produce_json to 2026-03-02 14:00:00+00:00, run_after=2026-03-03 14:00:00+00:00
[2026-03-03T00:20:43.699+0000] {logging_mixin.py:188} INFO - [2026-03-03T00:20:43.699+0000] {dag.py:3954} INFO - Setting next_dagrun for update_db to None, run_after=None
[2026-03-03T00:20:43.734+0000] {processor.py:183} INFO - Processing /opt/airflow/dags/main.py took 0.253 seconds
[2026-03-03T00:20:46.545+0000] {processor.py:161} INFO - Started process (PID=1906) to work on /opt/airflow/dags/main.py
[2026-03-03T00:20:46.547+0000] {processor.py:830} INFO - Processing file /opt/airflow/dags/main.py for tasks to queue
[2026-03-03T00:20:46.549+0000] {logging_mixin.py:188} INFO - [2026-03-03T00:20:46.548+0000] {dagbag.py:545} INFO - Filling up the DagBag from /opt/airflow/dags/main.py
[2026-03-03T00:20:46.635+0000] {processor.py:840} INFO - DAG(s) 'update_db', 'produce_json', 'data_quality' retrieved from /opt/airflow/dags/main.py
[2026-03-03T00:20:46.735+0000] {logging_mixin.py:188} INFO - [2026-03-03T00:20:46.734+0000] {dag.py:3096} INFO - Sync 3 DAGs
[2026-03-03T00:20:46.854+0000] {logging_mixin.py:188} INFO - [2026-03-03T00:20:46.852+0000] {dag.py:3954} INFO - Setting next_dagrun for data_quality to None, run_after=None
[2026-03-03T00:20:46.885+0000] {logging_mixin.py:188} INFO - [2026-03-03T00:20:46.885+0000] {dag.py:3954} INFO - Setting next_dagrun for produce_json to 2026-03-02 14:00:00+00:00, run_after=2026-03-03 14:00:00+00:00
[2026-03-03T00:20:46.890+0000] {logging_mixin.py:188} INFO - [2026-03-03T00:20:46.890+0000] {dag.py:3954} INFO - Setting next_dagrun for update_db to None, run_after=None
[2026-03-03T00:20:46.939+0000] {processor.py:183} INFO - Processing /opt/airflow/dags/main.py took 0.407 seconds
[2026-03-03T00:21:17.740+0000] {processor.py:161} INFO - Started process (PID=1914) to work on /opt/airflow/dags/main.py
[2026-03-03T00:21:17.743+0000] {processor.py:830} INFO - Processing file /opt/airflow/dags/main.py for tasks to queue
[2026-03-03T00:21:17.744+0000] {logging_mixin.py:188} INFO - [2026-03-03T00:21:17.743+0000] {dagbag.py:545} INFO - Filling up the DagBag from /opt/airflow/dags/main.py
[2026-03-03T00:21:17.825+0000] {processor.py:840} INFO - DAG(s) 'produce_json', 'update_db', 'data_quality' retrieved from /opt/airflow/dags/main.py
[2026-03-03T00:21:17.902+0000] {logging_mixin.py:188} INFO - [2026-03-03T00:21:17.902+0000] {dag.py:3096} INFO - Sync 3 DAGs
[2026-03-03T00:21:17.941+0000] {logging_mixin.py:188} INFO - [2026-03-03T00:21:17.941+0000] {dag.py:3954} INFO - Setting next_dagrun for data_quality to None, run_after=None
[2026-03-03T00:21:17.954+0000] {logging_mixin.py:188} INFO - [2026-03-03T00:21:17.953+0000] {dag.py:3954} INFO - Setting next_dagrun for produce_json to 2026-03-02 14:00:00+00:00, run_after=2026-03-03 14:00:00+00:00
[2026-03-03T00:21:17.959+0000] {logging_mixin.py:188} INFO - [2026-03-03T00:21:17.959+0000] {dag.py:3954} INFO - Setting next_dagrun for update_db to None, run_after=None
[2026-03-03T00:21:17.998+0000] {processor.py:183} INFO - Processing /opt/airflow/dags/main.py took 0.271 seconds
[2026-03-03T00:21:48.121+0000] {processor.py:161} INFO - Started process (PID=1921) to work on /opt/airflow/dags/main.py
[2026-03-03T00:21:48.140+0000] {processor.py:830} INFO - Processing file /opt/airflow/dags/main.py for tasks to queue
[2026-03-03T00:21:48.148+0000] {logging_mixin.py:188} INFO - [2026-03-03T00:21:48.147+0000] {dagbag.py:545} INFO - Filling up the DagBag from /opt/airflow/dags/main.py
[2026-03-03T00:21:48.247+0000] {processor.py:840} INFO - DAG(s) 'produce_json', 'data_quality', 'update_db' retrieved from /opt/airflow/dags/main.py
[2026-03-03T00:21:48.418+0000] {logging_mixin.py:188} INFO - [2026-03-03T00:21:48.418+0000] {dag.py:3096} INFO - Sync 3 DAGs
[2026-03-03T00:21:48.488+0000] {logging_mixin.py:188} INFO - [2026-03-03T00:21:48.487+0000] {dag.py:3954} INFO - Setting next_dagrun for data_quality to None, run_after=None
[2026-03-03T00:21:48.497+0000] {logging_mixin.py:188} INFO - [2026-03-03T00:21:48.497+0000] {dag.py:3954} INFO - Setting next_dagrun for produce_json to 2026-03-02 14:00:00+00:00, run_after=2026-03-03 14:00:00+00:00
[2026-03-03T00:21:48.501+0000] {logging_mixin.py:188} INFO - [2026-03-03T00:21:48.501+0000] {dag.py:3954} INFO - Setting next_dagrun for update_db to None, run_after=None
[2026-03-03T00:21:48.529+0000] {processor.py:183} INFO - Processing /opt/airflow/dags/main.py took 0.434 seconds
[2026-03-03T00:22:18.678+0000] {processor.py:161} INFO - Started process (PID=1928) to work on /opt/airflow/dags/main.py
[2026-03-03T00:22:18.687+0000] {processor.py:830} INFO - Processing file /opt/airflow/dags/main.py for tasks to queue
[2026-03-03T00:22:18.689+0000] {logging_mixin.py:188} INFO - [2026-03-03T00:22:18.688+0000] {dagbag.py:545} INFO - Filling up the DagBag from /opt/airflow/dags/main.py
[2026-03-03T00:22:18.792+0000] {processor.py:840} INFO - DAG(s) 'data_quality', 'update_db', 'produce_json' retrieved from /opt/airflow/dags/main.py
[2026-03-03T00:22:18.859+0000] {logging_mixin.py:188} INFO - [2026-03-03T00:22:18.858+0000] {dag.py:3096} INFO - Sync 3 DAGs
[2026-03-03T00:22:18.908+0000] {logging_mixin.py:188} INFO - [2026-03-03T00:22:18.907+0000] {dag.py:3954} INFO - Setting next_dagrun for data_quality to None, run_after=None
[2026-03-03T00:22:18.923+0000] {logging_mixin.py:188} INFO - [2026-03-03T00:22:18.923+0000] {dag.py:3954} INFO - Setting next_dagrun for produce_json to 2026-03-02 14:00:00+00:00, run_after=2026-03-03 14:00:00+00:00
[2026-03-03T00:22:18.940+0000] {logging_mixin.py:188} INFO - [2026-03-03T00:22:18.940+0000] {dag.py:3954} INFO - Setting next_dagrun for update_db to None, run_after=None
[2026-03-03T00:22:19.045+0000] {processor.py:183} INFO - Processing /opt/airflow/dags/main.py took 0.384 seconds
[2026-03-03T00:22:49.371+0000] {processor.py:161} INFO - Started process (PID=1935) to work on /opt/airflow/dags/main.py
[2026-03-03T00:22:49.374+0000] {processor.py:830} INFO - Processing file /opt/airflow/dags/main.py for tasks to queue
[2026-03-03T00:22:49.376+0000] {logging_mixin.py:188} INFO - [2026-03-03T00:22:49.375+0000] {dagbag.py:545} INFO - Filling up the DagBag from /opt/airflow/dags/main.py
[2026-03-03T00:22:49.442+0000] {processor.py:840} INFO - DAG(s) 'update_db', 'produce_json', 'data_quality' retrieved from /opt/airflow/dags/main.py
[2026-03-03T00:22:49.517+0000] {logging_mixin.py:188} INFO - [2026-03-03T00:22:49.516+0000] {dag.py:3096} INFO - Sync 3 DAGs
[2026-03-03T00:22:49.556+0000] {logging_mixin.py:188} INFO - [2026-03-03T00:22:49.555+0000] {dag.py:3954} INFO - Setting next_dagrun for data_quality to None, run_after=None
[2026-03-03T00:22:49.566+0000] {logging_mixin.py:188} INFO - [2026-03-03T00:22:49.565+0000] {dag.py:3954} INFO - Setting next_dagrun for produce_json to 2026-03-02 14:00:00+00:00, run_after=2026-03-03 14:00:00+00:00
[2026-03-03T00:22:49.570+0000] {logging_mixin.py:188} INFO - [2026-03-03T00:22:49.570+0000] {dag.py:3954} INFO - Setting next_dagrun for update_db to None, run_after=None
[2026-03-03T00:22:49.616+0000] {processor.py:183} INFO - Processing /opt/airflow/dags/main.py took 0.257 seconds
[2026-03-03T00:23:20.344+0000] {processor.py:161} INFO - Started process (PID=1942) to work on /opt/airflow/dags/main.py
[2026-03-03T00:23:20.348+0000] {processor.py:830} INFO - Processing file /opt/airflow/dags/main.py for tasks to queue
[2026-03-03T00:23:20.350+0000] {logging_mixin.py:188} INFO - [2026-03-03T00:23:20.349+0000] {dagbag.py:545} INFO - Filling up the DagBag from /opt/airflow/dags/main.py
[2026-03-03T00:23:20.414+0000] {processor.py:840} INFO - DAG(s) 'update_db', 'produce_json', 'data_quality' retrieved from /opt/airflow/dags/main.py
[2026-03-03T00:23:20.485+0000] {logging_mixin.py:188} INFO - [2026-03-03T00:23:20.485+0000] {dag.py:3096} INFO - Sync 3 DAGs
[2026-03-03T00:23:20.530+0000] {logging_mixin.py:188} INFO - [2026-03-03T00:23:20.530+0000] {dag.py:3954} INFO - Setting next_dagrun for data_quality to None, run_after=None
[2026-03-03T00:23:20.543+0000] {logging_mixin.py:188} INFO - [2026-03-03T00:23:20.543+0000] {dag.py:3954} INFO - Setting next_dagrun for produce_json to 2026-03-02 14:00:00+00:00, run_after=2026-03-03 14:00:00+00:00
[2026-03-03T00:23:20.553+0000] {logging_mixin.py:188} INFO - [2026-03-03T00:23:20.552+0000] {dag.py:3954} INFO - Setting next_dagrun for update_db to None, run_after=None
[2026-03-03T00:23:20.595+0000] {processor.py:183} INFO - Processing /opt/airflow/dags/main.py took 0.263 seconds
[2026-03-03T00:23:50.905+0000] {processor.py:161} INFO - Started process (PID=1949) to work on /opt/airflow/dags/main.py
[2026-03-03T00:23:50.907+0000] {processor.py:830} INFO - Processing file /opt/airflow/dags/main.py for tasks to queue
[2026-03-03T00:23:50.909+0000] {logging_mixin.py:188} INFO - [2026-03-03T00:23:50.909+0000] {dagbag.py:545} INFO - Filling up the DagBag from /opt/airflow/dags/main.py
[2026-03-03T00:23:50.990+0000] {processor.py:840} INFO - DAG(s) 'update_db', 'produce_json', 'data_quality' retrieved from /opt/airflow/dags/main.py
[2026-03-03T00:23:51.149+0000] {logging_mixin.py:188} INFO - [2026-03-03T00:23:51.148+0000] {dag.py:3096} INFO - Sync 3 DAGs
[2026-03-03T00:23:51.247+0000] {logging_mixin.py:188} INFO - [2026-03-03T00:23:51.244+0000] {dag.py:3954} INFO - Setting next_dagrun for data_quality to None, run_after=None
[2026-03-03T00:23:51.266+0000] {logging_mixin.py:188} INFO - [2026-03-03T00:23:51.265+0000] {dag.py:3954} INFO - Setting next_dagrun for produce_json to 2026-03-02 14:00:00+00:00, run_after=2026-03-03 14:00:00+00:00
[2026-03-03T00:23:51.273+0000] {logging_mixin.py:188} INFO - [2026-03-03T00:23:51.272+0000] {dag.py:3954} INFO - Setting next_dagrun for update_db to None, run_after=None
[2026-03-03T00:23:51.337+0000] {processor.py:183} INFO - Processing /opt/airflow/dags/main.py took 0.481 seconds
[2026-03-03T00:24:21.940+0000] {processor.py:161} INFO - Started process (PID=1955) to work on /opt/airflow/dags/main.py
[2026-03-03T00:24:21.943+0000] {processor.py:830} INFO - Processing file /opt/airflow/dags/main.py for tasks to queue
[2026-03-03T00:24:21.945+0000] {logging_mixin.py:188} INFO - [2026-03-03T00:24:21.944+0000] {dagbag.py:545} INFO - Filling up the DagBag from /opt/airflow/dags/main.py
[2026-03-03T00:24:22.005+0000] {processor.py:840} INFO - DAG(s) 'produce_json', 'data_quality', 'update_db' retrieved from /opt/airflow/dags/main.py
[2026-03-03T00:24:22.073+0000] {logging_mixin.py:188} INFO - [2026-03-03T00:24:22.073+0000] {dag.py:3096} INFO - Sync 3 DAGs
[2026-03-03T00:24:22.113+0000] {logging_mixin.py:188} INFO - [2026-03-03T00:24:22.112+0000] {dag.py:3954} INFO - Setting next_dagrun for data_quality to None, run_after=None
[2026-03-03T00:24:22.123+0000] {logging_mixin.py:188} INFO - [2026-03-03T00:24:22.122+0000] {dag.py:3954} INFO - Setting next_dagrun for produce_json to 2026-03-02 14:00:00+00:00, run_after=2026-03-03 14:00:00+00:00
[2026-03-03T00:24:22.127+0000] {logging_mixin.py:188} INFO - [2026-03-03T00:24:22.127+0000] {dag.py:3954} INFO - Setting next_dagrun for update_db to None, run_after=None
[2026-03-03T00:24:22.169+0000] {processor.py:183} INFO - Processing /opt/airflow/dags/main.py took 0.242 seconds
[2026-03-03T00:24:52.893+0000] {processor.py:161} INFO - Started process (PID=1962) to work on /opt/airflow/dags/main.py
[2026-03-03T00:24:52.914+0000] {processor.py:830} INFO - Processing file /opt/airflow/dags/main.py for tasks to queue
[2026-03-03T00:24:52.920+0000] {logging_mixin.py:188} INFO - [2026-03-03T00:24:52.916+0000] {dagbag.py:545} INFO - Filling up the DagBag from /opt/airflow/dags/main.py
[2026-03-03T00:24:53.036+0000] {processor.py:840} INFO - DAG(s) 'update_db', 'data_quality', 'produce_json' retrieved from /opt/airflow/dags/main.py
[2026-03-03T00:24:53.324+0000] {logging_mixin.py:188} INFO - [2026-03-03T00:24:53.324+0000] {dag.py:3096} INFO - Sync 3 DAGs
[2026-03-03T00:24:53.389+0000] {logging_mixin.py:188} INFO - [2026-03-03T00:24:53.388+0000] {dag.py:3954} INFO - Setting next_dagrun for data_quality to None, run_after=None
[2026-03-03T00:24:53.403+0000] {logging_mixin.py:188} INFO - [2026-03-03T00:24:53.402+0000] {dag.py:3954} INFO - Setting next_dagrun for produce_json to 2026-03-02 14:00:00+00:00, run_after=2026-03-03 14:00:00+00:00
[2026-03-03T00:24:53.405+0000] {logging_mixin.py:188} INFO - [2026-03-03T00:24:53.405+0000] {dag.py:3954} INFO - Setting next_dagrun for update_db to None, run_after=None
[2026-03-03T00:24:53.440+0000] {processor.py:183} INFO - Processing /opt/airflow/dags/main.py took 0.560 seconds
[2026-03-03T00:25:23.521+0000] {processor.py:161} INFO - Started process (PID=1969) to work on /opt/airflow/dags/main.py
[2026-03-03T00:25:23.529+0000] {processor.py:830} INFO - Processing file /opt/airflow/dags/main.py for tasks to queue
[2026-03-03T00:25:23.531+0000] {logging_mixin.py:188} INFO - [2026-03-03T00:25:23.530+0000] {dagbag.py:545} INFO - Filling up the DagBag from /opt/airflow/dags/main.py
[2026-03-03T00:25:23.689+0000] {processor.py:840} INFO - DAG(s) 'data_quality', 'update_db', 'produce_json' retrieved from /opt/airflow/dags/main.py
[2026-03-03T00:25:23.869+0000] {logging_mixin.py:188} INFO - [2026-03-03T00:25:23.869+0000] {dag.py:3096} INFO - Sync 3 DAGs
[2026-03-03T00:25:23.931+0000] {logging_mixin.py:188} INFO - [2026-03-03T00:25:23.930+0000] {dag.py:3954} INFO - Setting next_dagrun for data_quality to None, run_after=None
[2026-03-03T00:25:23.940+0000] {logging_mixin.py:188} INFO - [2026-03-03T00:25:23.939+0000] {dag.py:3954} INFO - Setting next_dagrun for produce_json to 2026-03-02 14:00:00+00:00, run_after=2026-03-03 14:00:00+00:00
[2026-03-03T00:25:23.947+0000] {logging_mixin.py:188} INFO - [2026-03-03T00:25:23.947+0000] {dag.py:3954} INFO - Setting next_dagrun for update_db to None, run_after=None
[2026-03-03T00:25:23.981+0000] {processor.py:183} INFO - Processing /opt/airflow/dags/main.py took 0.481 seconds
[2026-03-03T00:25:54.344+0000] {processor.py:161} INFO - Started process (PID=1976) to work on /opt/airflow/dags/main.py
[2026-03-03T00:25:54.356+0000] {processor.py:830} INFO - Processing file /opt/airflow/dags/main.py for tasks to queue
[2026-03-03T00:25:54.358+0000] {logging_mixin.py:188} INFO - [2026-03-03T00:25:54.358+0000] {dagbag.py:545} INFO - Filling up the DagBag from /opt/airflow/dags/main.py
[2026-03-03T00:25:54.473+0000] {processor.py:840} INFO - DAG(s) 'data_quality', 'produce_json', 'update_db' retrieved from /opt/airflow/dags/main.py
[2026-03-03T00:25:54.534+0000] {logging_mixin.py:188} INFO - [2026-03-03T00:25:54.533+0000] {dag.py:3096} INFO - Sync 3 DAGs
[2026-03-03T00:25:54.571+0000] {logging_mixin.py:188} INFO - [2026-03-03T00:25:54.571+0000] {dag.py:3954} INFO - Setting next_dagrun for data_quality to None, run_after=None
[2026-03-03T00:25:54.582+0000] {logging_mixin.py:188} INFO - [2026-03-03T00:25:54.582+0000] {dag.py:3954} INFO - Setting next_dagrun for produce_json to 2026-03-02 14:00:00+00:00, run_after=2026-03-03 14:00:00+00:00
[2026-03-03T00:25:54.586+0000] {logging_mixin.py:188} INFO - [2026-03-03T00:25:54.585+0000] {dag.py:3954} INFO - Setting next_dagrun for update_db to None, run_after=None
[2026-03-03T00:25:54.638+0000] {processor.py:183} INFO - Processing /opt/airflow/dags/main.py took 0.308 seconds
[2026-03-03T00:26:25.389+0000] {processor.py:161} INFO - Started process (PID=1983) to work on /opt/airflow/dags/main.py
[2026-03-03T00:26:25.392+0000] {processor.py:830} INFO - Processing file /opt/airflow/dags/main.py for tasks to queue
[2026-03-03T00:26:25.395+0000] {logging_mixin.py:188} INFO - [2026-03-03T00:26:25.393+0000] {dagbag.py:545} INFO - Filling up the DagBag from /opt/airflow/dags/main.py
[2026-03-03T00:26:25.457+0000] {processor.py:840} INFO - DAG(s) 'data_quality', 'update_db', 'produce_json' retrieved from /opt/airflow/dags/main.py
[2026-03-03T00:26:25.518+0000] {logging_mixin.py:188} INFO - [2026-03-03T00:26:25.518+0000] {dag.py:3096} INFO - Sync 3 DAGs
[2026-03-03T00:26:25.554+0000] {logging_mixin.py:188} INFO - [2026-03-03T00:26:25.554+0000] {dag.py:3954} INFO - Setting next_dagrun for data_quality to None, run_after=None
[2026-03-03T00:26:25.567+0000] {logging_mixin.py:188} INFO - [2026-03-03T00:26:25.567+0000] {dag.py:3954} INFO - Setting next_dagrun for produce_json to 2026-03-02 14:00:00+00:00, run_after=2026-03-03 14:00:00+00:00
[2026-03-03T00:26:25.570+0000] {logging_mixin.py:188} INFO - [2026-03-03T00:26:25.570+0000] {dag.py:3954} INFO - Setting next_dagrun for update_db to None, run_after=None
[2026-03-03T00:26:25.598+0000] {processor.py:183} INFO - Processing /opt/airflow/dags/main.py took 0.221 seconds
[2026-03-03T00:26:37.424+0000] {processor.py:161} INFO - Started process (PID=1984) to work on /opt/airflow/dags/main.py
[2026-03-03T00:26:37.455+0000] {processor.py:830} INFO - Processing file /opt/airflow/dags/main.py for tasks to queue
[2026-03-03T00:26:37.461+0000] {logging_mixin.py:188} INFO - [2026-03-03T00:26:37.460+0000] {dagbag.py:545} INFO - Filling up the DagBag from /opt/airflow/dags/main.py
[2026-03-03T00:26:37.982+0000] {processor.py:840} INFO - DAG(s) 'data_quality', 'produce_json', 'update_db' retrieved from /opt/airflow/dags/main.py
[2026-03-03T00:26:38.088+0000] {logging_mixin.py:188} INFO - [2026-03-03T00:26:38.088+0000] {dag.py:3096} INFO - Sync 3 DAGs
[2026-03-03T00:26:38.163+0000] {logging_mixin.py:188} INFO - [2026-03-03T00:26:38.162+0000] {dag.py:3954} INFO - Setting next_dagrun for data_quality to None, run_after=None
[2026-03-03T00:26:38.188+0000] {logging_mixin.py:188} INFO - [2026-03-03T00:26:38.188+0000] {dag.py:3954} INFO - Setting next_dagrun for produce_json to 2026-03-02 14:00:00+00:00, run_after=2026-03-03 14:00:00+00:00
[2026-03-03T00:26:38.197+0000] {logging_mixin.py:188} INFO - [2026-03-03T00:26:38.197+0000] {dag.py:3954} INFO - Setting next_dagrun for update_db to None, run_after=None
[2026-03-03T00:26:38.313+0000] {processor.py:183} INFO - Processing /opt/airflow/dags/main.py took 0.936 seconds
[2026-03-03T09:08:17.963+0000] {processor.py:161} INFO - Started process (PID=1997) to work on /opt/airflow/dags/main.py
[2026-03-03T09:08:18.032+0000] {processor.py:830} INFO - Processing file /opt/airflow/dags/main.py for tasks to queue
[2026-03-03T09:08:18.037+0000] {logging_mixin.py:188} INFO - [2026-03-03T09:08:18.036+0000] {dagbag.py:545} INFO - Filling up the DagBag from /opt/airflow/dags/main.py
[2026-03-03T09:08:18.905+0000] {processor.py:840} INFO - DAG(s) 'data_quality', 'update_db', 'produce_json' retrieved from /opt/airflow/dags/main.py
[2026-03-03T09:08:19.351+0000] {logging_mixin.py:188} INFO - [2026-03-03T09:08:19.350+0000] {dag.py:3096} INFO - Sync 3 DAGs
[2026-03-03T09:08:19.568+0000] {logging_mixin.py:188} INFO - [2026-03-03T09:08:19.567+0000] {dag.py:3954} INFO - Setting next_dagrun for data_quality to None, run_after=None
[2026-03-03T09:08:19.631+0000] {logging_mixin.py:188} INFO - [2026-03-03T09:08:19.631+0000] {dag.py:3954} INFO - Setting next_dagrun for produce_json to 2026-03-02 14:00:00+00:00, run_after=2026-03-03 14:00:00+00:00
[2026-03-03T09:08:19.648+0000] {logging_mixin.py:188} INFO - [2026-03-03T09:08:19.648+0000] {dag.py:3954} INFO - Setting next_dagrun for update_db to None, run_after=None
[2026-03-03T09:08:19.812+0000] {processor.py:183} INFO - Processing /opt/airflow/dags/main.py took 2.036 seconds
[2026-03-03T09:08:50.255+0000] {processor.py:161} INFO - Started process (PID=2004) to work on /opt/airflow/dags/main.py
[2026-03-03T09:08:50.262+0000] {processor.py:830} INFO - Processing file /opt/airflow/dags/main.py for tasks to queue
[2026-03-03T09:08:50.264+0000] {logging_mixin.py:188} INFO - [2026-03-03T09:08:50.264+0000] {dagbag.py:545} INFO - Filling up the DagBag from /opt/airflow/dags/main.py
[2026-03-03T09:08:50.434+0000] {processor.py:840} INFO - DAG(s) 'data_quality', 'update_db', 'produce_json' retrieved from /opt/airflow/dags/main.py
[2026-03-03T09:08:50.544+0000] {logging_mixin.py:188} INFO - [2026-03-03T09:08:50.543+0000] {dag.py:3096} INFO - Sync 3 DAGs
[2026-03-03T09:08:50.634+0000] {logging_mixin.py:188} INFO - [2026-03-03T09:08:50.633+0000] {dag.py:3954} INFO - Setting next_dagrun for data_quality to None, run_after=None
[2026-03-03T09:08:50.659+0000] {logging_mixin.py:188} INFO - [2026-03-03T09:08:50.658+0000] {dag.py:3954} INFO - Setting next_dagrun for produce_json to 2026-03-02 14:00:00+00:00, run_after=2026-03-03 14:00:00+00:00
[2026-03-03T09:08:50.666+0000] {logging_mixin.py:188} INFO - [2026-03-03T09:08:50.665+0000] {dag.py:3954} INFO - Setting next_dagrun for update_db to None, run_after=None
[2026-03-03T09:08:50.749+0000] {processor.py:183} INFO - Processing /opt/airflow/dags/main.py took 0.529 seconds
[2026-03-03T22:35:40.537+0000] {processor.py:161} INFO - Started process (PID=2005) to work on /opt/airflow/dags/main.py
[2026-03-03T22:35:40.602+0000] {processor.py:830} INFO - Processing file /opt/airflow/dags/main.py for tasks to queue
[2026-03-03T22:35:40.606+0000] {logging_mixin.py:188} INFO - [2026-03-03T22:35:40.603+0000] {dagbag.py:545} INFO - Filling up the DagBag from /opt/airflow/dags/main.py
[2026-03-03T22:35:41.423+0000] {processor.py:840} INFO - DAG(s) 'data_quality', 'produce_json', 'update_db' retrieved from /opt/airflow/dags/main.py
[2026-03-03T22:35:43.436+0000] {logging_mixin.py:188} INFO - [2026-03-03T22:35:43.435+0000] {dag.py:3096} INFO - Sync 3 DAGs
[2026-03-03T22:35:44.158+0000] {logging_mixin.py:188} INFO - [2026-03-03T22:35:44.157+0000] {dag.py:3954} INFO - Setting next_dagrun for data_quality to None, run_after=None
[2026-03-03T22:35:44.209+0000] {logging_mixin.py:188} INFO - [2026-03-03T22:35:44.208+0000] {dag.py:3954} INFO - Setting next_dagrun for produce_json to 2026-03-03 14:00:00+00:00, run_after=2026-03-04 14:00:00+00:00
[2026-03-03T22:35:44.227+0000] {logging_mixin.py:188} INFO - [2026-03-03T22:35:44.227+0000] {dag.py:3954} INFO - Setting next_dagrun for update_db to None, run_after=None
[2026-03-03T22:35:44.508+0000] {processor.py:183} INFO - Processing /opt/airflow/dags/main.py took 3.984 seconds
[2026-03-03T22:36:15.165+0000] {processor.py:161} INFO - Started process (PID=2012) to work on /opt/airflow/dags/main.py
[2026-03-03T22:36:15.172+0000] {processor.py:830} INFO - Processing file /opt/airflow/dags/main.py for tasks to queue
[2026-03-03T22:36:15.176+0000] {logging_mixin.py:188} INFO - [2026-03-03T22:36:15.175+0000] {dagbag.py:545} INFO - Filling up the DagBag from /opt/airflow/dags/main.py
[2026-03-03T22:36:15.611+0000] {processor.py:840} INFO - DAG(s) 'data_quality', 'produce_json', 'update_db' retrieved from /opt/airflow/dags/main.py
[2026-03-03T22:38:44.809+0000] {processor.py:161} INFO - Started process (PID=2019) to work on /opt/airflow/dags/main.py
[2026-03-03T22:38:44.829+0000] {processor.py:830} INFO - Processing file /opt/airflow/dags/main.py for tasks to queue
[2026-03-03T22:38:44.831+0000] {logging_mixin.py:188} INFO - [2026-03-03T22:38:44.830+0000] {dagbag.py:545} INFO - Filling up the DagBag from /opt/airflow/dags/main.py
[2026-03-03T22:38:45.494+0000] {processor.py:840} INFO - DAG(s) 'update_db', 'produce_json', 'data_quality' retrieved from /opt/airflow/dags/main.py
[2026-03-03T22:38:50.963+0000] {logging_mixin.py:188} INFO - [2026-03-03T22:38:50.962+0000] {dag.py:3096} INFO - Sync 3 DAGs
[2026-03-03T22:38:51.098+0000] {logging_mixin.py:188} INFO - [2026-03-03T22:38:51.097+0000] {dag.py:3954} INFO - Setting next_dagrun for data_quality to None, run_after=None
[2026-03-03T22:38:51.167+0000] {logging_mixin.py:188} INFO - [2026-03-03T22:38:51.166+0000] {dag.py:3954} INFO - Setting next_dagrun for produce_json to 2026-03-03 14:00:00+00:00, run_after=2026-03-04 14:00:00+00:00
[2026-03-03T22:38:51.178+0000] {logging_mixin.py:188} INFO - [2026-03-03T22:38:51.178+0000] {dag.py:3954} INFO - Setting next_dagrun for update_db to None, run_after=None
[2026-03-03T22:38:51.281+0000] {processor.py:183} INFO - Processing /opt/airflow/dags/main.py took 6.529 seconds
[2026-03-03T22:39:23.414+0000] {processor.py:161} INFO - Started process (PID=2032) to work on /opt/airflow/dags/main.py
[2026-03-03T22:39:23.426+0000] {processor.py:830} INFO - Processing file /opt/airflow/dags/main.py for tasks to queue
[2026-03-03T22:39:23.428+0000] {logging_mixin.py:188} INFO - [2026-03-03T22:39:23.427+0000] {dagbag.py:545} INFO - Filling up the DagBag from /opt/airflow/dags/main.py
[2026-03-03T22:39:23.542+0000] {processor.py:840} INFO - DAG(s) 'data_quality', 'update_db', 'produce_json' retrieved from /opt/airflow/dags/main.py
[2026-03-03T22:39:23.665+0000] {logging_mixin.py:188} INFO - [2026-03-03T22:39:23.665+0000] {dag.py:3096} INFO - Sync 3 DAGs
[2026-03-03T22:39:23.720+0000] {logging_mixin.py:188} INFO - [2026-03-03T22:39:23.719+0000] {dag.py:3954} INFO - Setting next_dagrun for data_quality to None, run_after=None
[2026-03-03T22:39:23.737+0000] {logging_mixin.py:188} INFO - [2026-03-03T22:39:23.736+0000] {dag.py:3954} INFO - Setting next_dagrun for produce_json to 2026-03-03 14:00:00+00:00, run_after=2026-03-04 14:00:00+00:00
[2026-03-03T22:39:23.740+0000] {logging_mixin.py:188} INFO - [2026-03-03T22:39:23.739+0000] {dag.py:3954} INFO - Setting next_dagrun for update_db to None, run_after=None
[2026-03-03T22:39:23.782+0000] {processor.py:183} INFO - Processing /opt/airflow/dags/main.py took 0.385 seconds
[2026-03-03T22:39:54.295+0000] {processor.py:161} INFO - Started process (PID=2039) to work on /opt/airflow/dags/main.py
[2026-03-03T22:39:54.298+0000] {processor.py:830} INFO - Processing file /opt/airflow/dags/main.py for tasks to queue
[2026-03-03T22:39:54.299+0000] {logging_mixin.py:188} INFO - [2026-03-03T22:39:54.299+0000] {dagbag.py:545} INFO - Filling up the DagBag from /opt/airflow/dags/main.py
[2026-03-03T22:39:54.376+0000] {processor.py:840} INFO - DAG(s) 'update_db', 'produce_json', 'data_quality' retrieved from /opt/airflow/dags/main.py
[2026-03-03T22:39:54.430+0000] {logging_mixin.py:188} INFO - [2026-03-03T22:39:54.429+0000] {dag.py:3096} INFO - Sync 3 DAGs
[2026-03-03T22:39:54.463+0000] {logging_mixin.py:188} INFO - [2026-03-03T22:39:54.463+0000] {dag.py:3954} INFO - Setting next_dagrun for data_quality to None, run_after=None
[2026-03-03T22:39:54.474+0000] {logging_mixin.py:188} INFO - [2026-03-03T22:39:54.474+0000] {dag.py:3954} INFO - Setting next_dagrun for produce_json to 2026-03-03 14:00:00+00:00, run_after=2026-03-04 14:00:00+00:00
[2026-03-03T22:39:54.477+0000] {logging_mixin.py:188} INFO - [2026-03-03T22:39:54.477+0000] {dag.py:3954} INFO - Setting next_dagrun for update_db to None, run_after=None
[2026-03-03T22:39:54.524+0000] {processor.py:183} INFO - Processing /opt/airflow/dags/main.py took 0.244 seconds
[2026-03-03T22:40:24.693+0000] {processor.py:161} INFO - Started process (PID=2047) to work on /opt/airflow/dags/main.py
[2026-03-03T22:40:24.697+0000] {processor.py:830} INFO - Processing file /opt/airflow/dags/main.py for tasks to queue
[2026-03-03T22:40:24.701+0000] {logging_mixin.py:188} INFO - [2026-03-03T22:40:24.700+0000] {dagbag.py:545} INFO - Filling up the DagBag from /opt/airflow/dags/main.py
[2026-03-03T22:40:24.887+0000] {processor.py:840} INFO - DAG(s) 'data_quality', 'produce_json', 'update_db' retrieved from /opt/airflow/dags/main.py
[2026-03-03T22:40:25.026+0000] {logging_mixin.py:188} INFO - [2026-03-03T22:40:25.024+0000] {dag.py:3096} INFO - Sync 3 DAGs
[2026-03-03T22:40:25.106+0000] {logging_mixin.py:188} INFO - [2026-03-03T22:40:25.105+0000] {dag.py:3954} INFO - Setting next_dagrun for data_quality to None, run_after=None
[2026-03-03T22:40:25.129+0000] {logging_mixin.py:188} INFO - [2026-03-03T22:40:25.128+0000] {dag.py:3954} INFO - Setting next_dagrun for produce_json to 2026-03-03 14:00:00+00:00, run_after=2026-03-04 14:00:00+00:00
[2026-03-03T22:40:25.136+0000] {logging_mixin.py:188} INFO - [2026-03-03T22:40:25.135+0000] {dag.py:3954} INFO - Setting next_dagrun for update_db to None, run_after=None
[2026-03-03T22:40:25.185+0000] {processor.py:183} INFO - Processing /opt/airflow/dags/main.py took 0.514 seconds
[2026-03-03T22:40:55.746+0000] {processor.py:161} INFO - Started process (PID=2054) to work on /opt/airflow/dags/main.py
[2026-03-03T22:40:55.748+0000] {processor.py:830} INFO - Processing file /opt/airflow/dags/main.py for tasks to queue
[2026-03-03T22:40:55.749+0000] {logging_mixin.py:188} INFO - [2026-03-03T22:40:55.749+0000] {dagbag.py:545} INFO - Filling up the DagBag from /opt/airflow/dags/main.py
[2026-03-03T22:40:55.833+0000] {processor.py:840} INFO - DAG(s) 'produce_json', 'data_quality', 'update_db' retrieved from /opt/airflow/dags/main.py
[2026-03-03T22:40:55.892+0000] {logging_mixin.py:188} INFO - [2026-03-03T22:40:55.892+0000] {dag.py:3096} INFO - Sync 3 DAGs
[2026-03-03T22:40:55.934+0000] {logging_mixin.py:188} INFO - [2026-03-03T22:40:55.933+0000] {dag.py:3954} INFO - Setting next_dagrun for data_quality to None, run_after=None
[2026-03-03T22:40:55.946+0000] {logging_mixin.py:188} INFO - [2026-03-03T22:40:55.945+0000] {dag.py:3954} INFO - Setting next_dagrun for produce_json to 2026-03-03 14:00:00+00:00, run_after=2026-03-04 14:00:00+00:00
[2026-03-03T22:40:55.949+0000] {logging_mixin.py:188} INFO - [2026-03-03T22:40:55.949+0000] {dag.py:3954} INFO - Setting next_dagrun for update_db to None, run_after=None
[2026-03-03T22:40:56.003+0000] {processor.py:183} INFO - Processing /opt/airflow/dags/main.py took 0.271 seconds
[2026-03-03T22:54:04.686+0000] {processor.py:161} INFO - Started process (PID=2055) to work on /opt/airflow/dags/main.py
[2026-03-03T22:54:04.755+0000] {processor.py:830} INFO - Processing file /opt/airflow/dags/main.py for tasks to queue
[2026-03-03T22:54:04.757+0000] {logging_mixin.py:188} INFO - [2026-03-03T22:54:04.756+0000] {dagbag.py:545} INFO - Filling up the DagBag from /opt/airflow/dags/main.py
[2026-03-03T22:54:04.966+0000] {processor.py:840} INFO - DAG(s) 'update_db', 'produce_json', 'data_quality' retrieved from /opt/airflow/dags/main.py
[2026-03-03T22:54:05.503+0000] {logging_mixin.py:188} INFO - [2026-03-03T22:54:05.502+0000] {dag.py:3096} INFO - Sync 3 DAGs
[2026-03-03T22:54:05.726+0000] {logging_mixin.py:188} INFO - [2026-03-03T22:54:05.714+0000] {dag.py:3954} INFO - Setting next_dagrun for data_quality to None, run_after=None
[2026-03-03T22:54:05.784+0000] {logging_mixin.py:188} INFO - [2026-03-03T22:54:05.780+0000] {dag.py:3954} INFO - Setting next_dagrun for produce_json to 2026-03-03 14:00:00+00:00, run_after=2026-03-04 14:00:00+00:00
[2026-03-03T22:54:05.816+0000] {logging_mixin.py:188} INFO - [2026-03-03T22:54:05.804+0000] {dag.py:3954} INFO - Setting next_dagrun for update_db to None, run_after=None
[2026-03-03T22:54:05.986+0000] {processor.py:183} INFO - Processing /opt/airflow/dags/main.py took 1.312 seconds
[2026-03-03T22:54:36.295+0000] {processor.py:161} INFO - Started process (PID=2068) to work on /opt/airflow/dags/main.py
[2026-03-03T22:54:36.298+0000] {processor.py:830} INFO - Processing file /opt/airflow/dags/main.py for tasks to queue
[2026-03-03T22:54:36.301+0000] {logging_mixin.py:188} INFO - [2026-03-03T22:54:36.300+0000] {dagbag.py:545} INFO - Filling up the DagBag from /opt/airflow/dags/main.py
[2026-03-03T22:54:36.397+0000] {processor.py:840} INFO - DAG(s) 'update_db', 'data_quality', 'produce_json' retrieved from /opt/airflow/dags/main.py
[2026-03-03T22:54:36.510+0000] {logging_mixin.py:188} INFO - [2026-03-03T22:54:36.510+0000] {dag.py:3096} INFO - Sync 3 DAGs
[2026-03-03T22:54:36.549+0000] {logging_mixin.py:188} INFO - [2026-03-03T22:54:36.548+0000] {dag.py:3954} INFO - Setting next_dagrun for data_quality to None, run_after=None
[2026-03-03T22:54:36.557+0000] {logging_mixin.py:188} INFO - [2026-03-03T22:54:36.557+0000] {dag.py:3954} INFO - Setting next_dagrun for produce_json to 2026-03-03 14:00:00+00:00, run_after=2026-03-04 14:00:00+00:00
[2026-03-03T22:54:36.560+0000] {logging_mixin.py:188} INFO - [2026-03-03T22:54:36.560+0000] {dag.py:3954} INFO - Setting next_dagrun for update_db to None, run_after=None
[2026-03-03T22:54:36.645+0000] {processor.py:183} INFO - Processing /opt/airflow/dags/main.py took 0.373 seconds
[2026-03-03T22:55:07.653+0000] {processor.py:161} INFO - Started process (PID=2075) to work on /opt/airflow/dags/main.py
[2026-03-03T22:55:07.670+0000] {processor.py:830} INFO - Processing file /opt/airflow/dags/main.py for tasks to queue
[2026-03-03T22:55:07.674+0000] {logging_mixin.py:188} INFO - [2026-03-03T22:55:07.674+0000] {dagbag.py:545} INFO - Filling up the DagBag from /opt/airflow/dags/main.py
[2026-03-03T22:55:07.845+0000] {processor.py:840} INFO - DAG(s) 'update_db', 'produce_json', 'data_quality' retrieved from /opt/airflow/dags/main.py
[2026-03-03T22:55:07.995+0000] {logging_mixin.py:188} INFO - [2026-03-03T22:55:07.994+0000] {dag.py:3096} INFO - Sync 3 DAGs
[2026-03-03T22:55:08.114+0000] {logging_mixin.py:188} INFO - [2026-03-03T22:55:08.113+0000] {dag.py:3954} INFO - Setting next_dagrun for data_quality to None, run_after=None
[2026-03-03T22:55:08.140+0000] {logging_mixin.py:188} INFO - [2026-03-03T22:55:08.140+0000] {dag.py:3954} INFO - Setting next_dagrun for produce_json to 2026-03-03 14:00:00+00:00, run_after=2026-03-04 14:00:00+00:00
[2026-03-03T22:55:08.143+0000] {logging_mixin.py:188} INFO - [2026-03-03T22:55:08.143+0000] {dag.py:3954} INFO - Setting next_dagrun for update_db to None, run_after=None
[2026-03-03T22:55:08.251+0000] {processor.py:183} INFO - Processing /opt/airflow/dags/main.py took 0.632 seconds
[2026-03-03T22:55:38.651+0000] {processor.py:161} INFO - Started process (PID=2084) to work on /opt/airflow/dags/main.py
[2026-03-03T22:55:38.656+0000] {processor.py:830} INFO - Processing file /opt/airflow/dags/main.py for tasks to queue
[2026-03-03T22:55:38.659+0000] {logging_mixin.py:188} INFO - [2026-03-03T22:55:38.658+0000] {dagbag.py:545} INFO - Filling up the DagBag from /opt/airflow/dags/main.py
[2026-03-03T22:55:38.746+0000] {processor.py:840} INFO - DAG(s) 'produce_json', 'update_db', 'data_quality' retrieved from /opt/airflow/dags/main.py
[2026-03-03T22:55:38.830+0000] {logging_mixin.py:188} INFO - [2026-03-03T22:55:38.830+0000] {dag.py:3096} INFO - Sync 3 DAGs
[2026-03-03T22:55:38.879+0000] {logging_mixin.py:188} INFO - [2026-03-03T22:55:38.878+0000] {dag.py:3954} INFO - Setting next_dagrun for data_quality to None, run_after=None
[2026-03-03T22:55:38.898+0000] {logging_mixin.py:188} INFO - [2026-03-03T22:55:38.895+0000] {dag.py:3954} INFO - Setting next_dagrun for produce_json to 2026-03-03 14:00:00+00:00, run_after=2026-03-04 14:00:00+00:00
[2026-03-03T22:55:38.903+0000] {logging_mixin.py:188} INFO - [2026-03-03T22:55:38.903+0000] {dag.py:3954} INFO - Setting next_dagrun for update_db to None, run_after=None
[2026-03-03T22:55:38.943+0000] {processor.py:183} INFO - Processing /opt/airflow/dags/main.py took 0.304 seconds
[2026-03-03T22:56:09.822+0000] {processor.py:161} INFO - Started process (PID=2091) to work on /opt/airflow/dags/main.py
[2026-03-03T22:56:09.845+0000] {processor.py:830} INFO - Processing file /opt/airflow/dags/main.py for tasks to queue
[2026-03-03T22:56:09.847+0000] {logging_mixin.py:188} INFO - [2026-03-03T22:56:09.846+0000] {dagbag.py:545} INFO - Filling up the DagBag from /opt/airflow/dags/main.py
[2026-03-03T22:56:09.934+0000] {processor.py:840} INFO - DAG(s) 'data_quality', 'produce_json', 'update_db' retrieved from /opt/airflow/dags/main.py
[2026-03-03T22:56:10.002+0000] {logging_mixin.py:188} INFO - [2026-03-03T22:56:10.002+0000] {dag.py:3096} INFO - Sync 3 DAGs
[2026-03-03T22:56:10.045+0000] {logging_mixin.py:188} INFO - [2026-03-03T22:56:10.045+0000] {dag.py:3954} INFO - Setting next_dagrun for data_quality to None, run_after=None
[2026-03-03T22:56:10.055+0000] {logging_mixin.py:188} INFO - [2026-03-03T22:56:10.055+0000] {dag.py:3954} INFO - Setting next_dagrun for produce_json to 2026-03-03 14:00:00+00:00, run_after=2026-03-04 14:00:00+00:00
[2026-03-03T22:56:10.059+0000] {logging_mixin.py:188} INFO - [2026-03-03T22:56:10.058+0000] {dag.py:3954} INFO - Setting next_dagrun for update_db to None, run_after=None
[2026-03-03T22:56:10.099+0000] {processor.py:183} INFO - Processing /opt/airflow/dags/main.py took 0.288 seconds
[2026-03-03T22:56:40.421+0000] {processor.py:161} INFO - Started process (PID=2098) to work on /opt/airflow/dags/main.py
[2026-03-03T22:56:40.426+0000] {processor.py:830} INFO - Processing file /opt/airflow/dags/main.py for tasks to queue
[2026-03-03T22:56:40.432+0000] {logging_mixin.py:188} INFO - [2026-03-03T22:56:40.430+0000] {dagbag.py:545} INFO - Filling up the DagBag from /opt/airflow/dags/main.py
[2026-03-03T22:56:40.507+0000] {processor.py:840} INFO - DAG(s) 'data_quality', 'update_db', 'produce_json' retrieved from /opt/airflow/dags/main.py
[2026-03-03T22:56:40.620+0000] {logging_mixin.py:188} INFO - [2026-03-03T22:56:40.620+0000] {dag.py:3096} INFO - Sync 3 DAGs
[2026-03-03T22:56:40.672+0000] {logging_mixin.py:188} INFO - [2026-03-03T22:56:40.671+0000] {dag.py:3954} INFO - Setting next_dagrun for data_quality to None, run_after=None
[2026-03-03T22:56:40.690+0000] {logging_mixin.py:188} INFO - [2026-03-03T22:56:40.690+0000] {dag.py:3954} INFO - Setting next_dagrun for produce_json to 2026-03-03 14:00:00+00:00, run_after=2026-03-04 14:00:00+00:00
[2026-03-03T22:56:40.694+0000] {logging_mixin.py:188} INFO - [2026-03-03T22:56:40.694+0000] {dag.py:3954} INFO - Setting next_dagrun for update_db to None, run_after=None
[2026-03-03T22:56:40.741+0000] {processor.py:183} INFO - Processing /opt/airflow/dags/main.py took 0.344 seconds
[2026-03-03T22:57:24.858+0000] {processor.py:161} INFO - Started process (PID=2099) to work on /opt/airflow/dags/main.py
[2026-03-03T22:57:24.889+0000] {processor.py:830} INFO - Processing file /opt/airflow/dags/main.py for tasks to queue
[2026-03-03T22:57:24.913+0000] {logging_mixin.py:188} INFO - [2026-03-03T22:57:24.912+0000] {dagbag.py:545} INFO - Filling up the DagBag from /opt/airflow/dags/main.py
[2026-03-03T22:57:25.811+0000] {processor.py:840} INFO - DAG(s) 'produce_json', 'data_quality', 'update_db' retrieved from /opt/airflow/dags/main.py
[2026-03-03T22:57:26.555+0000] {logging_mixin.py:188} INFO - [2026-03-03T22:57:26.547+0000] {dag.py:3096} INFO - Sync 3 DAGs
[2026-03-03T22:57:26.805+0000] {logging_mixin.py:188} INFO - [2026-03-03T22:57:26.804+0000] {dag.py:3954} INFO - Setting next_dagrun for data_quality to None, run_after=None
[2026-03-03T22:57:26.886+0000] {logging_mixin.py:188} INFO - [2026-03-03T22:57:26.885+0000] {dag.py:3954} INFO - Setting next_dagrun for produce_json to 2026-03-03 14:00:00+00:00, run_after=2026-03-04 14:00:00+00:00
[2026-03-03T22:57:26.897+0000] {logging_mixin.py:188} INFO - [2026-03-03T22:57:26.897+0000] {dag.py:3954} INFO - Setting next_dagrun for update_db to None, run_after=None
[2026-03-03T22:57:26.941+0000] {processor.py:183} INFO - Processing /opt/airflow/dags/main.py took 2.137 seconds
[2026-03-03T22:57:57.679+0000] {processor.py:161} INFO - Started process (PID=2113) to work on /opt/airflow/dags/main.py
[2026-03-03T22:57:57.682+0000] {processor.py:830} INFO - Processing file /opt/airflow/dags/main.py for tasks to queue
[2026-03-03T22:57:57.684+0000] {logging_mixin.py:188} INFO - [2026-03-03T22:57:57.683+0000] {dagbag.py:545} INFO - Filling up the DagBag from /opt/airflow/dags/main.py
[2026-03-03T22:57:57.747+0000] {processor.py:840} INFO - DAG(s) 'produce_json', 'update_db', 'data_quality' retrieved from /opt/airflow/dags/main.py
[2026-03-03T22:57:57.808+0000] {logging_mixin.py:188} INFO - [2026-03-03T22:57:57.808+0000] {dag.py:3096} INFO - Sync 3 DAGs
[2026-03-03T22:57:57.841+0000] {logging_mixin.py:188} INFO - [2026-03-03T22:57:57.841+0000] {dag.py:3954} INFO - Setting next_dagrun for data_quality to None, run_after=None
[2026-03-03T22:57:57.849+0000] {logging_mixin.py:188} INFO - [2026-03-03T22:57:57.849+0000] {dag.py:3954} INFO - Setting next_dagrun for produce_json to 2026-03-03 14:00:00+00:00, run_after=2026-03-04 14:00:00+00:00
[2026-03-03T22:57:57.852+0000] {logging_mixin.py:188} INFO - [2026-03-03T22:57:57.851+0000] {dag.py:3954} INFO - Setting next_dagrun for update_db to None, run_after=None
[2026-03-03T22:57:57.880+0000] {processor.py:183} INFO - Processing /opt/airflow/dags/main.py took 0.213 seconds
[2026-03-03T22:58:28.067+0000] {processor.py:161} INFO - Started process (PID=2120) to work on /opt/airflow/dags/main.py
[2026-03-03T22:58:28.085+0000] {processor.py:830} INFO - Processing file /opt/airflow/dags/main.py for tasks to queue
[2026-03-03T22:58:28.088+0000] {logging_mixin.py:188} INFO - [2026-03-03T22:58:28.087+0000] {dagbag.py:545} INFO - Filling up the DagBag from /opt/airflow/dags/main.py
[2026-03-03T22:58:28.192+0000] {processor.py:840} INFO - DAG(s) 'data_quality', 'produce_json', 'update_db' retrieved from /opt/airflow/dags/main.py
[2026-03-03T22:58:28.257+0000] {logging_mixin.py:188} INFO - [2026-03-03T22:58:28.256+0000] {dag.py:3096} INFO - Sync 3 DAGs
[2026-03-03T22:58:28.295+0000] {logging_mixin.py:188} INFO - [2026-03-03T22:58:28.294+0000] {dag.py:3954} INFO - Setting next_dagrun for data_quality to None, run_after=None
[2026-03-03T22:58:28.304+0000] {logging_mixin.py:188} INFO - [2026-03-03T22:58:28.304+0000] {dag.py:3954} INFO - Setting next_dagrun for produce_json to 2026-03-03 14:00:00+00:00, run_after=2026-03-04 14:00:00+00:00
[2026-03-03T22:58:28.308+0000] {logging_mixin.py:188} INFO - [2026-03-03T22:58:28.308+0000] {dag.py:3954} INFO - Setting next_dagrun for update_db to None, run_after=None
[2026-03-03T22:58:28.353+0000] {processor.py:183} INFO - Processing /opt/airflow/dags/main.py took 0.304 seconds
[2026-03-03T22:58:58.696+0000] {processor.py:161} INFO - Started process (PID=2128) to work on /opt/airflow/dags/main.py
[2026-03-03T22:58:58.699+0000] {processor.py:830} INFO - Processing file /opt/airflow/dags/main.py for tasks to queue
[2026-03-03T22:58:58.701+0000] {logging_mixin.py:188} INFO - [2026-03-03T22:58:58.700+0000] {dagbag.py:545} INFO - Filling up the DagBag from /opt/airflow/dags/main.py
[2026-03-03T22:58:58.777+0000] {processor.py:840} INFO - DAG(s) 'update_db', 'produce_json', 'data_quality' retrieved from /opt/airflow/dags/main.py
[2026-03-03T22:58:58.876+0000] {logging_mixin.py:188} INFO - [2026-03-03T22:58:58.876+0000] {dag.py:3096} INFO - Sync 3 DAGs
[2026-03-03T22:58:58.944+0000] {logging_mixin.py:188} INFO - [2026-03-03T22:58:58.943+0000] {dag.py:3954} INFO - Setting next_dagrun for data_quality to None, run_after=None
[2026-03-03T22:58:58.961+0000] {logging_mixin.py:188} INFO - [2026-03-03T22:58:58.961+0000] {dag.py:3954} INFO - Setting next_dagrun for produce_json to 2026-03-03 14:00:00+00:00, run_after=2026-03-04 14:00:00+00:00
[2026-03-03T22:58:58.966+0000] {logging_mixin.py:188} INFO - [2026-03-03T22:58:58.966+0000] {dag.py:3954} INFO - Setting next_dagrun for update_db to None, run_after=None
[2026-03-03T22:58:59.019+0000] {processor.py:183} INFO - Processing /opt/airflow/dags/main.py took 0.336 seconds
