[2026-02-25T09:07:30.115+0000] {processor.py:161} INFO - Started process (PID=335) to work on /opt/airflow/dags/main.py
[2026-02-25T09:07:30.117+0000] {processor.py:830} INFO - Processing file /opt/airflow/dags/main.py for tasks to queue
[2026-02-25T09:07:30.145+0000] {logging_mixin.py:188} INFO - [2026-02-25T09:07:30.121+0000] {dagbag.py:545} INFO - Filling up the DagBag from /opt/airflow/dags/main.py
[2026-02-25T09:07:30.525+0000] {processor.py:840} INFO - DAG(s) 'data_quality', 'produce_json', 'update_db' retrieved from /opt/airflow/dags/main.py
[2026-02-25T09:07:30.697+0000] {logging_mixin.py:188} INFO - [2026-02-25T09:07:30.696+0000] {dag.py:3096} INFO - Sync 3 DAGs
[2026-02-25T09:07:30.804+0000] {logging_mixin.py:188} INFO - [2026-02-25T09:07:30.795+0000] {dag.py:3954} INFO - Setting next_dagrun for data_quality to 2026-02-24 16:00:00+00:00, run_after=2026-02-25 16:00:00+00:00
[2026-02-25T09:07:30.818+0000] {logging_mixin.py:188} INFO - [2026-02-25T09:07:30.817+0000] {dag.py:3954} INFO - Setting next_dagrun for produce_json to 2026-02-24 14:00:00+00:00, run_after=2026-02-25 14:00:00+00:00
[2026-02-25T09:07:30.828+0000] {logging_mixin.py:188} INFO - [2026-02-25T09:07:30.828+0000] {dag.py:3954} INFO - Setting next_dagrun for update_db to 2026-02-24 15:00:00+00:00, run_after=2026-02-25 15:00:00+00:00
[2026-02-25T09:07:30.905+0000] {processor.py:183} INFO - Processing /opt/airflow/dags/main.py took 0.850 seconds
[2026-02-25T22:39:11.728+0000] {processor.py:161} INFO - Started process (PID=343) to work on /opt/airflow/dags/main.py
[2026-02-25T22:39:11.774+0000] {processor.py:830} INFO - Processing file /opt/airflow/dags/main.py for tasks to queue
[2026-02-25T22:39:11.804+0000] {logging_mixin.py:188} INFO - [2026-02-25T22:39:11.803+0000] {dagbag.py:545} INFO - Filling up the DagBag from /opt/airflow/dags/main.py
[2026-02-25T22:39:12.299+0000] {processor.py:840} INFO - DAG(s) 'data_quality', 'update_db', 'produce_json' retrieved from /opt/airflow/dags/main.py
[2026-02-25T22:39:13.085+0000] {logging_mixin.py:188} INFO - [2026-02-25T22:39:13.084+0000] {dag.py:3096} INFO - Sync 3 DAGs
[2026-02-25T22:39:13.634+0000] {logging_mixin.py:188} INFO - [2026-02-25T22:39:13.634+0000] {dag.py:3954} INFO - Setting next_dagrun for data_quality to 2026-02-24 16:00:00+00:00, run_after=2026-02-25 16:00:00+00:00
[2026-02-25T22:39:14.207+0000] {logging_mixin.py:188} INFO - [2026-02-25T22:39:14.198+0000] {dag.py:3954} INFO - Setting next_dagrun for produce_json to 2026-02-24 14:00:00+00:00, run_after=2026-02-25 14:00:00+00:00
[2026-02-25T22:39:14.233+0000] {logging_mixin.py:188} INFO - [2026-02-25T22:39:14.220+0000] {dag.py:3954} INFO - Setting next_dagrun for update_db to 2026-02-24 15:00:00+00:00, run_after=2026-02-25 15:00:00+00:00
[2026-02-25T22:39:14.343+0000] {processor.py:183} INFO - Processing /opt/airflow/dags/main.py took 3.009 seconds
[2026-02-25T22:44:43.164+0000] {processor.py:161} INFO - Started process (PID=350) to work on /opt/airflow/dags/main.py
[2026-02-25T22:44:43.169+0000] {processor.py:830} INFO - Processing file /opt/airflow/dags/main.py for tasks to queue
[2026-02-25T22:44:43.175+0000] {logging_mixin.py:188} INFO - [2026-02-25T22:44:43.174+0000] {dagbag.py:545} INFO - Filling up the DagBag from /opt/airflow/dags/main.py
[2026-02-25T22:44:43.668+0000] {processor.py:840} INFO - DAG(s) 'update_db', 'produce_json', 'data_quality' retrieved from /opt/airflow/dags/main.py
[2026-02-25T22:45:28.788+0000] {processor.py:161} INFO - Started process (PID=351) to work on /opt/airflow/dags/main.py
[2026-02-25T22:45:28.793+0000] {processor.py:830} INFO - Processing file /opt/airflow/dags/main.py for tasks to queue
[2026-02-25T22:45:28.795+0000] {logging_mixin.py:188} INFO - [2026-02-25T22:45:28.795+0000] {dagbag.py:545} INFO - Filling up the DagBag from /opt/airflow/dags/main.py
[2026-02-25T22:45:29.215+0000] {processor.py:840} INFO - DAG(s) 'update_db', 'produce_json', 'data_quality' retrieved from /opt/airflow/dags/main.py
[2026-02-25T22:45:29.567+0000] {logging_mixin.py:188} INFO - [2026-02-25T22:45:29.567+0000] {dag.py:3096} INFO - Sync 3 DAGs
[2026-02-25T22:45:29.625+0000] {logging_mixin.py:188} INFO - [2026-02-25T22:45:29.624+0000] {dag.py:3954} INFO - Setting next_dagrun for data_quality to 2026-02-24 16:00:00+00:00, run_after=2026-02-25 16:00:00+00:00
[2026-02-25T22:45:29.638+0000] {logging_mixin.py:188} INFO - [2026-02-25T22:45:29.637+0000] {dag.py:3954} INFO - Setting next_dagrun for produce_json to 2026-02-24 14:00:00+00:00, run_after=2026-02-25 14:00:00+00:00
[2026-02-25T22:45:29.645+0000] {logging_mixin.py:188} INFO - [2026-02-25T22:45:29.645+0000] {dag.py:3954} INFO - Setting next_dagrun for update_db to 2026-02-24 15:00:00+00:00, run_after=2026-02-25 15:00:00+00:00
[2026-02-25T22:45:29.679+0000] {processor.py:183} INFO - Processing /opt/airflow/dags/main.py took 0.969 seconds
[2026-02-25T22:46:00.040+0000] {processor.py:161} INFO - Started process (PID=362) to work on /opt/airflow/dags/main.py
[2026-02-25T22:46:00.044+0000] {processor.py:830} INFO - Processing file /opt/airflow/dags/main.py for tasks to queue
[2026-02-25T22:46:00.048+0000] {logging_mixin.py:188} INFO - [2026-02-25T22:46:00.047+0000] {dagbag.py:545} INFO - Filling up the DagBag from /opt/airflow/dags/main.py
[2026-02-25T22:46:00.138+0000] {processor.py:840} INFO - DAG(s) 'data_quality', 'update_db', 'produce_json' retrieved from /opt/airflow/dags/main.py
[2026-02-25T22:46:00.204+0000] {logging_mixin.py:188} INFO - [2026-02-25T22:46:00.204+0000] {dag.py:3096} INFO - Sync 3 DAGs
[2026-02-25T22:46:00.247+0000] {logging_mixin.py:188} INFO - [2026-02-25T22:46:00.247+0000] {dag.py:3954} INFO - Setting next_dagrun for data_quality to 2026-02-24 16:00:00+00:00, run_after=2026-02-25 16:00:00+00:00
[2026-02-25T22:46:00.257+0000] {logging_mixin.py:188} INFO - [2026-02-25T22:46:00.257+0000] {dag.py:3954} INFO - Setting next_dagrun for produce_json to 2026-02-24 14:00:00+00:00, run_after=2026-02-25 14:00:00+00:00
[2026-02-25T22:46:00.264+0000] {logging_mixin.py:188} INFO - [2026-02-25T22:46:00.264+0000] {dag.py:3954} INFO - Setting next_dagrun for update_db to 2026-02-24 15:00:00+00:00, run_after=2026-02-25 15:00:00+00:00
[2026-02-25T22:46:00.307+0000] {processor.py:183} INFO - Processing /opt/airflow/dags/main.py took 0.282 seconds
[2026-02-25T22:46:31.252+0000] {processor.py:161} INFO - Started process (PID=369) to work on /opt/airflow/dags/main.py
[2026-02-25T22:46:31.256+0000] {processor.py:830} INFO - Processing file /opt/airflow/dags/main.py for tasks to queue
[2026-02-25T22:46:31.259+0000] {logging_mixin.py:188} INFO - [2026-02-25T22:46:31.259+0000] {dagbag.py:545} INFO - Filling up the DagBag from /opt/airflow/dags/main.py
[2026-02-25T22:46:31.336+0000] {processor.py:840} INFO - DAG(s) 'produce_json', 'update_db', 'data_quality' retrieved from /opt/airflow/dags/main.py
[2026-02-25T22:46:31.391+0000] {logging_mixin.py:188} INFO - [2026-02-25T22:46:31.391+0000] {dag.py:3096} INFO - Sync 3 DAGs
[2026-02-25T22:46:31.431+0000] {logging_mixin.py:188} INFO - [2026-02-25T22:46:31.430+0000] {dag.py:3954} INFO - Setting next_dagrun for data_quality to 2026-02-24 16:00:00+00:00, run_after=2026-02-25 16:00:00+00:00
[2026-02-25T22:46:31.438+0000] {logging_mixin.py:188} INFO - [2026-02-25T22:46:31.438+0000] {dag.py:3954} INFO - Setting next_dagrun for produce_json to 2026-02-24 14:00:00+00:00, run_after=2026-02-25 14:00:00+00:00
[2026-02-25T22:46:31.444+0000] {logging_mixin.py:188} INFO - [2026-02-25T22:46:31.443+0000] {dag.py:3954} INFO - Setting next_dagrun for update_db to 2026-02-24 15:00:00+00:00, run_after=2026-02-25 15:00:00+00:00
[2026-02-25T22:46:31.472+0000] {processor.py:183} INFO - Processing /opt/airflow/dags/main.py took 0.230 seconds
[2026-02-25T22:47:01.798+0000] {processor.py:161} INFO - Started process (PID=376) to work on /opt/airflow/dags/main.py
[2026-02-25T22:47:01.801+0000] {processor.py:830} INFO - Processing file /opt/airflow/dags/main.py for tasks to queue
[2026-02-25T22:47:01.804+0000] {logging_mixin.py:188} INFO - [2026-02-25T22:47:01.803+0000] {dagbag.py:545} INFO - Filling up the DagBag from /opt/airflow/dags/main.py
[2026-02-25T22:47:01.908+0000] {processor.py:840} INFO - DAG(s) 'data_quality', 'produce_json', 'update_db' retrieved from /opt/airflow/dags/main.py
[2026-02-25T22:47:01.969+0000] {logging_mixin.py:188} INFO - [2026-02-25T22:47:01.968+0000] {dag.py:3096} INFO - Sync 3 DAGs
[2026-02-25T22:47:02.011+0000] {logging_mixin.py:188} INFO - [2026-02-25T22:47:02.011+0000] {dag.py:3954} INFO - Setting next_dagrun for data_quality to 2026-02-24 16:00:00+00:00, run_after=2026-02-25 16:00:00+00:00
[2026-02-25T22:47:02.021+0000] {logging_mixin.py:188} INFO - [2026-02-25T22:47:02.020+0000] {dag.py:3954} INFO - Setting next_dagrun for produce_json to 2026-02-24 14:00:00+00:00, run_after=2026-02-25 14:00:00+00:00
[2026-02-25T22:47:02.026+0000] {logging_mixin.py:188} INFO - [2026-02-25T22:47:02.025+0000] {dag.py:3954} INFO - Setting next_dagrun for update_db to 2026-02-24 15:00:00+00:00, run_after=2026-02-25 15:00:00+00:00
[2026-02-25T22:47:02.068+0000] {processor.py:183} INFO - Processing /opt/airflow/dags/main.py took 0.289 seconds
[2026-02-25T22:47:32.504+0000] {processor.py:161} INFO - Started process (PID=383) to work on /opt/airflow/dags/main.py
[2026-02-25T22:47:32.514+0000] {processor.py:830} INFO - Processing file /opt/airflow/dags/main.py for tasks to queue
[2026-02-25T22:47:32.524+0000] {logging_mixin.py:188} INFO - [2026-02-25T22:47:32.522+0000] {dagbag.py:545} INFO - Filling up the DagBag from /opt/airflow/dags/main.py
[2026-02-25T22:47:32.778+0000] {processor.py:840} INFO - DAG(s) 'data_quality', 'update_db', 'produce_json' retrieved from /opt/airflow/dags/main.py
[2026-02-25T22:47:33.030+0000] {logging_mixin.py:188} INFO - [2026-02-25T22:47:33.029+0000] {dag.py:3096} INFO - Sync 3 DAGs
[2026-02-25T22:47:33.236+0000] {logging_mixin.py:188} INFO - [2026-02-25T22:47:33.236+0000] {dag.py:3954} INFO - Setting next_dagrun for data_quality to 2026-02-24 16:00:00+00:00, run_after=2026-02-25 16:00:00+00:00
[2026-02-25T22:47:33.267+0000] {logging_mixin.py:188} INFO - [2026-02-25T22:47:33.266+0000] {dag.py:3954} INFO - Setting next_dagrun for produce_json to 2026-02-24 14:00:00+00:00, run_after=2026-02-25 14:00:00+00:00
[2026-02-25T22:47:33.293+0000] {logging_mixin.py:188} INFO - [2026-02-25T22:47:33.293+0000] {dag.py:3954} INFO - Setting next_dagrun for update_db to 2026-02-24 15:00:00+00:00, run_after=2026-02-25 15:00:00+00:00
[2026-02-25T22:47:33.352+0000] {processor.py:183} INFO - Processing /opt/airflow/dags/main.py took 0.870 seconds
[2026-02-25T22:48:03.691+0000] {processor.py:161} INFO - Started process (PID=390) to work on /opt/airflow/dags/main.py
[2026-02-25T22:48:03.695+0000] {processor.py:830} INFO - Processing file /opt/airflow/dags/main.py for tasks to queue
[2026-02-25T22:48:03.700+0000] {logging_mixin.py:188} INFO - [2026-02-25T22:48:03.699+0000] {dagbag.py:545} INFO - Filling up the DagBag from /opt/airflow/dags/main.py
[2026-02-25T22:48:03.825+0000] {processor.py:840} INFO - DAG(s) 'data_quality', 'produce_json', 'update_db' retrieved from /opt/airflow/dags/main.py
[2026-02-25T22:48:03.910+0000] {logging_mixin.py:188} INFO - [2026-02-25T22:48:03.910+0000] {dag.py:3096} INFO - Sync 3 DAGs
[2026-02-25T22:48:03.966+0000] {logging_mixin.py:188} INFO - [2026-02-25T22:48:03.964+0000] {dag.py:3954} INFO - Setting next_dagrun for data_quality to 2026-02-24 16:00:00+00:00, run_after=2026-02-25 16:00:00+00:00
[2026-02-25T22:48:03.981+0000] {logging_mixin.py:188} INFO - [2026-02-25T22:48:03.981+0000] {dag.py:3954} INFO - Setting next_dagrun for produce_json to 2026-02-24 14:00:00+00:00, run_after=2026-02-25 14:00:00+00:00
[2026-02-25T22:48:03.989+0000] {logging_mixin.py:188} INFO - [2026-02-25T22:48:03.988+0000] {dag.py:3954} INFO - Setting next_dagrun for update_db to 2026-02-24 15:00:00+00:00, run_after=2026-02-25 15:00:00+00:00
[2026-02-25T22:48:04.047+0000] {processor.py:183} INFO - Processing /opt/airflow/dags/main.py took 0.378 seconds
[2026-02-25T22:48:34.826+0000] {processor.py:161} INFO - Started process (PID=397) to work on /opt/airflow/dags/main.py
[2026-02-25T22:48:34.833+0000] {processor.py:830} INFO - Processing file /opt/airflow/dags/main.py for tasks to queue
[2026-02-25T22:48:34.837+0000] {logging_mixin.py:188} INFO - [2026-02-25T22:48:34.836+0000] {dagbag.py:545} INFO - Filling up the DagBag from /opt/airflow/dags/main.py
[2026-02-25T22:48:34.950+0000] {processor.py:840} INFO - DAG(s) 'produce_json', 'data_quality', 'update_db' retrieved from /opt/airflow/dags/main.py
[2026-02-25T22:48:35.059+0000] {logging_mixin.py:188} INFO - [2026-02-25T22:48:35.058+0000] {dag.py:3096} INFO - Sync 3 DAGs
[2026-02-25T22:48:35.115+0000] {logging_mixin.py:188} INFO - [2026-02-25T22:48:35.115+0000] {dag.py:3954} INFO - Setting next_dagrun for data_quality to 2026-02-24 16:00:00+00:00, run_after=2026-02-25 16:00:00+00:00
[2026-02-25T22:48:35.150+0000] {logging_mixin.py:188} INFO - [2026-02-25T22:48:35.149+0000] {dag.py:3954} INFO - Setting next_dagrun for produce_json to 2026-02-24 14:00:00+00:00, run_after=2026-02-25 14:00:00+00:00
[2026-02-25T22:48:35.176+0000] {logging_mixin.py:188} INFO - [2026-02-25T22:48:35.176+0000] {dag.py:3954} INFO - Setting next_dagrun for update_db to 2026-02-24 15:00:00+00:00, run_after=2026-02-25 15:00:00+00:00
[2026-02-25T22:48:35.243+0000] {processor.py:183} INFO - Processing /opt/airflow/dags/main.py took 0.442 seconds
[2026-02-25T22:49:05.791+0000] {processor.py:161} INFO - Started process (PID=404) to work on /opt/airflow/dags/main.py
[2026-02-25T22:49:05.805+0000] {processor.py:830} INFO - Processing file /opt/airflow/dags/main.py for tasks to queue
[2026-02-25T22:49:05.812+0000] {logging_mixin.py:188} INFO - [2026-02-25T22:49:05.812+0000] {dagbag.py:545} INFO - Filling up the DagBag from /opt/airflow/dags/main.py
[2026-02-25T22:49:05.934+0000] {processor.py:840} INFO - DAG(s) 'data_quality', 'produce_json', 'update_db' retrieved from /opt/airflow/dags/main.py
[2026-02-25T22:49:06.003+0000] {logging_mixin.py:188} INFO - [2026-02-25T22:49:06.003+0000] {dag.py:3096} INFO - Sync 3 DAGs
[2026-02-25T22:49:06.045+0000] {logging_mixin.py:188} INFO - [2026-02-25T22:49:06.045+0000] {dag.py:3954} INFO - Setting next_dagrun for data_quality to 2026-02-24 16:00:00+00:00, run_after=2026-02-25 16:00:00+00:00
[2026-02-25T22:49:06.056+0000] {logging_mixin.py:188} INFO - [2026-02-25T22:49:06.056+0000] {dag.py:3954} INFO - Setting next_dagrun for produce_json to 2026-02-24 14:00:00+00:00, run_after=2026-02-25 14:00:00+00:00
[2026-02-25T22:49:06.063+0000] {logging_mixin.py:188} INFO - [2026-02-25T22:49:06.063+0000] {dag.py:3954} INFO - Setting next_dagrun for update_db to 2026-02-24 15:00:00+00:00, run_after=2026-02-25 15:00:00+00:00
[2026-02-25T22:49:06.116+0000] {processor.py:183} INFO - Processing /opt/airflow/dags/main.py took 0.347 seconds
[2026-02-25T22:49:36.410+0000] {processor.py:161} INFO - Started process (PID=410) to work on /opt/airflow/dags/main.py
[2026-02-25T22:49:36.417+0000] {processor.py:830} INFO - Processing file /opt/airflow/dags/main.py for tasks to queue
[2026-02-25T22:49:36.423+0000] {logging_mixin.py:188} INFO - [2026-02-25T22:49:36.422+0000] {dagbag.py:545} INFO - Filling up the DagBag from /opt/airflow/dags/main.py
[2026-02-25T22:49:36.557+0000] {processor.py:840} INFO - DAG(s) 'update_db', 'produce_json', 'data_quality' retrieved from /opt/airflow/dags/main.py
[2026-02-25T22:49:36.660+0000] {logging_mixin.py:188} INFO - [2026-02-25T22:49:36.659+0000] {dag.py:3096} INFO - Sync 3 DAGs
[2026-02-25T22:49:36.721+0000] {logging_mixin.py:188} INFO - [2026-02-25T22:49:36.721+0000] {dag.py:3954} INFO - Setting next_dagrun for data_quality to 2026-02-24 16:00:00+00:00, run_after=2026-02-25 16:00:00+00:00
[2026-02-25T22:49:36.736+0000] {logging_mixin.py:188} INFO - [2026-02-25T22:49:36.736+0000] {dag.py:3954} INFO - Setting next_dagrun for produce_json to 2026-02-24 14:00:00+00:00, run_after=2026-02-25 14:00:00+00:00
[2026-02-25T22:49:36.746+0000] {logging_mixin.py:188} INFO - [2026-02-25T22:49:36.746+0000] {dag.py:3954} INFO - Setting next_dagrun for update_db to 2026-02-24 15:00:00+00:00, run_after=2026-02-25 15:00:00+00:00
[2026-02-25T22:49:36.823+0000] {processor.py:183} INFO - Processing /opt/airflow/dags/main.py took 0.442 seconds
[2026-02-25T22:50:09.113+0000] {processor.py:161} INFO - Started process (PID=411) to work on /opt/airflow/dags/main.py
[2026-02-25T22:50:09.117+0000] {processor.py:830} INFO - Processing file /opt/airflow/dags/main.py for tasks to queue
[2026-02-25T22:50:09.125+0000] {logging_mixin.py:188} INFO - [2026-02-25T22:50:09.125+0000] {dagbag.py:545} INFO - Filling up the DagBag from /opt/airflow/dags/main.py
[2026-02-25T22:50:09.239+0000] {processor.py:840} INFO - DAG(s) 'produce_json', 'data_quality', 'update_db' retrieved from /opt/airflow/dags/main.py
[2026-02-25T22:50:09.342+0000] {logging_mixin.py:188} INFO - [2026-02-25T22:50:09.342+0000] {dag.py:3096} INFO - Sync 3 DAGs
[2026-02-25T22:50:09.410+0000] {logging_mixin.py:188} INFO - [2026-02-25T22:50:09.410+0000] {dag.py:3954} INFO - Setting next_dagrun for data_quality to 2026-02-24 16:00:00+00:00, run_after=2026-02-25 16:00:00+00:00
[2026-02-25T22:50:09.438+0000] {logging_mixin.py:188} INFO - [2026-02-25T22:50:09.438+0000] {dag.py:3954} INFO - Setting next_dagrun for produce_json to 2026-02-24 14:00:00+00:00, run_after=2026-02-25 14:00:00+00:00
[2026-02-25T22:50:09.491+0000] {logging_mixin.py:188} INFO - [2026-02-25T22:50:09.491+0000] {dag.py:3954} INFO - Setting next_dagrun for update_db to 2026-02-24 15:00:00+00:00, run_after=2026-02-25 15:00:00+00:00
[2026-02-25T22:50:09.588+0000] {processor.py:183} INFO - Processing /opt/airflow/dags/main.py took 0.504 seconds
[2026-02-25T22:50:40.474+0000] {processor.py:161} INFO - Started process (PID=424) to work on /opt/airflow/dags/main.py
[2026-02-25T22:50:40.512+0000] {processor.py:830} INFO - Processing file /opt/airflow/dags/main.py for tasks to queue
[2026-02-25T22:50:40.543+0000] {logging_mixin.py:188} INFO - [2026-02-25T22:50:40.516+0000] {dagbag.py:545} INFO - Filling up the DagBag from /opt/airflow/dags/main.py
[2026-02-25T22:50:40.861+0000] {processor.py:840} INFO - DAG(s) 'produce_json', 'update_db', 'data_quality' retrieved from /opt/airflow/dags/main.py
[2026-02-25T22:50:41.000+0000] {logging_mixin.py:188} INFO - [2026-02-25T22:50:40.999+0000] {dag.py:3096} INFO - Sync 3 DAGs
[2026-02-25T22:50:41.086+0000] {logging_mixin.py:188} INFO - [2026-02-25T22:50:41.084+0000] {dag.py:3954} INFO - Setting next_dagrun for data_quality to 2026-02-24 16:00:00+00:00, run_after=2026-02-25 16:00:00+00:00
[2026-02-25T22:50:41.104+0000] {logging_mixin.py:188} INFO - [2026-02-25T22:50:41.104+0000] {dag.py:3954} INFO - Setting next_dagrun for produce_json to 2026-02-24 14:00:00+00:00, run_after=2026-02-25 14:00:00+00:00
[2026-02-25T22:50:41.118+0000] {logging_mixin.py:188} INFO - [2026-02-25T22:50:41.117+0000] {dag.py:3954} INFO - Setting next_dagrun for update_db to 2026-02-24 15:00:00+00:00, run_after=2026-02-25 15:00:00+00:00
[2026-02-25T22:50:41.192+0000] {processor.py:183} INFO - Processing /opt/airflow/dags/main.py took 0.884 seconds
[2026-02-25T22:51:11.673+0000] {processor.py:161} INFO - Started process (PID=431) to work on /opt/airflow/dags/main.py
[2026-02-25T22:51:11.680+0000] {processor.py:830} INFO - Processing file /opt/airflow/dags/main.py for tasks to queue
[2026-02-25T22:51:11.684+0000] {logging_mixin.py:188} INFO - [2026-02-25T22:51:11.683+0000] {dagbag.py:545} INFO - Filling up the DagBag from /opt/airflow/dags/main.py
[2026-02-25T22:51:11.803+0000] {processor.py:840} INFO - DAG(s) 'data_quality', 'update_db', 'produce_json' retrieved from /opt/airflow/dags/main.py
[2026-02-25T22:51:11.902+0000] {logging_mixin.py:188} INFO - [2026-02-25T22:51:11.902+0000] {dag.py:3096} INFO - Sync 3 DAGs
[2026-02-25T22:51:11.946+0000] {logging_mixin.py:188} INFO - [2026-02-25T22:51:11.946+0000] {dag.py:3954} INFO - Setting next_dagrun for data_quality to 2026-02-24 16:00:00+00:00, run_after=2026-02-25 16:00:00+00:00
[2026-02-25T22:51:11.957+0000] {logging_mixin.py:188} INFO - [2026-02-25T22:51:11.957+0000] {dag.py:3954} INFO - Setting next_dagrun for produce_json to 2026-02-24 14:00:00+00:00, run_after=2026-02-25 14:00:00+00:00
[2026-02-25T22:51:11.966+0000] {logging_mixin.py:188} INFO - [2026-02-25T22:51:11.965+0000] {dag.py:3954} INFO - Setting next_dagrun for update_db to 2026-02-24 15:00:00+00:00, run_after=2026-02-25 15:00:00+00:00
[2026-02-25T22:51:12.017+0000] {processor.py:183} INFO - Processing /opt/airflow/dags/main.py took 0.383 seconds
[2026-02-25T22:52:08.624+0000] {processor.py:161} INFO - Started process (PID=432) to work on /opt/airflow/dags/main.py
[2026-02-25T22:52:08.636+0000] {processor.py:830} INFO - Processing file /opt/airflow/dags/main.py for tasks to queue
[2026-02-25T22:52:08.659+0000] {logging_mixin.py:188} INFO - [2026-02-25T22:52:08.654+0000] {dagbag.py:545} INFO - Filling up the DagBag from /opt/airflow/dags/main.py
[2026-02-25T22:52:09.042+0000] {processor.py:840} INFO - DAG(s) 'data_quality', 'produce_json', 'update_db' retrieved from /opt/airflow/dags/main.py
[2026-02-25T22:52:09.321+0000] {logging_mixin.py:188} INFO - [2026-02-25T22:52:09.320+0000] {dag.py:3096} INFO - Sync 3 DAGs
[2026-02-25T22:52:09.990+0000] {logging_mixin.py:188} INFO - [2026-02-25T22:52:09.989+0000] {dag.py:3954} INFO - Setting next_dagrun for data_quality to 2026-02-24 16:00:00+00:00, run_after=2026-02-25 16:00:00+00:00
[2026-02-25T22:52:10.455+0000] {logging_mixin.py:188} INFO - [2026-02-25T22:52:10.436+0000] {dag.py:3954} INFO - Setting next_dagrun for produce_json to 2026-02-24 14:00:00+00:00, run_after=2026-02-25 14:00:00+00:00
[2026-02-25T22:52:10.517+0000] {logging_mixin.py:188} INFO - [2026-02-25T22:52:10.517+0000] {dag.py:3954} INFO - Setting next_dagrun for update_db to 2026-02-24 15:00:00+00:00, run_after=2026-02-25 15:00:00+00:00
[2026-02-25T22:52:10.743+0000] {processor.py:183} INFO - Processing /opt/airflow/dags/main.py took 2.224 seconds
[2026-02-25T22:52:41.118+0000] {processor.py:161} INFO - Started process (PID=445) to work on /opt/airflow/dags/main.py
[2026-02-25T22:52:41.124+0000] {processor.py:830} INFO - Processing file /opt/airflow/dags/main.py for tasks to queue
[2026-02-25T22:52:41.137+0000] {logging_mixin.py:188} INFO - [2026-02-25T22:52:41.136+0000] {dagbag.py:545} INFO - Filling up the DagBag from /opt/airflow/dags/main.py
[2026-02-25T22:52:41.282+0000] {processor.py:840} INFO - DAG(s) 'produce_json', 'update_db', 'data_quality' retrieved from /opt/airflow/dags/main.py
[2026-02-25T22:52:41.360+0000] {logging_mixin.py:188} INFO - [2026-02-25T22:52:41.359+0000] {dag.py:3096} INFO - Sync 3 DAGs
[2026-02-25T22:52:41.442+0000] {logging_mixin.py:188} INFO - [2026-02-25T22:52:41.441+0000] {dag.py:3954} INFO - Setting next_dagrun for data_quality to 2026-02-24 16:00:00+00:00, run_after=2026-02-25 16:00:00+00:00
[2026-02-25T22:52:41.485+0000] {logging_mixin.py:188} INFO - [2026-02-25T22:52:41.484+0000] {dag.py:3954} INFO - Setting next_dagrun for produce_json to 2026-02-24 14:00:00+00:00, run_after=2026-02-25 14:00:00+00:00
[2026-02-25T22:52:41.500+0000] {logging_mixin.py:188} INFO - [2026-02-25T22:52:41.500+0000] {dag.py:3954} INFO - Setting next_dagrun for update_db to 2026-02-24 15:00:00+00:00, run_after=2026-02-25 15:00:00+00:00
[2026-02-25T22:52:41.553+0000] {processor.py:183} INFO - Processing /opt/airflow/dags/main.py took 0.450 seconds
[2026-02-25T22:53:11.827+0000] {processor.py:161} INFO - Started process (PID=454) to work on /opt/airflow/dags/main.py
[2026-02-25T22:53:11.830+0000] {processor.py:830} INFO - Processing file /opt/airflow/dags/main.py for tasks to queue
[2026-02-25T22:53:11.837+0000] {logging_mixin.py:188} INFO - [2026-02-25T22:53:11.836+0000] {dagbag.py:545} INFO - Filling up the DagBag from /opt/airflow/dags/main.py
[2026-02-25T22:53:11.950+0000] {processor.py:840} INFO - DAG(s) 'produce_json', 'update_db', 'data_quality' retrieved from /opt/airflow/dags/main.py
[2026-02-25T22:53:12.061+0000] {logging_mixin.py:188} INFO - [2026-02-25T22:53:12.060+0000] {dag.py:3096} INFO - Sync 3 DAGs
[2026-02-25T22:53:12.163+0000] {logging_mixin.py:188} INFO - [2026-02-25T22:53:12.163+0000] {dag.py:3954} INFO - Setting next_dagrun for data_quality to 2026-02-24 16:00:00+00:00, run_after=2026-02-25 16:00:00+00:00
[2026-02-25T22:53:12.183+0000] {logging_mixin.py:188} INFO - [2026-02-25T22:53:12.183+0000] {dag.py:3954} INFO - Setting next_dagrun for produce_json to 2026-02-24 14:00:00+00:00, run_after=2026-02-25 14:00:00+00:00
[2026-02-25T22:53:12.209+0000] {logging_mixin.py:188} INFO - [2026-02-25T22:53:12.208+0000] {dag.py:3954} INFO - Setting next_dagrun for update_db to 2026-02-24 15:00:00+00:00, run_after=2026-02-25 15:00:00+00:00
[2026-02-25T22:53:12.270+0000] {processor.py:183} INFO - Processing /opt/airflow/dags/main.py took 0.460 seconds
[2026-02-25T22:53:42.613+0000] {processor.py:161} INFO - Started process (PID=461) to work on /opt/airflow/dags/main.py
[2026-02-25T22:53:42.616+0000] {processor.py:830} INFO - Processing file /opt/airflow/dags/main.py for tasks to queue
[2026-02-25T22:53:42.620+0000] {logging_mixin.py:188} INFO - [2026-02-25T22:53:42.620+0000] {dagbag.py:545} INFO - Filling up the DagBag from /opt/airflow/dags/main.py
[2026-02-25T22:53:42.687+0000] {processor.py:840} INFO - DAG(s) 'update_db', 'data_quality', 'produce_json' retrieved from /opt/airflow/dags/main.py
[2026-02-25T22:53:42.785+0000] {logging_mixin.py:188} INFO - [2026-02-25T22:53:42.785+0000] {dag.py:3096} INFO - Sync 3 DAGs
[2026-02-25T22:53:42.824+0000] {logging_mixin.py:188} INFO - [2026-02-25T22:53:42.824+0000] {dag.py:3954} INFO - Setting next_dagrun for data_quality to 2026-02-24 16:00:00+00:00, run_after=2026-02-25 16:00:00+00:00
[2026-02-25T22:53:42.834+0000] {logging_mixin.py:188} INFO - [2026-02-25T22:53:42.834+0000] {dag.py:3954} INFO - Setting next_dagrun for produce_json to 2026-02-24 14:00:00+00:00, run_after=2026-02-25 14:00:00+00:00
[2026-02-25T22:53:42.839+0000] {logging_mixin.py:188} INFO - [2026-02-25T22:53:42.839+0000] {dag.py:3954} INFO - Setting next_dagrun for update_db to 2026-02-24 15:00:00+00:00, run_after=2026-02-25 15:00:00+00:00
[2026-02-25T22:53:42.866+0000] {processor.py:183} INFO - Processing /opt/airflow/dags/main.py took 0.268 seconds
[2026-02-25T22:54:13.248+0000] {processor.py:161} INFO - Started process (PID=469) to work on /opt/airflow/dags/main.py
[2026-02-25T22:54:13.251+0000] {processor.py:830} INFO - Processing file /opt/airflow/dags/main.py for tasks to queue
[2026-02-25T22:54:13.256+0000] {logging_mixin.py:188} INFO - [2026-02-25T22:54:13.255+0000] {dagbag.py:545} INFO - Filling up the DagBag from /opt/airflow/dags/main.py
[2026-02-25T22:54:13.336+0000] {processor.py:840} INFO - DAG(s) 'data_quality', 'update_db', 'produce_json' retrieved from /opt/airflow/dags/main.py
[2026-02-25T22:54:13.401+0000] {logging_mixin.py:188} INFO - [2026-02-25T22:54:13.401+0000] {dag.py:3096} INFO - Sync 3 DAGs
[2026-02-25T22:54:13.441+0000] {logging_mixin.py:188} INFO - [2026-02-25T22:54:13.440+0000] {dag.py:3954} INFO - Setting next_dagrun for data_quality to 2026-02-24 16:00:00+00:00, run_after=2026-02-25 16:00:00+00:00
[2026-02-25T22:54:13.451+0000] {logging_mixin.py:188} INFO - [2026-02-25T22:54:13.451+0000] {dag.py:3954} INFO - Setting next_dagrun for produce_json to 2026-02-24 14:00:00+00:00, run_after=2026-02-25 14:00:00+00:00
[2026-02-25T22:54:13.457+0000] {logging_mixin.py:188} INFO - [2026-02-25T22:54:13.457+0000] {dag.py:3954} INFO - Setting next_dagrun for update_db to 2026-02-24 15:00:00+00:00, run_after=2026-02-25 15:00:00+00:00
[2026-02-25T22:54:13.492+0000] {processor.py:183} INFO - Processing /opt/airflow/dags/main.py took 0.262 seconds
[2026-02-25T22:55:08.826+0000] {processor.py:161} INFO - Started process (PID=470) to work on /opt/airflow/dags/main.py
[2026-02-25T22:55:08.838+0000] {processor.py:830} INFO - Processing file /opt/airflow/dags/main.py for tasks to queue
[2026-02-25T22:55:08.874+0000] {logging_mixin.py:188} INFO - [2026-02-25T22:55:08.873+0000] {dagbag.py:545} INFO - Filling up the DagBag from /opt/airflow/dags/main.py
[2026-02-25T22:55:09.194+0000] {processor.py:840} INFO - DAG(s) 'produce_json', 'data_quality', 'update_db' retrieved from /opt/airflow/dags/main.py
[2026-02-25T22:55:09.480+0000] {logging_mixin.py:188} INFO - [2026-02-25T22:55:09.479+0000] {dag.py:3096} INFO - Sync 3 DAGs
[2026-02-25T22:55:09.540+0000] {logging_mixin.py:188} INFO - [2026-02-25T22:55:09.540+0000] {dag.py:3954} INFO - Setting next_dagrun for data_quality to 2026-02-24 16:00:00+00:00, run_after=2026-02-25 16:00:00+00:00
[2026-02-25T22:55:09.551+0000] {logging_mixin.py:188} INFO - [2026-02-25T22:55:09.550+0000] {dag.py:3954} INFO - Setting next_dagrun for produce_json to 2026-02-24 14:00:00+00:00, run_after=2026-02-25 14:00:00+00:00
[2026-02-25T22:55:09.556+0000] {logging_mixin.py:188} INFO - [2026-02-25T22:55:09.555+0000] {dag.py:3954} INFO - Setting next_dagrun for update_db to 2026-02-24 15:00:00+00:00, run_after=2026-02-25 15:00:00+00:00
[2026-02-25T22:55:09.590+0000] {processor.py:183} INFO - Processing /opt/airflow/dags/main.py took 0.909 seconds
[2026-02-25T22:55:40.428+0000] {processor.py:161} INFO - Started process (PID=483) to work on /opt/airflow/dags/main.py
[2026-02-25T22:55:40.432+0000] {processor.py:830} INFO - Processing file /opt/airflow/dags/main.py for tasks to queue
[2026-02-25T22:55:40.437+0000] {logging_mixin.py:188} INFO - [2026-02-25T22:55:40.436+0000] {dagbag.py:545} INFO - Filling up the DagBag from /opt/airflow/dags/main.py
[2026-02-25T22:55:40.499+0000] {processor.py:840} INFO - DAG(s) 'update_db', 'data_quality', 'produce_json' retrieved from /opt/airflow/dags/main.py
[2026-02-25T22:55:40.554+0000] {logging_mixin.py:188} INFO - [2026-02-25T22:55:40.554+0000] {dag.py:3096} INFO - Sync 3 DAGs
[2026-02-25T22:55:40.592+0000] {logging_mixin.py:188} INFO - [2026-02-25T22:55:40.592+0000] {dag.py:3954} INFO - Setting next_dagrun for data_quality to 2026-02-24 16:00:00+00:00, run_after=2026-02-25 16:00:00+00:00
[2026-02-25T22:55:40.601+0000] {logging_mixin.py:188} INFO - [2026-02-25T22:55:40.601+0000] {dag.py:3954} INFO - Setting next_dagrun for produce_json to 2026-02-24 14:00:00+00:00, run_after=2026-02-25 14:00:00+00:00
[2026-02-25T22:55:40.607+0000] {logging_mixin.py:188} INFO - [2026-02-25T22:55:40.606+0000] {dag.py:3954} INFO - Setting next_dagrun for update_db to 2026-02-24 15:00:00+00:00, run_after=2026-02-25 15:00:00+00:00
[2026-02-25T22:55:40.650+0000] {processor.py:183} INFO - Processing /opt/airflow/dags/main.py took 0.233 seconds
[2026-02-25T22:56:10.828+0000] {processor.py:161} INFO - Started process (PID=490) to work on /opt/airflow/dags/main.py
[2026-02-25T22:56:10.830+0000] {processor.py:830} INFO - Processing file /opt/airflow/dags/main.py for tasks to queue
[2026-02-25T22:56:10.833+0000] {logging_mixin.py:188} INFO - [2026-02-25T22:56:10.832+0000] {dagbag.py:545} INFO - Filling up the DagBag from /opt/airflow/dags/main.py
[2026-02-25T22:56:10.896+0000] {processor.py:840} INFO - DAG(s) 'update_db', 'produce_json', 'data_quality' retrieved from /opt/airflow/dags/main.py
[2026-02-25T22:56:10.966+0000] {logging_mixin.py:188} INFO - [2026-02-25T22:56:10.966+0000] {dag.py:3096} INFO - Sync 3 DAGs
[2026-02-25T22:56:11.007+0000] {logging_mixin.py:188} INFO - [2026-02-25T22:56:11.007+0000] {dag.py:3954} INFO - Setting next_dagrun for data_quality to 2026-02-24 16:00:00+00:00, run_after=2026-02-25 16:00:00+00:00
[2026-02-25T22:56:11.016+0000] {logging_mixin.py:188} INFO - [2026-02-25T22:56:11.016+0000] {dag.py:3954} INFO - Setting next_dagrun for produce_json to 2026-02-24 14:00:00+00:00, run_after=2026-02-25 14:00:00+00:00
[2026-02-25T22:56:11.023+0000] {logging_mixin.py:188} INFO - [2026-02-25T22:56:11.022+0000] {dag.py:3954} INFO - Setting next_dagrun for update_db to 2026-02-24 15:00:00+00:00, run_after=2026-02-25 15:00:00+00:00
[2026-02-25T22:56:11.056+0000] {processor.py:183} INFO - Processing /opt/airflow/dags/main.py took 0.240 seconds
[2026-02-25T22:57:13.426+0000] {processor.py:161} INFO - Started process (PID=491) to work on /opt/airflow/dags/main.py
[2026-02-25T22:57:13.452+0000] {processor.py:830} INFO - Processing file /opt/airflow/dags/main.py for tasks to queue
[2026-02-25T22:57:13.494+0000] {logging_mixin.py:188} INFO - [2026-02-25T22:57:13.493+0000] {dagbag.py:545} INFO - Filling up the DagBag from /opt/airflow/dags/main.py
[2026-02-25T22:57:14.105+0000] {processor.py:840} INFO - DAG(s) 'data_quality', 'produce_json', 'update_db' retrieved from /opt/airflow/dags/main.py
[2026-02-25T22:57:15.123+0000] {logging_mixin.py:188} INFO - [2026-02-25T22:57:15.116+0000] {dag.py:3096} INFO - Sync 3 DAGs
[2026-02-25T22:57:15.644+0000] {logging_mixin.py:188} INFO - [2026-02-25T22:57:15.644+0000] {dag.py:3954} INFO - Setting next_dagrun for data_quality to 2026-02-24 16:00:00+00:00, run_after=2026-02-25 16:00:00+00:00
[2026-02-25T22:57:15.810+0000] {logging_mixin.py:188} INFO - [2026-02-25T22:57:15.809+0000] {dag.py:3954} INFO - Setting next_dagrun for produce_json to 2026-02-24 14:00:00+00:00, run_after=2026-02-25 14:00:00+00:00
[2026-02-25T22:57:15.839+0000] {logging_mixin.py:188} INFO - [2026-02-25T22:57:15.831+0000] {dag.py:3954} INFO - Setting next_dagrun for update_db to 2026-02-24 15:00:00+00:00, run_after=2026-02-25 15:00:00+00:00
[2026-02-25T22:57:15.926+0000] {processor.py:183} INFO - Processing /opt/airflow/dags/main.py took 2.552 seconds
[2026-02-25T22:57:46.672+0000] {processor.py:161} INFO - Started process (PID=506) to work on /opt/airflow/dags/main.py
[2026-02-25T22:57:46.696+0000] {processor.py:830} INFO - Processing file /opt/airflow/dags/main.py for tasks to queue
[2026-02-25T22:57:46.710+0000] {logging_mixin.py:188} INFO - [2026-02-25T22:57:46.705+0000] {dagbag.py:545} INFO - Filling up the DagBag from /opt/airflow/dags/main.py
[2026-02-25T22:57:46.911+0000] {processor.py:840} INFO - DAG(s) 'update_db', 'produce_json', 'data_quality' retrieved from /opt/airflow/dags/main.py
[2026-02-25T22:57:47.065+0000] {logging_mixin.py:188} INFO - [2026-02-25T22:57:47.064+0000] {dag.py:3096} INFO - Sync 3 DAGs
[2026-02-25T22:57:47.154+0000] {logging_mixin.py:188} INFO - [2026-02-25T22:57:47.153+0000] {dag.py:3954} INFO - Setting next_dagrun for data_quality to 2026-02-24 16:00:00+00:00, run_after=2026-02-25 16:00:00+00:00
[2026-02-25T22:57:47.180+0000] {logging_mixin.py:188} INFO - [2026-02-25T22:57:47.180+0000] {dag.py:3954} INFO - Setting next_dagrun for produce_json to 2026-02-24 14:00:00+00:00, run_after=2026-02-25 14:00:00+00:00
[2026-02-25T22:57:47.199+0000] {logging_mixin.py:188} INFO - [2026-02-25T22:57:47.199+0000] {dag.py:3954} INFO - Setting next_dagrun for update_db to 2026-02-24 15:00:00+00:00, run_after=2026-02-25 15:00:00+00:00
[2026-02-25T22:57:47.244+0000] {processor.py:183} INFO - Processing /opt/airflow/dags/main.py took 0.627 seconds
[2026-02-25T22:58:17.426+0000] {processor.py:161} INFO - Started process (PID=513) to work on /opt/airflow/dags/main.py
[2026-02-25T22:58:17.431+0000] {processor.py:830} INFO - Processing file /opt/airflow/dags/main.py for tasks to queue
[2026-02-25T22:58:17.435+0000] {logging_mixin.py:188} INFO - [2026-02-25T22:58:17.434+0000] {dagbag.py:545} INFO - Filling up the DagBag from /opt/airflow/dags/main.py
[2026-02-25T22:58:17.541+0000] {processor.py:840} INFO - DAG(s) 'produce_json', 'data_quality', 'update_db' retrieved from /opt/airflow/dags/main.py
[2026-02-25T22:58:17.619+0000] {logging_mixin.py:188} INFO - [2026-02-25T22:58:17.618+0000] {dag.py:3096} INFO - Sync 3 DAGs
[2026-02-25T22:58:17.669+0000] {logging_mixin.py:188} INFO - [2026-02-25T22:58:17.669+0000] {dag.py:3954} INFO - Setting next_dagrun for data_quality to 2026-02-24 16:00:00+00:00, run_after=2026-02-25 16:00:00+00:00
[2026-02-25T22:58:17.686+0000] {logging_mixin.py:188} INFO - [2026-02-25T22:58:17.685+0000] {dag.py:3954} INFO - Setting next_dagrun for produce_json to 2026-02-24 14:00:00+00:00, run_after=2026-02-25 14:00:00+00:00
[2026-02-25T22:58:17.696+0000] {logging_mixin.py:188} INFO - [2026-02-25T22:58:17.695+0000] {dag.py:3954} INFO - Setting next_dagrun for update_db to 2026-02-24 15:00:00+00:00, run_after=2026-02-25 15:00:00+00:00
[2026-02-25T22:58:17.743+0000] {processor.py:183} INFO - Processing /opt/airflow/dags/main.py took 0.335 seconds
[2026-02-25T22:58:48.433+0000] {processor.py:161} INFO - Started process (PID=520) to work on /opt/airflow/dags/main.py
[2026-02-25T22:58:48.439+0000] {processor.py:830} INFO - Processing file /opt/airflow/dags/main.py for tasks to queue
[2026-02-25T22:58:48.443+0000] {logging_mixin.py:188} INFO - [2026-02-25T22:58:48.443+0000] {dagbag.py:545} INFO - Filling up the DagBag from /opt/airflow/dags/main.py
[2026-02-25T22:58:48.516+0000] {processor.py:840} INFO - DAG(s) 'update_db', 'produce_json', 'data_quality' retrieved from /opt/airflow/dags/main.py
[2026-02-25T22:58:48.583+0000] {logging_mixin.py:188} INFO - [2026-02-25T22:58:48.583+0000] {dag.py:3096} INFO - Sync 3 DAGs
[2026-02-25T22:58:48.634+0000] {logging_mixin.py:188} INFO - [2026-02-25T22:58:48.633+0000] {dag.py:3954} INFO - Setting next_dagrun for data_quality to 2026-02-24 16:00:00+00:00, run_after=2026-02-25 16:00:00+00:00
[2026-02-25T22:58:48.649+0000] {logging_mixin.py:188} INFO - [2026-02-25T22:58:48.649+0000] {dag.py:3954} INFO - Setting next_dagrun for produce_json to 2026-02-24 14:00:00+00:00, run_after=2026-02-25 14:00:00+00:00
[2026-02-25T22:58:48.660+0000] {logging_mixin.py:188} INFO - [2026-02-25T22:58:48.660+0000] {dag.py:3954} INFO - Setting next_dagrun for update_db to 2026-02-24 15:00:00+00:00, run_after=2026-02-25 15:00:00+00:00
[2026-02-25T22:58:48.716+0000] {processor.py:183} INFO - Processing /opt/airflow/dags/main.py took 0.300 seconds
[2026-02-25T22:59:19.387+0000] {processor.py:161} INFO - Started process (PID=527) to work on /opt/airflow/dags/main.py
[2026-02-25T22:59:19.413+0000] {processor.py:830} INFO - Processing file /opt/airflow/dags/main.py for tasks to queue
[2026-02-25T22:59:19.417+0000] {logging_mixin.py:188} INFO - [2026-02-25T22:59:19.416+0000] {dagbag.py:545} INFO - Filling up the DagBag from /opt/airflow/dags/main.py
[2026-02-25T22:59:19.676+0000] {processor.py:840} INFO - DAG(s) 'produce_json', 'update_db', 'data_quality' retrieved from /opt/airflow/dags/main.py
[2026-02-25T22:59:19.817+0000] {logging_mixin.py:188} INFO - [2026-02-25T22:59:19.816+0000] {dag.py:3096} INFO - Sync 3 DAGs
[2026-02-25T22:59:19.881+0000] {logging_mixin.py:188} INFO - [2026-02-25T22:59:19.880+0000] {dag.py:3954} INFO - Setting next_dagrun for data_quality to 2026-02-24 16:00:00+00:00, run_after=2026-02-25 16:00:00+00:00
[2026-02-25T22:59:19.915+0000] {logging_mixin.py:188} INFO - [2026-02-25T22:59:19.913+0000] {dag.py:3954} INFO - Setting next_dagrun for produce_json to 2026-02-24 14:00:00+00:00, run_after=2026-02-25 14:00:00+00:00
[2026-02-25T22:59:19.951+0000] {logging_mixin.py:188} INFO - [2026-02-25T22:59:19.950+0000] {dag.py:3954} INFO - Setting next_dagrun for update_db to 2026-02-24 15:00:00+00:00, run_after=2026-02-25 15:00:00+00:00
[2026-02-25T22:59:20.100+0000] {processor.py:183} INFO - Processing /opt/airflow/dags/main.py took 0.732 seconds
[2026-02-25T23:00:08.533+0000] {processor.py:161} INFO - Started process (PID=528) to work on /opt/airflow/dags/main.py
[2026-02-25T23:00:08.582+0000] {processor.py:830} INFO - Processing file /opt/airflow/dags/main.py for tasks to queue
[2026-02-25T23:00:08.600+0000] {logging_mixin.py:188} INFO - [2026-02-25T23:00:08.599+0000] {dagbag.py:545} INFO - Filling up the DagBag from /opt/airflow/dags/main.py
[2026-02-25T23:00:08.780+0000] {processor.py:840} INFO - DAG(s) 'produce_json', 'data_quality', 'update_db' retrieved from /opt/airflow/dags/main.py
[2026-02-25T23:00:09.338+0000] {logging_mixin.py:188} INFO - [2026-02-25T23:00:09.322+0000] {dag.py:3096} INFO - Sync 3 DAGs
[2026-02-25T23:00:09.817+0000] {logging_mixin.py:188} INFO - [2026-02-25T23:00:09.816+0000] {dag.py:3954} INFO - Setting next_dagrun for data_quality to 2026-02-24 16:00:00+00:00, run_after=2026-02-25 16:00:00+00:00
[2026-02-25T23:00:09.886+0000] {logging_mixin.py:188} INFO - [2026-02-25T23:00:09.886+0000] {dag.py:3954} INFO - Setting next_dagrun for produce_json to 2026-02-24 14:00:00+00:00, run_after=2026-02-25 14:00:00+00:00
[2026-02-25T23:00:09.930+0000] {logging_mixin.py:188} INFO - [2026-02-25T23:00:09.930+0000] {dag.py:3954} INFO - Setting next_dagrun for update_db to 2026-02-24 15:00:00+00:00, run_after=2026-02-25 15:00:00+00:00
[2026-02-25T23:00:10.094+0000] {processor.py:183} INFO - Processing /opt/airflow/dags/main.py took 1.593 seconds
[2026-02-25T23:00:40.281+0000] {processor.py:161} INFO - Started process (PID=540) to work on /opt/airflow/dags/main.py
[2026-02-25T23:00:40.285+0000] {processor.py:830} INFO - Processing file /opt/airflow/dags/main.py for tasks to queue
[2026-02-25T23:00:40.298+0000] {logging_mixin.py:188} INFO - [2026-02-25T23:00:40.298+0000] {dagbag.py:545} INFO - Filling up the DagBag from /opt/airflow/dags/main.py
[2026-02-25T23:00:40.441+0000] {processor.py:840} INFO - DAG(s) 'data_quality', 'produce_json', 'update_db' retrieved from /opt/airflow/dags/main.py
[2026-02-25T23:00:40.576+0000] {logging_mixin.py:188} INFO - [2026-02-25T23:00:40.575+0000] {dag.py:3096} INFO - Sync 3 DAGs
[2026-02-25T23:00:40.632+0000] {logging_mixin.py:188} INFO - [2026-02-25T23:00:40.632+0000] {dag.py:3954} INFO - Setting next_dagrun for data_quality to 2026-02-24 16:00:00+00:00, run_after=2026-02-25 16:00:00+00:00
[2026-02-25T23:00:40.657+0000] {logging_mixin.py:188} INFO - [2026-02-25T23:00:40.656+0000] {dag.py:3954} INFO - Setting next_dagrun for produce_json to 2026-02-24 14:00:00+00:00, run_after=2026-02-25 14:00:00+00:00
[2026-02-25T23:00:40.672+0000] {logging_mixin.py:188} INFO - [2026-02-25T23:00:40.672+0000] {dag.py:3954} INFO - Setting next_dagrun for update_db to 2026-02-24 15:00:00+00:00, run_after=2026-02-25 15:00:00+00:00
[2026-02-25T23:00:40.704+0000] {processor.py:183} INFO - Processing /opt/airflow/dags/main.py took 0.454 seconds
[2026-02-25T23:01:11.367+0000] {processor.py:161} INFO - Started process (PID=541) to work on /opt/airflow/dags/main.py
[2026-02-25T23:01:11.372+0000] {processor.py:830} INFO - Processing file /opt/airflow/dags/main.py for tasks to queue
[2026-02-25T23:01:11.376+0000] {logging_mixin.py:188} INFO - [2026-02-25T23:01:11.375+0000] {dagbag.py:545} INFO - Filling up the DagBag from /opt/airflow/dags/main.py
[2026-02-25T23:01:11.503+0000] {processor.py:840} INFO - DAG(s) 'produce_json', 'data_quality', 'update_db' retrieved from /opt/airflow/dags/main.py
[2026-02-25T23:01:11.759+0000] {logging_mixin.py:188} INFO - [2026-02-25T23:01:11.759+0000] {dag.py:3096} INFO - Sync 3 DAGs
[2026-02-25T23:01:11.822+0000] {logging_mixin.py:188} INFO - [2026-02-25T23:01:11.821+0000] {dag.py:3954} INFO - Setting next_dagrun for data_quality to 2026-02-24 16:00:00+00:00, run_after=2026-02-25 16:00:00+00:00
[2026-02-25T23:01:11.834+0000] {logging_mixin.py:188} INFO - [2026-02-25T23:01:11.834+0000] {dag.py:3954} INFO - Setting next_dagrun for produce_json to 2026-02-24 14:00:00+00:00, run_after=2026-02-25 14:00:00+00:00
[2026-02-25T23:01:11.843+0000] {logging_mixin.py:188} INFO - [2026-02-25T23:01:11.843+0000] {dag.py:3954} INFO - Setting next_dagrun for update_db to 2026-02-24 15:00:00+00:00, run_after=2026-02-25 15:00:00+00:00
[2026-02-25T23:01:11.878+0000] {processor.py:183} INFO - Processing /opt/airflow/dags/main.py took 0.533 seconds
[2026-02-25T23:01:42.255+0000] {processor.py:161} INFO - Started process (PID=555) to work on /opt/airflow/dags/main.py
[2026-02-25T23:01:42.258+0000] {processor.py:830} INFO - Processing file /opt/airflow/dags/main.py for tasks to queue
[2026-02-25T23:01:42.262+0000] {logging_mixin.py:188} INFO - [2026-02-25T23:01:42.262+0000] {dagbag.py:545} INFO - Filling up the DagBag from /opt/airflow/dags/main.py
[2026-02-25T23:01:42.354+0000] {processor.py:840} INFO - DAG(s) 'produce_json', 'update_db', 'data_quality' retrieved from /opt/airflow/dags/main.py
[2026-02-25T23:01:42.431+0000] {logging_mixin.py:188} INFO - [2026-02-25T23:01:42.431+0000] {dag.py:3096} INFO - Sync 3 DAGs
[2026-02-25T23:01:42.491+0000] {logging_mixin.py:188} INFO - [2026-02-25T23:01:42.491+0000] {dag.py:3954} INFO - Setting next_dagrun for data_quality to 2026-02-24 16:00:00+00:00, run_after=2026-02-25 16:00:00+00:00
[2026-02-25T23:01:42.504+0000] {logging_mixin.py:188} INFO - [2026-02-25T23:01:42.504+0000] {dag.py:3954} INFO - Setting next_dagrun for produce_json to 2026-02-24 14:00:00+00:00, run_after=2026-02-25 14:00:00+00:00
[2026-02-25T23:01:42.511+0000] {logging_mixin.py:188} INFO - [2026-02-25T23:01:42.511+0000] {dag.py:3954} INFO - Setting next_dagrun for update_db to 2026-02-24 15:00:00+00:00, run_after=2026-02-25 15:00:00+00:00
[2026-02-25T23:01:42.560+0000] {processor.py:183} INFO - Processing /opt/airflow/dags/main.py took 0.317 seconds
[2026-02-25T23:02:13.118+0000] {processor.py:161} INFO - Started process (PID=562) to work on /opt/airflow/dags/main.py
[2026-02-25T23:02:13.121+0000] {processor.py:830} INFO - Processing file /opt/airflow/dags/main.py for tasks to queue
[2026-02-25T23:02:13.125+0000] {logging_mixin.py:188} INFO - [2026-02-25T23:02:13.125+0000] {dagbag.py:545} INFO - Filling up the DagBag from /opt/airflow/dags/main.py
[2026-02-25T23:02:13.218+0000] {processor.py:840} INFO - DAG(s) 'update_db', 'produce_json', 'data_quality' retrieved from /opt/airflow/dags/main.py
[2026-02-25T23:02:13.297+0000] {logging_mixin.py:188} INFO - [2026-02-25T23:02:13.297+0000] {dag.py:3096} INFO - Sync 3 DAGs
[2026-02-25T23:02:13.345+0000] {logging_mixin.py:188} INFO - [2026-02-25T23:02:13.344+0000] {dag.py:3954} INFO - Setting next_dagrun for data_quality to 2026-02-24 16:00:00+00:00, run_after=2026-02-25 16:00:00+00:00
[2026-02-25T23:02:13.359+0000] {logging_mixin.py:188} INFO - [2026-02-25T23:02:13.358+0000] {dag.py:3954} INFO - Setting next_dagrun for produce_json to 2026-02-24 14:00:00+00:00, run_after=2026-02-25 14:00:00+00:00
[2026-02-25T23:02:13.366+0000] {logging_mixin.py:188} INFO - [2026-02-25T23:02:13.365+0000] {dag.py:3954} INFO - Setting next_dagrun for update_db to 2026-02-24 15:00:00+00:00, run_after=2026-02-25 15:00:00+00:00
[2026-02-25T23:02:13.415+0000] {processor.py:183} INFO - Processing /opt/airflow/dags/main.py took 0.308 seconds
[2026-02-25T23:02:44.091+0000] {processor.py:161} INFO - Started process (PID=568) to work on /opt/airflow/dags/main.py
[2026-02-25T23:02:44.093+0000] {processor.py:830} INFO - Processing file /opt/airflow/dags/main.py for tasks to queue
[2026-02-25T23:02:44.097+0000] {logging_mixin.py:188} INFO - [2026-02-25T23:02:44.097+0000] {dagbag.py:545} INFO - Filling up the DagBag from /opt/airflow/dags/main.py
[2026-02-25T23:02:44.197+0000] {processor.py:840} INFO - DAG(s) 'produce_json', 'update_db', 'data_quality' retrieved from /opt/airflow/dags/main.py
[2026-02-25T23:02:44.286+0000] {logging_mixin.py:188} INFO - [2026-02-25T23:02:44.285+0000] {dag.py:3096} INFO - Sync 3 DAGs
[2026-02-25T23:02:44.340+0000] {logging_mixin.py:188} INFO - [2026-02-25T23:02:44.340+0000] {dag.py:3954} INFO - Setting next_dagrun for data_quality to 2026-02-24 16:00:00+00:00, run_after=2026-02-25 16:00:00+00:00
[2026-02-25T23:02:44.353+0000] {logging_mixin.py:188} INFO - [2026-02-25T23:02:44.352+0000] {dag.py:3954} INFO - Setting next_dagrun for produce_json to 2026-02-24 14:00:00+00:00, run_after=2026-02-25 14:00:00+00:00
[2026-02-25T23:02:44.360+0000] {logging_mixin.py:188} INFO - [2026-02-25T23:02:44.360+0000] {dag.py:3954} INFO - Setting next_dagrun for update_db to 2026-02-24 15:00:00+00:00, run_after=2026-02-25 15:00:00+00:00
[2026-02-25T23:02:44.413+0000] {processor.py:183} INFO - Processing /opt/airflow/dags/main.py took 0.340 seconds
[2026-02-25T23:03:21.955+0000] {processor.py:161} INFO - Started process (PID=575) to work on /opt/airflow/dags/main.py
[2026-02-25T23:03:21.976+0000] {processor.py:830} INFO - Processing file /opt/airflow/dags/main.py for tasks to queue
[2026-02-25T23:03:22.020+0000] {logging_mixin.py:188} INFO - [2026-02-25T23:03:22.018+0000] {dagbag.py:545} INFO - Filling up the DagBag from /opt/airflow/dags/main.py
[2026-02-25T23:03:22.816+0000] {processor.py:840} INFO - DAG(s) 'update_db', 'data_quality', 'produce_json' retrieved from /opt/airflow/dags/main.py
[2026-02-25T23:03:23.078+0000] {logging_mixin.py:188} INFO - [2026-02-25T23:03:23.077+0000] {dag.py:3096} INFO - Sync 3 DAGs
[2026-02-25T23:03:23.216+0000] {logging_mixin.py:188} INFO - [2026-02-25T23:03:23.215+0000] {dag.py:3954} INFO - Setting next_dagrun for data_quality to 2026-02-24 16:00:00+00:00, run_after=2026-02-25 16:00:00+00:00
[2026-02-25T23:03:23.247+0000] {logging_mixin.py:188} INFO - [2026-02-25T23:03:23.246+0000] {dag.py:3954} INFO - Setting next_dagrun for produce_json to 2026-02-24 14:00:00+00:00, run_after=2026-02-25 14:00:00+00:00
[2026-02-25T23:03:23.268+0000] {logging_mixin.py:188} INFO - [2026-02-25T23:03:23.268+0000] {dag.py:3954} INFO - Setting next_dagrun for update_db to 2026-02-24 15:00:00+00:00, run_after=2026-02-25 15:00:00+00:00
[2026-02-25T23:03:23.363+0000] {processor.py:183} INFO - Processing /opt/airflow/dags/main.py took 1.519 seconds
[2026-02-25T23:03:53.976+0000] {processor.py:161} INFO - Started process (PID=583) to work on /opt/airflow/dags/main.py
[2026-02-25T23:03:53.980+0000] {processor.py:830} INFO - Processing file /opt/airflow/dags/main.py for tasks to queue
[2026-02-25T23:03:53.985+0000] {logging_mixin.py:188} INFO - [2026-02-25T23:03:53.984+0000] {dagbag.py:545} INFO - Filling up the DagBag from /opt/airflow/dags/main.py
[2026-02-25T23:03:54.116+0000] {processor.py:840} INFO - DAG(s) 'data_quality', 'produce_json', 'update_db' retrieved from /opt/airflow/dags/main.py
[2026-02-25T23:03:54.271+0000] {logging_mixin.py:188} INFO - [2026-02-25T23:03:54.271+0000] {dag.py:3096} INFO - Sync 3 DAGs
[2026-02-25T23:03:54.357+0000] {logging_mixin.py:188} INFO - [2026-02-25T23:03:54.357+0000] {dag.py:3954} INFO - Setting next_dagrun for data_quality to 2026-02-24 16:00:00+00:00, run_after=2026-02-25 16:00:00+00:00
[2026-02-25T23:03:54.382+0000] {logging_mixin.py:188} INFO - [2026-02-25T23:03:54.381+0000] {dag.py:3954} INFO - Setting next_dagrun for produce_json to 2026-02-24 14:00:00+00:00, run_after=2026-02-25 14:00:00+00:00
[2026-02-25T23:03:54.403+0000] {logging_mixin.py:188} INFO - [2026-02-25T23:03:54.402+0000] {dag.py:3954} INFO - Setting next_dagrun for update_db to 2026-02-24 15:00:00+00:00, run_after=2026-02-25 15:00:00+00:00
[2026-02-25T23:03:54.467+0000] {processor.py:183} INFO - Processing /opt/airflow/dags/main.py took 0.509 seconds
[2026-02-25T23:04:24.558+0000] {processor.py:161} INFO - Started process (PID=591) to work on /opt/airflow/dags/main.py
[2026-02-25T23:04:24.561+0000] {processor.py:830} INFO - Processing file /opt/airflow/dags/main.py for tasks to queue
[2026-02-25T23:04:24.565+0000] {logging_mixin.py:188} INFO - [2026-02-25T23:04:24.564+0000] {dagbag.py:545} INFO - Filling up the DagBag from /opt/airflow/dags/main.py
[2026-02-25T23:04:24.646+0000] {processor.py:840} INFO - DAG(s) 'update_db', 'produce_json', 'data_quality' retrieved from /opt/airflow/dags/main.py
[2026-02-25T23:04:24.715+0000] {logging_mixin.py:188} INFO - [2026-02-25T23:04:24.714+0000] {dag.py:3096} INFO - Sync 3 DAGs
[2026-02-25T23:04:24.753+0000] {logging_mixin.py:188} INFO - [2026-02-25T23:04:24.752+0000] {dag.py:3954} INFO - Setting next_dagrun for data_quality to 2026-02-24 16:00:00+00:00, run_after=2026-02-25 16:00:00+00:00
[2026-02-25T23:04:24.761+0000] {logging_mixin.py:188} INFO - [2026-02-25T23:04:24.761+0000] {dag.py:3954} INFO - Setting next_dagrun for produce_json to 2026-02-24 14:00:00+00:00, run_after=2026-02-25 14:00:00+00:00
[2026-02-25T23:04:24.767+0000] {logging_mixin.py:188} INFO - [2026-02-25T23:04:24.767+0000] {dag.py:3954} INFO - Setting next_dagrun for update_db to 2026-02-24 15:00:00+00:00, run_after=2026-02-25 15:00:00+00:00
[2026-02-25T23:04:24.820+0000] {processor.py:183} INFO - Processing /opt/airflow/dags/main.py took 0.276 seconds
[2026-02-25T23:04:55.347+0000] {processor.py:161} INFO - Started process (PID=598) to work on /opt/airflow/dags/main.py
[2026-02-25T23:04:55.351+0000] {processor.py:830} INFO - Processing file /opt/airflow/dags/main.py for tasks to queue
[2026-02-25T23:04:55.356+0000] {logging_mixin.py:188} INFO - [2026-02-25T23:04:55.355+0000] {dagbag.py:545} INFO - Filling up the DagBag from /opt/airflow/dags/main.py
[2026-02-25T23:04:55.448+0000] {processor.py:840} INFO - DAG(s) 'produce_json', 'data_quality', 'update_db' retrieved from /opt/airflow/dags/main.py
[2026-02-25T23:04:55.540+0000] {logging_mixin.py:188} INFO - [2026-02-25T23:04:55.540+0000] {dag.py:3096} INFO - Sync 3 DAGs
[2026-02-25T23:04:55.581+0000] {logging_mixin.py:188} INFO - [2026-02-25T23:04:55.581+0000] {dag.py:3954} INFO - Setting next_dagrun for data_quality to 2026-02-24 16:00:00+00:00, run_after=2026-02-25 16:00:00+00:00
[2026-02-25T23:04:55.590+0000] {logging_mixin.py:188} INFO - [2026-02-25T23:04:55.590+0000] {dag.py:3954} INFO - Setting next_dagrun for produce_json to 2026-02-24 14:00:00+00:00, run_after=2026-02-25 14:00:00+00:00
[2026-02-25T23:04:55.596+0000] {logging_mixin.py:188} INFO - [2026-02-25T23:04:55.595+0000] {dag.py:3954} INFO - Setting next_dagrun for update_db to 2026-02-24 15:00:00+00:00, run_after=2026-02-25 15:00:00+00:00
[2026-02-25T23:04:55.625+0000] {processor.py:183} INFO - Processing /opt/airflow/dags/main.py took 0.289 seconds
[2026-02-25T23:05:25.729+0000] {processor.py:161} INFO - Started process (PID=605) to work on /opt/airflow/dags/main.py
[2026-02-25T23:05:25.734+0000] {processor.py:830} INFO - Processing file /opt/airflow/dags/main.py for tasks to queue
[2026-02-25T23:05:25.739+0000] {logging_mixin.py:188} INFO - [2026-02-25T23:05:25.738+0000] {dagbag.py:545} INFO - Filling up the DagBag from /opt/airflow/dags/main.py
[2026-02-25T23:05:25.913+0000] {processor.py:840} INFO - DAG(s) 'produce_json', 'data_quality', 'update_db' retrieved from /opt/airflow/dags/main.py
[2026-02-25T23:05:26.040+0000] {logging_mixin.py:188} INFO - [2026-02-25T23:05:26.039+0000] {dag.py:3096} INFO - Sync 3 DAGs
[2026-02-25T23:05:26.145+0000] {logging_mixin.py:188} INFO - [2026-02-25T23:05:26.144+0000] {dag.py:3954} INFO - Setting next_dagrun for data_quality to 2026-02-24 16:00:00+00:00, run_after=2026-02-25 16:00:00+00:00
[2026-02-25T23:05:26.167+0000] {logging_mixin.py:188} INFO - [2026-02-25T23:05:26.166+0000] {dag.py:3954} INFO - Setting next_dagrun for produce_json to 2026-02-24 14:00:00+00:00, run_after=2026-02-25 14:00:00+00:00
[2026-02-25T23:05:26.188+0000] {logging_mixin.py:188} INFO - [2026-02-25T23:05:26.187+0000] {dag.py:3954} INFO - Setting next_dagrun for update_db to 2026-02-24 15:00:00+00:00, run_after=2026-02-25 15:00:00+00:00
[2026-02-25T23:05:26.259+0000] {processor.py:183} INFO - Processing /opt/airflow/dags/main.py took 0.560 seconds
[2026-02-25T23:05:56.626+0000] {processor.py:161} INFO - Started process (PID=612) to work on /opt/airflow/dags/main.py
[2026-02-25T23:05:56.629+0000] {processor.py:830} INFO - Processing file /opt/airflow/dags/main.py for tasks to queue
[2026-02-25T23:05:56.633+0000] {logging_mixin.py:188} INFO - [2026-02-25T23:05:56.632+0000] {dagbag.py:545} INFO - Filling up the DagBag from /opt/airflow/dags/main.py
[2026-02-25T23:05:56.718+0000] {processor.py:840} INFO - DAG(s) 'update_db', 'produce_json', 'data_quality' retrieved from /opt/airflow/dags/main.py
[2026-02-25T23:05:56.791+0000] {logging_mixin.py:188} INFO - [2026-02-25T23:05:56.791+0000] {dag.py:3096} INFO - Sync 3 DAGs
[2026-02-25T23:05:56.835+0000] {logging_mixin.py:188} INFO - [2026-02-25T23:05:56.835+0000] {dag.py:3954} INFO - Setting next_dagrun for data_quality to 2026-02-24 16:00:00+00:00, run_after=2026-02-25 16:00:00+00:00
[2026-02-25T23:05:56.844+0000] {logging_mixin.py:188} INFO - [2026-02-25T23:05:56.844+0000] {dag.py:3954} INFO - Setting next_dagrun for produce_json to 2026-02-24 14:00:00+00:00, run_after=2026-02-25 14:00:00+00:00
[2026-02-25T23:05:56.851+0000] {logging_mixin.py:188} INFO - [2026-02-25T23:05:56.851+0000] {dag.py:3954} INFO - Setting next_dagrun for update_db to 2026-02-24 15:00:00+00:00, run_after=2026-02-25 15:00:00+00:00
[2026-02-25T23:05:56.885+0000] {processor.py:183} INFO - Processing /opt/airflow/dags/main.py took 0.279 seconds
[2026-02-25T23:06:27.217+0000] {processor.py:161} INFO - Started process (PID=620) to work on /opt/airflow/dags/main.py
[2026-02-25T23:06:27.220+0000] {processor.py:830} INFO - Processing file /opt/airflow/dags/main.py for tasks to queue
[2026-02-25T23:06:27.224+0000] {logging_mixin.py:188} INFO - [2026-02-25T23:06:27.224+0000] {dagbag.py:545} INFO - Filling up the DagBag from /opt/airflow/dags/main.py
[2026-02-25T23:06:27.308+0000] {processor.py:840} INFO - DAG(s) 'update_db', 'produce_json', 'data_quality' retrieved from /opt/airflow/dags/main.py
[2026-02-25T23:06:27.377+0000] {logging_mixin.py:188} INFO - [2026-02-25T23:06:27.377+0000] {dag.py:3096} INFO - Sync 3 DAGs
[2026-02-25T23:06:27.424+0000] {logging_mixin.py:188} INFO - [2026-02-25T23:06:27.424+0000] {dag.py:3954} INFO - Setting next_dagrun for data_quality to 2026-02-24 16:00:00+00:00, run_after=2026-02-25 16:00:00+00:00
[2026-02-25T23:06:27.434+0000] {logging_mixin.py:188} INFO - [2026-02-25T23:06:27.433+0000] {dag.py:3954} INFO - Setting next_dagrun for produce_json to 2026-02-24 14:00:00+00:00, run_after=2026-02-25 14:00:00+00:00
[2026-02-25T23:06:27.438+0000] {logging_mixin.py:188} INFO - [2026-02-25T23:06:27.438+0000] {dag.py:3954} INFO - Setting next_dagrun for update_db to 2026-02-24 15:00:00+00:00, run_after=2026-02-25 15:00:00+00:00
[2026-02-25T23:06:27.475+0000] {processor.py:183} INFO - Processing /opt/airflow/dags/main.py took 0.274 seconds
[2026-02-25T23:06:58.071+0000] {processor.py:161} INFO - Started process (PID=626) to work on /opt/airflow/dags/main.py
[2026-02-25T23:06:58.073+0000] {processor.py:830} INFO - Processing file /opt/airflow/dags/main.py for tasks to queue
[2026-02-25T23:06:58.077+0000] {logging_mixin.py:188} INFO - [2026-02-25T23:06:58.076+0000] {dagbag.py:545} INFO - Filling up the DagBag from /opt/airflow/dags/main.py
[2026-02-25T23:06:58.165+0000] {processor.py:840} INFO - DAG(s) 'update_db', 'produce_json', 'data_quality' retrieved from /opt/airflow/dags/main.py
[2026-02-25T23:06:58.223+0000] {logging_mixin.py:188} INFO - [2026-02-25T23:06:58.222+0000] {dag.py:3096} INFO - Sync 3 DAGs
[2026-02-25T23:06:58.268+0000] {logging_mixin.py:188} INFO - [2026-02-25T23:06:58.267+0000] {dag.py:3954} INFO - Setting next_dagrun for data_quality to 2026-02-24 16:00:00+00:00, run_after=2026-02-25 16:00:00+00:00
[2026-02-25T23:06:58.279+0000] {logging_mixin.py:188} INFO - [2026-02-25T23:06:58.278+0000] {dag.py:3954} INFO - Setting next_dagrun for produce_json to 2026-02-24 14:00:00+00:00, run_after=2026-02-25 14:00:00+00:00
[2026-02-25T23:06:58.287+0000] {logging_mixin.py:188} INFO - [2026-02-25T23:06:58.286+0000] {dag.py:3954} INFO - Setting next_dagrun for update_db to 2026-02-24 15:00:00+00:00, run_after=2026-02-25 15:00:00+00:00
[2026-02-25T23:06:58.336+0000] {processor.py:183} INFO - Processing /opt/airflow/dags/main.py took 0.280 seconds
[2026-02-25T23:07:28.429+0000] {processor.py:161} INFO - Started process (PID=634) to work on /opt/airflow/dags/main.py
[2026-02-25T23:07:28.432+0000] {processor.py:830} INFO - Processing file /opt/airflow/dags/main.py for tasks to queue
[2026-02-25T23:07:28.437+0000] {logging_mixin.py:188} INFO - [2026-02-25T23:07:28.436+0000] {dagbag.py:545} INFO - Filling up the DagBag from /opt/airflow/dags/main.py
[2026-02-25T23:07:28.534+0000] {processor.py:840} INFO - DAG(s) 'data_quality', 'update_db', 'produce_json' retrieved from /opt/airflow/dags/main.py
[2026-02-25T23:07:28.620+0000] {logging_mixin.py:188} INFO - [2026-02-25T23:07:28.620+0000] {dag.py:3096} INFO - Sync 3 DAGs
[2026-02-25T23:07:28.673+0000] {logging_mixin.py:188} INFO - [2026-02-25T23:07:28.673+0000] {dag.py:3954} INFO - Setting next_dagrun for data_quality to 2026-02-24 16:00:00+00:00, run_after=2026-02-25 16:00:00+00:00
[2026-02-25T23:07:28.685+0000] {logging_mixin.py:188} INFO - [2026-02-25T23:07:28.685+0000] {dag.py:3954} INFO - Setting next_dagrun for produce_json to 2026-02-24 14:00:00+00:00, run_after=2026-02-25 14:00:00+00:00
[2026-02-25T23:07:28.695+0000] {logging_mixin.py:188} INFO - [2026-02-25T23:07:28.694+0000] {dag.py:3954} INFO - Setting next_dagrun for update_db to 2026-02-24 15:00:00+00:00, run_after=2026-02-25 15:00:00+00:00
[2026-02-25T23:07:28.738+0000] {processor.py:183} INFO - Processing /opt/airflow/dags/main.py took 0.323 seconds
[2026-02-25T23:07:58.961+0000] {processor.py:161} INFO - Started process (PID=641) to work on /opt/airflow/dags/main.py
[2026-02-25T23:07:58.964+0000] {processor.py:830} INFO - Processing file /opt/airflow/dags/main.py for tasks to queue
[2026-02-25T23:07:58.968+0000] {logging_mixin.py:188} INFO - [2026-02-25T23:07:58.968+0000] {dagbag.py:545} INFO - Filling up the DagBag from /opt/airflow/dags/main.py
[2026-02-25T23:07:59.051+0000] {processor.py:840} INFO - DAG(s) 'update_db', 'produce_json', 'data_quality' retrieved from /opt/airflow/dags/main.py
[2026-02-25T23:07:59.129+0000] {logging_mixin.py:188} INFO - [2026-02-25T23:07:59.129+0000] {dag.py:3096} INFO - Sync 3 DAGs
[2026-02-25T23:07:59.175+0000] {logging_mixin.py:188} INFO - [2026-02-25T23:07:59.175+0000] {dag.py:3954} INFO - Setting next_dagrun for data_quality to 2026-02-24 16:00:00+00:00, run_after=2026-02-25 16:00:00+00:00
[2026-02-25T23:07:59.191+0000] {logging_mixin.py:188} INFO - [2026-02-25T23:07:59.191+0000] {dag.py:3954} INFO - Setting next_dagrun for produce_json to 2026-02-24 14:00:00+00:00, run_after=2026-02-25 14:00:00+00:00
[2026-02-25T23:07:59.199+0000] {logging_mixin.py:188} INFO - [2026-02-25T23:07:59.199+0000] {dag.py:3954} INFO - Setting next_dagrun for update_db to 2026-02-24 15:00:00+00:00, run_after=2026-02-25 15:00:00+00:00
[2026-02-25T23:07:59.246+0000] {processor.py:183} INFO - Processing /opt/airflow/dags/main.py took 0.297 seconds
[2026-02-25T23:08:29.538+0000] {processor.py:161} INFO - Started process (PID=647) to work on /opt/airflow/dags/main.py
[2026-02-25T23:08:29.541+0000] {processor.py:830} INFO - Processing file /opt/airflow/dags/main.py for tasks to queue
[2026-02-25T23:08:29.544+0000] {logging_mixin.py:188} INFO - [2026-02-25T23:08:29.544+0000] {dagbag.py:545} INFO - Filling up the DagBag from /opt/airflow/dags/main.py
[2026-02-25T23:08:29.622+0000] {processor.py:840} INFO - DAG(s) 'data_quality', 'update_db', 'produce_json' retrieved from /opt/airflow/dags/main.py
[2026-02-25T23:08:29.700+0000] {logging_mixin.py:188} INFO - [2026-02-25T23:08:29.699+0000] {dag.py:3096} INFO - Sync 3 DAGs
[2026-02-25T23:08:29.743+0000] {logging_mixin.py:188} INFO - [2026-02-25T23:08:29.742+0000] {dag.py:3954} INFO - Setting next_dagrun for data_quality to 2026-02-24 16:00:00+00:00, run_after=2026-02-25 16:00:00+00:00
[2026-02-25T23:08:29.753+0000] {logging_mixin.py:188} INFO - [2026-02-25T23:08:29.753+0000] {dag.py:3954} INFO - Setting next_dagrun for produce_json to 2026-02-24 14:00:00+00:00, run_after=2026-02-25 14:00:00+00:00
[2026-02-25T23:08:29.759+0000] {logging_mixin.py:188} INFO - [2026-02-25T23:08:29.759+0000] {dag.py:3954} INFO - Setting next_dagrun for update_db to 2026-02-24 15:00:00+00:00, run_after=2026-02-25 15:00:00+00:00
[2026-02-25T23:08:29.802+0000] {processor.py:183} INFO - Processing /opt/airflow/dags/main.py took 0.277 seconds
[2026-02-25T23:09:06.732+0000] {processor.py:161} INFO - Started process (PID=648) to work on /opt/airflow/dags/main.py
[2026-02-25T23:09:06.748+0000] {processor.py:830} INFO - Processing file /opt/airflow/dags/main.py for tasks to queue
[2026-02-25T23:09:06.766+0000] {logging_mixin.py:188} INFO - [2026-02-25T23:09:06.765+0000] {dagbag.py:545} INFO - Filling up the DagBag from /opt/airflow/dags/main.py
[2026-02-25T23:09:06.892+0000] {processor.py:840} INFO - DAG(s) 'data_quality', 'produce_json', 'update_db' retrieved from /opt/airflow/dags/main.py
[2026-02-25T23:09:07.008+0000] {logging_mixin.py:188} INFO - [2026-02-25T23:09:07.008+0000] {dag.py:3096} INFO - Sync 3 DAGs
[2026-02-25T23:09:07.085+0000] {logging_mixin.py:188} INFO - [2026-02-25T23:09:07.085+0000] {dag.py:3954} INFO - Setting next_dagrun for data_quality to 2026-02-24 16:00:00+00:00, run_after=2026-02-25 16:00:00+00:00
[2026-02-25T23:09:07.110+0000] {logging_mixin.py:188} INFO - [2026-02-25T23:09:07.110+0000] {dag.py:3954} INFO - Setting next_dagrun for produce_json to 2026-02-24 14:00:00+00:00, run_after=2026-02-25 14:00:00+00:00
[2026-02-25T23:09:07.120+0000] {logging_mixin.py:188} INFO - [2026-02-25T23:09:07.119+0000] {dag.py:3954} INFO - Setting next_dagrun for update_db to 2026-02-24 15:00:00+00:00, run_after=2026-02-25 15:00:00+00:00
[2026-02-25T23:09:07.412+0000] {processor.py:183} INFO - Processing /opt/airflow/dags/main.py took 0.720 seconds
[2026-02-25T23:09:37.814+0000] {processor.py:161} INFO - Started process (PID=655) to work on /opt/airflow/dags/main.py
[2026-02-25T23:09:37.817+0000] {processor.py:830} INFO - Processing file /opt/airflow/dags/main.py for tasks to queue
[2026-02-25T23:09:37.822+0000] {logging_mixin.py:188} INFO - [2026-02-25T23:09:37.821+0000] {dagbag.py:545} INFO - Filling up the DagBag from /opt/airflow/dags/main.py
[2026-02-25T23:09:38.039+0000] {processor.py:840} INFO - DAG(s) 'data_quality', 'produce_json', 'update_db' retrieved from /opt/airflow/dags/main.py
[2026-02-25T23:09:38.488+0000] {logging_mixin.py:188} INFO - [2026-02-25T23:09:38.487+0000] {dag.py:3096} INFO - Sync 3 DAGs
[2026-02-25T23:09:38.640+0000] {logging_mixin.py:188} INFO - [2026-02-25T23:09:38.640+0000] {dag.py:3954} INFO - Setting next_dagrun for data_quality to 2026-02-24 16:00:00+00:00, run_after=2026-02-25 16:00:00+00:00
[2026-02-25T23:09:38.661+0000] {logging_mixin.py:188} INFO - [2026-02-25T23:09:38.661+0000] {dag.py:3954} INFO - Setting next_dagrun for produce_json to 2026-02-24 14:00:00+00:00, run_after=2026-02-25 14:00:00+00:00
[2026-02-25T23:09:38.673+0000] {logging_mixin.py:188} INFO - [2026-02-25T23:09:38.673+0000] {dag.py:3954} INFO - Setting next_dagrun for update_db to 2026-02-24 15:00:00+00:00, run_after=2026-02-25 15:00:00+00:00
[2026-02-25T23:09:38.735+0000] {processor.py:183} INFO - Processing /opt/airflow/dags/main.py took 0.934 seconds
[2026-02-25T23:10:09.010+0000] {processor.py:161} INFO - Started process (PID=668) to work on /opt/airflow/dags/main.py
[2026-02-25T23:10:09.014+0000] {processor.py:830} INFO - Processing file /opt/airflow/dags/main.py for tasks to queue
[2026-02-25T23:10:09.017+0000] {logging_mixin.py:188} INFO - [2026-02-25T23:10:09.017+0000] {dagbag.py:545} INFO - Filling up the DagBag from /opt/airflow/dags/main.py
[2026-02-25T23:10:09.088+0000] {processor.py:840} INFO - DAG(s) 'update_db', 'data_quality', 'produce_json' retrieved from /opt/airflow/dags/main.py
[2026-02-25T23:10:09.209+0000] {logging_mixin.py:188} INFO - [2026-02-25T23:10:09.209+0000] {dag.py:3096} INFO - Sync 3 DAGs
[2026-02-25T23:10:09.324+0000] {logging_mixin.py:188} INFO - [2026-02-25T23:10:09.324+0000] {dag.py:3954} INFO - Setting next_dagrun for data_quality to 2026-02-24 16:00:00+00:00, run_after=2026-02-25 16:00:00+00:00
[2026-02-25T23:10:09.342+0000] {logging_mixin.py:188} INFO - [2026-02-25T23:10:09.341+0000] {dag.py:3954} INFO - Setting next_dagrun for produce_json to 2026-02-24 14:00:00+00:00, run_after=2026-02-25 14:00:00+00:00
[2026-02-25T23:10:09.355+0000] {logging_mixin.py:188} INFO - [2026-02-25T23:10:09.353+0000] {dag.py:3954} INFO - Setting next_dagrun for update_db to 2026-02-24 15:00:00+00:00, run_after=2026-02-25 15:00:00+00:00
[2026-02-25T23:10:09.449+0000] {processor.py:183} INFO - Processing /opt/airflow/dags/main.py took 0.450 seconds
[2026-02-25T23:10:39.667+0000] {processor.py:161} INFO - Started process (PID=675) to work on /opt/airflow/dags/main.py
[2026-02-25T23:10:39.683+0000] {processor.py:830} INFO - Processing file /opt/airflow/dags/main.py for tasks to queue
[2026-02-25T23:10:39.686+0000] {logging_mixin.py:188} INFO - [2026-02-25T23:10:39.686+0000] {dagbag.py:545} INFO - Filling up the DagBag from /opt/airflow/dags/main.py
[2026-02-25T23:10:39.798+0000] {processor.py:840} INFO - DAG(s) 'update_db', 'produce_json', 'data_quality' retrieved from /opt/airflow/dags/main.py
[2026-02-25T23:10:39.934+0000] {logging_mixin.py:188} INFO - [2026-02-25T23:10:39.934+0000] {dag.py:3096} INFO - Sync 3 DAGs
[2026-02-25T23:10:40.023+0000] {logging_mixin.py:188} INFO - [2026-02-25T23:10:40.023+0000] {dag.py:3954} INFO - Setting next_dagrun for data_quality to 2026-02-24 16:00:00+00:00, run_after=2026-02-25 16:00:00+00:00
[2026-02-25T23:10:40.042+0000] {logging_mixin.py:188} INFO - [2026-02-25T23:10:40.042+0000] {dag.py:3954} INFO - Setting next_dagrun for produce_json to 2026-02-24 14:00:00+00:00, run_after=2026-02-25 14:00:00+00:00
[2026-02-25T23:10:40.053+0000] {logging_mixin.py:188} INFO - [2026-02-25T23:10:40.052+0000] {dag.py:3954} INFO - Setting next_dagrun for update_db to 2026-02-24 15:00:00+00:00, run_after=2026-02-25 15:00:00+00:00
[2026-02-25T23:10:40.096+0000] {processor.py:183} INFO - Processing /opt/airflow/dags/main.py took 0.479 seconds
[2026-02-25T23:11:11.489+0000] {processor.py:161} INFO - Started process (PID=683) to work on /opt/airflow/dags/main.py
[2026-02-25T23:11:11.501+0000] {processor.py:830} INFO - Processing file /opt/airflow/dags/main.py for tasks to queue
[2026-02-25T23:11:11.512+0000] {logging_mixin.py:188} INFO - [2026-02-25T23:11:11.512+0000] {dagbag.py:545} INFO - Filling up the DagBag from /opt/airflow/dags/main.py
[2026-02-25T23:11:11.809+0000] {processor.py:840} INFO - DAG(s) 'produce_json', 'data_quality', 'update_db' retrieved from /opt/airflow/dags/main.py
[2026-02-25T23:11:12.214+0000] {logging_mixin.py:188} INFO - [2026-02-25T23:11:12.213+0000] {dag.py:3096} INFO - Sync 3 DAGs
[2026-02-25T23:11:12.282+0000] {logging_mixin.py:188} INFO - [2026-02-25T23:11:12.280+0000] {dag.py:3954} INFO - Setting next_dagrun for data_quality to 2026-02-24 16:00:00+00:00, run_after=2026-02-25 16:00:00+00:00
[2026-02-25T23:11:12.307+0000] {logging_mixin.py:188} INFO - [2026-02-25T23:11:12.306+0000] {dag.py:3954} INFO - Setting next_dagrun for produce_json to 2026-02-24 14:00:00+00:00, run_after=2026-02-25 14:00:00+00:00
[2026-02-25T23:11:12.316+0000] {logging_mixin.py:188} INFO - [2026-02-25T23:11:12.315+0000] {dag.py:3954} INFO - Setting next_dagrun for update_db to 2026-02-24 15:00:00+00:00, run_after=2026-02-25 15:00:00+00:00
[2026-02-25T23:11:12.366+0000] {processor.py:183} INFO - Processing /opt/airflow/dags/main.py took 0.895 seconds
[2026-02-25T23:11:42.713+0000] {processor.py:161} INFO - Started process (PID=690) to work on /opt/airflow/dags/main.py
[2026-02-25T23:11:42.722+0000] {processor.py:830} INFO - Processing file /opt/airflow/dags/main.py for tasks to queue
[2026-02-25T23:11:42.734+0000] {logging_mixin.py:188} INFO - [2026-02-25T23:11:42.734+0000] {dagbag.py:545} INFO - Filling up the DagBag from /opt/airflow/dags/main.py
[2026-02-25T23:11:42.812+0000] {processor.py:840} INFO - DAG(s) 'update_db', 'produce_json', 'data_quality' retrieved from /opt/airflow/dags/main.py
[2026-02-25T23:11:42.992+0000] {logging_mixin.py:188} INFO - [2026-02-25T23:11:42.991+0000] {dag.py:3096} INFO - Sync 3 DAGs
[2026-02-25T23:11:43.084+0000] {logging_mixin.py:188} INFO - [2026-02-25T23:11:43.084+0000] {dag.py:3954} INFO - Setting next_dagrun for data_quality to 2026-02-24 16:00:00+00:00, run_after=2026-02-25 16:00:00+00:00
[2026-02-25T23:11:43.098+0000] {logging_mixin.py:188} INFO - [2026-02-25T23:11:43.098+0000] {dag.py:3954} INFO - Setting next_dagrun for produce_json to 2026-02-24 14:00:00+00:00, run_after=2026-02-25 14:00:00+00:00
[2026-02-25T23:11:43.105+0000] {logging_mixin.py:188} INFO - [2026-02-25T23:11:43.104+0000] {dag.py:3954} INFO - Setting next_dagrun for update_db to 2026-02-24 15:00:00+00:00, run_after=2026-02-25 15:00:00+00:00
[2026-02-25T23:11:43.146+0000] {processor.py:183} INFO - Processing /opt/airflow/dags/main.py took 0.445 seconds
[2026-02-25T23:12:13.557+0000] {processor.py:161} INFO - Started process (PID=697) to work on /opt/airflow/dags/main.py
[2026-02-25T23:12:13.561+0000] {processor.py:830} INFO - Processing file /opt/airflow/dags/main.py for tasks to queue
[2026-02-25T23:12:13.568+0000] {logging_mixin.py:188} INFO - [2026-02-25T23:12:13.567+0000] {dagbag.py:545} INFO - Filling up the DagBag from /opt/airflow/dags/main.py
[2026-02-25T23:12:13.799+0000] {processor.py:840} INFO - DAG(s) 'update_db', 'produce_json', 'data_quality' retrieved from /opt/airflow/dags/main.py
[2026-02-25T23:12:14.276+0000] {logging_mixin.py:188} INFO - [2026-02-25T23:12:14.274+0000] {dag.py:3096} INFO - Sync 3 DAGs
[2026-02-25T23:12:14.371+0000] {logging_mixin.py:188} INFO - [2026-02-25T23:12:14.371+0000] {dag.py:3954} INFO - Setting next_dagrun for data_quality to 2026-02-24 16:00:00+00:00, run_after=2026-02-25 16:00:00+00:00
[2026-02-25T23:12:14.384+0000] {logging_mixin.py:188} INFO - [2026-02-25T23:12:14.384+0000] {dag.py:3954} INFO - Setting next_dagrun for produce_json to 2026-02-24 14:00:00+00:00, run_after=2026-02-25 14:00:00+00:00
[2026-02-25T23:12:14.397+0000] {logging_mixin.py:188} INFO - [2026-02-25T23:12:14.396+0000] {dag.py:3954} INFO - Setting next_dagrun for update_db to 2026-02-24 15:00:00+00:00, run_after=2026-02-25 15:00:00+00:00
[2026-02-25T23:12:14.474+0000] {processor.py:183} INFO - Processing /opt/airflow/dags/main.py took 0.938 seconds
[2026-02-25T23:12:44.818+0000] {processor.py:161} INFO - Started process (PID=704) to work on /opt/airflow/dags/main.py
[2026-02-25T23:12:44.821+0000] {processor.py:830} INFO - Processing file /opt/airflow/dags/main.py for tasks to queue
[2026-02-25T23:12:44.834+0000] {logging_mixin.py:188} INFO - [2026-02-25T23:12:44.833+0000] {dagbag.py:545} INFO - Filling up the DagBag from /opt/airflow/dags/main.py
[2026-02-25T23:12:44.979+0000] {processor.py:840} INFO - DAG(s) 'data_quality', 'produce_json', 'update_db' retrieved from /opt/airflow/dags/main.py
[2026-02-25T23:12:45.061+0000] {logging_mixin.py:188} INFO - [2026-02-25T23:12:45.060+0000] {dag.py:3096} INFO - Sync 3 DAGs
[2026-02-25T23:12:45.115+0000] {logging_mixin.py:188} INFO - [2026-02-25T23:12:45.114+0000] {dag.py:3954} INFO - Setting next_dagrun for data_quality to 2026-02-24 16:00:00+00:00, run_after=2026-02-25 16:00:00+00:00
[2026-02-25T23:12:45.130+0000] {logging_mixin.py:188} INFO - [2026-02-25T23:12:45.130+0000] {dag.py:3954} INFO - Setting next_dagrun for produce_json to 2026-02-24 14:00:00+00:00, run_after=2026-02-25 14:00:00+00:00
[2026-02-25T23:12:45.139+0000] {logging_mixin.py:188} INFO - [2026-02-25T23:12:45.138+0000] {dag.py:3954} INFO - Setting next_dagrun for update_db to 2026-02-24 15:00:00+00:00, run_after=2026-02-25 15:00:00+00:00
[2026-02-25T23:12:45.187+0000] {processor.py:183} INFO - Processing /opt/airflow/dags/main.py took 0.383 seconds
[2026-02-25T23:13:15.454+0000] {processor.py:161} INFO - Started process (PID=711) to work on /opt/airflow/dags/main.py
[2026-02-25T23:13:15.458+0000] {processor.py:830} INFO - Processing file /opt/airflow/dags/main.py for tasks to queue
[2026-02-25T23:13:15.465+0000] {logging_mixin.py:188} INFO - [2026-02-25T23:13:15.464+0000] {dagbag.py:545} INFO - Filling up the DagBag from /opt/airflow/dags/main.py
[2026-02-25T23:13:15.562+0000] {processor.py:840} INFO - DAG(s) 'update_db', 'produce_json', 'data_quality' retrieved from /opt/airflow/dags/main.py
[2026-02-25T23:13:15.679+0000] {logging_mixin.py:188} INFO - [2026-02-25T23:13:15.677+0000] {dag.py:3096} INFO - Sync 3 DAGs
[2026-02-25T23:13:15.751+0000] {logging_mixin.py:188} INFO - [2026-02-25T23:13:15.747+0000] {dag.py:3954} INFO - Setting next_dagrun for data_quality to 2026-02-24 16:00:00+00:00, run_after=2026-02-25 16:00:00+00:00
[2026-02-25T23:13:15.781+0000] {logging_mixin.py:188} INFO - [2026-02-25T23:13:15.780+0000] {dag.py:3954} INFO - Setting next_dagrun for produce_json to 2026-02-24 14:00:00+00:00, run_after=2026-02-25 14:00:00+00:00
[2026-02-25T23:13:15.792+0000] {logging_mixin.py:188} INFO - [2026-02-25T23:13:15.792+0000] {dag.py:3954} INFO - Setting next_dagrun for update_db to 2026-02-24 15:00:00+00:00, run_after=2026-02-25 15:00:00+00:00
[2026-02-25T23:13:15.886+0000] {processor.py:183} INFO - Processing /opt/airflow/dags/main.py took 0.472 seconds
[2026-02-25T23:13:46.109+0000] {processor.py:161} INFO - Started process (PID=718) to work on /opt/airflow/dags/main.py
[2026-02-25T23:13:46.113+0000] {processor.py:830} INFO - Processing file /opt/airflow/dags/main.py for tasks to queue
[2026-02-25T23:13:46.117+0000] {logging_mixin.py:188} INFO - [2026-02-25T23:13:46.116+0000] {dagbag.py:545} INFO - Filling up the DagBag from /opt/airflow/dags/main.py
[2026-02-25T23:13:46.229+0000] {processor.py:840} INFO - DAG(s) 'update_db', 'produce_json', 'data_quality' retrieved from /opt/airflow/dags/main.py
[2026-02-25T23:13:46.311+0000] {logging_mixin.py:188} INFO - [2026-02-25T23:13:46.311+0000] {dag.py:3096} INFO - Sync 3 DAGs
[2026-02-25T23:13:46.367+0000] {logging_mixin.py:188} INFO - [2026-02-25T23:13:46.366+0000] {dag.py:3954} INFO - Setting next_dagrun for data_quality to 2026-02-24 16:00:00+00:00, run_after=2026-02-25 16:00:00+00:00
[2026-02-25T23:13:46.394+0000] {logging_mixin.py:188} INFO - [2026-02-25T23:13:46.394+0000] {dag.py:3954} INFO - Setting next_dagrun for produce_json to 2026-02-24 14:00:00+00:00, run_after=2026-02-25 14:00:00+00:00
[2026-02-25T23:13:46.401+0000] {logging_mixin.py:188} INFO - [2026-02-25T23:13:46.401+0000] {dag.py:3954} INFO - Setting next_dagrun for update_db to 2026-02-24 15:00:00+00:00, run_after=2026-02-25 15:00:00+00:00
[2026-02-25T23:13:46.457+0000] {processor.py:183} INFO - Processing /opt/airflow/dags/main.py took 0.378 seconds
[2026-02-25T23:14:17.244+0000] {processor.py:161} INFO - Started process (PID=724) to work on /opt/airflow/dags/main.py
[2026-02-25T23:14:17.247+0000] {processor.py:830} INFO - Processing file /opt/airflow/dags/main.py for tasks to queue
[2026-02-25T23:14:17.249+0000] {logging_mixin.py:188} INFO - [2026-02-25T23:14:17.249+0000] {dagbag.py:545} INFO - Filling up the DagBag from /opt/airflow/dags/main.py
[2026-02-25T23:14:17.340+0000] {processor.py:840} INFO - DAG(s) 'update_db', 'data_quality', 'produce_json' retrieved from /opt/airflow/dags/main.py
[2026-02-25T23:14:17.483+0000] {logging_mixin.py:188} INFO - [2026-02-25T23:14:17.483+0000] {dag.py:3096} INFO - Sync 3 DAGs
[2026-02-25T23:14:17.558+0000] {logging_mixin.py:188} INFO - [2026-02-25T23:14:17.558+0000] {dag.py:3954} INFO - Setting next_dagrun for data_quality to 2026-02-24 16:00:00+00:00, run_after=2026-02-25 16:00:00+00:00
[2026-02-25T23:14:17.571+0000] {logging_mixin.py:188} INFO - [2026-02-25T23:14:17.570+0000] {dag.py:3954} INFO - Setting next_dagrun for produce_json to 2026-02-24 14:00:00+00:00, run_after=2026-02-25 14:00:00+00:00
[2026-02-25T23:14:17.579+0000] {logging_mixin.py:188} INFO - [2026-02-25T23:14:17.579+0000] {dag.py:3954} INFO - Setting next_dagrun for update_db to 2026-02-24 15:00:00+00:00, run_after=2026-02-25 15:00:00+00:00
[2026-02-25T23:14:17.617+0000] {processor.py:183} INFO - Processing /opt/airflow/dags/main.py took 0.386 seconds
[2026-02-25T23:14:48.469+0000] {processor.py:161} INFO - Started process (PID=731) to work on /opt/airflow/dags/main.py
[2026-02-25T23:14:48.474+0000] {processor.py:830} INFO - Processing file /opt/airflow/dags/main.py for tasks to queue
[2026-02-25T23:14:48.478+0000] {logging_mixin.py:188} INFO - [2026-02-25T23:14:48.477+0000] {dagbag.py:545} INFO - Filling up the DagBag from /opt/airflow/dags/main.py
[2026-02-25T23:14:48.598+0000] {processor.py:840} INFO - DAG(s) 'data_quality', 'update_db', 'produce_json' retrieved from /opt/airflow/dags/main.py
[2026-02-25T23:14:48.719+0000] {logging_mixin.py:188} INFO - [2026-02-25T23:14:48.718+0000] {dag.py:3096} INFO - Sync 3 DAGs
[2026-02-25T23:14:48.796+0000] {logging_mixin.py:188} INFO - [2026-02-25T23:14:48.795+0000] {dag.py:3954} INFO - Setting next_dagrun for data_quality to 2026-02-24 16:00:00+00:00, run_after=2026-02-25 16:00:00+00:00
[2026-02-25T23:14:48.810+0000] {logging_mixin.py:188} INFO - [2026-02-25T23:14:48.810+0000] {dag.py:3954} INFO - Setting next_dagrun for produce_json to 2026-02-24 14:00:00+00:00, run_after=2026-02-25 14:00:00+00:00
[2026-02-25T23:14:48.821+0000] {logging_mixin.py:188} INFO - [2026-02-25T23:14:48.819+0000] {dag.py:3954} INFO - Setting next_dagrun for update_db to 2026-02-24 15:00:00+00:00, run_after=2026-02-25 15:00:00+00:00
[2026-02-25T23:14:48.892+0000] {processor.py:183} INFO - Processing /opt/airflow/dags/main.py took 0.436 seconds
[2026-02-25T23:15:19.809+0000] {processor.py:161} INFO - Started process (PID=737) to work on /opt/airflow/dags/main.py
[2026-02-25T23:15:19.812+0000] {processor.py:830} INFO - Processing file /opt/airflow/dags/main.py for tasks to queue
[2026-02-25T23:15:19.816+0000] {logging_mixin.py:188} INFO - [2026-02-25T23:15:19.815+0000] {dagbag.py:545} INFO - Filling up the DagBag from /opt/airflow/dags/main.py
[2026-02-25T23:15:19.893+0000] {processor.py:840} INFO - DAG(s) 'produce_json', 'data_quality', 'update_db' retrieved from /opt/airflow/dags/main.py
[2026-02-25T23:15:19.998+0000] {logging_mixin.py:188} INFO - [2026-02-25T23:15:19.997+0000] {dag.py:3096} INFO - Sync 3 DAGs
[2026-02-25T23:15:20.055+0000] {logging_mixin.py:188} INFO - [2026-02-25T23:15:20.055+0000] {dag.py:3954} INFO - Setting next_dagrun for data_quality to 2026-02-24 16:00:00+00:00, run_after=2026-02-25 16:00:00+00:00
[2026-02-25T23:15:20.067+0000] {logging_mixin.py:188} INFO - [2026-02-25T23:15:20.067+0000] {dag.py:3954} INFO - Setting next_dagrun for produce_json to 2026-02-24 14:00:00+00:00, run_after=2026-02-25 14:00:00+00:00
[2026-02-25T23:15:20.075+0000] {logging_mixin.py:188} INFO - [2026-02-25T23:15:20.074+0000] {dag.py:3954} INFO - Setting next_dagrun for update_db to 2026-02-24 15:00:00+00:00, run_after=2026-02-25 15:00:00+00:00
[2026-02-25T23:15:20.117+0000] {processor.py:183} INFO - Processing /opt/airflow/dags/main.py took 0.323 seconds
[2026-02-25T23:15:51.124+0000] {processor.py:161} INFO - Started process (PID=743) to work on /opt/airflow/dags/main.py
[2026-02-25T23:15:51.127+0000] {processor.py:830} INFO - Processing file /opt/airflow/dags/main.py for tasks to queue
[2026-02-25T23:15:51.131+0000] {logging_mixin.py:188} INFO - [2026-02-25T23:15:51.130+0000] {dagbag.py:545} INFO - Filling up the DagBag from /opt/airflow/dags/main.py
[2026-02-25T23:15:51.205+0000] {processor.py:840} INFO - DAG(s) 'produce_json', 'update_db', 'data_quality' retrieved from /opt/airflow/dags/main.py
[2026-02-25T23:15:51.278+0000] {logging_mixin.py:188} INFO - [2026-02-25T23:15:51.278+0000] {dag.py:3096} INFO - Sync 3 DAGs
[2026-02-25T23:15:51.323+0000] {logging_mixin.py:188} INFO - [2026-02-25T23:15:51.323+0000] {dag.py:3954} INFO - Setting next_dagrun for data_quality to 2026-02-24 16:00:00+00:00, run_after=2026-02-25 16:00:00+00:00
[2026-02-25T23:15:51.335+0000] {logging_mixin.py:188} INFO - [2026-02-25T23:15:51.335+0000] {dag.py:3954} INFO - Setting next_dagrun for produce_json to 2026-02-24 14:00:00+00:00, run_after=2026-02-25 14:00:00+00:00
[2026-02-25T23:15:51.351+0000] {logging_mixin.py:188} INFO - [2026-02-25T23:15:51.351+0000] {dag.py:3954} INFO - Setting next_dagrun for update_db to 2026-02-24 15:00:00+00:00, run_after=2026-02-25 15:00:00+00:00
[2026-02-25T23:15:51.381+0000] {processor.py:183} INFO - Processing /opt/airflow/dags/main.py took 0.270 seconds
[2026-02-25T23:16:21.776+0000] {processor.py:161} INFO - Started process (PID=750) to work on /opt/airflow/dags/main.py
[2026-02-25T23:16:21.778+0000] {processor.py:830} INFO - Processing file /opt/airflow/dags/main.py for tasks to queue
[2026-02-25T23:16:21.783+0000] {logging_mixin.py:188} INFO - [2026-02-25T23:16:21.782+0000] {dagbag.py:545} INFO - Filling up the DagBag from /opt/airflow/dags/main.py
[2026-02-25T23:16:21.873+0000] {processor.py:840} INFO - DAG(s) 'produce_json', 'update_db', 'data_quality' retrieved from /opt/airflow/dags/main.py
[2026-02-25T23:16:21.955+0000] {logging_mixin.py:188} INFO - [2026-02-25T23:16:21.955+0000] {dag.py:3096} INFO - Sync 3 DAGs
[2026-02-25T23:16:22.004+0000] {logging_mixin.py:188} INFO - [2026-02-25T23:16:22.004+0000] {dag.py:3954} INFO - Setting next_dagrun for data_quality to 2026-02-24 16:00:00+00:00, run_after=2026-02-25 16:00:00+00:00
[2026-02-25T23:16:22.021+0000] {logging_mixin.py:188} INFO - [2026-02-25T23:16:22.021+0000] {dag.py:3954} INFO - Setting next_dagrun for produce_json to 2026-02-24 14:00:00+00:00, run_after=2026-02-25 14:00:00+00:00
[2026-02-25T23:16:22.029+0000] {logging_mixin.py:188} INFO - [2026-02-25T23:16:22.029+0000] {dag.py:3954} INFO - Setting next_dagrun for update_db to 2026-02-24 15:00:00+00:00, run_after=2026-02-25 15:00:00+00:00
[2026-02-25T23:16:22.079+0000] {processor.py:183} INFO - Processing /opt/airflow/dags/main.py took 0.314 seconds
[2026-02-25T23:16:52.388+0000] {processor.py:161} INFO - Started process (PID=757) to work on /opt/airflow/dags/main.py
[2026-02-25T23:16:52.391+0000] {processor.py:830} INFO - Processing file /opt/airflow/dags/main.py for tasks to queue
[2026-02-25T23:16:52.394+0000] {logging_mixin.py:188} INFO - [2026-02-25T23:16:52.394+0000] {dagbag.py:545} INFO - Filling up the DagBag from /opt/airflow/dags/main.py
[2026-02-25T23:16:52.464+0000] {processor.py:840} INFO - DAG(s) 'produce_json', 'update_db', 'data_quality' retrieved from /opt/airflow/dags/main.py
[2026-02-25T23:16:52.526+0000] {logging_mixin.py:188} INFO - [2026-02-25T23:16:52.526+0000] {dag.py:3096} INFO - Sync 3 DAGs
[2026-02-25T23:16:52.565+0000] {logging_mixin.py:188} INFO - [2026-02-25T23:16:52.565+0000] {dag.py:3954} INFO - Setting next_dagrun for data_quality to 2026-02-24 16:00:00+00:00, run_after=2026-02-25 16:00:00+00:00
[2026-02-25T23:16:52.575+0000] {logging_mixin.py:188} INFO - [2026-02-25T23:16:52.575+0000] {dag.py:3954} INFO - Setting next_dagrun for produce_json to 2026-02-24 14:00:00+00:00, run_after=2026-02-25 14:00:00+00:00
[2026-02-25T23:16:52.580+0000] {logging_mixin.py:188} INFO - [2026-02-25T23:16:52.580+0000] {dag.py:3954} INFO - Setting next_dagrun for update_db to 2026-02-24 15:00:00+00:00, run_after=2026-02-25 15:00:00+00:00
[2026-02-25T23:16:52.623+0000] {processor.py:183} INFO - Processing /opt/airflow/dags/main.py took 0.248 seconds
[2026-02-25T23:17:23.431+0000] {processor.py:161} INFO - Started process (PID=764) to work on /opt/airflow/dags/main.py
[2026-02-25T23:17:23.434+0000] {processor.py:830} INFO - Processing file /opt/airflow/dags/main.py for tasks to queue
[2026-02-25T23:17:23.436+0000] {logging_mixin.py:188} INFO - [2026-02-25T23:17:23.436+0000] {dagbag.py:545} INFO - Filling up the DagBag from /opt/airflow/dags/main.py
[2026-02-25T23:17:23.531+0000] {processor.py:840} INFO - DAG(s) 'data_quality', 'update_db', 'produce_json' retrieved from /opt/airflow/dags/main.py
[2026-02-25T23:17:23.605+0000] {logging_mixin.py:188} INFO - [2026-02-25T23:17:23.605+0000] {dag.py:3096} INFO - Sync 3 DAGs
[2026-02-25T23:17:23.649+0000] {logging_mixin.py:188} INFO - [2026-02-25T23:17:23.649+0000] {dag.py:3954} INFO - Setting next_dagrun for data_quality to 2026-02-24 16:00:00+00:00, run_after=2026-02-25 16:00:00+00:00
[2026-02-25T23:17:23.669+0000] {logging_mixin.py:188} INFO - [2026-02-25T23:17:23.669+0000] {dag.py:3954} INFO - Setting next_dagrun for produce_json to 2026-02-24 14:00:00+00:00, run_after=2026-02-25 14:00:00+00:00
[2026-02-25T23:17:23.677+0000] {logging_mixin.py:188} INFO - [2026-02-25T23:17:23.677+0000] {dag.py:3954} INFO - Setting next_dagrun for update_db to 2026-02-24 15:00:00+00:00, run_after=2026-02-25 15:00:00+00:00
[2026-02-25T23:17:23.726+0000] {processor.py:183} INFO - Processing /opt/airflow/dags/main.py took 0.306 seconds
[2026-02-25T23:17:53.904+0000] {processor.py:161} INFO - Started process (PID=771) to work on /opt/airflow/dags/main.py
[2026-02-25T23:17:53.910+0000] {processor.py:830} INFO - Processing file /opt/airflow/dags/main.py for tasks to queue
[2026-02-25T23:17:53.914+0000] {logging_mixin.py:188} INFO - [2026-02-25T23:17:53.914+0000] {dagbag.py:545} INFO - Filling up the DagBag from /opt/airflow/dags/main.py
[2026-02-25T23:17:54.015+0000] {processor.py:840} INFO - DAG(s) 'update_db', 'produce_json', 'data_quality' retrieved from /opt/airflow/dags/main.py
[2026-02-25T23:17:54.103+0000] {logging_mixin.py:188} INFO - [2026-02-25T23:17:54.102+0000] {dag.py:3096} INFO - Sync 3 DAGs
[2026-02-25T23:17:54.158+0000] {logging_mixin.py:188} INFO - [2026-02-25T23:17:54.158+0000] {dag.py:3954} INFO - Setting next_dagrun for data_quality to 2026-02-24 16:00:00+00:00, run_after=2026-02-25 16:00:00+00:00
[2026-02-25T23:17:54.172+0000] {logging_mixin.py:188} INFO - [2026-02-25T23:17:54.171+0000] {dag.py:3954} INFO - Setting next_dagrun for produce_json to 2026-02-24 14:00:00+00:00, run_after=2026-02-25 14:00:00+00:00
[2026-02-25T23:17:54.179+0000] {logging_mixin.py:188} INFO - [2026-02-25T23:17:54.179+0000] {dag.py:3954} INFO - Setting next_dagrun for update_db to 2026-02-24 15:00:00+00:00, run_after=2026-02-25 15:00:00+00:00
[2026-02-25T23:17:54.228+0000] {processor.py:183} INFO - Processing /opt/airflow/dags/main.py took 0.337 seconds
[2026-02-25T23:18:24.348+0000] {processor.py:161} INFO - Started process (PID=779) to work on /opt/airflow/dags/main.py
[2026-02-25T23:18:24.352+0000] {processor.py:830} INFO - Processing file /opt/airflow/dags/main.py for tasks to queue
[2026-02-25T23:18:24.357+0000] {logging_mixin.py:188} INFO - [2026-02-25T23:18:24.356+0000] {dagbag.py:545} INFO - Filling up the DagBag from /opt/airflow/dags/main.py
[2026-02-25T23:18:24.458+0000] {processor.py:840} INFO - DAG(s) 'data_quality', 'update_db', 'produce_json' retrieved from /opt/airflow/dags/main.py
[2026-02-25T23:18:24.515+0000] {logging_mixin.py:188} INFO - [2026-02-25T23:18:24.515+0000] {dag.py:3096} INFO - Sync 3 DAGs
[2026-02-25T23:18:24.567+0000] {logging_mixin.py:188} INFO - [2026-02-25T23:18:24.567+0000] {dag.py:3954} INFO - Setting next_dagrun for data_quality to 2026-02-24 16:00:00+00:00, run_after=2026-02-25 16:00:00+00:00
[2026-02-25T23:18:24.579+0000] {logging_mixin.py:188} INFO - [2026-02-25T23:18:24.578+0000] {dag.py:3954} INFO - Setting next_dagrun for produce_json to 2026-02-24 14:00:00+00:00, run_after=2026-02-25 14:00:00+00:00
[2026-02-25T23:18:24.586+0000] {logging_mixin.py:188} INFO - [2026-02-25T23:18:24.586+0000] {dag.py:3954} INFO - Setting next_dagrun for update_db to 2026-02-24 15:00:00+00:00, run_after=2026-02-25 15:00:00+00:00
[2026-02-25T23:18:24.632+0000] {processor.py:183} INFO - Processing /opt/airflow/dags/main.py took 0.297 seconds
[2026-02-25T23:18:55.586+0000] {processor.py:161} INFO - Started process (PID=786) to work on /opt/airflow/dags/main.py
[2026-02-25T23:18:55.588+0000] {processor.py:830} INFO - Processing file /opt/airflow/dags/main.py for tasks to queue
[2026-02-25T23:18:55.594+0000] {logging_mixin.py:188} INFO - [2026-02-25T23:18:55.592+0000] {dagbag.py:545} INFO - Filling up the DagBag from /opt/airflow/dags/main.py
[2026-02-25T23:18:55.664+0000] {processor.py:840} INFO - DAG(s) 'produce_json', 'update_db', 'data_quality' retrieved from /opt/airflow/dags/main.py
[2026-02-25T23:18:55.726+0000] {logging_mixin.py:188} INFO - [2026-02-25T23:18:55.725+0000] {dag.py:3096} INFO - Sync 3 DAGs
[2026-02-25T23:18:55.776+0000] {logging_mixin.py:188} INFO - [2026-02-25T23:18:55.776+0000] {dag.py:3954} INFO - Setting next_dagrun for data_quality to 2026-02-24 16:00:00+00:00, run_after=2026-02-25 16:00:00+00:00
[2026-02-25T23:18:55.800+0000] {logging_mixin.py:188} INFO - [2026-02-25T23:18:55.799+0000] {dag.py:3954} INFO - Setting next_dagrun for produce_json to 2026-02-24 14:00:00+00:00, run_after=2026-02-25 14:00:00+00:00
[2026-02-25T23:18:55.819+0000] {logging_mixin.py:188} INFO - [2026-02-25T23:18:55.818+0000] {dag.py:3954} INFO - Setting next_dagrun for update_db to 2026-02-24 15:00:00+00:00, run_after=2026-02-25 15:00:00+00:00
[2026-02-25T23:18:55.871+0000] {processor.py:183} INFO - Processing /opt/airflow/dags/main.py took 0.298 seconds
[2026-02-25T23:19:26.102+0000] {processor.py:161} INFO - Started process (PID=793) to work on /opt/airflow/dags/main.py
[2026-02-25T23:19:26.105+0000] {processor.py:830} INFO - Processing file /opt/airflow/dags/main.py for tasks to queue
[2026-02-25T23:19:26.112+0000] {logging_mixin.py:188} INFO - [2026-02-25T23:19:26.111+0000] {dagbag.py:545} INFO - Filling up the DagBag from /opt/airflow/dags/main.py
[2026-02-25T23:19:26.200+0000] {processor.py:840} INFO - DAG(s) 'produce_json', 'update_db', 'data_quality' retrieved from /opt/airflow/dags/main.py
[2026-02-25T23:19:26.283+0000] {logging_mixin.py:188} INFO - [2026-02-25T23:19:26.282+0000] {dag.py:3096} INFO - Sync 3 DAGs
[2026-02-25T23:19:26.337+0000] {logging_mixin.py:188} INFO - [2026-02-25T23:19:26.336+0000] {dag.py:3954} INFO - Setting next_dagrun for data_quality to 2026-02-24 16:00:00+00:00, run_after=2026-02-25 16:00:00+00:00
[2026-02-25T23:19:26.345+0000] {logging_mixin.py:188} INFO - [2026-02-25T23:19:26.345+0000] {dag.py:3954} INFO - Setting next_dagrun for produce_json to 2026-02-24 14:00:00+00:00, run_after=2026-02-25 14:00:00+00:00
[2026-02-25T23:19:26.351+0000] {logging_mixin.py:188} INFO - [2026-02-25T23:19:26.350+0000] {dag.py:3954} INFO - Setting next_dagrun for update_db to 2026-02-24 15:00:00+00:00, run_after=2026-02-25 15:00:00+00:00
[2026-02-25T23:19:26.388+0000] {processor.py:183} INFO - Processing /opt/airflow/dags/main.py took 0.298 seconds
[2026-02-25T23:19:56.579+0000] {processor.py:161} INFO - Started process (PID=801) to work on /opt/airflow/dags/main.py
[2026-02-25T23:19:56.581+0000] {processor.py:830} INFO - Processing file /opt/airflow/dags/main.py for tasks to queue
[2026-02-25T23:19:56.589+0000] {logging_mixin.py:188} INFO - [2026-02-25T23:19:56.588+0000] {dagbag.py:545} INFO - Filling up the DagBag from /opt/airflow/dags/main.py
[2026-02-25T23:19:56.691+0000] {processor.py:840} INFO - DAG(s) 'update_db', 'produce_json', 'data_quality' retrieved from /opt/airflow/dags/main.py
[2026-02-25T23:19:56.769+0000] {logging_mixin.py:188} INFO - [2026-02-25T23:19:56.768+0000] {dag.py:3096} INFO - Sync 3 DAGs
[2026-02-25T23:19:56.816+0000] {logging_mixin.py:188} INFO - [2026-02-25T23:19:56.816+0000] {dag.py:3954} INFO - Setting next_dagrun for data_quality to 2026-02-24 16:00:00+00:00, run_after=2026-02-25 16:00:00+00:00
[2026-02-25T23:19:56.835+0000] {logging_mixin.py:188} INFO - [2026-02-25T23:19:56.834+0000] {dag.py:3954} INFO - Setting next_dagrun for produce_json to 2026-02-24 14:00:00+00:00, run_after=2026-02-25 14:00:00+00:00
[2026-02-25T23:19:56.847+0000] {logging_mixin.py:188} INFO - [2026-02-25T23:19:56.847+0000] {dag.py:3954} INFO - Setting next_dagrun for update_db to 2026-02-24 15:00:00+00:00, run_after=2026-02-25 15:00:00+00:00
[2026-02-25T23:19:56.903+0000] {processor.py:183} INFO - Processing /opt/airflow/dags/main.py took 0.336 seconds
[2026-02-25T23:20:27.561+0000] {processor.py:161} INFO - Started process (PID=808) to work on /opt/airflow/dags/main.py
[2026-02-25T23:20:27.564+0000] {processor.py:830} INFO - Processing file /opt/airflow/dags/main.py for tasks to queue
[2026-02-25T23:20:27.569+0000] {logging_mixin.py:188} INFO - [2026-02-25T23:20:27.567+0000] {dagbag.py:545} INFO - Filling up the DagBag from /opt/airflow/dags/main.py
[2026-02-25T23:20:27.693+0000] {processor.py:840} INFO - DAG(s) 'data_quality', 'produce_json', 'update_db' retrieved from /opt/airflow/dags/main.py
[2026-02-25T23:20:27.779+0000] {logging_mixin.py:188} INFO - [2026-02-25T23:20:27.779+0000] {dag.py:3096} INFO - Sync 3 DAGs
[2026-02-25T23:20:27.841+0000] {logging_mixin.py:188} INFO - [2026-02-25T23:20:27.840+0000] {dag.py:3954} INFO - Setting next_dagrun for data_quality to 2026-02-24 16:00:00+00:00, run_after=2026-02-25 16:00:00+00:00
[2026-02-25T23:20:27.850+0000] {logging_mixin.py:188} INFO - [2026-02-25T23:20:27.850+0000] {dag.py:3954} INFO - Setting next_dagrun for produce_json to 2026-02-24 14:00:00+00:00, run_after=2026-02-25 14:00:00+00:00
[2026-02-25T23:20:27.859+0000] {logging_mixin.py:188} INFO - [2026-02-25T23:20:27.858+0000] {dag.py:3954} INFO - Setting next_dagrun for update_db to 2026-02-24 15:00:00+00:00, run_after=2026-02-25 15:00:00+00:00
[2026-02-25T23:20:27.905+0000] {processor.py:183} INFO - Processing /opt/airflow/dags/main.py took 0.363 seconds
[2026-02-25T23:20:58.564+0000] {processor.py:161} INFO - Started process (PID=815) to work on /opt/airflow/dags/main.py
[2026-02-25T23:20:58.567+0000] {processor.py:830} INFO - Processing file /opt/airflow/dags/main.py for tasks to queue
[2026-02-25T23:20:58.572+0000] {logging_mixin.py:188} INFO - [2026-02-25T23:20:58.571+0000] {dagbag.py:545} INFO - Filling up the DagBag from /opt/airflow/dags/main.py
[2026-02-25T23:20:58.674+0000] {processor.py:840} INFO - DAG(s) 'produce_json', 'update_db', 'data_quality' retrieved from /opt/airflow/dags/main.py
[2026-02-25T23:20:59.015+0000] {logging_mixin.py:188} INFO - [2026-02-25T23:20:59.014+0000] {dag.py:3096} INFO - Sync 3 DAGs
[2026-02-25T23:20:59.061+0000] {logging_mixin.py:188} INFO - [2026-02-25T23:20:59.060+0000] {dag.py:3954} INFO - Setting next_dagrun for data_quality to 2026-02-24 16:00:00+00:00, run_after=2026-02-25 16:00:00+00:00
[2026-02-25T23:20:59.076+0000] {logging_mixin.py:188} INFO - [2026-02-25T23:20:59.076+0000] {dag.py:3954} INFO - Setting next_dagrun for produce_json to 2026-02-24 14:00:00+00:00, run_after=2026-02-25 14:00:00+00:00
[2026-02-25T23:20:59.091+0000] {logging_mixin.py:188} INFO - [2026-02-25T23:20:59.090+0000] {dag.py:3954} INFO - Setting next_dagrun for update_db to 2026-02-24 15:00:00+00:00, run_after=2026-02-25 15:00:00+00:00
[2026-02-25T23:20:59.144+0000] {processor.py:183} INFO - Processing /opt/airflow/dags/main.py took 0.592 seconds
[2026-02-25T23:21:29.551+0000] {processor.py:161} INFO - Started process (PID=822) to work on /opt/airflow/dags/main.py
[2026-02-25T23:21:29.555+0000] {processor.py:830} INFO - Processing file /opt/airflow/dags/main.py for tasks to queue
[2026-02-25T23:21:29.560+0000] {logging_mixin.py:188} INFO - [2026-02-25T23:21:29.559+0000] {dagbag.py:545} INFO - Filling up the DagBag from /opt/airflow/dags/main.py
[2026-02-25T23:21:29.658+0000] {processor.py:840} INFO - DAG(s) 'data_quality', 'update_db', 'produce_json' retrieved from /opt/airflow/dags/main.py
[2026-02-25T23:21:29.758+0000] {logging_mixin.py:188} INFO - [2026-02-25T23:21:29.757+0000] {dag.py:3096} INFO - Sync 3 DAGs
[2026-02-25T23:21:29.822+0000] {logging_mixin.py:188} INFO - [2026-02-25T23:21:29.822+0000] {dag.py:3954} INFO - Setting next_dagrun for data_quality to 2026-02-24 16:00:00+00:00, run_after=2026-02-25 16:00:00+00:00
[2026-02-25T23:21:29.834+0000] {logging_mixin.py:188} INFO - [2026-02-25T23:21:29.834+0000] {dag.py:3954} INFO - Setting next_dagrun for produce_json to 2026-02-24 14:00:00+00:00, run_after=2026-02-25 14:00:00+00:00
[2026-02-25T23:21:29.841+0000] {logging_mixin.py:188} INFO - [2026-02-25T23:21:29.841+0000] {dag.py:3954} INFO - Setting next_dagrun for update_db to 2026-02-24 15:00:00+00:00, run_after=2026-02-25 15:00:00+00:00
[2026-02-25T23:21:29.900+0000] {processor.py:183} INFO - Processing /opt/airflow/dags/main.py took 0.362 seconds
[2026-02-25T23:22:00.100+0000] {processor.py:161} INFO - Started process (PID=829) to work on /opt/airflow/dags/main.py
[2026-02-25T23:22:00.104+0000] {processor.py:830} INFO - Processing file /opt/airflow/dags/main.py for tasks to queue
[2026-02-25T23:22:00.108+0000] {logging_mixin.py:188} INFO - [2026-02-25T23:22:00.107+0000] {dagbag.py:545} INFO - Filling up the DagBag from /opt/airflow/dags/main.py
[2026-02-25T23:22:00.215+0000] {processor.py:840} INFO - DAG(s) 'update_db', 'produce_json', 'data_quality' retrieved from /opt/airflow/dags/main.py
[2026-02-25T23:22:00.298+0000] {logging_mixin.py:188} INFO - [2026-02-25T23:22:00.298+0000] {dag.py:3096} INFO - Sync 3 DAGs
[2026-02-25T23:22:00.354+0000] {logging_mixin.py:188} INFO - [2026-02-25T23:22:00.354+0000] {dag.py:3954} INFO - Setting next_dagrun for data_quality to 2026-02-24 16:00:00+00:00, run_after=2026-02-25 16:00:00+00:00
[2026-02-25T23:22:00.363+0000] {logging_mixin.py:188} INFO - [2026-02-25T23:22:00.363+0000] {dag.py:3954} INFO - Setting next_dagrun for produce_json to 2026-02-24 14:00:00+00:00, run_after=2026-02-25 14:00:00+00:00
[2026-02-25T23:22:00.371+0000] {logging_mixin.py:188} INFO - [2026-02-25T23:22:00.371+0000] {dag.py:3954} INFO - Setting next_dagrun for update_db to 2026-02-24 15:00:00+00:00, run_after=2026-02-25 15:00:00+00:00
[2026-02-25T23:22:00.410+0000] {processor.py:183} INFO - Processing /opt/airflow/dags/main.py took 0.333 seconds
[2026-02-25T23:22:30.790+0000] {processor.py:161} INFO - Started process (PID=835) to work on /opt/airflow/dags/main.py
[2026-02-25T23:22:30.795+0000] {processor.py:830} INFO - Processing file /opt/airflow/dags/main.py for tasks to queue
[2026-02-25T23:22:30.802+0000] {logging_mixin.py:188} INFO - [2026-02-25T23:22:30.799+0000] {dagbag.py:545} INFO - Filling up the DagBag from /opt/airflow/dags/main.py
[2026-02-25T23:22:30.940+0000] {processor.py:840} INFO - DAG(s) 'data_quality', 'update_db', 'produce_json' retrieved from /opt/airflow/dags/main.py
[2026-02-25T23:22:31.033+0000] {logging_mixin.py:188} INFO - [2026-02-25T23:22:31.032+0000] {dag.py:3096} INFO - Sync 3 DAGs
[2026-02-25T23:22:31.086+0000] {logging_mixin.py:188} INFO - [2026-02-25T23:22:31.086+0000] {dag.py:3954} INFO - Setting next_dagrun for data_quality to 2026-02-24 16:00:00+00:00, run_after=2026-02-25 16:00:00+00:00
[2026-02-25T23:22:31.104+0000] {logging_mixin.py:188} INFO - [2026-02-25T23:22:31.104+0000] {dag.py:3954} INFO - Setting next_dagrun for produce_json to 2026-02-24 14:00:00+00:00, run_after=2026-02-25 14:00:00+00:00
[2026-02-25T23:22:31.117+0000] {logging_mixin.py:188} INFO - [2026-02-25T23:22:31.115+0000] {dag.py:3954} INFO - Setting next_dagrun for update_db to 2026-02-24 15:00:00+00:00, run_after=2026-02-25 15:00:00+00:00
[2026-02-25T23:22:31.158+0000] {processor.py:183} INFO - Processing /opt/airflow/dags/main.py took 0.382 seconds
[2026-02-25T23:23:01.630+0000] {processor.py:161} INFO - Started process (PID=842) to work on /opt/airflow/dags/main.py
[2026-02-25T23:23:01.635+0000] {processor.py:830} INFO - Processing file /opt/airflow/dags/main.py for tasks to queue
[2026-02-25T23:23:01.638+0000] {logging_mixin.py:188} INFO - [2026-02-25T23:23:01.638+0000] {dagbag.py:545} INFO - Filling up the DagBag from /opt/airflow/dags/main.py
[2026-02-25T23:23:01.725+0000] {processor.py:840} INFO - DAG(s) 'update_db', 'data_quality', 'produce_json' retrieved from /opt/airflow/dags/main.py
[2026-02-25T23:23:01.791+0000] {logging_mixin.py:188} INFO - [2026-02-25T23:23:01.791+0000] {dag.py:3096} INFO - Sync 3 DAGs
[2026-02-25T23:23:01.852+0000] {logging_mixin.py:188} INFO - [2026-02-25T23:23:01.852+0000] {dag.py:3954} INFO - Setting next_dagrun for data_quality to 2026-02-24 16:00:00+00:00, run_after=2026-02-25 16:00:00+00:00
[2026-02-25T23:23:01.861+0000] {logging_mixin.py:188} INFO - [2026-02-25T23:23:01.861+0000] {dag.py:3954} INFO - Setting next_dagrun for produce_json to 2026-02-24 14:00:00+00:00, run_after=2026-02-25 14:00:00+00:00
[2026-02-25T23:23:01.870+0000] {logging_mixin.py:188} INFO - [2026-02-25T23:23:01.870+0000] {dag.py:3954} INFO - Setting next_dagrun for update_db to 2026-02-24 15:00:00+00:00, run_after=2026-02-25 15:00:00+00:00
[2026-02-25T23:23:01.914+0000] {processor.py:183} INFO - Processing /opt/airflow/dags/main.py took 0.297 seconds
[2026-02-25T23:23:32.420+0000] {processor.py:161} INFO - Started process (PID=849) to work on /opt/airflow/dags/main.py
[2026-02-25T23:23:32.423+0000] {processor.py:830} INFO - Processing file /opt/airflow/dags/main.py for tasks to queue
[2026-02-25T23:23:32.426+0000] {logging_mixin.py:188} INFO - [2026-02-25T23:23:32.425+0000] {dagbag.py:545} INFO - Filling up the DagBag from /opt/airflow/dags/main.py
[2026-02-25T23:23:32.499+0000] {processor.py:840} INFO - DAG(s) 'data_quality', 'produce_json', 'update_db' retrieved from /opt/airflow/dags/main.py
[2026-02-25T23:23:32.586+0000] {logging_mixin.py:188} INFO - [2026-02-25T23:23:32.586+0000] {dag.py:3096} INFO - Sync 3 DAGs
[2026-02-25T23:23:32.628+0000] {logging_mixin.py:188} INFO - [2026-02-25T23:23:32.628+0000] {dag.py:3954} INFO - Setting next_dagrun for data_quality to 2026-02-24 16:00:00+00:00, run_after=2026-02-25 16:00:00+00:00
[2026-02-25T23:23:32.639+0000] {logging_mixin.py:188} INFO - [2026-02-25T23:23:32.638+0000] {dag.py:3954} INFO - Setting next_dagrun for produce_json to 2026-02-24 14:00:00+00:00, run_after=2026-02-25 14:00:00+00:00
[2026-02-25T23:23:32.770+0000] {logging_mixin.py:188} INFO - [2026-02-25T23:23:32.769+0000] {dag.py:3954} INFO - Setting next_dagrun for update_db to 2026-02-24 15:00:00+00:00, run_after=2026-02-25 15:00:00+00:00
[2026-02-25T23:23:32.846+0000] {processor.py:183} INFO - Processing /opt/airflow/dags/main.py took 0.442 seconds
[2026-02-25T23:24:03.573+0000] {processor.py:161} INFO - Started process (PID=856) to work on /opt/airflow/dags/main.py
[2026-02-25T23:24:03.576+0000] {processor.py:830} INFO - Processing file /opt/airflow/dags/main.py for tasks to queue
[2026-02-25T23:24:03.580+0000] {logging_mixin.py:188} INFO - [2026-02-25T23:24:03.579+0000] {dagbag.py:545} INFO - Filling up the DagBag from /opt/airflow/dags/main.py
[2026-02-25T23:24:03.658+0000] {processor.py:840} INFO - DAG(s) 'update_db', 'data_quality', 'produce_json' retrieved from /opt/airflow/dags/main.py
[2026-02-25T23:24:03.753+0000] {logging_mixin.py:188} INFO - [2026-02-25T23:24:03.752+0000] {dag.py:3096} INFO - Sync 3 DAGs
[2026-02-25T23:24:03.791+0000] {logging_mixin.py:188} INFO - [2026-02-25T23:24:03.791+0000] {dag.py:3954} INFO - Setting next_dagrun for data_quality to 2026-02-24 16:00:00+00:00, run_after=2026-02-25 16:00:00+00:00
[2026-02-25T23:24:03.800+0000] {logging_mixin.py:188} INFO - [2026-02-25T23:24:03.800+0000] {dag.py:3954} INFO - Setting next_dagrun for produce_json to 2026-02-24 14:00:00+00:00, run_after=2026-02-25 14:00:00+00:00
[2026-02-25T23:24:03.805+0000] {logging_mixin.py:188} INFO - [2026-02-25T23:24:03.805+0000] {dag.py:3954} INFO - Setting next_dagrun for update_db to 2026-02-24 15:00:00+00:00, run_after=2026-02-25 15:00:00+00:00
[2026-02-25T23:24:03.849+0000] {processor.py:183} INFO - Processing /opt/airflow/dags/main.py took 0.290 seconds
[2026-02-25T23:24:34.086+0000] {processor.py:161} INFO - Started process (PID=863) to work on /opt/airflow/dags/main.py
[2026-02-25T23:24:34.089+0000] {processor.py:830} INFO - Processing file /opt/airflow/dags/main.py for tasks to queue
[2026-02-25T23:24:34.093+0000] {logging_mixin.py:188} INFO - [2026-02-25T23:24:34.093+0000] {dagbag.py:545} INFO - Filling up the DagBag from /opt/airflow/dags/main.py
[2026-02-25T23:24:34.210+0000] {processor.py:840} INFO - DAG(s) 'data_quality', 'update_db', 'produce_json' retrieved from /opt/airflow/dags/main.py
[2026-02-25T23:24:34.284+0000] {logging_mixin.py:188} INFO - [2026-02-25T23:24:34.284+0000] {dag.py:3096} INFO - Sync 3 DAGs
[2026-02-25T23:24:34.338+0000] {logging_mixin.py:188} INFO - [2026-02-25T23:24:34.337+0000] {dag.py:3954} INFO - Setting next_dagrun for data_quality to 2026-02-24 16:00:00+00:00, run_after=2026-02-25 16:00:00+00:00
[2026-02-25T23:24:34.357+0000] {logging_mixin.py:188} INFO - [2026-02-25T23:24:34.357+0000] {dag.py:3954} INFO - Setting next_dagrun for produce_json to 2026-02-24 14:00:00+00:00, run_after=2026-02-25 14:00:00+00:00
[2026-02-25T23:24:34.364+0000] {logging_mixin.py:188} INFO - [2026-02-25T23:24:34.364+0000] {dag.py:3954} INFO - Setting next_dagrun for update_db to 2026-02-24 15:00:00+00:00, run_after=2026-02-25 15:00:00+00:00
[2026-02-25T23:24:34.420+0000] {processor.py:183} INFO - Processing /opt/airflow/dags/main.py took 0.366 seconds
[2026-02-25T23:25:04.785+0000] {processor.py:161} INFO - Started process (PID=869) to work on /opt/airflow/dags/main.py
[2026-02-25T23:25:04.788+0000] {processor.py:830} INFO - Processing file /opt/airflow/dags/main.py for tasks to queue
[2026-02-25T23:25:04.792+0000] {logging_mixin.py:188} INFO - [2026-02-25T23:25:04.791+0000] {dagbag.py:545} INFO - Filling up the DagBag from /opt/airflow/dags/main.py
[2026-02-25T23:25:04.894+0000] {processor.py:840} INFO - DAG(s) 'data_quality', 'update_db', 'produce_json' retrieved from /opt/airflow/dags/main.py
[2026-02-25T23:25:04.969+0000] {logging_mixin.py:188} INFO - [2026-02-25T23:25:04.969+0000] {dag.py:3096} INFO - Sync 3 DAGs
[2026-02-25T23:25:05.032+0000] {logging_mixin.py:188} INFO - [2026-02-25T23:25:05.028+0000] {dag.py:3954} INFO - Setting next_dagrun for data_quality to 2026-02-24 16:00:00+00:00, run_after=2026-02-25 16:00:00+00:00
[2026-02-25T23:25:05.053+0000] {logging_mixin.py:188} INFO - [2026-02-25T23:25:05.053+0000] {dag.py:3954} INFO - Setting next_dagrun for produce_json to 2026-02-24 14:00:00+00:00, run_after=2026-02-25 14:00:00+00:00
[2026-02-25T23:25:05.059+0000] {logging_mixin.py:188} INFO - [2026-02-25T23:25:05.059+0000] {dag.py:3954} INFO - Setting next_dagrun for update_db to 2026-02-24 15:00:00+00:00, run_after=2026-02-25 15:00:00+00:00
[2026-02-25T23:25:05.109+0000] {processor.py:183} INFO - Processing /opt/airflow/dags/main.py took 0.336 seconds
[2026-02-25T23:25:35.983+0000] {processor.py:161} INFO - Started process (PID=876) to work on /opt/airflow/dags/main.py
[2026-02-25T23:25:36.001+0000] {processor.py:830} INFO - Processing file /opt/airflow/dags/main.py for tasks to queue
[2026-02-25T23:25:36.016+0000] {logging_mixin.py:188} INFO - [2026-02-25T23:25:36.015+0000] {dagbag.py:545} INFO - Filling up the DagBag from /opt/airflow/dags/main.py
[2026-02-25T23:25:36.187+0000] {processor.py:840} INFO - DAG(s) 'data_quality', 'update_db', 'produce_json' retrieved from /opt/airflow/dags/main.py
[2026-02-25T23:25:36.511+0000] {logging_mixin.py:188} INFO - [2026-02-25T23:25:36.511+0000] {dag.py:3096} INFO - Sync 3 DAGs
[2026-02-25T23:25:36.560+0000] {logging_mixin.py:188} INFO - [2026-02-25T23:25:36.560+0000] {dag.py:3954} INFO - Setting next_dagrun for data_quality to 2026-02-24 16:00:00+00:00, run_after=2026-02-25 16:00:00+00:00
[2026-02-25T23:25:36.571+0000] {logging_mixin.py:188} INFO - [2026-02-25T23:25:36.571+0000] {dag.py:3954} INFO - Setting next_dagrun for produce_json to 2026-02-24 14:00:00+00:00, run_after=2026-02-25 14:00:00+00:00
[2026-02-25T23:25:36.578+0000] {logging_mixin.py:188} INFO - [2026-02-25T23:25:36.578+0000] {dag.py:3954} INFO - Setting next_dagrun for update_db to 2026-02-24 15:00:00+00:00, run_after=2026-02-25 15:00:00+00:00
[2026-02-25T23:25:36.620+0000] {processor.py:183} INFO - Processing /opt/airflow/dags/main.py took 0.652 seconds
[2026-02-25T23:26:07.183+0000] {processor.py:161} INFO - Started process (PID=883) to work on /opt/airflow/dags/main.py
[2026-02-25T23:26:07.186+0000] {processor.py:830} INFO - Processing file /opt/airflow/dags/main.py for tasks to queue
[2026-02-25T23:26:07.189+0000] {logging_mixin.py:188} INFO - [2026-02-25T23:26:07.189+0000] {dagbag.py:545} INFO - Filling up the DagBag from /opt/airflow/dags/main.py
[2026-02-25T23:26:07.266+0000] {processor.py:840} INFO - DAG(s) 'update_db', 'produce_json', 'data_quality' retrieved from /opt/airflow/dags/main.py
[2026-02-25T23:26:07.332+0000] {logging_mixin.py:188} INFO - [2026-02-25T23:26:07.332+0000] {dag.py:3096} INFO - Sync 3 DAGs
[2026-02-25T23:26:07.382+0000] {logging_mixin.py:188} INFO - [2026-02-25T23:26:07.381+0000] {dag.py:3954} INFO - Setting next_dagrun for data_quality to 2026-02-24 16:00:00+00:00, run_after=2026-02-25 16:00:00+00:00
[2026-02-25T23:26:07.397+0000] {logging_mixin.py:188} INFO - [2026-02-25T23:26:07.396+0000] {dag.py:3954} INFO - Setting next_dagrun for produce_json to 2026-02-24 14:00:00+00:00, run_after=2026-02-25 14:00:00+00:00
[2026-02-25T23:26:07.407+0000] {logging_mixin.py:188} INFO - [2026-02-25T23:26:07.407+0000] {dag.py:3954} INFO - Setting next_dagrun for update_db to 2026-02-24 15:00:00+00:00, run_after=2026-02-25 15:00:00+00:00
[2026-02-25T23:26:07.459+0000] {processor.py:183} INFO - Processing /opt/airflow/dags/main.py took 0.286 seconds
[2026-02-25T23:26:38.266+0000] {processor.py:161} INFO - Started process (PID=889) to work on /opt/airflow/dags/main.py
[2026-02-25T23:26:38.273+0000] {processor.py:830} INFO - Processing file /opt/airflow/dags/main.py for tasks to queue
[2026-02-25T23:26:38.289+0000] {logging_mixin.py:188} INFO - [2026-02-25T23:26:38.288+0000] {dagbag.py:545} INFO - Filling up the DagBag from /opt/airflow/dags/main.py
[2026-02-25T23:26:38.406+0000] {processor.py:840} INFO - DAG(s) 'data_quality', 'update_db', 'produce_json' retrieved from /opt/airflow/dags/main.py
[2026-02-25T23:26:38.479+0000] {logging_mixin.py:188} INFO - [2026-02-25T23:26:38.479+0000] {dag.py:3096} INFO - Sync 3 DAGs
[2026-02-25T23:26:38.536+0000] {logging_mixin.py:188} INFO - [2026-02-25T23:26:38.536+0000] {dag.py:3954} INFO - Setting next_dagrun for data_quality to 2026-02-24 16:00:00+00:00, run_after=2026-02-25 16:00:00+00:00
[2026-02-25T23:26:38.547+0000] {logging_mixin.py:188} INFO - [2026-02-25T23:26:38.547+0000] {dag.py:3954} INFO - Setting next_dagrun for produce_json to 2026-02-24 14:00:00+00:00, run_after=2026-02-25 14:00:00+00:00
[2026-02-25T23:26:38.558+0000] {logging_mixin.py:188} INFO - [2026-02-25T23:26:38.558+0000] {dag.py:3954} INFO - Setting next_dagrun for update_db to 2026-02-24 15:00:00+00:00, run_after=2026-02-25 15:00:00+00:00
[2026-02-25T23:26:38.598+0000] {processor.py:183} INFO - Processing /opt/airflow/dags/main.py took 0.374 seconds
[2026-02-25T23:27:09.656+0000] {processor.py:161} INFO - Started process (PID=896) to work on /opt/airflow/dags/main.py
[2026-02-25T23:27:09.661+0000] {processor.py:830} INFO - Processing file /opt/airflow/dags/main.py for tasks to queue
[2026-02-25T23:27:09.665+0000] {logging_mixin.py:188} INFO - [2026-02-25T23:27:09.664+0000] {dagbag.py:545} INFO - Filling up the DagBag from /opt/airflow/dags/main.py
[2026-02-25T23:27:09.749+0000] {processor.py:840} INFO - DAG(s) 'produce_json', 'data_quality', 'update_db' retrieved from /opt/airflow/dags/main.py
[2026-02-25T23:27:09.814+0000] {logging_mixin.py:188} INFO - [2026-02-25T23:27:09.814+0000] {dag.py:3096} INFO - Sync 3 DAGs
[2026-02-25T23:27:09.870+0000] {logging_mixin.py:188} INFO - [2026-02-25T23:27:09.870+0000] {dag.py:3954} INFO - Setting next_dagrun for data_quality to 2026-02-24 16:00:00+00:00, run_after=2026-02-25 16:00:00+00:00
[2026-02-25T23:27:09.880+0000] {logging_mixin.py:188} INFO - [2026-02-25T23:27:09.879+0000] {dag.py:3954} INFO - Setting next_dagrun for produce_json to 2026-02-24 14:00:00+00:00, run_after=2026-02-25 14:00:00+00:00
[2026-02-25T23:27:09.884+0000] {logging_mixin.py:188} INFO - [2026-02-25T23:27:09.884+0000] {dag.py:3954} INFO - Setting next_dagrun for update_db to 2026-02-24 15:00:00+00:00, run_after=2026-02-25 15:00:00+00:00
[2026-02-25T23:27:09.918+0000] {processor.py:183} INFO - Processing /opt/airflow/dags/main.py took 0.276 seconds
[2026-02-25T23:27:40.635+0000] {processor.py:161} INFO - Started process (PID=903) to work on /opt/airflow/dags/main.py
[2026-02-25T23:27:40.641+0000] {processor.py:830} INFO - Processing file /opt/airflow/dags/main.py for tasks to queue
[2026-02-25T23:27:40.652+0000] {logging_mixin.py:188} INFO - [2026-02-25T23:27:40.651+0000] {dagbag.py:545} INFO - Filling up the DagBag from /opt/airflow/dags/main.py
[2026-02-25T23:27:40.760+0000] {processor.py:840} INFO - DAG(s) 'update_db', 'produce_json', 'data_quality' retrieved from /opt/airflow/dags/main.py
[2026-02-25T23:27:40.852+0000] {logging_mixin.py:188} INFO - [2026-02-25T23:27:40.851+0000] {dag.py:3096} INFO - Sync 3 DAGs
[2026-02-25T23:27:40.903+0000] {logging_mixin.py:188} INFO - [2026-02-25T23:27:40.903+0000] {dag.py:3954} INFO - Setting next_dagrun for data_quality to 2026-02-24 16:00:00+00:00, run_after=2026-02-25 16:00:00+00:00
[2026-02-25T23:27:40.913+0000] {logging_mixin.py:188} INFO - [2026-02-25T23:27:40.912+0000] {dag.py:3954} INFO - Setting next_dagrun for produce_json to 2026-02-24 14:00:00+00:00, run_after=2026-02-25 14:00:00+00:00
[2026-02-25T23:27:40.918+0000] {logging_mixin.py:188} INFO - [2026-02-25T23:27:40.918+0000] {dag.py:3954} INFO - Setting next_dagrun for update_db to 2026-02-24 15:00:00+00:00, run_after=2026-02-25 15:00:00+00:00
[2026-02-25T23:27:40.947+0000] {processor.py:183} INFO - Processing /opt/airflow/dags/main.py took 0.357 seconds
[2026-02-25T23:28:11.914+0000] {processor.py:161} INFO - Started process (PID=911) to work on /opt/airflow/dags/main.py
[2026-02-25T23:28:11.920+0000] {processor.py:830} INFO - Processing file /opt/airflow/dags/main.py for tasks to queue
[2026-02-25T23:28:11.924+0000] {logging_mixin.py:188} INFO - [2026-02-25T23:28:11.923+0000] {dagbag.py:545} INFO - Filling up the DagBag from /opt/airflow/dags/main.py
[2026-02-25T23:28:11.997+0000] {processor.py:840} INFO - DAG(s) 'data_quality', 'produce_json', 'update_db' retrieved from /opt/airflow/dags/main.py
[2026-02-25T23:28:12.068+0000] {logging_mixin.py:188} INFO - [2026-02-25T23:28:12.068+0000] {dag.py:3096} INFO - Sync 3 DAGs
[2026-02-25T23:28:12.107+0000] {logging_mixin.py:188} INFO - [2026-02-25T23:28:12.107+0000] {dag.py:3954} INFO - Setting next_dagrun for data_quality to 2026-02-24 16:00:00+00:00, run_after=2026-02-25 16:00:00+00:00
[2026-02-25T23:28:12.116+0000] {logging_mixin.py:188} INFO - [2026-02-25T23:28:12.116+0000] {dag.py:3954} INFO - Setting next_dagrun for produce_json to 2026-02-24 14:00:00+00:00, run_after=2026-02-25 14:00:00+00:00
[2026-02-25T23:28:12.125+0000] {logging_mixin.py:188} INFO - [2026-02-25T23:28:12.124+0000] {dag.py:3954} INFO - Setting next_dagrun for update_db to 2026-02-24 15:00:00+00:00, run_after=2026-02-25 15:00:00+00:00
[2026-02-25T23:28:12.166+0000] {processor.py:183} INFO - Processing /opt/airflow/dags/main.py took 0.264 seconds
[2026-02-25T23:28:42.840+0000] {processor.py:161} INFO - Started process (PID=918) to work on /opt/airflow/dags/main.py
[2026-02-25T23:28:42.843+0000] {processor.py:830} INFO - Processing file /opt/airflow/dags/main.py for tasks to queue
[2026-02-25T23:28:42.848+0000] {logging_mixin.py:188} INFO - [2026-02-25T23:28:42.847+0000] {dagbag.py:545} INFO - Filling up the DagBag from /opt/airflow/dags/main.py
[2026-02-25T23:28:42.944+0000] {processor.py:840} INFO - DAG(s) 'produce_json', 'data_quality', 'update_db' retrieved from /opt/airflow/dags/main.py
[2026-02-25T23:28:43.037+0000] {logging_mixin.py:188} INFO - [2026-02-25T23:28:43.036+0000] {dag.py:3096} INFO - Sync 3 DAGs
[2026-02-25T23:28:43.090+0000] {logging_mixin.py:188} INFO - [2026-02-25T23:28:43.090+0000] {dag.py:3954} INFO - Setting next_dagrun for data_quality to 2026-02-24 16:00:00+00:00, run_after=2026-02-25 16:00:00+00:00
[2026-02-25T23:28:43.108+0000] {logging_mixin.py:188} INFO - [2026-02-25T23:28:43.107+0000] {dag.py:3954} INFO - Setting next_dagrun for produce_json to 2026-02-24 14:00:00+00:00, run_after=2026-02-25 14:00:00+00:00
[2026-02-25T23:28:43.117+0000] {logging_mixin.py:188} INFO - [2026-02-25T23:28:43.117+0000] {dag.py:3954} INFO - Setting next_dagrun for update_db to 2026-02-24 15:00:00+00:00, run_after=2026-02-25 15:00:00+00:00
[2026-02-25T23:28:43.162+0000] {processor.py:183} INFO - Processing /opt/airflow/dags/main.py took 0.334 seconds
[2026-02-25T23:29:13.671+0000] {processor.py:161} INFO - Started process (PID=925) to work on /opt/airflow/dags/main.py
[2026-02-25T23:29:13.673+0000] {processor.py:830} INFO - Processing file /opt/airflow/dags/main.py for tasks to queue
[2026-02-25T23:29:13.678+0000] {logging_mixin.py:188} INFO - [2026-02-25T23:29:13.678+0000] {dagbag.py:545} INFO - Filling up the DagBag from /opt/airflow/dags/main.py
[2026-02-25T23:29:13.776+0000] {processor.py:840} INFO - DAG(s) 'data_quality', 'produce_json', 'update_db' retrieved from /opt/airflow/dags/main.py
[2026-02-25T23:29:13.856+0000] {logging_mixin.py:188} INFO - [2026-02-25T23:29:13.856+0000] {dag.py:3096} INFO - Sync 3 DAGs
[2026-02-25T23:29:13.903+0000] {logging_mixin.py:188} INFO - [2026-02-25T23:29:13.903+0000] {dag.py:3954} INFO - Setting next_dagrun for data_quality to 2026-02-24 16:00:00+00:00, run_after=2026-02-25 16:00:00+00:00
[2026-02-25T23:29:13.923+0000] {logging_mixin.py:188} INFO - [2026-02-25T23:29:13.923+0000] {dag.py:3954} INFO - Setting next_dagrun for produce_json to 2026-02-24 14:00:00+00:00, run_after=2026-02-25 14:00:00+00:00
[2026-02-25T23:29:13.930+0000] {logging_mixin.py:188} INFO - [2026-02-25T23:29:13.930+0000] {dag.py:3954} INFO - Setting next_dagrun for update_db to 2026-02-24 15:00:00+00:00, run_after=2026-02-25 15:00:00+00:00
[2026-02-25T23:29:13.981+0000] {processor.py:183} INFO - Processing /opt/airflow/dags/main.py took 0.323 seconds
[2026-02-25T23:29:44.529+0000] {processor.py:161} INFO - Started process (PID=932) to work on /opt/airflow/dags/main.py
[2026-02-25T23:29:44.532+0000] {processor.py:830} INFO - Processing file /opt/airflow/dags/main.py for tasks to queue
[2026-02-25T23:29:44.543+0000] {logging_mixin.py:188} INFO - [2026-02-25T23:29:44.543+0000] {dagbag.py:545} INFO - Filling up the DagBag from /opt/airflow/dags/main.py
[2026-02-25T23:29:44.731+0000] {processor.py:840} INFO - DAG(s) 'data_quality', 'produce_json', 'update_db' retrieved from /opt/airflow/dags/main.py
[2026-02-25T23:29:44.828+0000] {logging_mixin.py:188} INFO - [2026-02-25T23:29:44.827+0000] {dag.py:3096} INFO - Sync 3 DAGs
[2026-02-25T23:29:44.927+0000] {logging_mixin.py:188} INFO - [2026-02-25T23:29:44.927+0000] {dag.py:3954} INFO - Setting next_dagrun for data_quality to 2026-02-24 16:00:00+00:00, run_after=2026-02-25 16:00:00+00:00
[2026-02-25T23:29:44.963+0000] {logging_mixin.py:188} INFO - [2026-02-25T23:29:44.961+0000] {dag.py:3954} INFO - Setting next_dagrun for produce_json to 2026-02-24 14:00:00+00:00, run_after=2026-02-25 14:00:00+00:00
[2026-02-25T23:29:44.979+0000] {logging_mixin.py:188} INFO - [2026-02-25T23:29:44.979+0000] {dag.py:3954} INFO - Setting next_dagrun for update_db to 2026-02-24 15:00:00+00:00, run_after=2026-02-25 15:00:00+00:00
[2026-02-25T23:29:45.036+0000] {processor.py:183} INFO - Processing /opt/airflow/dags/main.py took 0.524 seconds
[2026-02-25T23:30:15.169+0000] {processor.py:161} INFO - Started process (PID=939) to work on /opt/airflow/dags/main.py
[2026-02-25T23:30:15.171+0000] {processor.py:830} INFO - Processing file /opt/airflow/dags/main.py for tasks to queue
[2026-02-25T23:30:15.175+0000] {logging_mixin.py:188} INFO - [2026-02-25T23:30:15.174+0000] {dagbag.py:545} INFO - Filling up the DagBag from /opt/airflow/dags/main.py
[2026-02-25T23:30:15.245+0000] {processor.py:840} INFO - DAG(s) 'produce_json', 'update_db', 'data_quality' retrieved from /opt/airflow/dags/main.py
[2026-02-25T23:30:15.337+0000] {logging_mixin.py:188} INFO - [2026-02-25T23:30:15.337+0000] {dag.py:3096} INFO - Sync 3 DAGs
[2026-02-25T23:30:15.391+0000] {logging_mixin.py:188} INFO - [2026-02-25T23:30:15.389+0000] {dag.py:3954} INFO - Setting next_dagrun for data_quality to 2026-02-24 16:00:00+00:00, run_after=2026-02-25 16:00:00+00:00
[2026-02-25T23:30:15.403+0000] {logging_mixin.py:188} INFO - [2026-02-25T23:30:15.403+0000] {dag.py:3954} INFO - Setting next_dagrun for produce_json to 2026-02-24 14:00:00+00:00, run_after=2026-02-25 14:00:00+00:00
[2026-02-25T23:30:15.409+0000] {logging_mixin.py:188} INFO - [2026-02-25T23:30:15.409+0000] {dag.py:3954} INFO - Setting next_dagrun for update_db to 2026-02-24 15:00:00+00:00, run_after=2026-02-25 15:00:00+00:00
[2026-02-25T23:30:15.449+0000] {processor.py:183} INFO - Processing /opt/airflow/dags/main.py took 0.294 seconds
[2026-02-25T23:30:46.490+0000] {processor.py:161} INFO - Started process (PID=946) to work on /opt/airflow/dags/main.py
[2026-02-25T23:30:46.495+0000] {processor.py:830} INFO - Processing file /opt/airflow/dags/main.py for tasks to queue
[2026-02-25T23:30:46.502+0000] {logging_mixin.py:188} INFO - [2026-02-25T23:30:46.501+0000] {dagbag.py:545} INFO - Filling up the DagBag from /opt/airflow/dags/main.py
[2026-02-25T23:30:46.594+0000] {processor.py:840} INFO - DAG(s) 'produce_json', 'update_db', 'data_quality' retrieved from /opt/airflow/dags/main.py
[2026-02-25T23:30:46.688+0000] {logging_mixin.py:188} INFO - [2026-02-25T23:30:46.687+0000] {dag.py:3096} INFO - Sync 3 DAGs
[2026-02-25T23:30:46.745+0000] {logging_mixin.py:188} INFO - [2026-02-25T23:30:46.744+0000] {dag.py:3954} INFO - Setting next_dagrun for data_quality to 2026-02-24 16:00:00+00:00, run_after=2026-02-25 16:00:00+00:00
[2026-02-25T23:30:46.758+0000] {logging_mixin.py:188} INFO - [2026-02-25T23:30:46.758+0000] {dag.py:3954} INFO - Setting next_dagrun for produce_json to 2026-02-24 14:00:00+00:00, run_after=2026-02-25 14:00:00+00:00
[2026-02-25T23:30:46.767+0000] {logging_mixin.py:188} INFO - [2026-02-25T23:30:46.766+0000] {dag.py:3954} INFO - Setting next_dagrun for update_db to 2026-02-24 15:00:00+00:00, run_after=2026-02-25 15:00:00+00:00
[2026-02-25T23:30:46.815+0000] {processor.py:183} INFO - Processing /opt/airflow/dags/main.py took 0.338 seconds
[2026-02-25T23:31:17.549+0000] {processor.py:161} INFO - Started process (PID=952) to work on /opt/airflow/dags/main.py
[2026-02-25T23:31:17.551+0000] {processor.py:830} INFO - Processing file /opt/airflow/dags/main.py for tasks to queue
[2026-02-25T23:31:17.556+0000] {logging_mixin.py:188} INFO - [2026-02-25T23:31:17.556+0000] {dagbag.py:545} INFO - Filling up the DagBag from /opt/airflow/dags/main.py
[2026-02-25T23:31:17.649+0000] {processor.py:840} INFO - DAG(s) 'produce_json', 'data_quality', 'update_db' retrieved from /opt/airflow/dags/main.py
[2026-02-25T23:31:17.719+0000] {logging_mixin.py:188} INFO - [2026-02-25T23:31:17.719+0000] {dag.py:3096} INFO - Sync 3 DAGs
[2026-02-25T23:31:17.770+0000] {logging_mixin.py:188} INFO - [2026-02-25T23:31:17.769+0000] {dag.py:3954} INFO - Setting next_dagrun for data_quality to 2026-02-24 16:00:00+00:00, run_after=2026-02-25 16:00:00+00:00
[2026-02-25T23:31:17.783+0000] {logging_mixin.py:188} INFO - [2026-02-25T23:31:17.781+0000] {dag.py:3954} INFO - Setting next_dagrun for produce_json to 2026-02-24 14:00:00+00:00, run_after=2026-02-25 14:00:00+00:00
[2026-02-25T23:31:17.790+0000] {logging_mixin.py:188} INFO - [2026-02-25T23:31:17.789+0000] {dag.py:3954} INFO - Setting next_dagrun for update_db to 2026-02-24 15:00:00+00:00, run_after=2026-02-25 15:00:00+00:00
[2026-02-25T23:31:17.841+0000] {processor.py:183} INFO - Processing /opt/airflow/dags/main.py took 0.311 seconds
[2026-02-25T23:31:48.404+0000] {processor.py:161} INFO - Started process (PID=960) to work on /opt/airflow/dags/main.py
[2026-02-25T23:31:48.411+0000] {processor.py:830} INFO - Processing file /opt/airflow/dags/main.py for tasks to queue
[2026-02-25T23:31:48.434+0000] {logging_mixin.py:188} INFO - [2026-02-25T23:31:48.428+0000] {dagbag.py:545} INFO - Filling up the DagBag from /opt/airflow/dags/main.py
[2026-02-25T23:31:48.545+0000] {processor.py:840} INFO - DAG(s) 'data_quality', 'produce_json', 'update_db' retrieved from /opt/airflow/dags/main.py
[2026-02-25T23:31:48.629+0000] {logging_mixin.py:188} INFO - [2026-02-25T23:31:48.629+0000] {dag.py:3096} INFO - Sync 3 DAGs
[2026-02-25T23:31:48.684+0000] {logging_mixin.py:188} INFO - [2026-02-25T23:31:48.683+0000] {dag.py:3954} INFO - Setting next_dagrun for data_quality to 2026-02-24 16:00:00+00:00, run_after=2026-02-25 16:00:00+00:00
[2026-02-25T23:31:48.698+0000] {logging_mixin.py:188} INFO - [2026-02-25T23:31:48.697+0000] {dag.py:3954} INFO - Setting next_dagrun for produce_json to 2026-02-24 14:00:00+00:00, run_after=2026-02-25 14:00:00+00:00
[2026-02-25T23:31:48.707+0000] {logging_mixin.py:188} INFO - [2026-02-25T23:31:48.706+0000] {dag.py:3954} INFO - Setting next_dagrun for update_db to 2026-02-24 15:00:00+00:00, run_after=2026-02-25 15:00:00+00:00
[2026-02-25T23:31:48.735+0000] {processor.py:183} INFO - Processing /opt/airflow/dags/main.py took 0.356 seconds
[2026-02-25T23:32:19.133+0000] {processor.py:161} INFO - Started process (PID=968) to work on /opt/airflow/dags/main.py
[2026-02-25T23:32:19.151+0000] {processor.py:830} INFO - Processing file /opt/airflow/dags/main.py for tasks to queue
[2026-02-25T23:32:19.194+0000] {logging_mixin.py:188} INFO - [2026-02-25T23:32:19.178+0000] {dagbag.py:545} INFO - Filling up the DagBag from /opt/airflow/dags/main.py
[2026-02-25T23:32:19.637+0000] {processor.py:840} INFO - DAG(s) 'update_db', 'data_quality', 'produce_json' retrieved from /opt/airflow/dags/main.py
[2026-02-25T23:32:19.830+0000] {logging_mixin.py:188} INFO - [2026-02-25T23:32:19.829+0000] {dag.py:3096} INFO - Sync 3 DAGs
[2026-02-25T23:32:20.010+0000] {logging_mixin.py:188} INFO - [2026-02-25T23:32:20.010+0000] {dag.py:3954} INFO - Setting next_dagrun for data_quality to 2026-02-24 16:00:00+00:00, run_after=2026-02-25 16:00:00+00:00
[2026-02-25T23:32:20.023+0000] {logging_mixin.py:188} INFO - [2026-02-25T23:32:20.023+0000] {dag.py:3954} INFO - Setting next_dagrun for produce_json to 2026-02-24 14:00:00+00:00, run_after=2026-02-25 14:00:00+00:00
[2026-02-25T23:32:20.028+0000] {logging_mixin.py:188} INFO - [2026-02-25T23:32:20.028+0000] {dag.py:3954} INFO - Setting next_dagrun for update_db to 2026-02-24 15:00:00+00:00, run_after=2026-02-25 15:00:00+00:00
[2026-02-25T23:32:20.061+0000] {processor.py:183} INFO - Processing /opt/airflow/dags/main.py took 0.992 seconds
[2026-02-25T23:32:50.564+0000] {processor.py:161} INFO - Started process (PID=975) to work on /opt/airflow/dags/main.py
[2026-02-25T23:32:50.567+0000] {processor.py:830} INFO - Processing file /opt/airflow/dags/main.py for tasks to queue
[2026-02-25T23:32:50.572+0000] {logging_mixin.py:188} INFO - [2026-02-25T23:32:50.572+0000] {dagbag.py:545} INFO - Filling up the DagBag from /opt/airflow/dags/main.py
[2026-02-25T23:32:50.658+0000] {processor.py:840} INFO - DAG(s) 'produce_json', 'data_quality', 'update_db' retrieved from /opt/airflow/dags/main.py
[2026-02-25T23:32:50.731+0000] {logging_mixin.py:188} INFO - [2026-02-25T23:32:50.730+0000] {dag.py:3096} INFO - Sync 3 DAGs
[2026-02-25T23:32:50.775+0000] {logging_mixin.py:188} INFO - [2026-02-25T23:32:50.774+0000] {dag.py:3954} INFO - Setting next_dagrun for data_quality to 2026-02-24 16:00:00+00:00, run_after=2026-02-25 16:00:00+00:00
[2026-02-25T23:32:50.787+0000] {logging_mixin.py:188} INFO - [2026-02-25T23:32:50.787+0000] {dag.py:3954} INFO - Setting next_dagrun for produce_json to 2026-02-24 14:00:00+00:00, run_after=2026-02-25 14:00:00+00:00
[2026-02-25T23:32:50.794+0000] {logging_mixin.py:188} INFO - [2026-02-25T23:32:50.794+0000] {dag.py:3954} INFO - Setting next_dagrun for update_db to 2026-02-24 15:00:00+00:00, run_after=2026-02-25 15:00:00+00:00
[2026-02-25T23:32:50.841+0000] {processor.py:183} INFO - Processing /opt/airflow/dags/main.py took 0.293 seconds
[2026-02-25T23:33:21.237+0000] {processor.py:161} INFO - Started process (PID=982) to work on /opt/airflow/dags/main.py
[2026-02-25T23:33:21.240+0000] {processor.py:830} INFO - Processing file /opt/airflow/dags/main.py for tasks to queue
[2026-02-25T23:33:21.246+0000] {logging_mixin.py:188} INFO - [2026-02-25T23:33:21.246+0000] {dagbag.py:545} INFO - Filling up the DagBag from /opt/airflow/dags/main.py
[2026-02-25T23:33:21.337+0000] {processor.py:840} INFO - DAG(s) 'produce_json', 'data_quality', 'update_db' retrieved from /opt/airflow/dags/main.py
[2026-02-25T23:33:21.417+0000] {logging_mixin.py:188} INFO - [2026-02-25T23:33:21.416+0000] {dag.py:3096} INFO - Sync 3 DAGs
[2026-02-25T23:33:21.473+0000] {logging_mixin.py:188} INFO - [2026-02-25T23:33:21.472+0000] {dag.py:3954} INFO - Setting next_dagrun for data_quality to 2026-02-24 16:00:00+00:00, run_after=2026-02-25 16:00:00+00:00
[2026-02-25T23:33:21.489+0000] {logging_mixin.py:188} INFO - [2026-02-25T23:33:21.488+0000] {dag.py:3954} INFO - Setting next_dagrun for produce_json to 2026-02-24 14:00:00+00:00, run_after=2026-02-25 14:00:00+00:00
[2026-02-25T23:33:21.495+0000] {logging_mixin.py:188} INFO - [2026-02-25T23:33:21.494+0000] {dag.py:3954} INFO - Setting next_dagrun for update_db to 2026-02-24 15:00:00+00:00, run_after=2026-02-25 15:00:00+00:00
[2026-02-25T23:33:21.544+0000] {processor.py:183} INFO - Processing /opt/airflow/dags/main.py took 0.320 seconds
[2026-02-25T23:33:51.940+0000] {processor.py:161} INFO - Started process (PID=989) to work on /opt/airflow/dags/main.py
[2026-02-25T23:33:51.943+0000] {processor.py:830} INFO - Processing file /opt/airflow/dags/main.py for tasks to queue
[2026-02-25T23:33:51.948+0000] {logging_mixin.py:188} INFO - [2026-02-25T23:33:51.947+0000] {dagbag.py:545} INFO - Filling up the DagBag from /opt/airflow/dags/main.py
[2026-02-25T23:33:52.044+0000] {processor.py:840} INFO - DAG(s) 'produce_json', 'update_db', 'data_quality' retrieved from /opt/airflow/dags/main.py
[2026-02-25T23:33:52.112+0000] {logging_mixin.py:188} INFO - [2026-02-25T23:33:52.112+0000] {dag.py:3096} INFO - Sync 3 DAGs
[2026-02-25T23:33:52.159+0000] {logging_mixin.py:188} INFO - [2026-02-25T23:33:52.159+0000] {dag.py:3954} INFO - Setting next_dagrun for data_quality to 2026-02-24 16:00:00+00:00, run_after=2026-02-25 16:00:00+00:00
[2026-02-25T23:33:52.169+0000] {logging_mixin.py:188} INFO - [2026-02-25T23:33:52.169+0000] {dag.py:3954} INFO - Setting next_dagrun for produce_json to 2026-02-24 14:00:00+00:00, run_after=2026-02-25 14:00:00+00:00
[2026-02-25T23:33:52.221+0000] {logging_mixin.py:188} INFO - [2026-02-25T23:33:52.221+0000] {dag.py:3954} INFO - Setting next_dagrun for update_db to 2026-02-24 15:00:00+00:00, run_after=2026-02-25 15:00:00+00:00
[2026-02-25T23:33:52.290+0000] {processor.py:183} INFO - Processing /opt/airflow/dags/main.py took 0.362 seconds
[2026-02-25T23:35:28.079+0000] {processor.py:161} INFO - Started process (PID=996) to work on /opt/airflow/dags/main.py
[2026-02-25T23:35:28.122+0000] {processor.py:830} INFO - Processing file /opt/airflow/dags/main.py for tasks to queue
[2026-02-25T23:35:28.150+0000] {logging_mixin.py:188} INFO - [2026-02-25T23:35:28.149+0000] {dagbag.py:545} INFO - Filling up the DagBag from /opt/airflow/dags/main.py
[2026-02-25T23:35:28.509+0000] {processor.py:840} INFO - DAG(s) 'data_quality', 'update_db', 'produce_json' retrieved from /opt/airflow/dags/main.py
[2026-02-25T23:35:28.839+0000] {logging_mixin.py:188} INFO - [2026-02-25T23:35:28.839+0000] {dag.py:3096} INFO - Sync 3 DAGs
[2026-02-25T23:35:28.881+0000] {logging_mixin.py:188} INFO - [2026-02-25T23:35:28.881+0000] {dag.py:3954} INFO - Setting next_dagrun for data_quality to 2026-02-24 16:00:00+00:00, run_after=2026-02-25 16:00:00+00:00
[2026-02-25T23:35:28.897+0000] {logging_mixin.py:188} INFO - [2026-02-25T23:35:28.897+0000] {dag.py:3954} INFO - Setting next_dagrun for produce_json to 2026-02-24 14:00:00+00:00, run_after=2026-02-25 14:00:00+00:00
[2026-02-25T23:35:28.905+0000] {logging_mixin.py:188} INFO - [2026-02-25T23:35:28.905+0000] {dag.py:3954} INFO - Setting next_dagrun for update_db to 2026-02-24 15:00:00+00:00, run_after=2026-02-25 15:00:00+00:00
[2026-02-25T23:35:28.956+0000] {processor.py:183} INFO - Processing /opt/airflow/dags/main.py took 1.042 seconds
[2026-02-25T23:35:59.230+0000] {processor.py:161} INFO - Started process (PID=1010) to work on /opt/airflow/dags/main.py
[2026-02-25T23:35:59.237+0000] {processor.py:830} INFO - Processing file /opt/airflow/dags/main.py for tasks to queue
[2026-02-25T23:35:59.248+0000] {logging_mixin.py:188} INFO - [2026-02-25T23:35:59.247+0000] {dagbag.py:545} INFO - Filling up the DagBag from /opt/airflow/dags/main.py
[2026-02-25T23:35:59.483+0000] {processor.py:840} INFO - DAG(s) 'produce_json', 'data_quality', 'update_db' retrieved from /opt/airflow/dags/main.py
[2026-02-25T23:35:59.644+0000] {logging_mixin.py:188} INFO - [2026-02-25T23:35:59.640+0000] {dag.py:3096} INFO - Sync 3 DAGs
[2026-02-25T23:35:59.704+0000] {logging_mixin.py:188} INFO - [2026-02-25T23:35:59.704+0000] {dag.py:3954} INFO - Setting next_dagrun for data_quality to 2026-02-24 16:00:00+00:00, run_after=2026-02-25 16:00:00+00:00
[2026-02-25T23:35:59.719+0000] {logging_mixin.py:188} INFO - [2026-02-25T23:35:59.719+0000] {dag.py:3954} INFO - Setting next_dagrun for produce_json to 2026-02-24 14:00:00+00:00, run_after=2026-02-25 14:00:00+00:00
[2026-02-25T23:35:59.735+0000] {logging_mixin.py:188} INFO - [2026-02-25T23:35:59.735+0000] {dag.py:3954} INFO - Setting next_dagrun for update_db to 2026-02-24 15:00:00+00:00, run_after=2026-02-25 15:00:00+00:00
[2026-02-25T23:35:59.789+0000] {processor.py:183} INFO - Processing /opt/airflow/dags/main.py took 0.616 seconds
[2026-02-25T23:36:30.592+0000] {processor.py:161} INFO - Started process (PID=1017) to work on /opt/airflow/dags/main.py
[2026-02-25T23:36:30.594+0000] {processor.py:830} INFO - Processing file /opt/airflow/dags/main.py for tasks to queue
[2026-02-25T23:36:30.600+0000] {logging_mixin.py:188} INFO - [2026-02-25T23:36:30.599+0000] {dagbag.py:545} INFO - Filling up the DagBag from /opt/airflow/dags/main.py
[2026-02-25T23:36:30.686+0000] {processor.py:840} INFO - DAG(s) 'data_quality', 'update_db', 'produce_json' retrieved from /opt/airflow/dags/main.py
[2026-02-25T23:36:30.767+0000] {logging_mixin.py:188} INFO - [2026-02-25T23:36:30.766+0000] {dag.py:3096} INFO - Sync 3 DAGs
[2026-02-25T23:36:30.819+0000] {logging_mixin.py:188} INFO - [2026-02-25T23:36:30.817+0000] {dag.py:3954} INFO - Setting next_dagrun for data_quality to 2026-02-24 16:00:00+00:00, run_after=2026-02-25 16:00:00+00:00
[2026-02-25T23:36:30.840+0000] {logging_mixin.py:188} INFO - [2026-02-25T23:36:30.840+0000] {dag.py:3954} INFO - Setting next_dagrun for produce_json to 2026-02-24 14:00:00+00:00, run_after=2026-02-25 14:00:00+00:00
[2026-02-25T23:36:30.847+0000] {logging_mixin.py:188} INFO - [2026-02-25T23:36:30.846+0000] {dag.py:3954} INFO - Setting next_dagrun for update_db to 2026-02-24 15:00:00+00:00, run_after=2026-02-25 15:00:00+00:00
[2026-02-25T23:36:30.899+0000] {processor.py:183} INFO - Processing /opt/airflow/dags/main.py took 0.322 seconds
[2026-02-25T23:37:01.701+0000] {processor.py:161} INFO - Started process (PID=1024) to work on /opt/airflow/dags/main.py
[2026-02-25T23:37:01.710+0000] {processor.py:830} INFO - Processing file /opt/airflow/dags/main.py for tasks to queue
[2026-02-25T23:37:01.719+0000] {logging_mixin.py:188} INFO - [2026-02-25T23:37:01.717+0000] {dagbag.py:545} INFO - Filling up the DagBag from /opt/airflow/dags/main.py
[2026-02-25T23:37:01.847+0000] {processor.py:840} INFO - DAG(s) 'produce_json', 'update_db', 'data_quality' retrieved from /opt/airflow/dags/main.py
[2026-02-25T23:37:01.974+0000] {logging_mixin.py:188} INFO - [2026-02-25T23:37:01.974+0000] {dag.py:3096} INFO - Sync 3 DAGs
[2026-02-25T23:37:02.052+0000] {logging_mixin.py:188} INFO - [2026-02-25T23:37:02.051+0000] {dag.py:3954} INFO - Setting next_dagrun for data_quality to 2026-02-24 16:00:00+00:00, run_after=2026-02-25 16:00:00+00:00
[2026-02-25T23:37:02.064+0000] {logging_mixin.py:188} INFO - [2026-02-25T23:37:02.063+0000] {dag.py:3954} INFO - Setting next_dagrun for produce_json to 2026-02-24 14:00:00+00:00, run_after=2026-02-25 14:00:00+00:00
[2026-02-25T23:37:02.076+0000] {logging_mixin.py:188} INFO - [2026-02-25T23:37:02.075+0000] {dag.py:3954} INFO - Setting next_dagrun for update_db to 2026-02-24 15:00:00+00:00, run_after=2026-02-25 15:00:00+00:00
[2026-02-25T23:37:02.159+0000] {processor.py:183} INFO - Processing /opt/airflow/dags/main.py took 0.470 seconds
[2026-02-25T23:37:33.146+0000] {processor.py:161} INFO - Started process (PID=1031) to work on /opt/airflow/dags/main.py
[2026-02-25T23:37:33.160+0000] {processor.py:830} INFO - Processing file /opt/airflow/dags/main.py for tasks to queue
[2026-02-25T23:37:33.199+0000] {logging_mixin.py:188} INFO - [2026-02-25T23:37:33.198+0000] {dagbag.py:545} INFO - Filling up the DagBag from /opt/airflow/dags/main.py
[2026-02-25T23:37:33.337+0000] {processor.py:840} INFO - DAG(s) 'produce_json', 'data_quality', 'update_db' retrieved from /opt/airflow/dags/main.py
[2026-02-25T23:37:33.417+0000] {logging_mixin.py:188} INFO - [2026-02-25T23:37:33.417+0000] {dag.py:3096} INFO - Sync 3 DAGs
[2026-02-25T23:37:33.552+0000] {logging_mixin.py:188} INFO - [2026-02-25T23:37:33.552+0000] {dag.py:3954} INFO - Setting next_dagrun for data_quality to 2026-02-24 16:00:00+00:00, run_after=2026-02-25 16:00:00+00:00
[2026-02-25T23:37:33.562+0000] {logging_mixin.py:188} INFO - [2026-02-25T23:37:33.562+0000] {dag.py:3954} INFO - Setting next_dagrun for produce_json to 2026-02-24 14:00:00+00:00, run_after=2026-02-25 14:00:00+00:00
[2026-02-25T23:37:33.567+0000] {logging_mixin.py:188} INFO - [2026-02-25T23:37:33.567+0000] {dag.py:3954} INFO - Setting next_dagrun for update_db to 2026-02-24 15:00:00+00:00, run_after=2026-02-25 15:00:00+00:00
[2026-02-25T23:37:33.624+0000] {processor.py:183} INFO - Processing /opt/airflow/dags/main.py took 0.495 seconds
[2026-02-25T23:38:04.521+0000] {processor.py:161} INFO - Started process (PID=1039) to work on /opt/airflow/dags/main.py
[2026-02-25T23:38:04.524+0000] {processor.py:830} INFO - Processing file /opt/airflow/dags/main.py for tasks to queue
[2026-02-25T23:38:04.527+0000] {logging_mixin.py:188} INFO - [2026-02-25T23:38:04.527+0000] {dagbag.py:545} INFO - Filling up the DagBag from /opt/airflow/dags/main.py
[2026-02-25T23:38:04.603+0000] {processor.py:840} INFO - DAG(s) 'produce_json', 'update_db', 'data_quality' retrieved from /opt/airflow/dags/main.py
[2026-02-25T23:38:04.691+0000] {logging_mixin.py:188} INFO - [2026-02-25T23:38:04.691+0000] {dag.py:3096} INFO - Sync 3 DAGs
[2026-02-25T23:38:04.732+0000] {logging_mixin.py:188} INFO - [2026-02-25T23:38:04.731+0000] {dag.py:3954} INFO - Setting next_dagrun for data_quality to 2026-02-24 16:00:00+00:00, run_after=2026-02-25 16:00:00+00:00
[2026-02-25T23:38:04.741+0000] {logging_mixin.py:188} INFO - [2026-02-25T23:38:04.741+0000] {dag.py:3954} INFO - Setting next_dagrun for produce_json to 2026-02-24 14:00:00+00:00, run_after=2026-02-25 14:00:00+00:00
[2026-02-25T23:38:04.746+0000] {logging_mixin.py:188} INFO - [2026-02-25T23:38:04.746+0000] {dag.py:3954} INFO - Setting next_dagrun for update_db to 2026-02-24 15:00:00+00:00, run_after=2026-02-25 15:00:00+00:00
[2026-02-25T23:38:04.793+0000] {processor.py:183} INFO - Processing /opt/airflow/dags/main.py took 0.284 seconds
[2026-02-25T23:38:34.862+0000] {processor.py:161} INFO - Started process (PID=1045) to work on /opt/airflow/dags/main.py
[2026-02-25T23:38:34.864+0000] {processor.py:830} INFO - Processing file /opt/airflow/dags/main.py for tasks to queue
[2026-02-25T23:38:34.869+0000] {logging_mixin.py:188} INFO - [2026-02-25T23:38:34.868+0000] {dagbag.py:545} INFO - Filling up the DagBag from /opt/airflow/dags/main.py
[2026-02-25T23:38:34.963+0000] {processor.py:840} INFO - DAG(s) 'data_quality', 'produce_json', 'update_db' retrieved from /opt/airflow/dags/main.py
[2026-02-25T23:38:35.051+0000] {logging_mixin.py:188} INFO - [2026-02-25T23:38:35.051+0000] {dag.py:3096} INFO - Sync 3 DAGs
[2026-02-25T23:38:35.102+0000] {logging_mixin.py:188} INFO - [2026-02-25T23:38:35.098+0000] {dag.py:3954} INFO - Setting next_dagrun for data_quality to 2026-02-24 16:00:00+00:00, run_after=2026-02-25 16:00:00+00:00
[2026-02-25T23:38:35.116+0000] {logging_mixin.py:188} INFO - [2026-02-25T23:38:35.116+0000] {dag.py:3954} INFO - Setting next_dagrun for produce_json to 2026-02-24 14:00:00+00:00, run_after=2026-02-25 14:00:00+00:00
[2026-02-25T23:38:35.124+0000] {logging_mixin.py:188} INFO - [2026-02-25T23:38:35.124+0000] {dag.py:3954} INFO - Setting next_dagrun for update_db to 2026-02-24 15:00:00+00:00, run_after=2026-02-25 15:00:00+00:00
[2026-02-25T23:38:35.179+0000] {processor.py:183} INFO - Processing /opt/airflow/dags/main.py took 0.330 seconds
[2026-02-25T23:39:05.281+0000] {processor.py:161} INFO - Started process (PID=1051) to work on /opt/airflow/dags/main.py
[2026-02-25T23:39:05.286+0000] {processor.py:830} INFO - Processing file /opt/airflow/dags/main.py for tasks to queue
[2026-02-25T23:39:05.292+0000] {logging_mixin.py:188} INFO - [2026-02-25T23:39:05.291+0000] {dagbag.py:545} INFO - Filling up the DagBag from /opt/airflow/dags/main.py
[2026-02-25T23:39:05.381+0000] {processor.py:840} INFO - DAG(s) 'produce_json', 'update_db', 'data_quality' retrieved from /opt/airflow/dags/main.py
[2026-02-25T23:39:05.495+0000] {logging_mixin.py:188} INFO - [2026-02-25T23:39:05.494+0000] {dag.py:3096} INFO - Sync 3 DAGs
[2026-02-25T23:39:05.543+0000] {logging_mixin.py:188} INFO - [2026-02-25T23:39:05.543+0000] {dag.py:3954} INFO - Setting next_dagrun for data_quality to 2026-02-24 16:00:00+00:00, run_after=2026-02-25 16:00:00+00:00
[2026-02-25T23:39:05.556+0000] {logging_mixin.py:188} INFO - [2026-02-25T23:39:05.556+0000] {dag.py:3954} INFO - Setting next_dagrun for produce_json to 2026-02-24 14:00:00+00:00, run_after=2026-02-25 14:00:00+00:00
[2026-02-25T23:39:05.565+0000] {logging_mixin.py:188} INFO - [2026-02-25T23:39:05.565+0000] {dag.py:3954} INFO - Setting next_dagrun for update_db to 2026-02-24 15:00:00+00:00, run_after=2026-02-25 15:00:00+00:00
[2026-02-25T23:39:05.602+0000] {processor.py:183} INFO - Processing /opt/airflow/dags/main.py took 0.332 seconds
[2026-02-25T23:39:36.022+0000] {processor.py:161} INFO - Started process (PID=1058) to work on /opt/airflow/dags/main.py
[2026-02-25T23:39:36.026+0000] {processor.py:830} INFO - Processing file /opt/airflow/dags/main.py for tasks to queue
[2026-02-25T23:39:36.029+0000] {logging_mixin.py:188} INFO - [2026-02-25T23:39:36.029+0000] {dagbag.py:545} INFO - Filling up the DagBag from /opt/airflow/dags/main.py
[2026-02-25T23:39:36.114+0000] {processor.py:840} INFO - DAG(s) 'update_db', 'produce_json', 'data_quality' retrieved from /opt/airflow/dags/main.py
[2026-02-25T23:39:36.204+0000] {logging_mixin.py:188} INFO - [2026-02-25T23:39:36.204+0000] {dag.py:3096} INFO - Sync 3 DAGs
[2026-02-25T23:39:36.250+0000] {logging_mixin.py:188} INFO - [2026-02-25T23:39:36.249+0000] {dag.py:3954} INFO - Setting next_dagrun for data_quality to 2026-02-24 16:00:00+00:00, run_after=2026-02-25 16:00:00+00:00
[2026-02-25T23:39:36.263+0000] {logging_mixin.py:188} INFO - [2026-02-25T23:39:36.263+0000] {dag.py:3954} INFO - Setting next_dagrun for produce_json to 2026-02-24 14:00:00+00:00, run_after=2026-02-25 14:00:00+00:00
[2026-02-25T23:39:36.276+0000] {logging_mixin.py:188} INFO - [2026-02-25T23:39:36.276+0000] {dag.py:3954} INFO - Setting next_dagrun for update_db to 2026-02-24 15:00:00+00:00, run_after=2026-02-25 15:00:00+00:00
[2026-02-25T23:39:36.308+0000] {processor.py:183} INFO - Processing /opt/airflow/dags/main.py took 0.308 seconds
[2026-02-25T23:40:06.501+0000] {processor.py:161} INFO - Started process (PID=1064) to work on /opt/airflow/dags/main.py
[2026-02-25T23:40:06.503+0000] {processor.py:830} INFO - Processing file /opt/airflow/dags/main.py for tasks to queue
[2026-02-25T23:40:06.506+0000] {logging_mixin.py:188} INFO - [2026-02-25T23:40:06.505+0000] {dagbag.py:545} INFO - Filling up the DagBag from /opt/airflow/dags/main.py
[2026-02-25T23:40:06.588+0000] {processor.py:840} INFO - DAG(s) 'data_quality', 'update_db', 'produce_json' retrieved from /opt/airflow/dags/main.py
[2026-02-25T23:40:06.670+0000] {logging_mixin.py:188} INFO - [2026-02-25T23:40:06.670+0000] {dag.py:3096} INFO - Sync 3 DAGs
[2026-02-25T23:40:06.712+0000] {logging_mixin.py:188} INFO - [2026-02-25T23:40:06.711+0000] {dag.py:3954} INFO - Setting next_dagrun for data_quality to 2026-02-24 16:00:00+00:00, run_after=2026-02-25 16:00:00+00:00
[2026-02-25T23:40:06.725+0000] {logging_mixin.py:188} INFO - [2026-02-25T23:40:06.724+0000] {dag.py:3954} INFO - Setting next_dagrun for produce_json to 2026-02-24 14:00:00+00:00, run_after=2026-02-25 14:00:00+00:00
[2026-02-25T23:40:06.732+0000] {logging_mixin.py:188} INFO - [2026-02-25T23:40:06.732+0000] {dag.py:3954} INFO - Setting next_dagrun for update_db to 2026-02-24 15:00:00+00:00, run_after=2026-02-25 15:00:00+00:00
[2026-02-25T23:40:06.791+0000] {processor.py:183} INFO - Processing /opt/airflow/dags/main.py took 0.302 seconds
[2026-02-25T23:40:37.128+0000] {processor.py:161} INFO - Started process (PID=1072) to work on /opt/airflow/dags/main.py
[2026-02-25T23:40:37.132+0000] {processor.py:830} INFO - Processing file /opt/airflow/dags/main.py for tasks to queue
[2026-02-25T23:40:37.137+0000] {logging_mixin.py:188} INFO - [2026-02-25T23:40:37.136+0000] {dagbag.py:545} INFO - Filling up the DagBag from /opt/airflow/dags/main.py
[2026-02-25T23:40:37.233+0000] {processor.py:840} INFO - DAG(s) 'update_db', 'data_quality', 'produce_json' retrieved from /opt/airflow/dags/main.py
[2026-02-25T23:40:37.319+0000] {logging_mixin.py:188} INFO - [2026-02-25T23:40:37.318+0000] {dag.py:3096} INFO - Sync 3 DAGs
[2026-02-25T23:40:37.372+0000] {logging_mixin.py:188} INFO - [2026-02-25T23:40:37.372+0000] {dag.py:3954} INFO - Setting next_dagrun for data_quality to 2026-02-24 16:00:00+00:00, run_after=2026-02-25 16:00:00+00:00
[2026-02-25T23:40:37.387+0000] {logging_mixin.py:188} INFO - [2026-02-25T23:40:37.386+0000] {dag.py:3954} INFO - Setting next_dagrun for produce_json to 2026-02-24 14:00:00+00:00, run_after=2026-02-25 14:00:00+00:00
[2026-02-25T23:40:37.394+0000] {logging_mixin.py:188} INFO - [2026-02-25T23:40:37.394+0000] {dag.py:3954} INFO - Setting next_dagrun for update_db to 2026-02-24 15:00:00+00:00, run_after=2026-02-25 15:00:00+00:00
[2026-02-25T23:40:37.441+0000] {processor.py:183} INFO - Processing /opt/airflow/dags/main.py took 0.327 seconds
[2026-02-25T23:41:07.662+0000] {processor.py:161} INFO - Started process (PID=1079) to work on /opt/airflow/dags/main.py
[2026-02-25T23:41:07.664+0000] {processor.py:830} INFO - Processing file /opt/airflow/dags/main.py for tasks to queue
[2026-02-25T23:41:07.669+0000] {logging_mixin.py:188} INFO - [2026-02-25T23:41:07.668+0000] {dagbag.py:545} INFO - Filling up the DagBag from /opt/airflow/dags/main.py
[2026-02-25T23:41:07.755+0000] {processor.py:840} INFO - DAG(s) 'update_db', 'data_quality', 'produce_json' retrieved from /opt/airflow/dags/main.py
[2026-02-25T23:41:07.841+0000] {logging_mixin.py:188} INFO - [2026-02-25T23:41:07.840+0000] {dag.py:3096} INFO - Sync 3 DAGs
[2026-02-25T23:41:07.893+0000] {logging_mixin.py:188} INFO - [2026-02-25T23:41:07.893+0000] {dag.py:3954} INFO - Setting next_dagrun for data_quality to 2026-02-24 16:00:00+00:00, run_after=2026-02-25 16:00:00+00:00
[2026-02-25T23:41:07.906+0000] {logging_mixin.py:188} INFO - [2026-02-25T23:41:07.905+0000] {dag.py:3954} INFO - Setting next_dagrun for produce_json to 2026-02-24 14:00:00+00:00, run_after=2026-02-25 14:00:00+00:00
[2026-02-25T23:41:07.914+0000] {logging_mixin.py:188} INFO - [2026-02-25T23:41:07.914+0000] {dag.py:3954} INFO - Setting next_dagrun for update_db to 2026-02-24 15:00:00+00:00, run_after=2026-02-25 15:00:00+00:00
[2026-02-25T23:41:07.959+0000] {processor.py:183} INFO - Processing /opt/airflow/dags/main.py took 0.310 seconds
[2026-02-25T23:41:38.196+0000] {processor.py:161} INFO - Started process (PID=1086) to work on /opt/airflow/dags/main.py
[2026-02-25T23:41:38.199+0000] {processor.py:830} INFO - Processing file /opt/airflow/dags/main.py for tasks to queue
[2026-02-25T23:41:38.203+0000] {logging_mixin.py:188} INFO - [2026-02-25T23:41:38.202+0000] {dagbag.py:545} INFO - Filling up the DagBag from /opt/airflow/dags/main.py
[2026-02-25T23:41:38.284+0000] {processor.py:840} INFO - DAG(s) 'update_db', 'data_quality', 'produce_json' retrieved from /opt/airflow/dags/main.py
[2026-02-25T23:41:38.366+0000] {logging_mixin.py:188} INFO - [2026-02-25T23:41:38.365+0000] {dag.py:3096} INFO - Sync 3 DAGs
[2026-02-25T23:41:38.413+0000] {logging_mixin.py:188} INFO - [2026-02-25T23:41:38.413+0000] {dag.py:3954} INFO - Setting next_dagrun for data_quality to 2026-02-24 16:00:00+00:00, run_after=2026-02-25 16:00:00+00:00
[2026-02-25T23:41:38.431+0000] {logging_mixin.py:188} INFO - [2026-02-25T23:41:38.430+0000] {dag.py:3954} INFO - Setting next_dagrun for produce_json to 2026-02-24 14:00:00+00:00, run_after=2026-02-25 14:00:00+00:00
[2026-02-25T23:41:38.436+0000] {logging_mixin.py:188} INFO - [2026-02-25T23:41:38.436+0000] {dag.py:3954} INFO - Setting next_dagrun for update_db to 2026-02-24 15:00:00+00:00, run_after=2026-02-25 15:00:00+00:00
[2026-02-25T23:41:38.485+0000] {processor.py:183} INFO - Processing /opt/airflow/dags/main.py took 0.300 seconds
[2026-02-25T23:42:08.846+0000] {processor.py:161} INFO - Started process (PID=1093) to work on /opt/airflow/dags/main.py
[2026-02-25T23:42:08.849+0000] {processor.py:830} INFO - Processing file /opt/airflow/dags/main.py for tasks to queue
[2026-02-25T23:42:08.852+0000] {logging_mixin.py:188} INFO - [2026-02-25T23:42:08.851+0000] {dagbag.py:545} INFO - Filling up the DagBag from /opt/airflow/dags/main.py
[2026-02-25T23:42:08.938+0000] {processor.py:840} INFO - DAG(s) 'update_db', 'produce_json', 'data_quality' retrieved from /opt/airflow/dags/main.py
[2026-02-25T23:42:09.006+0000] {logging_mixin.py:188} INFO - [2026-02-25T23:42:09.006+0000] {dag.py:3096} INFO - Sync 3 DAGs
[2026-02-25T23:42:09.046+0000] {logging_mixin.py:188} INFO - [2026-02-25T23:42:09.046+0000] {dag.py:3954} INFO - Setting next_dagrun for data_quality to 2026-02-24 16:00:00+00:00, run_after=2026-02-25 16:00:00+00:00
[2026-02-25T23:42:09.054+0000] {logging_mixin.py:188} INFO - [2026-02-25T23:42:09.054+0000] {dag.py:3954} INFO - Setting next_dagrun for produce_json to 2026-02-24 14:00:00+00:00, run_after=2026-02-25 14:00:00+00:00
[2026-02-25T23:42:09.061+0000] {logging_mixin.py:188} INFO - [2026-02-25T23:42:09.060+0000] {dag.py:3954} INFO - Setting next_dagrun for update_db to 2026-02-24 15:00:00+00:00, run_after=2026-02-25 15:00:00+00:00
[2026-02-25T23:42:09.089+0000] {processor.py:183} INFO - Processing /opt/airflow/dags/main.py took 0.258 seconds
[2026-02-25T23:42:39.758+0000] {processor.py:161} INFO - Started process (PID=1100) to work on /opt/airflow/dags/main.py
[2026-02-25T23:42:39.762+0000] {processor.py:830} INFO - Processing file /opt/airflow/dags/main.py for tasks to queue
[2026-02-25T23:42:39.765+0000] {logging_mixin.py:188} INFO - [2026-02-25T23:42:39.765+0000] {dagbag.py:545} INFO - Filling up the DagBag from /opt/airflow/dags/main.py
[2026-02-25T23:42:39.903+0000] {processor.py:840} INFO - DAG(s) 'data_quality', 'produce_json', 'update_db' retrieved from /opt/airflow/dags/main.py
[2026-02-25T23:42:39.978+0000] {logging_mixin.py:188} INFO - [2026-02-25T23:42:39.977+0000] {dag.py:3096} INFO - Sync 3 DAGs
[2026-02-25T23:42:40.043+0000] {logging_mixin.py:188} INFO - [2026-02-25T23:42:40.043+0000] {dag.py:3954} INFO - Setting next_dagrun for data_quality to 2026-02-24 16:00:00+00:00, run_after=2026-02-25 16:00:00+00:00
[2026-02-25T23:42:40.058+0000] {logging_mixin.py:188} INFO - [2026-02-25T23:42:40.057+0000] {dag.py:3954} INFO - Setting next_dagrun for produce_json to 2026-02-24 14:00:00+00:00, run_after=2026-02-25 14:00:00+00:00
[2026-02-25T23:42:40.066+0000] {logging_mixin.py:188} INFO - [2026-02-25T23:42:40.066+0000] {dag.py:3954} INFO - Setting next_dagrun for update_db to 2026-02-24 15:00:00+00:00, run_after=2026-02-25 15:00:00+00:00
[2026-02-25T23:42:40.113+0000] {processor.py:183} INFO - Processing /opt/airflow/dags/main.py took 0.369 seconds
