[2026-02-02T23:11:02.001+0000] {processor.py:161} INFO - Started process (PID=472) to work on /opt/airflow/dags/main.py
[2026-02-02T23:11:02.011+0000] {processor.py:830} INFO - Processing file /opt/airflow/dags/main.py for tasks to queue
[2026-02-02T23:11:02.024+0000] {logging_mixin.py:188} INFO - [2026-02-02T23:11:02.021+0000] {dagbag.py:545} INFO - Filling up the DagBag from /opt/airflow/dags/main.py
[2026-02-02T23:11:02.038+0000] {logging_mixin.py:188} INFO - [2026-02-02T23:11:02.037+0000] {dagbag.py:355} ERROR - Failed to import: /opt/airflow/dags/main.py
Traceback (most recent call last):
  File "/home/airflow/.local/lib/python3.10/site-packages/airflow/models/dagbag.py", line 351, in parse
    loader.exec_module(new_module)
  File "<frozen importlib._bootstrap_external>", line 879, in exec_module
  File "<frozen importlib._bootstrap_external>", line 1017, in get_code
  File "<frozen importlib._bootstrap_external>", line 947, in source_to_code
  File "<frozen importlib._bootstrap>", line 241, in _call_with_frames_removed
  File "/opt/airflow/dags/main.py", line 20
    "start_date": datetime(2026, 02, 03, tzinfo=local_tz),
                                 ^
SyntaxError: leading zeros in decimal integer literals are not permitted; use an 0o prefix for octal integers
[2026-02-02T23:11:02.043+0000] {processor.py:842} WARNING - No viable dags retrieved from /opt/airflow/dags/main.py
[2026-02-02T23:11:02.207+0000] {processor.py:183} INFO - Processing /opt/airflow/dags/main.py took 0.270 seconds
[2026-02-02T23:11:23.604+0000] {processor.py:161} INFO - Started process (PID=479) to work on /opt/airflow/dags/main.py
[2026-02-02T23:11:23.607+0000] {processor.py:830} INFO - Processing file /opt/airflow/dags/main.py for tasks to queue
[2026-02-02T23:11:23.612+0000] {logging_mixin.py:188} INFO - [2026-02-02T23:11:23.611+0000] {dagbag.py:545} INFO - Filling up the DagBag from /opt/airflow/dags/main.py
[2026-02-02T23:11:23.619+0000] {logging_mixin.py:188} INFO - [2026-02-02T23:11:23.617+0000] {dagbag.py:355} ERROR - Failed to import: /opt/airflow/dags/main.py
Traceback (most recent call last):
  File "/home/airflow/.local/lib/python3.10/site-packages/airflow/models/dagbag.py", line 351, in parse
    loader.exec_module(new_module)
  File "<frozen importlib._bootstrap_external>", line 879, in exec_module
  File "<frozen importlib._bootstrap_external>", line 1017, in get_code
  File "<frozen importlib._bootstrap_external>", line 947, in source_to_code
  File "<frozen importlib._bootstrap>", line 241, in _call_with_frames_removed
  File "/opt/airflow/dags/main.py", line 20
    "start_date": datetime(2026, 02, 03, tzinfo=local_tz),
                                 ^
SyntaxError: leading zeros in decimal integer literals are not permitted; use an 0o prefix for octal integers
[2026-02-02T23:11:23.620+0000] {processor.py:842} WARNING - No viable dags retrieved from /opt/airflow/dags/main.py
[2026-02-02T23:11:23.670+0000] {processor.py:183} INFO - Processing /opt/airflow/dags/main.py took 0.085 seconds
[2026-02-02T23:11:53.964+0000] {processor.py:161} INFO - Started process (PID=487) to work on /opt/airflow/dags/main.py
[2026-02-02T23:11:53.968+0000] {processor.py:830} INFO - Processing file /opt/airflow/dags/main.py for tasks to queue
[2026-02-02T23:11:53.977+0000] {logging_mixin.py:188} INFO - [2026-02-02T23:11:53.976+0000] {dagbag.py:545} INFO - Filling up the DagBag from /opt/airflow/dags/main.py
[2026-02-02T23:11:53.986+0000] {logging_mixin.py:188} INFO - [2026-02-02T23:11:53.984+0000] {dagbag.py:355} ERROR - Failed to import: /opt/airflow/dags/main.py
Traceback (most recent call last):
  File "/home/airflow/.local/lib/python3.10/site-packages/airflow/models/dagbag.py", line 351, in parse
    loader.exec_module(new_module)
  File "<frozen importlib._bootstrap_external>", line 879, in exec_module
  File "<frozen importlib._bootstrap_external>", line 1017, in get_code
  File "<frozen importlib._bootstrap_external>", line 947, in source_to_code
  File "<frozen importlib._bootstrap>", line 241, in _call_with_frames_removed
  File "/opt/airflow/dags/main.py", line 20
    "start_date": datetime(2026, 02, 03, tzinfo=local_tz),
                                 ^
SyntaxError: leading zeros in decimal integer literals are not permitted; use an 0o prefix for octal integers
[2026-02-02T23:11:53.987+0000] {processor.py:842} WARNING - No viable dags retrieved from /opt/airflow/dags/main.py
[2026-02-02T23:11:54.076+0000] {processor.py:183} INFO - Processing /opt/airflow/dags/main.py took 0.139 seconds
[2026-02-02T23:12:24.307+0000] {processor.py:161} INFO - Started process (PID=495) to work on /opt/airflow/dags/main.py
[2026-02-02T23:12:24.310+0000] {processor.py:830} INFO - Processing file /opt/airflow/dags/main.py for tasks to queue
[2026-02-02T23:12:24.315+0000] {logging_mixin.py:188} INFO - [2026-02-02T23:12:24.315+0000] {dagbag.py:545} INFO - Filling up the DagBag from /opt/airflow/dags/main.py
[2026-02-02T23:12:24.321+0000] {logging_mixin.py:188} INFO - [2026-02-02T23:12:24.319+0000] {dagbag.py:355} ERROR - Failed to import: /opt/airflow/dags/main.py
Traceback (most recent call last):
  File "/home/airflow/.local/lib/python3.10/site-packages/airflow/models/dagbag.py", line 351, in parse
    loader.exec_module(new_module)
  File "<frozen importlib._bootstrap_external>", line 879, in exec_module
  File "<frozen importlib._bootstrap_external>", line 1017, in get_code
  File "<frozen importlib._bootstrap_external>", line 947, in source_to_code
  File "<frozen importlib._bootstrap>", line 241, in _call_with_frames_removed
  File "/opt/airflow/dags/main.py", line 20
    "start_date": datetime(2026, 02, 03, tzinfo=local_tz),
                                 ^
SyntaxError: leading zeros in decimal integer literals are not permitted; use an 0o prefix for octal integers
[2026-02-02T23:12:24.322+0000] {processor.py:842} WARNING - No viable dags retrieved from /opt/airflow/dags/main.py
[2026-02-02T23:12:24.375+0000] {processor.py:183} INFO - Processing /opt/airflow/dags/main.py took 0.081 seconds
[2026-02-02T23:12:55.220+0000] {processor.py:161} INFO - Started process (PID=503) to work on /opt/airflow/dags/main.py
[2026-02-02T23:12:55.228+0000] {processor.py:830} INFO - Processing file /opt/airflow/dags/main.py for tasks to queue
[2026-02-02T23:12:55.236+0000] {logging_mixin.py:188} INFO - [2026-02-02T23:12:55.235+0000] {dagbag.py:545} INFO - Filling up the DagBag from /opt/airflow/dags/main.py
[2026-02-02T23:12:55.248+0000] {logging_mixin.py:188} INFO - [2026-02-02T23:12:55.246+0000] {dagbag.py:355} ERROR - Failed to import: /opt/airflow/dags/main.py
Traceback (most recent call last):
  File "/home/airflow/.local/lib/python3.10/site-packages/airflow/models/dagbag.py", line 351, in parse
    loader.exec_module(new_module)
  File "<frozen importlib._bootstrap_external>", line 879, in exec_module
  File "<frozen importlib._bootstrap_external>", line 1017, in get_code
  File "<frozen importlib._bootstrap_external>", line 947, in source_to_code
  File "<frozen importlib._bootstrap>", line 241, in _call_with_frames_removed
  File "/opt/airflow/dags/main.py", line 20
    "start_date": datetime(2026, 02, 03, tzinfo=local_tz),
                                 ^
SyntaxError: leading zeros in decimal integer literals are not permitted; use an 0o prefix for octal integers
[2026-02-02T23:12:55.249+0000] {processor.py:842} WARNING - No viable dags retrieved from /opt/airflow/dags/main.py
[2026-02-02T23:12:55.313+0000] {processor.py:183} INFO - Processing /opt/airflow/dags/main.py took 0.119 seconds
[2026-02-02T23:13:25.888+0000] {processor.py:161} INFO - Started process (PID=510) to work on /opt/airflow/dags/main.py
[2026-02-02T23:13:25.901+0000] {processor.py:830} INFO - Processing file /opt/airflow/dags/main.py for tasks to queue
[2026-02-02T23:13:25.911+0000] {logging_mixin.py:188} INFO - [2026-02-02T23:13:25.911+0000] {dagbag.py:545} INFO - Filling up the DagBag from /opt/airflow/dags/main.py
[2026-02-02T23:13:25.928+0000] {logging_mixin.py:188} INFO - [2026-02-02T23:13:25.920+0000] {dagbag.py:355} ERROR - Failed to import: /opt/airflow/dags/main.py
Traceback (most recent call last):
  File "/home/airflow/.local/lib/python3.10/site-packages/airflow/models/dagbag.py", line 351, in parse
    loader.exec_module(new_module)
  File "<frozen importlib._bootstrap_external>", line 879, in exec_module
  File "<frozen importlib._bootstrap_external>", line 1017, in get_code
  File "<frozen importlib._bootstrap_external>", line 947, in source_to_code
  File "<frozen importlib._bootstrap>", line 241, in _call_with_frames_removed
  File "/opt/airflow/dags/main.py", line 20
    "start_date": datetime(2026, 02, 03, tzinfo=local_tz),
                                 ^
SyntaxError: leading zeros in decimal integer literals are not permitted; use an 0o prefix for octal integers
[2026-02-02T23:13:25.931+0000] {processor.py:842} WARNING - No viable dags retrieved from /opt/airflow/dags/main.py
[2026-02-02T23:13:25.981+0000] {processor.py:183} INFO - Processing /opt/airflow/dags/main.py took 0.131 seconds
[2026-02-02T23:13:56.465+0000] {processor.py:161} INFO - Started process (PID=518) to work on /opt/airflow/dags/main.py
[2026-02-02T23:13:56.468+0000] {processor.py:830} INFO - Processing file /opt/airflow/dags/main.py for tasks to queue
[2026-02-02T23:13:56.473+0000] {logging_mixin.py:188} INFO - [2026-02-02T23:13:56.472+0000] {dagbag.py:545} INFO - Filling up the DagBag from /opt/airflow/dags/main.py
[2026-02-02T23:13:56.482+0000] {logging_mixin.py:188} INFO - [2026-02-02T23:13:56.481+0000] {dagbag.py:355} ERROR - Failed to import: /opt/airflow/dags/main.py
Traceback (most recent call last):
  File "/home/airflow/.local/lib/python3.10/site-packages/airflow/models/dagbag.py", line 351, in parse
    loader.exec_module(new_module)
  File "<frozen importlib._bootstrap_external>", line 879, in exec_module
  File "<frozen importlib._bootstrap_external>", line 1017, in get_code
  File "<frozen importlib._bootstrap_external>", line 947, in source_to_code
  File "<frozen importlib._bootstrap>", line 241, in _call_with_frames_removed
  File "/opt/airflow/dags/main.py", line 20
    "start_date": datetime(2026, 02, 03, tzinfo=local_tz),
                                 ^
SyntaxError: leading zeros in decimal integer literals are not permitted; use an 0o prefix for octal integers
[2026-02-02T23:13:56.483+0000] {processor.py:842} WARNING - No viable dags retrieved from /opt/airflow/dags/main.py
[2026-02-02T23:13:56.534+0000] {processor.py:183} INFO - Processing /opt/airflow/dags/main.py took 0.097 seconds
[2026-02-02T23:14:27.387+0000] {processor.py:161} INFO - Started process (PID=524) to work on /opt/airflow/dags/main.py
[2026-02-02T23:14:27.389+0000] {processor.py:830} INFO - Processing file /opt/airflow/dags/main.py for tasks to queue
[2026-02-02T23:14:27.393+0000] {logging_mixin.py:188} INFO - [2026-02-02T23:14:27.393+0000] {dagbag.py:545} INFO - Filling up the DagBag from /opt/airflow/dags/main.py
[2026-02-02T23:14:27.400+0000] {logging_mixin.py:188} INFO - [2026-02-02T23:14:27.398+0000] {dagbag.py:355} ERROR - Failed to import: /opt/airflow/dags/main.py
Traceback (most recent call last):
  File "/home/airflow/.local/lib/python3.10/site-packages/airflow/models/dagbag.py", line 351, in parse
    loader.exec_module(new_module)
  File "<frozen importlib._bootstrap_external>", line 879, in exec_module
  File "<frozen importlib._bootstrap_external>", line 1017, in get_code
  File "<frozen importlib._bootstrap_external>", line 947, in source_to_code
  File "<frozen importlib._bootstrap>", line 241, in _call_with_frames_removed
  File "/opt/airflow/dags/main.py", line 20
    "start_date": datetime(2026, 02, 03, tzinfo=local_tz),
                                 ^
SyntaxError: leading zeros in decimal integer literals are not permitted; use an 0o prefix for octal integers
[2026-02-02T23:14:27.401+0000] {processor.py:842} WARNING - No viable dags retrieved from /opt/airflow/dags/main.py
[2026-02-02T23:14:27.455+0000] {processor.py:183} INFO - Processing /opt/airflow/dags/main.py took 0.079 seconds
[2026-02-02T23:14:57.723+0000] {processor.py:161} INFO - Started process (PID=531) to work on /opt/airflow/dags/main.py
[2026-02-02T23:14:57.727+0000] {processor.py:830} INFO - Processing file /opt/airflow/dags/main.py for tasks to queue
[2026-02-02T23:14:57.734+0000] {logging_mixin.py:188} INFO - [2026-02-02T23:14:57.733+0000] {dagbag.py:545} INFO - Filling up the DagBag from /opt/airflow/dags/main.py
[2026-02-02T23:14:57.741+0000] {logging_mixin.py:188} INFO - [2026-02-02T23:14:57.740+0000] {dagbag.py:355} ERROR - Failed to import: /opt/airflow/dags/main.py
Traceback (most recent call last):
  File "/home/airflow/.local/lib/python3.10/site-packages/airflow/models/dagbag.py", line 351, in parse
    loader.exec_module(new_module)
  File "<frozen importlib._bootstrap_external>", line 879, in exec_module
  File "<frozen importlib._bootstrap_external>", line 1017, in get_code
  File "<frozen importlib._bootstrap_external>", line 947, in source_to_code
  File "<frozen importlib._bootstrap>", line 241, in _call_with_frames_removed
  File "/opt/airflow/dags/main.py", line 20
    "start_date": datetime(2026, 02, 03, tzinfo=local_tz),
                                 ^
SyntaxError: leading zeros in decimal integer literals are not permitted; use an 0o prefix for octal integers
[2026-02-02T23:14:57.743+0000] {processor.py:842} WARNING - No viable dags retrieved from /opt/airflow/dags/main.py
[2026-02-02T23:14:57.784+0000] {processor.py:183} INFO - Processing /opt/airflow/dags/main.py took 0.081 seconds
[2026-02-02T23:15:28.010+0000] {processor.py:161} INFO - Started process (PID=539) to work on /opt/airflow/dags/main.py
[2026-02-02T23:15:28.014+0000] {processor.py:830} INFO - Processing file /opt/airflow/dags/main.py for tasks to queue
[2026-02-02T23:15:28.018+0000] {logging_mixin.py:188} INFO - [2026-02-02T23:15:28.017+0000] {dagbag.py:545} INFO - Filling up the DagBag from /opt/airflow/dags/main.py
[2026-02-02T23:15:28.030+0000] {logging_mixin.py:188} INFO - [2026-02-02T23:15:28.029+0000] {dagbag.py:355} ERROR - Failed to import: /opt/airflow/dags/main.py
Traceback (most recent call last):
  File "/home/airflow/.local/lib/python3.10/site-packages/airflow/models/dagbag.py", line 351, in parse
    loader.exec_module(new_module)
  File "<frozen importlib._bootstrap_external>", line 879, in exec_module
  File "<frozen importlib._bootstrap_external>", line 1017, in get_code
  File "<frozen importlib._bootstrap_external>", line 947, in source_to_code
  File "<frozen importlib._bootstrap>", line 241, in _call_with_frames_removed
  File "/opt/airflow/dags/main.py", line 20
    "start_date": datetime(2026, 02, 03, tzinfo=local_tz),
                                 ^
SyntaxError: leading zeros in decimal integer literals are not permitted; use an 0o prefix for octal integers
[2026-02-02T23:15:28.033+0000] {processor.py:842} WARNING - No viable dags retrieved from /opt/airflow/dags/main.py
[2026-02-02T23:15:28.107+0000] {processor.py:183} INFO - Processing /opt/airflow/dags/main.py took 0.113 seconds
[2026-02-02T23:15:29.084+0000] {processor.py:161} INFO - Started process (PID=540) to work on /opt/airflow/dags/main.py
[2026-02-02T23:15:29.085+0000] {processor.py:830} INFO - Processing file /opt/airflow/dags/main.py for tasks to queue
[2026-02-02T23:15:29.089+0000] {logging_mixin.py:188} INFO - [2026-02-02T23:15:29.088+0000] {dagbag.py:545} INFO - Filling up the DagBag from /opt/airflow/dags/main.py
[2026-02-02T23:15:29.095+0000] {logging_mixin.py:188} INFO - [2026-02-02T23:15:29.094+0000] {dagbag.py:355} ERROR - Failed to import: /opt/airflow/dags/main.py
Traceback (most recent call last):
  File "/home/airflow/.local/lib/python3.10/site-packages/airflow/models/dagbag.py", line 351, in parse
    loader.exec_module(new_module)
  File "<frozen importlib._bootstrap_external>", line 879, in exec_module
  File "<frozen importlib._bootstrap_external>", line 1017, in get_code
  File "<frozen importlib._bootstrap_external>", line 947, in source_to_code
  File "<frozen importlib._bootstrap>", line 241, in _call_with_frames_removed
  File "/opt/airflow/dags/main.py", line 20
    "start_date": datetime(2026, 02, 03, tzinfo=local_tz),
                                 ^
SyntaxError: leading zeros in decimal integer literals are not permitted; use an 0o prefix for octal integers
[2026-02-02T23:15:29.096+0000] {processor.py:842} WARNING - No viable dags retrieved from /opt/airflow/dags/main.py
[2026-02-02T23:15:29.169+0000] {processor.py:183} INFO - Processing /opt/airflow/dags/main.py took 0.101 seconds
[2026-02-02T23:15:33.411+0000] {processor.py:161} INFO - Started process (PID=541) to work on /opt/airflow/dags/main.py
[2026-02-02T23:15:33.414+0000] {processor.py:830} INFO - Processing file /opt/airflow/dags/main.py for tasks to queue
[2026-02-02T23:15:33.418+0000] {logging_mixin.py:188} INFO - [2026-02-02T23:15:33.417+0000] {dagbag.py:545} INFO - Filling up the DagBag from /opt/airflow/dags/main.py
[2026-02-02T23:15:33.424+0000] {logging_mixin.py:188} INFO - [2026-02-02T23:15:33.422+0000] {dagbag.py:355} ERROR - Failed to import: /opt/airflow/dags/main.py
Traceback (most recent call last):
  File "/home/airflow/.local/lib/python3.10/site-packages/airflow/models/dagbag.py", line 351, in parse
    loader.exec_module(new_module)
  File "<frozen importlib._bootstrap_external>", line 879, in exec_module
  File "<frozen importlib._bootstrap_external>", line 1017, in get_code
  File "<frozen importlib._bootstrap_external>", line 947, in source_to_code
  File "<frozen importlib._bootstrap>", line 241, in _call_with_frames_removed
  File "/opt/airflow/dags/main.py", line 20
    "start_date": datetime(2026, 02, 03, tzinfo=local_tz),
                                 ^
SyntaxError: leading zeros in decimal integer literals are not permitted; use an 0o prefix for octal integers
[2026-02-02T23:15:33.425+0000] {processor.py:842} WARNING - No viable dags retrieved from /opt/airflow/dags/main.py
[2026-02-02T23:15:33.465+0000] {processor.py:183} INFO - Processing /opt/airflow/dags/main.py took 0.082 seconds
[2026-02-02T23:15:39.529+0000] {processor.py:161} INFO - Started process (PID=542) to work on /opt/airflow/dags/main.py
[2026-02-02T23:15:39.532+0000] {processor.py:830} INFO - Processing file /opt/airflow/dags/main.py for tasks to queue
[2026-02-02T23:15:39.537+0000] {logging_mixin.py:188} INFO - [2026-02-02T23:15:39.535+0000] {dagbag.py:545} INFO - Filling up the DagBag from /opt/airflow/dags/main.py
[2026-02-02T23:15:39.541+0000] {logging_mixin.py:188} INFO - [2026-02-02T23:15:39.540+0000] {dagbag.py:355} ERROR - Failed to import: /opt/airflow/dags/main.py
Traceback (most recent call last):
  File "/home/airflow/.local/lib/python3.10/site-packages/airflow/models/dagbag.py", line 351, in parse
    loader.exec_module(new_module)
  File "<frozen importlib._bootstrap_external>", line 879, in exec_module
  File "<frozen importlib._bootstrap_external>", line 1017, in get_code
  File "<frozen importlib._bootstrap_external>", line 947, in source_to_code
  File "<frozen importlib._bootstrap>", line 241, in _call_with_frames_removed
  File "/opt/airflow/dags/main.py", line 20
    "start_date": datetime(2026, 02, 03, tzinfo=local_tz),
                                 ^
SyntaxError: leading zeros in decimal integer literals are not permitted; use an 0o prefix for octal integers
[2026-02-02T23:15:39.542+0000] {processor.py:842} WARNING - No viable dags retrieved from /opt/airflow/dags/main.py
[2026-02-02T23:15:39.582+0000] {processor.py:183} INFO - Processing /opt/airflow/dags/main.py took 0.064 seconds
[2026-02-02T23:16:07.621+0000] {processor.py:161} INFO - Started process (PID=549) to work on /opt/airflow/dags/main.py
[2026-02-02T23:16:07.626+0000] {processor.py:830} INFO - Processing file /opt/airflow/dags/main.py for tasks to queue
[2026-02-02T23:16:07.634+0000] {logging_mixin.py:188} INFO - [2026-02-02T23:16:07.633+0000] {dagbag.py:545} INFO - Filling up the DagBag from /opt/airflow/dags/main.py
[2026-02-02T23:16:07.647+0000] {logging_mixin.py:188} INFO - [2026-02-02T23:16:07.644+0000] {dagbag.py:355} ERROR - Failed to import: /opt/airflow/dags/main.py
Traceback (most recent call last):
  File "/home/airflow/.local/lib/python3.10/site-packages/airflow/models/dagbag.py", line 351, in parse
    loader.exec_module(new_module)
  File "<frozen importlib._bootstrap_external>", line 879, in exec_module
  File "<frozen importlib._bootstrap_external>", line 1017, in get_code
  File "<frozen importlib._bootstrap_external>", line 947, in source_to_code
  File "<frozen importlib._bootstrap>", line 241, in _call_with_frames_removed
  File "/opt/airflow/dags/main.py", line 20
    "start_date": datetime(2026, 02, 03, tzinfo=local_tz),
                                 ^
SyntaxError: leading zeros in decimal integer literals are not permitted; use an 0o prefix for octal integers
[2026-02-02T23:16:07.649+0000] {processor.py:842} WARNING - No viable dags retrieved from /opt/airflow/dags/main.py
[2026-02-02T23:16:07.733+0000] {processor.py:183} INFO - Processing /opt/airflow/dags/main.py took 0.142 seconds
[2026-02-02T23:16:09.826+0000] {processor.py:161} INFO - Started process (PID=550) to work on /opt/airflow/dags/main.py
[2026-02-02T23:16:09.830+0000] {processor.py:830} INFO - Processing file /opt/airflow/dags/main.py for tasks to queue
[2026-02-02T23:16:09.836+0000] {logging_mixin.py:188} INFO - [2026-02-02T23:16:09.835+0000] {dagbag.py:545} INFO - Filling up the DagBag from /opt/airflow/dags/main.py
[2026-02-02T23:16:09.847+0000] {logging_mixin.py:188} INFO - [2026-02-02T23:16:09.843+0000] {dagbag.py:355} ERROR - Failed to import: /opt/airflow/dags/main.py
Traceback (most recent call last):
  File "/home/airflow/.local/lib/python3.10/site-packages/airflow/models/dagbag.py", line 351, in parse
    loader.exec_module(new_module)
  File "<frozen importlib._bootstrap_external>", line 879, in exec_module
  File "<frozen importlib._bootstrap_external>", line 1017, in get_code
  File "<frozen importlib._bootstrap_external>", line 947, in source_to_code
  File "<frozen importlib._bootstrap>", line 241, in _call_with_frames_removed
  File "/opt/airflow/dags/main.py", line 20
    "start_date": datetime(2026, 02, 03, tzinfo=local_tz),
                                 ^
SyntaxError: leading zeros in decimal integer literals are not permitted; use an 0o prefix for octal integers
[2026-02-02T23:16:09.849+0000] {processor.py:842} WARNING - No viable dags retrieved from /opt/airflow/dags/main.py
[2026-02-02T23:16:09.924+0000] {processor.py:183} INFO - Processing /opt/airflow/dags/main.py took 0.127 seconds
[2026-02-02T23:17:55.840+0000] {processor.py:161} INFO - Started process (PID=551) to work on /opt/airflow/dags/main.py
[2026-02-02T23:17:55.920+0000] {processor.py:830} INFO - Processing file /opt/airflow/dags/main.py for tasks to queue
[2026-02-02T23:17:55.924+0000] {logging_mixin.py:188} INFO - [2026-02-02T23:17:55.923+0000] {dagbag.py:545} INFO - Filling up the DagBag from /opt/airflow/dags/main.py
[2026-02-02T23:17:55.965+0000] {logging_mixin.py:188} INFO - [2026-02-02T23:17:55.964+0000] {dagbag.py:355} ERROR - Failed to import: /opt/airflow/dags/main.py
Traceback (most recent call last):
  File "/home/airflow/.local/lib/python3.10/site-packages/airflow/models/dagbag.py", line 351, in parse
    loader.exec_module(new_module)
  File "<frozen importlib._bootstrap_external>", line 879, in exec_module
  File "<frozen importlib._bootstrap_external>", line 1017, in get_code
  File "<frozen importlib._bootstrap_external>", line 947, in source_to_code
  File "<frozen importlib._bootstrap>", line 241, in _call_with_frames_removed
  File "/opt/airflow/dags/main.py", line 20
    "start_date": datetime(2026, 02, 03, tzinfo=local_tz),
                                 ^
SyntaxError: leading zeros in decimal integer literals are not permitted; use an 0o prefix for octal integers
[2026-02-02T23:17:56.047+0000] {processor.py:842} WARNING - No viable dags retrieved from /opt/airflow/dags/main.py
[2026-02-02T23:17:56.607+0000] {processor.py:183} INFO - Processing /opt/airflow/dags/main.py took 0.907 seconds
[2026-02-02T23:18:20.794+0000] {processor.py:161} INFO - Started process (PID=558) to work on /opt/airflow/dags/main.py
[2026-02-02T23:18:20.797+0000] {processor.py:830} INFO - Processing file /opt/airflow/dags/main.py for tasks to queue
[2026-02-02T23:18:20.801+0000] {logging_mixin.py:188} INFO - [2026-02-02T23:18:20.800+0000] {dagbag.py:545} INFO - Filling up the DagBag from /opt/airflow/dags/main.py
[2026-02-02T23:18:20.807+0000] {logging_mixin.py:188} INFO - [2026-02-02T23:18:20.806+0000] {dagbag.py:355} ERROR - Failed to import: /opt/airflow/dags/main.py
Traceback (most recent call last):
  File "/home/airflow/.local/lib/python3.10/site-packages/airflow/models/dagbag.py", line 351, in parse
    loader.exec_module(new_module)
  File "<frozen importlib._bootstrap_external>", line 879, in exec_module
  File "<frozen importlib._bootstrap_external>", line 1017, in get_code
  File "<frozen importlib._bootstrap_external>", line 947, in source_to_code
  File "<frozen importlib._bootstrap>", line 241, in _call_with_frames_removed
  File "/opt/airflow/dags/main.py", line 20
    "start_date": datetime(2026, 02, 03, tzinfo=local_tz),
                                 ^
SyntaxError: leading zeros in decimal integer literals are not permitted; use an 0o prefix for octal integers
[2026-02-02T23:18:20.809+0000] {processor.py:842} WARNING - No viable dags retrieved from /opt/airflow/dags/main.py
[2026-02-02T23:18:20.865+0000] {processor.py:183} INFO - Processing /opt/airflow/dags/main.py took 0.085 seconds
[2026-02-02T23:18:23.859+0000] {processor.py:161} INFO - Started process (PID=559) to work on /opt/airflow/dags/main.py
[2026-02-02T23:18:23.861+0000] {processor.py:830} INFO - Processing file /opt/airflow/dags/main.py for tasks to queue
[2026-02-02T23:18:23.865+0000] {logging_mixin.py:188} INFO - [2026-02-02T23:18:23.865+0000] {dagbag.py:545} INFO - Filling up the DagBag from /opt/airflow/dags/main.py
[2026-02-02T23:18:23.872+0000] {logging_mixin.py:188} INFO - [2026-02-02T23:18:23.871+0000] {dagbag.py:355} ERROR - Failed to import: /opt/airflow/dags/main.py
Traceback (most recent call last):
  File "/home/airflow/.local/lib/python3.10/site-packages/airflow/models/dagbag.py", line 351, in parse
    loader.exec_module(new_module)
  File "<frozen importlib._bootstrap_external>", line 879, in exec_module
  File "<frozen importlib._bootstrap_external>", line 1017, in get_code
  File "<frozen importlib._bootstrap_external>", line 947, in source_to_code
  File "<frozen importlib._bootstrap>", line 241, in _call_with_frames_removed
  File "/opt/airflow/dags/main.py", line 20
    "start_date": datetime(2026, 02, 03, tzinfo=local_tz),
                                 ^
SyntaxError: leading zeros in decimal integer literals are not permitted; use an 0o prefix for octal integers
[2026-02-02T23:18:23.873+0000] {processor.py:842} WARNING - No viable dags retrieved from /opt/airflow/dags/main.py
[2026-02-02T23:18:23.929+0000] {processor.py:183} INFO - Processing /opt/airflow/dags/main.py took 0.083 seconds
[2026-02-02T23:18:25.208+0000] {processor.py:161} INFO - Started process (PID=560) to work on /opt/airflow/dags/main.py
[2026-02-02T23:18:25.222+0000] {processor.py:830} INFO - Processing file /opt/airflow/dags/main.py for tasks to queue
[2026-02-02T23:18:25.231+0000] {logging_mixin.py:188} INFO - [2026-02-02T23:18:25.231+0000] {dagbag.py:545} INFO - Filling up the DagBag from /opt/airflow/dags/main.py
[2026-02-02T23:18:25.247+0000] {logging_mixin.py:188} INFO - [2026-02-02T23:18:25.240+0000] {dagbag.py:355} ERROR - Failed to import: /opt/airflow/dags/main.py
Traceback (most recent call last):
  File "/home/airflow/.local/lib/python3.10/site-packages/airflow/models/dagbag.py", line 351, in parse
    loader.exec_module(new_module)
  File "<frozen importlib._bootstrap_external>", line 879, in exec_module
  File "<frozen importlib._bootstrap_external>", line 1017, in get_code
  File "<frozen importlib._bootstrap_external>", line 947, in source_to_code
  File "<frozen importlib._bootstrap>", line 241, in _call_with_frames_removed
  File "/opt/airflow/dags/main.py", line 20
    "start_date": datetime(2026, 02, 03, tzinfo=local_tz),
                                 ^
SyntaxError: leading zeros in decimal integer literals are not permitted; use an 0o prefix for octal integers
[2026-02-02T23:18:25.250+0000] {processor.py:842} WARNING - No viable dags retrieved from /opt/airflow/dags/main.py
[2026-02-02T23:18:25.377+0000] {processor.py:183} INFO - Processing /opt/airflow/dags/main.py took 0.215 seconds
[2026-02-02T23:18:48.101+0000] {processor.py:161} INFO - Started process (PID=568) to work on /opt/airflow/dags/main.py
[2026-02-02T23:18:48.105+0000] {processor.py:830} INFO - Processing file /opt/airflow/dags/main.py for tasks to queue
[2026-02-02T23:18:48.121+0000] {logging_mixin.py:188} INFO - [2026-02-02T23:18:48.120+0000] {dagbag.py:545} INFO - Filling up the DagBag from /opt/airflow/dags/main.py
[2026-02-02T23:18:48.138+0000] {logging_mixin.py:188} INFO - [2026-02-02T23:18:48.134+0000] {dagbag.py:355} ERROR - Failed to import: /opt/airflow/dags/main.py
Traceback (most recent call last):
  File "/home/airflow/.local/lib/python3.10/site-packages/airflow/models/dagbag.py", line 351, in parse
    loader.exec_module(new_module)
  File "<frozen importlib._bootstrap_external>", line 879, in exec_module
  File "<frozen importlib._bootstrap_external>", line 1017, in get_code
  File "<frozen importlib._bootstrap_external>", line 947, in source_to_code
  File "<frozen importlib._bootstrap>", line 241, in _call_with_frames_removed
  File "/opt/airflow/dags/main.py", line 20
    "start_date": datetime(2026, 02, 03, tzinfo=local_tz),
                                 ^
SyntaxError: leading zeros in decimal integer literals are not permitted; use an 0o prefix for octal integers
[2026-02-02T23:18:48.142+0000] {processor.py:842} WARNING - No viable dags retrieved from /opt/airflow/dags/main.py
[2026-02-02T23:18:48.231+0000] {processor.py:183} INFO - Processing /opt/airflow/dags/main.py took 0.148 seconds
[2026-02-02T23:18:57.216+0000] {processor.py:161} INFO - Started process (PID=569) to work on /opt/airflow/dags/main.py
[2026-02-02T23:18:57.219+0000] {processor.py:830} INFO - Processing file /opt/airflow/dags/main.py for tasks to queue
[2026-02-02T23:18:57.223+0000] {logging_mixin.py:188} INFO - [2026-02-02T23:18:57.222+0000] {dagbag.py:545} INFO - Filling up the DagBag from /opt/airflow/dags/main.py
[2026-02-02T23:18:57.229+0000] {logging_mixin.py:188} INFO - [2026-02-02T23:18:57.227+0000] {dagbag.py:355} ERROR - Failed to import: /opt/airflow/dags/main.py
Traceback (most recent call last):
  File "/home/airflow/.local/lib/python3.10/site-packages/airflow/models/dagbag.py", line 351, in parse
    loader.exec_module(new_module)
  File "<frozen importlib._bootstrap_external>", line 879, in exec_module
  File "<frozen importlib._bootstrap_external>", line 1017, in get_code
  File "<frozen importlib._bootstrap_external>", line 947, in source_to_code
  File "<frozen importlib._bootstrap>", line 241, in _call_with_frames_removed
  File "/opt/airflow/dags/main.py", line 20
    "start_date": datetime(2026, 02, 03, tzinfo=local_tz),
                                 ^
SyntaxError: leading zeros in decimal integer literals are not permitted; use an 0o prefix for octal integers
[2026-02-02T23:18:57.231+0000] {processor.py:842} WARNING - No viable dags retrieved from /opt/airflow/dags/main.py
[2026-02-02T23:18:57.281+0000] {processor.py:183} INFO - Processing /opt/airflow/dags/main.py took 0.087 seconds
[2026-02-02T23:18:59.380+0000] {processor.py:161} INFO - Started process (PID=576) to work on /opt/airflow/dags/main.py
[2026-02-02T23:18:59.385+0000] {processor.py:830} INFO - Processing file /opt/airflow/dags/main.py for tasks to queue
[2026-02-02T23:18:59.400+0000] {logging_mixin.py:188} INFO - [2026-02-02T23:18:59.399+0000] {dagbag.py:545} INFO - Filling up the DagBag from /opt/airflow/dags/main.py
[2026-02-02T23:18:59.408+0000] {logging_mixin.py:188} INFO - [2026-02-02T23:18:59.406+0000] {dagbag.py:355} ERROR - Failed to import: /opt/airflow/dags/main.py
Traceback (most recent call last):
  File "/home/airflow/.local/lib/python3.10/site-packages/airflow/models/dagbag.py", line 351, in parse
    loader.exec_module(new_module)
  File "<frozen importlib._bootstrap_external>", line 879, in exec_module
  File "<frozen importlib._bootstrap_external>", line 1017, in get_code
  File "<frozen importlib._bootstrap_external>", line 947, in source_to_code
  File "<frozen importlib._bootstrap>", line 241, in _call_with_frames_removed
  File "/opt/airflow/dags/main.py", line 20
    "start_date": datetime(2026, 02, 03, tzinfo=local_tz),
                                 ^
SyntaxError: leading zeros in decimal integer literals are not permitted; use an 0o prefix for octal integers
[2026-02-02T23:18:59.409+0000] {processor.py:842} WARNING - No viable dags retrieved from /opt/airflow/dags/main.py
[2026-02-02T23:18:59.461+0000] {processor.py:183} INFO - Processing /opt/airflow/dags/main.py took 0.097 seconds
[2026-02-02T23:19:10.760+0000] {processor.py:161} INFO - Started process (PID=577) to work on /opt/airflow/dags/main.py
[2026-02-02T23:19:10.763+0000] {processor.py:830} INFO - Processing file /opt/airflow/dags/main.py for tasks to queue
[2026-02-02T23:19:10.769+0000] {logging_mixin.py:188} INFO - [2026-02-02T23:19:10.769+0000] {dagbag.py:545} INFO - Filling up the DagBag from /opt/airflow/dags/main.py
[2026-02-02T23:19:10.775+0000] {logging_mixin.py:188} INFO - [2026-02-02T23:19:10.774+0000] {dagbag.py:355} ERROR - Failed to import: /opt/airflow/dags/main.py
Traceback (most recent call last):
  File "/home/airflow/.local/lib/python3.10/site-packages/airflow/models/dagbag.py", line 351, in parse
    loader.exec_module(new_module)
  File "<frozen importlib._bootstrap_external>", line 879, in exec_module
  File "<frozen importlib._bootstrap_external>", line 1017, in get_code
  File "<frozen importlib._bootstrap_external>", line 947, in source_to_code
  File "<frozen importlib._bootstrap>", line 241, in _call_with_frames_removed
  File "/opt/airflow/dags/main.py", line 20
    "start_date": datetime(2026, 02, 03, tzinfo=local_tz),
                                 ^
SyntaxError: leading zeros in decimal integer literals are not permitted; use an 0o prefix for octal integers
[2026-02-02T23:19:10.778+0000] {processor.py:842} WARNING - No viable dags retrieved from /opt/airflow/dags/main.py
[2026-02-02T23:19:10.841+0000] {processor.py:183} INFO - Processing /opt/airflow/dags/main.py took 0.112 seconds
[2026-02-02T23:19:15.408+0000] {processor.py:161} INFO - Started process (PID=578) to work on /opt/airflow/dags/main.py
[2026-02-02T23:19:15.412+0000] {processor.py:830} INFO - Processing file /opt/airflow/dags/main.py for tasks to queue
[2026-02-02T23:19:15.429+0000] {logging_mixin.py:188} INFO - [2026-02-02T23:19:15.428+0000] {dagbag.py:545} INFO - Filling up the DagBag from /opt/airflow/dags/main.py
[2026-02-02T23:19:15.443+0000] {logging_mixin.py:188} INFO - [2026-02-02T23:19:15.440+0000] {dagbag.py:355} ERROR - Failed to import: /opt/airflow/dags/main.py
Traceback (most recent call last):
  File "/home/airflow/.local/lib/python3.10/site-packages/airflow/models/dagbag.py", line 351, in parse
    loader.exec_module(new_module)
  File "<frozen importlib._bootstrap_external>", line 879, in exec_module
  File "<frozen importlib._bootstrap_external>", line 1017, in get_code
  File "<frozen importlib._bootstrap_external>", line 947, in source_to_code
  File "<frozen importlib._bootstrap>", line 241, in _call_with_frames_removed
  File "/opt/airflow/dags/main.py", line 20
    "start_date": datetime(2026, 02, 03, tzinfo=local_tz),
                                 ^
SyntaxError: leading zeros in decimal integer literals are not permitted; use an 0o prefix for octal integers
[2026-02-02T23:19:15.453+0000] {processor.py:842} WARNING - No viable dags retrieved from /opt/airflow/dags/main.py
[2026-02-02T23:19:15.643+0000] {processor.py:183} INFO - Processing /opt/airflow/dags/main.py took 0.250 seconds
[2026-02-02T23:19:45.931+0000] {processor.py:161} INFO - Started process (PID=586) to work on /opt/airflow/dags/main.py
[2026-02-02T23:19:45.934+0000] {processor.py:830} INFO - Processing file /opt/airflow/dags/main.py for tasks to queue
[2026-02-02T23:19:45.946+0000] {logging_mixin.py:188} INFO - [2026-02-02T23:19:45.944+0000] {dagbag.py:545} INFO - Filling up the DagBag from /opt/airflow/dags/main.py
[2026-02-02T23:19:45.959+0000] {logging_mixin.py:188} INFO - [2026-02-02T23:19:45.953+0000] {dagbag.py:355} ERROR - Failed to import: /opt/airflow/dags/main.py
Traceback (most recent call last):
  File "/home/airflow/.local/lib/python3.10/site-packages/airflow/models/dagbag.py", line 351, in parse
    loader.exec_module(new_module)
  File "<frozen importlib._bootstrap_external>", line 879, in exec_module
  File "<frozen importlib._bootstrap_external>", line 1017, in get_code
  File "<frozen importlib._bootstrap_external>", line 947, in source_to_code
  File "<frozen importlib._bootstrap>", line 241, in _call_with_frames_removed
  File "/opt/airflow/dags/main.py", line 20
    "start_date": datetime(2026, 02, 03, tzinfo=local_tz),
                                 ^
SyntaxError: leading zeros in decimal integer literals are not permitted; use an 0o prefix for octal integers
[2026-02-02T23:19:45.961+0000] {processor.py:842} WARNING - No viable dags retrieved from /opt/airflow/dags/main.py
[2026-02-02T23:19:46.075+0000] {processor.py:183} INFO - Processing /opt/airflow/dags/main.py took 0.171 seconds
[2026-02-02T23:20:06.108+0000] {processor.py:161} INFO - Started process (PID=592) to work on /opt/airflow/dags/main.py
[2026-02-02T23:20:06.111+0000] {processor.py:830} INFO - Processing file /opt/airflow/dags/main.py for tasks to queue
[2026-02-02T23:20:06.114+0000] {logging_mixin.py:188} INFO - [2026-02-02T23:20:06.113+0000] {dagbag.py:545} INFO - Filling up the DagBag from /opt/airflow/dags/main.py
[2026-02-02T23:20:06.119+0000] {logging_mixin.py:188} INFO - [2026-02-02T23:20:06.118+0000] {dagbag.py:355} ERROR - Failed to import: /opt/airflow/dags/main.py
Traceback (most recent call last):
  File "/home/airflow/.local/lib/python3.10/site-packages/airflow/models/dagbag.py", line 351, in parse
    loader.exec_module(new_module)
  File "<frozen importlib._bootstrap_external>", line 879, in exec_module
  File "<frozen importlib._bootstrap_external>", line 1017, in get_code
  File "<frozen importlib._bootstrap_external>", line 947, in source_to_code
  File "<frozen importlib._bootstrap>", line 241, in _call_with_frames_removed
  File "/opt/airflow/dags/main.py", line 20
    "start_date": datetime(2026, 02, 03, tzinfo=local_tz),
                                 ^
SyntaxError: leading zeros in decimal integer literals are not permitted; use an 0o prefix for octal integers
[2026-02-02T23:20:06.120+0000] {processor.py:842} WARNING - No viable dags retrieved from /opt/airflow/dags/main.py
[2026-02-02T23:20:06.166+0000] {processor.py:183} INFO - Processing /opt/airflow/dags/main.py took 0.071 seconds
[2026-02-02T23:20:09.237+0000] {processor.py:161} INFO - Started process (PID=593) to work on /opt/airflow/dags/main.py
[2026-02-02T23:20:09.240+0000] {processor.py:830} INFO - Processing file /opt/airflow/dags/main.py for tasks to queue
[2026-02-02T23:20:09.247+0000] {logging_mixin.py:188} INFO - [2026-02-02T23:20:09.246+0000] {dagbag.py:545} INFO - Filling up the DagBag from /opt/airflow/dags/main.py
[2026-02-02T23:20:09.262+0000] {logging_mixin.py:188} INFO - [2026-02-02T23:20:09.258+0000] {dagbag.py:355} ERROR - Failed to import: /opt/airflow/dags/main.py
Traceback (most recent call last):
  File "/home/airflow/.local/lib/python3.10/site-packages/airflow/models/dagbag.py", line 351, in parse
    loader.exec_module(new_module)
  File "<frozen importlib._bootstrap_external>", line 879, in exec_module
  File "<frozen importlib._bootstrap_external>", line 1017, in get_code
  File "<frozen importlib._bootstrap_external>", line 947, in source_to_code
  File "<frozen importlib._bootstrap>", line 241, in _call_with_frames_removed
  File "/opt/airflow/dags/main.py", line 20
    "start_date": datetime(2026, 02, 03, tzinfo=local_tz),
                                 ^
SyntaxError: leading zeros in decimal integer literals are not permitted; use an 0o prefix for octal integers
[2026-02-02T23:20:09.265+0000] {processor.py:842} WARNING - No viable dags retrieved from /opt/airflow/dags/main.py
[2026-02-02T23:20:09.330+0000] {processor.py:183} INFO - Processing /opt/airflow/dags/main.py took 0.117 seconds
[2026-02-02T23:20:12.308+0000] {processor.py:161} INFO - Started process (PID=594) to work on /opt/airflow/dags/main.py
[2026-02-02T23:20:12.314+0000] {processor.py:830} INFO - Processing file /opt/airflow/dags/main.py for tasks to queue
[2026-02-02T23:20:12.319+0000] {logging_mixin.py:188} INFO - [2026-02-02T23:20:12.319+0000] {dagbag.py:545} INFO - Filling up the DagBag from /opt/airflow/dags/main.py
[2026-02-02T23:20:12.330+0000] {logging_mixin.py:188} INFO - [2026-02-02T23:20:12.327+0000] {dagbag.py:355} ERROR - Failed to import: /opt/airflow/dags/main.py
Traceback (most recent call last):
  File "/home/airflow/.local/lib/python3.10/site-packages/airflow/models/dagbag.py", line 351, in parse
    loader.exec_module(new_module)
  File "<frozen importlib._bootstrap_external>", line 879, in exec_module
  File "<frozen importlib._bootstrap_external>", line 1017, in get_code
  File "<frozen importlib._bootstrap_external>", line 947, in source_to_code
  File "<frozen importlib._bootstrap>", line 241, in _call_with_frames_removed
  File "/opt/airflow/dags/main.py", line 20
    "start_date": datetime(2026, 02, 03, tzinfo=local_tz),
                                 ^
SyntaxError: leading zeros in decimal integer literals are not permitted; use an 0o prefix for octal integers
[2026-02-02T23:20:12.331+0000] {processor.py:842} WARNING - No viable dags retrieved from /opt/airflow/dags/main.py
[2026-02-02T23:20:12.402+0000] {processor.py:183} INFO - Processing /opt/airflow/dags/main.py took 0.126 seconds
[2026-02-02T23:20:13.420+0000] {processor.py:161} INFO - Started process (PID=595) to work on /opt/airflow/dags/main.py
[2026-02-02T23:20:13.422+0000] {processor.py:830} INFO - Processing file /opt/airflow/dags/main.py for tasks to queue
[2026-02-02T23:20:13.426+0000] {logging_mixin.py:188} INFO - [2026-02-02T23:20:13.425+0000] {dagbag.py:545} INFO - Filling up the DagBag from /opt/airflow/dags/main.py
[2026-02-02T23:20:13.432+0000] {logging_mixin.py:188} INFO - [2026-02-02T23:20:13.430+0000] {dagbag.py:355} ERROR - Failed to import: /opt/airflow/dags/main.py
Traceback (most recent call last):
  File "/home/airflow/.local/lib/python3.10/site-packages/airflow/models/dagbag.py", line 351, in parse
    loader.exec_module(new_module)
  File "<frozen importlib._bootstrap_external>", line 879, in exec_module
  File "<frozen importlib._bootstrap_external>", line 1017, in get_code
  File "<frozen importlib._bootstrap_external>", line 947, in source_to_code
  File "<frozen importlib._bootstrap>", line 241, in _call_with_frames_removed
  File "/opt/airflow/dags/main.py", line 20
    "start_date": datetime(2026, 02, 03, tzinfo=local_tz),
                                 ^
SyntaxError: leading zeros in decimal integer literals are not permitted; use an 0o prefix for octal integers
[2026-02-02T23:20:13.435+0000] {processor.py:842} WARNING - No viable dags retrieved from /opt/airflow/dags/main.py
[2026-02-02T23:20:13.548+0000] {processor.py:183} INFO - Processing /opt/airflow/dags/main.py took 0.154 seconds
[2026-02-02T23:20:14.488+0000] {processor.py:161} INFO - Started process (PID=596) to work on /opt/airflow/dags/main.py
[2026-02-02T23:20:14.489+0000] {processor.py:830} INFO - Processing file /opt/airflow/dags/main.py for tasks to queue
[2026-02-02T23:20:14.492+0000] {logging_mixin.py:188} INFO - [2026-02-02T23:20:14.492+0000] {dagbag.py:545} INFO - Filling up the DagBag from /opt/airflow/dags/main.py
[2026-02-02T23:20:14.501+0000] {logging_mixin.py:188} INFO - [2026-02-02T23:20:14.499+0000] {dagbag.py:355} ERROR - Failed to import: /opt/airflow/dags/main.py
Traceback (most recent call last):
  File "/home/airflow/.local/lib/python3.10/site-packages/airflow/models/dagbag.py", line 351, in parse
    loader.exec_module(new_module)
  File "<frozen importlib._bootstrap_external>", line 879, in exec_module
  File "<frozen importlib._bootstrap_external>", line 1017, in get_code
  File "<frozen importlib._bootstrap_external>", line 947, in source_to_code
  File "<frozen importlib._bootstrap>", line 241, in _call_with_frames_removed
  File "/opt/airflow/dags/main.py", line 20
    "start_date": datetime(2026, 02, 03, tzinfo=local_tz),
                                 ^
SyntaxError: leading zeros in decimal integer literals are not permitted; use an 0o prefix for octal integers
[2026-02-02T23:20:14.502+0000] {processor.py:842} WARNING - No viable dags retrieved from /opt/airflow/dags/main.py
[2026-02-02T23:20:14.592+0000] {processor.py:183} INFO - Processing /opt/airflow/dags/main.py took 0.120 seconds
[2026-02-02T23:20:44.879+0000] {processor.py:161} INFO - Started process (PID=603) to work on /opt/airflow/dags/main.py
[2026-02-02T23:20:44.883+0000] {processor.py:830} INFO - Processing file /opt/airflow/dags/main.py for tasks to queue
[2026-02-02T23:20:44.886+0000] {logging_mixin.py:188} INFO - [2026-02-02T23:20:44.886+0000] {dagbag.py:545} INFO - Filling up the DagBag from /opt/airflow/dags/main.py
[2026-02-02T23:20:44.893+0000] {logging_mixin.py:188} INFO - [2026-02-02T23:20:44.892+0000] {dagbag.py:355} ERROR - Failed to import: /opt/airflow/dags/main.py
Traceback (most recent call last):
  File "/home/airflow/.local/lib/python3.10/site-packages/airflow/models/dagbag.py", line 351, in parse
    loader.exec_module(new_module)
  File "<frozen importlib._bootstrap_external>", line 879, in exec_module
  File "<frozen importlib._bootstrap_external>", line 1017, in get_code
  File "<frozen importlib._bootstrap_external>", line 947, in source_to_code
  File "<frozen importlib._bootstrap>", line 241, in _call_with_frames_removed
  File "/opt/airflow/dags/main.py", line 20
    "start_date": datetime(2026, 02, 03, tzinfo=local_tz),
                                 ^
SyntaxError: leading zeros in decimal integer literals are not permitted; use an 0o prefix for octal integers
[2026-02-02T23:20:44.894+0000] {processor.py:842} WARNING - No viable dags retrieved from /opt/airflow/dags/main.py
[2026-02-02T23:20:44.958+0000] {processor.py:183} INFO - Processing /opt/airflow/dags/main.py took 0.096 seconds
[2026-02-02T23:21:11.443+0000] {processor.py:161} INFO - Started process (PID=610) to work on /opt/airflow/dags/main.py
[2026-02-02T23:21:11.447+0000] {processor.py:830} INFO - Processing file /opt/airflow/dags/main.py for tasks to queue
[2026-02-02T23:21:11.455+0000] {logging_mixin.py:188} INFO - [2026-02-02T23:21:11.453+0000] {dagbag.py:545} INFO - Filling up the DagBag from /opt/airflow/dags/main.py
[2026-02-02T23:21:11.463+0000] {logging_mixin.py:188} INFO - [2026-02-02T23:21:11.461+0000] {dagbag.py:355} ERROR - Failed to import: /opt/airflow/dags/main.py
Traceback (most recent call last):
  File "/home/airflow/.local/lib/python3.10/site-packages/airflow/models/dagbag.py", line 351, in parse
    loader.exec_module(new_module)
  File "<frozen importlib._bootstrap_external>", line 879, in exec_module
  File "<frozen importlib._bootstrap_external>", line 1017, in get_code
  File "<frozen importlib._bootstrap_external>", line 947, in source_to_code
  File "<frozen importlib._bootstrap>", line 241, in _call_with_frames_removed
  File "/opt/airflow/dags/main.py", line 20
    "start_date": datetime(2026, 02, 03, tzinfo=local_tz),
                                 ^
SyntaxError: leading zeros in decimal integer literals are not permitted; use an 0o prefix for octal integers
[2026-02-02T23:21:11.464+0000] {processor.py:842} WARNING - No viable dags retrieved from /opt/airflow/dags/main.py
[2026-02-02T23:21:11.520+0000] {processor.py:183} INFO - Processing /opt/airflow/dags/main.py took 0.094 seconds
[2026-02-02T23:21:22.521+0000] {processor.py:161} INFO - Started process (PID=611) to work on /opt/airflow/dags/main.py
[2026-02-02T23:21:22.524+0000] {processor.py:830} INFO - Processing file /opt/airflow/dags/main.py for tasks to queue
[2026-02-02T23:21:22.527+0000] {logging_mixin.py:188} INFO - [2026-02-02T23:21:22.527+0000] {dagbag.py:545} INFO - Filling up the DagBag from /opt/airflow/dags/main.py
[2026-02-02T23:21:22.531+0000] {logging_mixin.py:188} INFO - [2026-02-02T23:21:22.530+0000] {dagbag.py:355} ERROR - Failed to import: /opt/airflow/dags/main.py
Traceback (most recent call last):
  File "/home/airflow/.local/lib/python3.10/site-packages/airflow/models/dagbag.py", line 351, in parse
    loader.exec_module(new_module)
  File "<frozen importlib._bootstrap_external>", line 879, in exec_module
  File "<frozen importlib._bootstrap_external>", line 1017, in get_code
  File "<frozen importlib._bootstrap_external>", line 947, in source_to_code
  File "<frozen importlib._bootstrap>", line 241, in _call_with_frames_removed
  File "/opt/airflow/dags/main.py", line 20
    "start_date": datetime(2026, 02, 03, tzinfo=local_tz),
                                 ^
SyntaxError: leading zeros in decimal integer literals are not permitted; use an 0o prefix for octal integers
[2026-02-02T23:21:22.532+0000] {processor.py:842} WARNING - No viable dags retrieved from /opt/airflow/dags/main.py
[2026-02-02T23:21:22.578+0000] {processor.py:183} INFO - Processing /opt/airflow/dags/main.py took 0.068 seconds
[2026-02-02T23:21:27.575+0000] {processor.py:161} INFO - Started process (PID=612) to work on /opt/airflow/dags/main.py
[2026-02-02T23:21:27.577+0000] {processor.py:830} INFO - Processing file /opt/airflow/dags/main.py for tasks to queue
[2026-02-02T23:21:27.584+0000] {logging_mixin.py:188} INFO - [2026-02-02T23:21:27.584+0000] {dagbag.py:545} INFO - Filling up the DagBag from /opt/airflow/dags/main.py
[2026-02-02T23:21:27.803+0000] {logging_mixin.py:188} INFO - [2026-02-02T23:21:27.599+0000] {dagbag.py:355} ERROR - Failed to import: /opt/airflow/dags/main.py
Traceback (most recent call last):
  File "/home/airflow/.local/lib/python3.10/site-packages/airflow/models/dagbag.py", line 351, in parse
    loader.exec_module(new_module)
  File "<frozen importlib._bootstrap_external>", line 879, in exec_module
  File "<frozen importlib._bootstrap_external>", line 1017, in get_code
  File "<frozen importlib._bootstrap_external>", line 947, in source_to_code
  File "<frozen importlib._bootstrap>", line 241, in _call_with_frames_removed
  File "/opt/airflow/dags/main.py", line 20
    "start_date": datetime(2026, 02, 03, tzinfo=local_tz),
                                 ^
SyntaxError: leading zeros in decimal integer literals are not permitted; use an 0o prefix for octal integers
[2026-02-02T23:21:27.804+0000] {processor.py:842} WARNING - No viable dags retrieved from /opt/airflow/dags/main.py
[2026-02-02T23:21:27.927+0000] {processor.py:183} INFO - Processing /opt/airflow/dags/main.py took 0.364 seconds
[2026-02-02T23:21:29.960+0000] {processor.py:161} INFO - Started process (PID=619) to work on /opt/airflow/dags/main.py
[2026-02-02T23:21:29.964+0000] {processor.py:830} INFO - Processing file /opt/airflow/dags/main.py for tasks to queue
[2026-02-02T23:21:29.971+0000] {logging_mixin.py:188} INFO - [2026-02-02T23:21:29.970+0000] {dagbag.py:545} INFO - Filling up the DagBag from /opt/airflow/dags/main.py
[2026-02-02T23:21:29.980+0000] {logging_mixin.py:188} INFO - [2026-02-02T23:21:29.977+0000] {dagbag.py:355} ERROR - Failed to import: /opt/airflow/dags/main.py
Traceback (most recent call last):
  File "/home/airflow/.local/lib/python3.10/site-packages/airflow/models/dagbag.py", line 351, in parse
    loader.exec_module(new_module)
  File "<frozen importlib._bootstrap_external>", line 879, in exec_module
  File "<frozen importlib._bootstrap_external>", line 1017, in get_code
  File "<frozen importlib._bootstrap_external>", line 947, in source_to_code
  File "<frozen importlib._bootstrap>", line 241, in _call_with_frames_removed
  File "/opt/airflow/dags/main.py", line 20
    "start_date": datetime(2026, 02, 03, tzinfo=local_tz),
                                 ^
SyntaxError: leading zeros in decimal integer literals are not permitted; use an 0o prefix for octal integers
[2026-02-02T23:21:29.981+0000] {processor.py:842} WARNING - No viable dags retrieved from /opt/airflow/dags/main.py
[2026-02-02T23:21:30.018+0000] {processor.py:183} INFO - Processing /opt/airflow/dags/main.py took 0.072 seconds
[2026-02-02T23:21:35.114+0000] {processor.py:161} INFO - Started process (PID=620) to work on /opt/airflow/dags/main.py
[2026-02-02T23:21:35.118+0000] {processor.py:830} INFO - Processing file /opt/airflow/dags/main.py for tasks to queue
[2026-02-02T23:21:35.122+0000] {logging_mixin.py:188} INFO - [2026-02-02T23:21:35.122+0000] {dagbag.py:545} INFO - Filling up the DagBag from /opt/airflow/dags/main.py
[2026-02-02T23:21:35.129+0000] {logging_mixin.py:188} INFO - [2026-02-02T23:21:35.127+0000] {dagbag.py:355} ERROR - Failed to import: /opt/airflow/dags/main.py
Traceback (most recent call last):
  File "/home/airflow/.local/lib/python3.10/site-packages/airflow/models/dagbag.py", line 351, in parse
    loader.exec_module(new_module)
  File "<frozen importlib._bootstrap_external>", line 879, in exec_module
  File "<frozen importlib._bootstrap_external>", line 1017, in get_code
  File "<frozen importlib._bootstrap_external>", line 947, in source_to_code
  File "<frozen importlib._bootstrap>", line 241, in _call_with_frames_removed
  File "/opt/airflow/dags/main.py", line 20
    "start_date": datetime(2026, 02, 03, tzinfo=local_tz),
                                 ^
SyntaxError: leading zeros in decimal integer literals are not permitted; use an 0o prefix for octal integers
[2026-02-02T23:21:35.131+0000] {processor.py:842} WARNING - No viable dags retrieved from /opt/airflow/dags/main.py
[2026-02-02T23:21:35.195+0000] {processor.py:183} INFO - Processing /opt/airflow/dags/main.py took 0.105 seconds
[2026-02-02T23:21:40.069+0000] {processor.py:161} INFO - Started process (PID=621) to work on /opt/airflow/dags/main.py
[2026-02-02T23:21:40.078+0000] {processor.py:830} INFO - Processing file /opt/airflow/dags/main.py for tasks to queue
[2026-02-02T23:21:40.082+0000] {logging_mixin.py:188} INFO - [2026-02-02T23:21:40.081+0000] {dagbag.py:545} INFO - Filling up the DagBag from /opt/airflow/dags/main.py
[2026-02-02T23:21:40.091+0000] {logging_mixin.py:188} INFO - [2026-02-02T23:21:40.089+0000] {dagbag.py:355} ERROR - Failed to import: /opt/airflow/dags/main.py
Traceback (most recent call last):
  File "/home/airflow/.local/lib/python3.10/site-packages/airflow/models/dagbag.py", line 351, in parse
    loader.exec_module(new_module)
  File "<frozen importlib._bootstrap_external>", line 879, in exec_module
  File "<frozen importlib._bootstrap_external>", line 1017, in get_code
  File "<frozen importlib._bootstrap_external>", line 947, in source_to_code
  File "<frozen importlib._bootstrap>", line 241, in _call_with_frames_removed
  File "/opt/airflow/dags/main.py", line 20
    "start_date": datetime(2026, 02, 03, tzinfo=local_tz),
                                 ^
SyntaxError: leading zeros in decimal integer literals are not permitted; use an 0o prefix for octal integers
[2026-02-02T23:21:40.092+0000] {processor.py:842} WARNING - No viable dags retrieved from /opt/airflow/dags/main.py
[2026-02-02T23:21:40.179+0000] {processor.py:183} INFO - Processing /opt/airflow/dags/main.py took 0.126 seconds
[2026-02-02T23:21:42.175+0000] {processor.py:161} INFO - Started process (PID=622) to work on /opt/airflow/dags/main.py
[2026-02-02T23:21:42.179+0000] {processor.py:830} INFO - Processing file /opt/airflow/dags/main.py for tasks to queue
[2026-02-02T23:21:42.186+0000] {logging_mixin.py:188} INFO - [2026-02-02T23:21:42.184+0000] {dagbag.py:545} INFO - Filling up the DagBag from /opt/airflow/dags/main.py
[2026-02-02T23:21:42.194+0000] {logging_mixin.py:188} INFO - [2026-02-02T23:21:42.192+0000] {dagbag.py:355} ERROR - Failed to import: /opt/airflow/dags/main.py
Traceback (most recent call last):
  File "/home/airflow/.local/lib/python3.10/site-packages/airflow/models/dagbag.py", line 351, in parse
    loader.exec_module(new_module)
  File "<frozen importlib._bootstrap_external>", line 879, in exec_module
  File "<frozen importlib._bootstrap_external>", line 1017, in get_code
  File "<frozen importlib._bootstrap_external>", line 947, in source_to_code
  File "<frozen importlib._bootstrap>", line 241, in _call_with_frames_removed
  File "/opt/airflow/dags/main.py", line 20
    "start_date": datetime(2026, 02, 03, tzinfo=local_tz),
                                 ^
SyntaxError: leading zeros in decimal integer literals are not permitted; use an 0o prefix for octal integers
[2026-02-02T23:21:42.195+0000] {processor.py:842} WARNING - No viable dags retrieved from /opt/airflow/dags/main.py
[2026-02-02T23:21:42.280+0000] {processor.py:183} INFO - Processing /opt/airflow/dags/main.py took 0.125 seconds
[2026-02-02T23:21:44.366+0000] {processor.py:161} INFO - Started process (PID=623) to work on /opt/airflow/dags/main.py
[2026-02-02T23:21:44.369+0000] {processor.py:830} INFO - Processing file /opt/airflow/dags/main.py for tasks to queue
[2026-02-02T23:21:44.372+0000] {logging_mixin.py:188} INFO - [2026-02-02T23:21:44.371+0000] {dagbag.py:545} INFO - Filling up the DagBag from /opt/airflow/dags/main.py
[2026-02-02T23:21:44.377+0000] {logging_mixin.py:188} INFO - [2026-02-02T23:21:44.376+0000] {dagbag.py:355} ERROR - Failed to import: /opt/airflow/dags/main.py
Traceback (most recent call last):
  File "/home/airflow/.local/lib/python3.10/site-packages/airflow/models/dagbag.py", line 351, in parse
    loader.exec_module(new_module)
  File "<frozen importlib._bootstrap_external>", line 879, in exec_module
  File "<frozen importlib._bootstrap_external>", line 1017, in get_code
  File "<frozen importlib._bootstrap_external>", line 947, in source_to_code
  File "<frozen importlib._bootstrap>", line 241, in _call_with_frames_removed
  File "/opt/airflow/dags/main.py", line 20
    "start_date": datetime(2026, 02, 03, tzinfo=local_tz),
                                 ^
SyntaxError: leading zeros in decimal integer literals are not permitted; use an 0o prefix for octal integers
[2026-02-02T23:21:44.378+0000] {processor.py:842} WARNING - No viable dags retrieved from /opt/airflow/dags/main.py
[2026-02-02T23:21:44.477+0000] {processor.py:183} INFO - Processing /opt/airflow/dags/main.py took 0.123 seconds
[2026-02-02T23:21:51.444+0000] {processor.py:161} INFO - Started process (PID=624) to work on /opt/airflow/dags/main.py
[2026-02-02T23:21:51.448+0000] {processor.py:830} INFO - Processing file /opt/airflow/dags/main.py for tasks to queue
[2026-02-02T23:21:51.453+0000] {logging_mixin.py:188} INFO - [2026-02-02T23:21:51.452+0000] {dagbag.py:545} INFO - Filling up the DagBag from /opt/airflow/dags/main.py
[2026-02-02T23:21:51.460+0000] {logging_mixin.py:188} INFO - [2026-02-02T23:21:51.458+0000] {dagbag.py:355} ERROR - Failed to import: /opt/airflow/dags/main.py
Traceback (most recent call last):
  File "/home/airflow/.local/lib/python3.10/site-packages/airflow/models/dagbag.py", line 351, in parse
    loader.exec_module(new_module)
  File "<frozen importlib._bootstrap_external>", line 879, in exec_module
  File "<frozen importlib._bootstrap_external>", line 1017, in get_code
  File "<frozen importlib._bootstrap_external>", line 947, in source_to_code
  File "<frozen importlib._bootstrap>", line 241, in _call_with_frames_removed
  File "/opt/airflow/dags/main.py", line 20
    "start_date": datetime(2026, 02, 03, tzinfo=local_tz),
                                 ^
SyntaxError: leading zeros in decimal integer literals are not permitted; use an 0o prefix for octal integers
[2026-02-02T23:21:51.461+0000] {processor.py:842} WARNING - No viable dags retrieved from /opt/airflow/dags/main.py
[2026-02-02T23:21:51.511+0000] {processor.py:183} INFO - Processing /opt/airflow/dags/main.py took 0.088 seconds
[2026-02-02T23:21:53.461+0000] {processor.py:161} INFO - Started process (PID=625) to work on /opt/airflow/dags/main.py
[2026-02-02T23:21:53.463+0000] {processor.py:830} INFO - Processing file /opt/airflow/dags/main.py for tasks to queue
[2026-02-02T23:21:53.468+0000] {logging_mixin.py:188} INFO - [2026-02-02T23:21:53.467+0000] {dagbag.py:545} INFO - Filling up the DagBag from /opt/airflow/dags/main.py
[2026-02-02T23:21:53.479+0000] {logging_mixin.py:188} INFO - [2026-02-02T23:21:53.476+0000] {dagbag.py:355} ERROR - Failed to import: /opt/airflow/dags/main.py
Traceback (most recent call last):
  File "/home/airflow/.local/lib/python3.10/site-packages/airflow/models/dagbag.py", line 351, in parse
    loader.exec_module(new_module)
  File "<frozen importlib._bootstrap_external>", line 879, in exec_module
  File "<frozen importlib._bootstrap_external>", line 1017, in get_code
  File "<frozen importlib._bootstrap_external>", line 947, in source_to_code
  File "<frozen importlib._bootstrap>", line 241, in _call_with_frames_removed
  File "/opt/airflow/dags/main.py", line 20
    "start_date": datetime(2026, 02, 03, tzinfo=local_tz),
                                 ^
SyntaxError: leading zeros in decimal integer literals are not permitted; use an 0o prefix for octal integers
[2026-02-02T23:21:53.481+0000] {processor.py:842} WARNING - No viable dags retrieved from /opt/airflow/dags/main.py
[2026-02-02T23:21:53.541+0000] {processor.py:183} INFO - Processing /opt/airflow/dags/main.py took 0.093 seconds
[2026-02-02T23:22:01.675+0000] {processor.py:161} INFO - Started process (PID=632) to work on /opt/airflow/dags/main.py
[2026-02-02T23:22:01.678+0000] {processor.py:830} INFO - Processing file /opt/airflow/dags/main.py for tasks to queue
[2026-02-02T23:22:01.684+0000] {logging_mixin.py:188} INFO - [2026-02-02T23:22:01.683+0000] {dagbag.py:545} INFO - Filling up the DagBag from /opt/airflow/dags/main.py
[2026-02-02T23:22:01.693+0000] {logging_mixin.py:188} INFO - [2026-02-02T23:22:01.691+0000] {dagbag.py:355} ERROR - Failed to import: /opt/airflow/dags/main.py
Traceback (most recent call last):
  File "/home/airflow/.local/lib/python3.10/site-packages/airflow/models/dagbag.py", line 351, in parse
    loader.exec_module(new_module)
  File "<frozen importlib._bootstrap_external>", line 879, in exec_module
  File "<frozen importlib._bootstrap_external>", line 1017, in get_code
  File "<frozen importlib._bootstrap_external>", line 947, in source_to_code
  File "<frozen importlib._bootstrap>", line 241, in _call_with_frames_removed
  File "/opt/airflow/dags/main.py", line 20
    "start_date": datetime(2026, 02, 03, tzinfo=local_tz),
                                 ^
SyntaxError: leading zeros in decimal integer literals are not permitted; use an 0o prefix for octal integers
[2026-02-02T23:22:01.694+0000] {processor.py:842} WARNING - No viable dags retrieved from /opt/airflow/dags/main.py
[2026-02-02T23:22:01.751+0000] {processor.py:183} INFO - Processing /opt/airflow/dags/main.py took 0.089 seconds
[2026-02-02T23:22:03.735+0000] {processor.py:161} INFO - Started process (PID=633) to work on /opt/airflow/dags/main.py
[2026-02-02T23:22:03.738+0000] {processor.py:830} INFO - Processing file /opt/airflow/dags/main.py for tasks to queue
[2026-02-02T23:22:03.742+0000] {logging_mixin.py:188} INFO - [2026-02-02T23:22:03.741+0000] {dagbag.py:545} INFO - Filling up the DagBag from /opt/airflow/dags/main.py
[2026-02-02T23:22:03.750+0000] {logging_mixin.py:188} INFO - [2026-02-02T23:22:03.748+0000] {dagbag.py:355} ERROR - Failed to import: /opt/airflow/dags/main.py
Traceback (most recent call last):
  File "/home/airflow/.local/lib/python3.10/site-packages/airflow/models/dagbag.py", line 351, in parse
    loader.exec_module(new_module)
  File "<frozen importlib._bootstrap_external>", line 879, in exec_module
  File "<frozen importlib._bootstrap_external>", line 1017, in get_code
  File "<frozen importlib._bootstrap_external>", line 947, in source_to_code
  File "<frozen importlib._bootstrap>", line 241, in _call_with_frames_removed
  File "/opt/airflow/dags/main.py", line 20
    "start_date": datetime(2026, 02, 03, tzinfo=local_tz),
                                 ^
SyntaxError: leading zeros in decimal integer literals are not permitted; use an 0o prefix for octal integers
[2026-02-02T23:22:03.751+0000] {processor.py:842} WARNING - No viable dags retrieved from /opt/airflow/dags/main.py
[2026-02-02T23:22:03.808+0000] {processor.py:183} INFO - Processing /opt/airflow/dags/main.py took 0.101 seconds
[2026-02-02T23:22:06.883+0000] {processor.py:161} INFO - Started process (PID=634) to work on /opt/airflow/dags/main.py
[2026-02-02T23:22:06.888+0000] {processor.py:830} INFO - Processing file /opt/airflow/dags/main.py for tasks to queue
[2026-02-02T23:22:06.893+0000] {logging_mixin.py:188} INFO - [2026-02-02T23:22:06.892+0000] {dagbag.py:545} INFO - Filling up the DagBag from /opt/airflow/dags/main.py
[2026-02-02T23:22:06.900+0000] {logging_mixin.py:188} INFO - [2026-02-02T23:22:06.899+0000] {dagbag.py:355} ERROR - Failed to import: /opt/airflow/dags/main.py
Traceback (most recent call last):
  File "/home/airflow/.local/lib/python3.10/site-packages/airflow/models/dagbag.py", line 351, in parse
    loader.exec_module(new_module)
  File "<frozen importlib._bootstrap_external>", line 879, in exec_module
  File "<frozen importlib._bootstrap_external>", line 1017, in get_code
  File "<frozen importlib._bootstrap_external>", line 947, in source_to_code
  File "<frozen importlib._bootstrap>", line 241, in _call_with_frames_removed
  File "/opt/airflow/dags/main.py", line 20
    "start_date": datetime(2026, 02, 03, tzinfo=local_tz),
                                 ^
SyntaxError: leading zeros in decimal integer literals are not permitted; use an 0o prefix for octal integers
[2026-02-02T23:22:06.902+0000] {processor.py:842} WARNING - No viable dags retrieved from /opt/airflow/dags/main.py
[2026-02-02T23:22:06.969+0000] {processor.py:183} INFO - Processing /opt/airflow/dags/main.py took 0.106 seconds
[2026-02-02T23:22:07.922+0000] {processor.py:161} INFO - Started process (PID=635) to work on /opt/airflow/dags/main.py
[2026-02-02T23:22:07.930+0000] {processor.py:830} INFO - Processing file /opt/airflow/dags/main.py for tasks to queue
[2026-02-02T23:22:07.934+0000] {logging_mixin.py:188} INFO - [2026-02-02T23:22:07.934+0000] {dagbag.py:545} INFO - Filling up the DagBag from /opt/airflow/dags/main.py
[2026-02-02T23:22:07.953+0000] {logging_mixin.py:188} INFO - [2026-02-02T23:22:07.942+0000] {dagbag.py:355} ERROR - Failed to import: /opt/airflow/dags/main.py
Traceback (most recent call last):
  File "/home/airflow/.local/lib/python3.10/site-packages/airflow/models/dagbag.py", line 351, in parse
    loader.exec_module(new_module)
  File "<frozen importlib._bootstrap_external>", line 879, in exec_module
  File "<frozen importlib._bootstrap_external>", line 1017, in get_code
  File "<frozen importlib._bootstrap_external>", line 947, in source_to_code
  File "<frozen importlib._bootstrap>", line 241, in _call_with_frames_removed
  File "/opt/airflow/dags/main.py", line 20
    "start_date": datetime(2026, 02, 03, tzinfo=local_tz),
                                 ^
SyntaxError: leading zeros in decimal integer literals are not permitted; use an 0o prefix for octal integers
[2026-02-02T23:22:07.955+0000] {processor.py:842} WARNING - No viable dags retrieved from /opt/airflow/dags/main.py
[2026-02-02T23:22:08.042+0000] {processor.py:183} INFO - Processing /opt/airflow/dags/main.py took 0.139 seconds
[2026-02-02T23:22:27.786+0000] {processor.py:161} INFO - Started process (PID=636) to work on /opt/airflow/dags/main.py
[2026-02-02T23:22:27.816+0000] {processor.py:830} INFO - Processing file /opt/airflow/dags/main.py for tasks to queue
[2026-02-02T23:22:27.828+0000] {logging_mixin.py:188} INFO - [2026-02-02T23:22:27.827+0000] {dagbag.py:545} INFO - Filling up the DagBag from /opt/airflow/dags/main.py
[2026-02-02T23:22:27.832+0000] {logging_mixin.py:188} INFO - [2026-02-02T23:22:27.831+0000] {dagbag.py:355} ERROR - Failed to import: /opt/airflow/dags/main.py
Traceback (most recent call last):
  File "/home/airflow/.local/lib/python3.10/site-packages/airflow/models/dagbag.py", line 351, in parse
    loader.exec_module(new_module)
  File "<frozen importlib._bootstrap_external>", line 879, in exec_module
  File "<frozen importlib._bootstrap_external>", line 1017, in get_code
  File "<frozen importlib._bootstrap_external>", line 947, in source_to_code
  File "<frozen importlib._bootstrap>", line 241, in _call_with_frames_removed
  File "/opt/airflow/dags/main.py", line 20
    "start_date": datetime(2026, 02, 03, tzinfo=local_tz),
                                 ^
SyntaxError: leading zeros in decimal integer literals are not permitted; use an 0o prefix for octal integers
[2026-02-02T23:22:27.833+0000] {processor.py:842} WARNING - No viable dags retrieved from /opt/airflow/dags/main.py
[2026-02-02T23:22:27.888+0000] {processor.py:183} INFO - Processing /opt/airflow/dags/main.py took 0.127 seconds
[2026-02-02T23:22:34.943+0000] {processor.py:161} INFO - Started process (PID=642) to work on /opt/airflow/dags/main.py
[2026-02-02T23:22:34.947+0000] {processor.py:830} INFO - Processing file /opt/airflow/dags/main.py for tasks to queue
[2026-02-02T23:22:34.951+0000] {logging_mixin.py:188} INFO - [2026-02-02T23:22:34.951+0000] {dagbag.py:545} INFO - Filling up the DagBag from /opt/airflow/dags/main.py
[2026-02-02T23:22:34.960+0000] {logging_mixin.py:188} INFO - [2026-02-02T23:22:34.959+0000] {dagbag.py:355} ERROR - Failed to import: /opt/airflow/dags/main.py
Traceback (most recent call last):
  File "/home/airflow/.local/lib/python3.10/site-packages/airflow/models/dagbag.py", line 351, in parse
    loader.exec_module(new_module)
  File "<frozen importlib._bootstrap_external>", line 879, in exec_module
  File "<frozen importlib._bootstrap_external>", line 1017, in get_code
  File "<frozen importlib._bootstrap_external>", line 947, in source_to_code
  File "<frozen importlib._bootstrap>", line 241, in _call_with_frames_removed
  File "/opt/airflow/dags/main.py", line 20
    "start_date": datetime(2026, 02, 03, tzinfo=local_tz),
                                 ^
SyntaxError: leading zeros in decimal integer literals are not permitted; use an 0o prefix for octal integers
[2026-02-02T23:22:34.961+0000] {processor.py:842} WARNING - No viable dags retrieved from /opt/airflow/dags/main.py
[2026-02-02T23:22:35.025+0000] {processor.py:183} INFO - Processing /opt/airflow/dags/main.py took 0.094 seconds
[2026-02-02T23:22:41.052+0000] {processor.py:161} INFO - Started process (PID=643) to work on /opt/airflow/dags/main.py
[2026-02-02T23:22:41.056+0000] {processor.py:830} INFO - Processing file /opt/airflow/dags/main.py for tasks to queue
[2026-02-02T23:22:41.061+0000] {logging_mixin.py:188} INFO - [2026-02-02T23:22:41.060+0000] {dagbag.py:545} INFO - Filling up the DagBag from /opt/airflow/dags/main.py
[2026-02-02T23:22:41.076+0000] {logging_mixin.py:188} INFO - [2026-02-02T23:22:41.074+0000] {dagbag.py:355} ERROR - Failed to import: /opt/airflow/dags/main.py
Traceback (most recent call last):
  File "/home/airflow/.local/lib/python3.10/site-packages/airflow/models/dagbag.py", line 351, in parse
    loader.exec_module(new_module)
  File "<frozen importlib._bootstrap_external>", line 879, in exec_module
  File "<frozen importlib._bootstrap_external>", line 1017, in get_code
  File "<frozen importlib._bootstrap_external>", line 947, in source_to_code
  File "<frozen importlib._bootstrap>", line 241, in _call_with_frames_removed
  File "/opt/airflow/dags/main.py", line 20
    "start_date": datetime(2026, 02, 03, tzinfo=local_tz),
                                 ^
SyntaxError: leading zeros in decimal integer literals are not permitted; use an 0o prefix for octal integers
[2026-02-02T23:22:41.079+0000] {processor.py:842} WARNING - No viable dags retrieved from /opt/airflow/dags/main.py
[2026-02-02T23:22:41.139+0000] {processor.py:183} INFO - Processing /opt/airflow/dags/main.py took 0.098 seconds
[2026-02-02T23:22:43.475+0000] {processor.py:161} INFO - Started process (PID=644) to work on /opt/airflow/dags/main.py
[2026-02-02T23:22:43.477+0000] {processor.py:830} INFO - Processing file /opt/airflow/dags/main.py for tasks to queue
[2026-02-02T23:22:43.481+0000] {logging_mixin.py:188} INFO - [2026-02-02T23:22:43.481+0000] {dagbag.py:545} INFO - Filling up the DagBag from /opt/airflow/dags/main.py
[2026-02-02T23:22:43.545+0000] {logging_mixin.py:188} INFO - [2026-02-02T23:22:43.533+0000] {dagbag.py:355} ERROR - Failed to import: /opt/airflow/dags/main.py
Traceback (most recent call last):
  File "/home/airflow/.local/lib/python3.10/site-packages/airflow/models/dagbag.py", line 351, in parse
    loader.exec_module(new_module)
  File "<frozen importlib._bootstrap_external>", line 879, in exec_module
  File "<frozen importlib._bootstrap_external>", line 1017, in get_code
  File "<frozen importlib._bootstrap_external>", line 947, in source_to_code
  File "<frozen importlib._bootstrap>", line 241, in _call_with_frames_removed
  File "/opt/airflow/dags/main.py", line 20
    "start_date": datetime(2026, 02, 03, tzinfo=local_tz),
                                 ^
SyntaxError: leading zeros in decimal integer literals are not permitted; use an 0o prefix for octal integers
[2026-02-02T23:22:43.547+0000] {processor.py:842} WARNING - No viable dags retrieved from /opt/airflow/dags/main.py
[2026-02-02T23:22:43.637+0000] {processor.py:183} INFO - Processing /opt/airflow/dags/main.py took 0.475 seconds
[2026-02-02T23:22:46.758+0000] {processor.py:161} INFO - Started process (PID=645) to work on /opt/airflow/dags/main.py
[2026-02-02T23:22:46.763+0000] {processor.py:830} INFO - Processing file /opt/airflow/dags/main.py for tasks to queue
[2026-02-02T23:22:46.767+0000] {logging_mixin.py:188} INFO - [2026-02-02T23:22:46.766+0000] {dagbag.py:545} INFO - Filling up the DagBag from /opt/airflow/dags/main.py
[2026-02-02T23:22:46.772+0000] {logging_mixin.py:188} INFO - [2026-02-02T23:22:46.771+0000] {dagbag.py:355} ERROR - Failed to import: /opt/airflow/dags/main.py
Traceback (most recent call last):
  File "/home/airflow/.local/lib/python3.10/site-packages/airflow/models/dagbag.py", line 351, in parse
    loader.exec_module(new_module)
  File "<frozen importlib._bootstrap_external>", line 879, in exec_module
  File "<frozen importlib._bootstrap_external>", line 1017, in get_code
  File "<frozen importlib._bootstrap_external>", line 947, in source_to_code
  File "<frozen importlib._bootstrap>", line 241, in _call_with_frames_removed
  File "/opt/airflow/dags/main.py", line 20
    "start_date": datetime(2026, 02, 03, tzinfo=local_tz),
                                 ^
SyntaxError: leading zeros in decimal integer literals are not permitted; use an 0o prefix for octal integers
[2026-02-02T23:22:46.773+0000] {processor.py:842} WARNING - No viable dags retrieved from /opt/airflow/dags/main.py
[2026-02-02T23:22:46.939+0000] {processor.py:183} INFO - Processing /opt/airflow/dags/main.py took 0.218 seconds
[2026-02-02T23:22:47.798+0000] {processor.py:161} INFO - Started process (PID=646) to work on /opt/airflow/dags/main.py
[2026-02-02T23:22:47.803+0000] {processor.py:830} INFO - Processing file /opt/airflow/dags/main.py for tasks to queue
[2026-02-02T23:22:48.089+0000] {logging_mixin.py:188} INFO - [2026-02-02T23:22:48.088+0000] {dagbag.py:545} INFO - Filling up the DagBag from /opt/airflow/dags/main.py
[2026-02-02T23:22:48.106+0000] {logging_mixin.py:188} INFO - [2026-02-02T23:22:48.105+0000] {dagbag.py:355} ERROR - Failed to import: /opt/airflow/dags/main.py
Traceback (most recent call last):
  File "/home/airflow/.local/lib/python3.10/site-packages/airflow/models/dagbag.py", line 351, in parse
    loader.exec_module(new_module)
  File "<frozen importlib._bootstrap_external>", line 879, in exec_module
  File "<frozen importlib._bootstrap_external>", line 1017, in get_code
  File "<frozen importlib._bootstrap_external>", line 947, in source_to_code
  File "<frozen importlib._bootstrap>", line 241, in _call_with_frames_removed
  File "/opt/airflow/dags/main.py", line 20
    "start_date": datetime(2026, 02, 03, tzinfo=local_tz),
                                 ^
SyntaxError: leading zeros in decimal integer literals are not permitted; use an 0o prefix for octal integers
[2026-02-02T23:22:48.108+0000] {processor.py:842} WARNING - No viable dags retrieved from /opt/airflow/dags/main.py
[2026-02-02T23:22:48.184+0000] {processor.py:183} INFO - Processing /opt/airflow/dags/main.py took 0.399 seconds
[2026-02-02T23:23:02.940+0000] {processor.py:161} INFO - Started process (PID=653) to work on /opt/airflow/dags/main.py
[2026-02-02T23:23:02.946+0000] {processor.py:830} INFO - Processing file /opt/airflow/dags/main.py for tasks to queue
[2026-02-02T23:23:02.951+0000] {logging_mixin.py:188} INFO - [2026-02-02T23:23:02.951+0000] {dagbag.py:545} INFO - Filling up the DagBag from /opt/airflow/dags/main.py
[2026-02-02T23:23:02.958+0000] {logging_mixin.py:188} INFO - [2026-02-02T23:23:02.957+0000] {dagbag.py:355} ERROR - Failed to import: /opt/airflow/dags/main.py
Traceback (most recent call last):
  File "/home/airflow/.local/lib/python3.10/site-packages/airflow/models/dagbag.py", line 351, in parse
    loader.exec_module(new_module)
  File "<frozen importlib._bootstrap_external>", line 879, in exec_module
  File "<frozen importlib._bootstrap_external>", line 1017, in get_code
  File "<frozen importlib._bootstrap_external>", line 947, in source_to_code
  File "<frozen importlib._bootstrap>", line 241, in _call_with_frames_removed
  File "/opt/airflow/dags/main.py", line 20
    "start_date": datetime(2026, 02, 03, tzinfo=local_tz),
                                 ^
SyntaxError: leading zeros in decimal integer literals are not permitted; use an 0o prefix for octal integers
[2026-02-02T23:23:02.960+0000] {processor.py:842} WARNING - No viable dags retrieved from /opt/airflow/dags/main.py
[2026-02-02T23:23:03.065+0000] {processor.py:183} INFO - Processing /opt/airflow/dags/main.py took 0.198 seconds
[2026-02-02T23:23:04.929+0000] {processor.py:161} INFO - Started process (PID=654) to work on /opt/airflow/dags/main.py
[2026-02-02T23:23:04.935+0000] {processor.py:830} INFO - Processing file /opt/airflow/dags/main.py for tasks to queue
[2026-02-02T23:23:04.942+0000] {logging_mixin.py:188} INFO - [2026-02-02T23:23:04.941+0000] {dagbag.py:545} INFO - Filling up the DagBag from /opt/airflow/dags/main.py
[2026-02-02T23:23:04.953+0000] {logging_mixin.py:188} INFO - [2026-02-02T23:23:04.951+0000] {dagbag.py:355} ERROR - Failed to import: /opt/airflow/dags/main.py
Traceback (most recent call last):
  File "/home/airflow/.local/lib/python3.10/site-packages/airflow/models/dagbag.py", line 351, in parse
    loader.exec_module(new_module)
  File "<frozen importlib._bootstrap_external>", line 879, in exec_module
  File "<frozen importlib._bootstrap_external>", line 1017, in get_code
  File "<frozen importlib._bootstrap_external>", line 947, in source_to_code
  File "<frozen importlib._bootstrap>", line 241, in _call_with_frames_removed
  File "/opt/airflow/dags/main.py", line 20
    "start_date": datetime(2026, 02, 03, tzinfo=local_tz),
                                 ^
SyntaxError: leading zeros in decimal integer literals are not permitted; use an 0o prefix for octal integers
[2026-02-02T23:23:04.954+0000] {processor.py:842} WARNING - No viable dags retrieved from /opt/airflow/dags/main.py
[2026-02-02T23:23:05.020+0000] {processor.py:183} INFO - Processing /opt/airflow/dags/main.py took 0.143 seconds
[2026-02-02T23:23:06.938+0000] {processor.py:161} INFO - Started process (PID=655) to work on /opt/airflow/dags/main.py
[2026-02-02T23:23:07.002+0000] {processor.py:830} INFO - Processing file /opt/airflow/dags/main.py for tasks to queue
[2026-02-02T23:23:07.008+0000] {logging_mixin.py:188} INFO - [2026-02-02T23:23:07.007+0000] {dagbag.py:545} INFO - Filling up the DagBag from /opt/airflow/dags/main.py
[2026-02-02T23:23:07.036+0000] {logging_mixin.py:188} INFO - [2026-02-02T23:23:07.034+0000] {dagbag.py:355} ERROR - Failed to import: /opt/airflow/dags/main.py
Traceback (most recent call last):
  File "/home/airflow/.local/lib/python3.10/site-packages/airflow/models/dagbag.py", line 351, in parse
    loader.exec_module(new_module)
  File "<frozen importlib._bootstrap_external>", line 879, in exec_module
  File "<frozen importlib._bootstrap_external>", line 1017, in get_code
  File "<frozen importlib._bootstrap_external>", line 947, in source_to_code
  File "<frozen importlib._bootstrap>", line 241, in _call_with_frames_removed
  File "/opt/airflow/dags/main.py", line 20
    "start_date": datetime(2026, 02, 03, tzinfo=local_tz),
                                 ^
SyntaxError: leading zeros in decimal integer literals are not permitted; use an 0o prefix for octal integers
[2026-02-02T23:23:07.037+0000] {processor.py:842} WARNING - No viable dags retrieved from /opt/airflow/dags/main.py
[2026-02-02T23:23:07.194+0000] {processor.py:183} INFO - Processing /opt/airflow/dags/main.py took 0.289 seconds
[2026-02-02T23:23:09.198+0000] {processor.py:161} INFO - Started process (PID=656) to work on /opt/airflow/dags/main.py
[2026-02-02T23:23:09.202+0000] {processor.py:830} INFO - Processing file /opt/airflow/dags/main.py for tasks to queue
[2026-02-02T23:23:09.209+0000] {logging_mixin.py:188} INFO - [2026-02-02T23:23:09.206+0000] {dagbag.py:545} INFO - Filling up the DagBag from /opt/airflow/dags/main.py
[2026-02-02T23:23:09.214+0000] {logging_mixin.py:188} INFO - [2026-02-02T23:23:09.213+0000] {dagbag.py:355} ERROR - Failed to import: /opt/airflow/dags/main.py
Traceback (most recent call last):
  File "/home/airflow/.local/lib/python3.10/site-packages/airflow/models/dagbag.py", line 351, in parse
    loader.exec_module(new_module)
  File "<frozen importlib._bootstrap_external>", line 879, in exec_module
  File "<frozen importlib._bootstrap_external>", line 1017, in get_code
  File "<frozen importlib._bootstrap_external>", line 947, in source_to_code
  File "<frozen importlib._bootstrap>", line 241, in _call_with_frames_removed
  File "/opt/airflow/dags/main.py", line 20
    "start_date": datetime(2026, 02, 03, tzinfo=local_tz),
                                 ^
SyntaxError: leading zeros in decimal integer literals are not permitted; use an 0o prefix for octal integers
[2026-02-02T23:23:09.216+0000] {processor.py:842} WARNING - No viable dags retrieved from /opt/airflow/dags/main.py
[2026-02-02T23:23:09.259+0000] {processor.py:183} INFO - Processing /opt/airflow/dags/main.py took 0.075 seconds
[2026-02-02T23:23:37.539+0000] {processor.py:161} INFO - Started process (PID=662) to work on /opt/airflow/dags/main.py
[2026-02-02T23:23:37.544+0000] {processor.py:830} INFO - Processing file /opt/airflow/dags/main.py for tasks to queue
[2026-02-02T23:23:37.551+0000] {logging_mixin.py:188} INFO - [2026-02-02T23:23:37.550+0000] {dagbag.py:545} INFO - Filling up the DagBag from /opt/airflow/dags/main.py
[2026-02-02T23:23:37.562+0000] {logging_mixin.py:188} INFO - [2026-02-02T23:23:37.560+0000] {dagbag.py:355} ERROR - Failed to import: /opt/airflow/dags/main.py
Traceback (most recent call last):
  File "/home/airflow/.local/lib/python3.10/site-packages/airflow/models/dagbag.py", line 351, in parse
    loader.exec_module(new_module)
  File "<frozen importlib._bootstrap_external>", line 879, in exec_module
  File "<frozen importlib._bootstrap_external>", line 1017, in get_code
  File "<frozen importlib._bootstrap_external>", line 947, in source_to_code
  File "<frozen importlib._bootstrap>", line 241, in _call_with_frames_removed
  File "/opt/airflow/dags/main.py", line 20
    "start_date": datetime(2026, 02, 03, tzinfo=local_tz),
                                 ^
SyntaxError: leading zeros in decimal integer literals are not permitted; use an 0o prefix for octal integers
[2026-02-02T23:23:37.564+0000] {processor.py:842} WARNING - No viable dags retrieved from /opt/airflow/dags/main.py
[2026-02-02T23:23:37.621+0000] {processor.py:183} INFO - Processing /opt/airflow/dags/main.py took 0.123 seconds
[2026-02-02T23:23:44.617+0000] {processor.py:161} INFO - Started process (PID=663) to work on /opt/airflow/dags/main.py
[2026-02-02T23:23:44.619+0000] {processor.py:830} INFO - Processing file /opt/airflow/dags/main.py for tasks to queue
[2026-02-02T23:23:44.622+0000] {logging_mixin.py:188} INFO - [2026-02-02T23:23:44.622+0000] {dagbag.py:545} INFO - Filling up the DagBag from /opt/airflow/dags/main.py
[2026-02-02T23:23:44.628+0000] {logging_mixin.py:188} INFO - [2026-02-02T23:23:44.627+0000] {dagbag.py:355} ERROR - Failed to import: /opt/airflow/dags/main.py
Traceback (most recent call last):
  File "/home/airflow/.local/lib/python3.10/site-packages/airflow/models/dagbag.py", line 351, in parse
    loader.exec_module(new_module)
  File "<frozen importlib._bootstrap_external>", line 879, in exec_module
  File "<frozen importlib._bootstrap_external>", line 1017, in get_code
  File "<frozen importlib._bootstrap_external>", line 947, in source_to_code
  File "<frozen importlib._bootstrap>", line 241, in _call_with_frames_removed
  File "/opt/airflow/dags/main.py", line 20
    "start_date": datetime(2026, 02, 03, tzinfo=local_tz),
                                 ^
SyntaxError: leading zeros in decimal integer literals are not permitted; use an 0o prefix for octal integers
[2026-02-02T23:23:44.630+0000] {processor.py:842} WARNING - No viable dags retrieved from /opt/airflow/dags/main.py
[2026-02-02T23:23:44.696+0000] {processor.py:183} INFO - Processing /opt/airflow/dags/main.py took 0.093 seconds
[2026-02-02T23:23:52.836+0000] {processor.py:161} INFO - Started process (PID=664) to work on /opt/airflow/dags/main.py
[2026-02-02T23:23:52.849+0000] {processor.py:830} INFO - Processing file /opt/airflow/dags/main.py for tasks to queue
[2026-02-02T23:23:52.858+0000] {logging_mixin.py:188} INFO - [2026-02-02T23:23:52.857+0000] {dagbag.py:545} INFO - Filling up the DagBag from /opt/airflow/dags/main.py
[2026-02-02T23:23:52.883+0000] {logging_mixin.py:188} INFO - [2026-02-02T23:23:52.880+0000] {dagbag.py:355} ERROR - Failed to import: /opt/airflow/dags/main.py
Traceback (most recent call last):
  File "/home/airflow/.local/lib/python3.10/site-packages/airflow/models/dagbag.py", line 351, in parse
    loader.exec_module(new_module)
  File "<frozen importlib._bootstrap_external>", line 879, in exec_module
  File "<frozen importlib._bootstrap_external>", line 1017, in get_code
  File "<frozen importlib._bootstrap_external>", line 947, in source_to_code
  File "<frozen importlib._bootstrap>", line 241, in _call_with_frames_removed
  File "/opt/airflow/dags/main.py", line 20
    "start_date": datetime(2026, 02, 03, tzinfo=local_tz),
                                 ^
SyntaxError: leading zeros in decimal integer literals are not permitted; use an 0o prefix for octal integers
[2026-02-02T23:23:52.884+0000] {processor.py:842} WARNING - No viable dags retrieved from /opt/airflow/dags/main.py
[2026-02-02T23:23:52.981+0000] {processor.py:183} INFO - Processing /opt/airflow/dags/main.py took 0.163 seconds
[2026-02-02T23:23:53.897+0000] {processor.py:161} INFO - Started process (PID=665) to work on /opt/airflow/dags/main.py
[2026-02-02T23:23:53.899+0000] {processor.py:830} INFO - Processing file /opt/airflow/dags/main.py for tasks to queue
[2026-02-02T23:23:53.903+0000] {logging_mixin.py:188} INFO - [2026-02-02T23:23:53.902+0000] {dagbag.py:545} INFO - Filling up the DagBag from /opt/airflow/dags/main.py
[2026-02-02T23:23:53.908+0000] {logging_mixin.py:188} INFO - [2026-02-02T23:23:53.907+0000] {dagbag.py:355} ERROR - Failed to import: /opt/airflow/dags/main.py
Traceback (most recent call last):
  File "/home/airflow/.local/lib/python3.10/site-packages/airflow/models/dagbag.py", line 351, in parse
    loader.exec_module(new_module)
  File "<frozen importlib._bootstrap_external>", line 879, in exec_module
  File "<frozen importlib._bootstrap_external>", line 1017, in get_code
  File "<frozen importlib._bootstrap_external>", line 947, in source_to_code
  File "<frozen importlib._bootstrap>", line 241, in _call_with_frames_removed
  File "/opt/airflow/dags/main.py", line 20
    "start_date": datetime(2026, 02, 03, tzinfo=local_tz),
                                 ^
SyntaxError: leading zeros in decimal integer literals are not permitted; use an 0o prefix for octal integers
[2026-02-02T23:23:53.910+0000] {processor.py:842} WARNING - No viable dags retrieved from /opt/airflow/dags/main.py
[2026-02-02T23:23:53.989+0000] {processor.py:183} INFO - Processing /opt/airflow/dags/main.py took 0.107 seconds
[2026-02-02T23:24:02.606+0000] {processor.py:161} INFO - Started process (PID=666) to work on /opt/airflow/dags/main.py
[2026-02-02T23:24:02.673+0000] {processor.py:830} INFO - Processing file /opt/airflow/dags/main.py for tasks to queue
[2026-02-02T23:24:02.705+0000] {logging_mixin.py:188} INFO - [2026-02-02T23:24:02.702+0000] {dagbag.py:545} INFO - Filling up the DagBag from /opt/airflow/dags/main.py
[2026-02-02T23:24:02.736+0000] {logging_mixin.py:188} INFO - [2026-02-02T23:24:02.734+0000] {dagbag.py:355} ERROR - Failed to import: /opt/airflow/dags/main.py
Traceback (most recent call last):
  File "/home/airflow/.local/lib/python3.10/site-packages/airflow/models/dagbag.py", line 351, in parse
    loader.exec_module(new_module)
  File "<frozen importlib._bootstrap_external>", line 879, in exec_module
  File "<frozen importlib._bootstrap_external>", line 1017, in get_code
  File "<frozen importlib._bootstrap_external>", line 947, in source_to_code
  File "<frozen importlib._bootstrap>", line 241, in _call_with_frames_removed
  File "/opt/airflow/dags/main.py", line 20
    "start_date": datetime(2026, 02, 03, tzinfo=local_tz),
                                 ^
SyntaxError: leading zeros in decimal integer literals are not permitted; use an 0o prefix for octal integers
[2026-02-02T23:24:02.744+0000] {processor.py:842} WARNING - No viable dags retrieved from /opt/airflow/dags/main.py
[2026-02-02T23:24:03.000+0000] {processor.py:183} INFO - Processing /opt/airflow/dags/main.py took 0.421 seconds
[2026-02-02T23:24:08.133+0000] {processor.py:161} INFO - Started process (PID=673) to work on /opt/airflow/dags/main.py
[2026-02-02T23:24:08.137+0000] {processor.py:830} INFO - Processing file /opt/airflow/dags/main.py for tasks to queue
[2026-02-02T23:24:08.140+0000] {logging_mixin.py:188} INFO - [2026-02-02T23:24:08.140+0000] {dagbag.py:545} INFO - Filling up the DagBag from /opt/airflow/dags/main.py
[2026-02-02T23:24:08.147+0000] {logging_mixin.py:188} INFO - [2026-02-02T23:24:08.146+0000] {dagbag.py:355} ERROR - Failed to import: /opt/airflow/dags/main.py
Traceback (most recent call last):
  File "/home/airflow/.local/lib/python3.10/site-packages/airflow/models/dagbag.py", line 351, in parse
    loader.exec_module(new_module)
  File "<frozen importlib._bootstrap_external>", line 879, in exec_module
  File "<frozen importlib._bootstrap_external>", line 1017, in get_code
  File "<frozen importlib._bootstrap_external>", line 947, in source_to_code
  File "<frozen importlib._bootstrap>", line 241, in _call_with_frames_removed
  File "/opt/airflow/dags/main.py", line 20
    "start_date": datetime(2026, 02, 03, tzinfo=local_tz),
                                 ^
SyntaxError: leading zeros in decimal integer literals are not permitted; use an 0o prefix for octal integers
[2026-02-02T23:24:08.148+0000] {processor.py:842} WARNING - No viable dags retrieved from /opt/airflow/dags/main.py
[2026-02-02T23:24:08.204+0000] {processor.py:183} INFO - Processing /opt/airflow/dags/main.py took 0.089 seconds
[2026-02-02T23:24:09.164+0000] {processor.py:161} INFO - Started process (PID=674) to work on /opt/airflow/dags/main.py
[2026-02-02T23:24:09.168+0000] {processor.py:830} INFO - Processing file /opt/airflow/dags/main.py for tasks to queue
[2026-02-02T23:24:09.172+0000] {logging_mixin.py:188} INFO - [2026-02-02T23:24:09.171+0000] {dagbag.py:545} INFO - Filling up the DagBag from /opt/airflow/dags/main.py
[2026-02-02T23:24:09.181+0000] {logging_mixin.py:188} INFO - [2026-02-02T23:24:09.179+0000] {dagbag.py:355} ERROR - Failed to import: /opt/airflow/dags/main.py
Traceback (most recent call last):
  File "/home/airflow/.local/lib/python3.10/site-packages/airflow/models/dagbag.py", line 351, in parse
    loader.exec_module(new_module)
  File "<frozen importlib._bootstrap_external>", line 879, in exec_module
  File "<frozen importlib._bootstrap_external>", line 1017, in get_code
  File "<frozen importlib._bootstrap_external>", line 947, in source_to_code
  File "<frozen importlib._bootstrap>", line 241, in _call_with_frames_removed
  File "/opt/airflow/dags/main.py", line 20
    "start_date": datetime(2026, 02, 03, tzinfo=local_tz),
                                 ^
SyntaxError: leading zeros in decimal integer literals are not permitted; use an 0o prefix for octal integers
[2026-02-02T23:24:09.182+0000] {processor.py:842} WARNING - No viable dags retrieved from /opt/airflow/dags/main.py
[2026-02-02T23:24:09.252+0000] {processor.py:183} INFO - Processing /opt/airflow/dags/main.py took 0.112 seconds
[2026-02-02T23:24:17.419+0000] {processor.py:161} INFO - Started process (PID=675) to work on /opt/airflow/dags/main.py
[2026-02-02T23:24:17.429+0000] {processor.py:830} INFO - Processing file /opt/airflow/dags/main.py for tasks to queue
[2026-02-02T23:24:17.451+0000] {logging_mixin.py:188} INFO - [2026-02-02T23:24:17.444+0000] {dagbag.py:545} INFO - Filling up the DagBag from /opt/airflow/dags/main.py
[2026-02-02T23:24:17.501+0000] {logging_mixin.py:188} INFO - [2026-02-02T23:24:17.488+0000] {dagbag.py:355} ERROR - Failed to import: /opt/airflow/dags/main.py
Traceback (most recent call last):
  File "/home/airflow/.local/lib/python3.10/site-packages/airflow/models/dagbag.py", line 351, in parse
    loader.exec_module(new_module)
  File "<frozen importlib._bootstrap_external>", line 879, in exec_module
  File "<frozen importlib._bootstrap_external>", line 1017, in get_code
  File "<frozen importlib._bootstrap_external>", line 947, in source_to_code
  File "<frozen importlib._bootstrap>", line 241, in _call_with_frames_removed
  File "/opt/airflow/dags/main.py", line 20
    "start_date": datetime(2026, 02, 03, tzinfo=local_tz),
                                 ^
SyntaxError: leading zeros in decimal integer literals are not permitted; use an 0o prefix for octal integers
[2026-02-02T23:24:17.505+0000] {processor.py:842} WARNING - No viable dags retrieved from /opt/airflow/dags/main.py
[2026-02-02T23:24:17.630+0000] {processor.py:183} INFO - Processing /opt/airflow/dags/main.py took 0.223 seconds
[2026-02-02T23:24:18.516+0000] {processor.py:161} INFO - Started process (PID=676) to work on /opt/airflow/dags/main.py
[2026-02-02T23:24:18.518+0000] {processor.py:830} INFO - Processing file /opt/airflow/dags/main.py for tasks to queue
[2026-02-02T23:24:18.525+0000] {logging_mixin.py:188} INFO - [2026-02-02T23:24:18.525+0000] {dagbag.py:545} INFO - Filling up the DagBag from /opt/airflow/dags/main.py
[2026-02-02T23:24:18.534+0000] {logging_mixin.py:188} INFO - [2026-02-02T23:24:18.533+0000] {dagbag.py:355} ERROR - Failed to import: /opt/airflow/dags/main.py
Traceback (most recent call last):
  File "/home/airflow/.local/lib/python3.10/site-packages/airflow/models/dagbag.py", line 351, in parse
    loader.exec_module(new_module)
  File "<frozen importlib._bootstrap_external>", line 879, in exec_module
  File "<frozen importlib._bootstrap_external>", line 1017, in get_code
  File "<frozen importlib._bootstrap_external>", line 947, in source_to_code
  File "<frozen importlib._bootstrap>", line 241, in _call_with_frames_removed
  File "/opt/airflow/dags/main.py", line 20
    "start_date": datetime(2026, 02, 03, tzinfo=local_tz),
                                 ^
SyntaxError: leading zeros in decimal integer literals are not permitted; use an 0o prefix for octal integers
[2026-02-02T23:24:18.535+0000] {processor.py:842} WARNING - No viable dags retrieved from /opt/airflow/dags/main.py
[2026-02-02T23:24:18.629+0000] {processor.py:183} INFO - Processing /opt/airflow/dags/main.py took 0.134 seconds
[2026-02-02T23:24:49.379+0000] {processor.py:161} INFO - Started process (PID=682) to work on /opt/airflow/dags/main.py
[2026-02-02T23:24:49.395+0000] {processor.py:830} INFO - Processing file /opt/airflow/dags/main.py for tasks to queue
[2026-02-02T23:24:49.399+0000] {logging_mixin.py:188} INFO - [2026-02-02T23:24:49.399+0000] {dagbag.py:545} INFO - Filling up the DagBag from /opt/airflow/dags/main.py
[2026-02-02T23:24:49.425+0000] {logging_mixin.py:188} INFO - [2026-02-02T23:24:49.403+0000] {dagbag.py:355} ERROR - Failed to import: /opt/airflow/dags/main.py
Traceback (most recent call last):
  File "/home/airflow/.local/lib/python3.10/site-packages/airflow/models/dagbag.py", line 351, in parse
    loader.exec_module(new_module)
  File "<frozen importlib._bootstrap_external>", line 879, in exec_module
  File "<frozen importlib._bootstrap_external>", line 1017, in get_code
  File "<frozen importlib._bootstrap_external>", line 947, in source_to_code
  File "<frozen importlib._bootstrap>", line 241, in _call_with_frames_removed
  File "/opt/airflow/dags/main.py", line 20
    "start_date": datetime(2026, 02, 03, tzinfo=local_tz),
                                 ^
SyntaxError: leading zeros in decimal integer literals are not permitted; use an 0o prefix for octal integers
[2026-02-02T23:24:49.428+0000] {processor.py:842} WARNING - No viable dags retrieved from /opt/airflow/dags/main.py
[2026-02-02T23:24:49.522+0000] {processor.py:183} INFO - Processing /opt/airflow/dags/main.py took 0.174 seconds
[2026-02-02T23:25:20.040+0000] {processor.py:161} INFO - Started process (PID=689) to work on /opt/airflow/dags/main.py
[2026-02-02T23:25:20.043+0000] {processor.py:830} INFO - Processing file /opt/airflow/dags/main.py for tasks to queue
[2026-02-02T23:25:20.048+0000] {logging_mixin.py:188} INFO - [2026-02-02T23:25:20.047+0000] {dagbag.py:545} INFO - Filling up the DagBag from /opt/airflow/dags/main.py
[2026-02-02T23:25:20.055+0000] {logging_mixin.py:188} INFO - [2026-02-02T23:25:20.054+0000] {dagbag.py:355} ERROR - Failed to import: /opt/airflow/dags/main.py
Traceback (most recent call last):
  File "/home/airflow/.local/lib/python3.10/site-packages/airflow/models/dagbag.py", line 351, in parse
    loader.exec_module(new_module)
  File "<frozen importlib._bootstrap_external>", line 879, in exec_module
  File "<frozen importlib._bootstrap_external>", line 1017, in get_code
  File "<frozen importlib._bootstrap_external>", line 947, in source_to_code
  File "<frozen importlib._bootstrap>", line 241, in _call_with_frames_removed
  File "/opt/airflow/dags/main.py", line 20
    "start_date": datetime(2026, 02, 03, tzinfo=local_tz),
                                 ^
SyntaxError: leading zeros in decimal integer literals are not permitted; use an 0o prefix for octal integers
[2026-02-02T23:25:20.058+0000] {processor.py:842} WARNING - No viable dags retrieved from /opt/airflow/dags/main.py
[2026-02-02T23:25:20.098+0000] {processor.py:183} INFO - Processing /opt/airflow/dags/main.py took 0.072 seconds
[2026-02-02T23:25:50.750+0000] {processor.py:161} INFO - Started process (PID=697) to work on /opt/airflow/dags/main.py
[2026-02-02T23:25:50.755+0000] {processor.py:830} INFO - Processing file /opt/airflow/dags/main.py for tasks to queue
[2026-02-02T23:25:50.764+0000] {logging_mixin.py:188} INFO - [2026-02-02T23:25:50.764+0000] {dagbag.py:545} INFO - Filling up the DagBag from /opt/airflow/dags/main.py
[2026-02-02T23:25:50.770+0000] {logging_mixin.py:188} INFO - [2026-02-02T23:25:50.769+0000] {dagbag.py:355} ERROR - Failed to import: /opt/airflow/dags/main.py
Traceback (most recent call last):
  File "/home/airflow/.local/lib/python3.10/site-packages/airflow/models/dagbag.py", line 351, in parse
    loader.exec_module(new_module)
  File "<frozen importlib._bootstrap_external>", line 879, in exec_module
  File "<frozen importlib._bootstrap_external>", line 1017, in get_code
  File "<frozen importlib._bootstrap_external>", line 947, in source_to_code
  File "<frozen importlib._bootstrap>", line 241, in _call_with_frames_removed
  File "/opt/airflow/dags/main.py", line 20
    "start_date": datetime(2026, 02, 03, tzinfo=local_tz),
                                 ^
SyntaxError: leading zeros in decimal integer literals are not permitted; use an 0o prefix for octal integers
[2026-02-02T23:25:50.770+0000] {processor.py:842} WARNING - No viable dags retrieved from /opt/airflow/dags/main.py
[2026-02-02T23:25:50.835+0000] {processor.py:183} INFO - Processing /opt/airflow/dags/main.py took 0.120 seconds
[2026-02-02T23:26:21.536+0000] {processor.py:161} INFO - Started process (PID=705) to work on /opt/airflow/dags/main.py
[2026-02-02T23:26:21.544+0000] {processor.py:830} INFO - Processing file /opt/airflow/dags/main.py for tasks to queue
[2026-02-02T23:26:21.548+0000] {logging_mixin.py:188} INFO - [2026-02-02T23:26:21.547+0000] {dagbag.py:545} INFO - Filling up the DagBag from /opt/airflow/dags/main.py
[2026-02-02T23:26:21.554+0000] {logging_mixin.py:188} INFO - [2026-02-02T23:26:21.553+0000] {dagbag.py:355} ERROR - Failed to import: /opt/airflow/dags/main.py
Traceback (most recent call last):
  File "/home/airflow/.local/lib/python3.10/site-packages/airflow/models/dagbag.py", line 351, in parse
    loader.exec_module(new_module)
  File "<frozen importlib._bootstrap_external>", line 879, in exec_module
  File "<frozen importlib._bootstrap_external>", line 1017, in get_code
  File "<frozen importlib._bootstrap_external>", line 947, in source_to_code
  File "<frozen importlib._bootstrap>", line 241, in _call_with_frames_removed
  File "/opt/airflow/dags/main.py", line 20
    "start_date": datetime(2026, 02, 03, tzinfo=local_tz),
                                 ^
SyntaxError: leading zeros in decimal integer literals are not permitted; use an 0o prefix for octal integers
[2026-02-02T23:26:21.555+0000] {processor.py:842} WARNING - No viable dags retrieved from /opt/airflow/dags/main.py
[2026-02-02T23:26:21.602+0000] {processor.py:183} INFO - Processing /opt/airflow/dags/main.py took 0.104 seconds
[2026-02-02T23:26:51.857+0000] {processor.py:161} INFO - Started process (PID=712) to work on /opt/airflow/dags/main.py
[2026-02-02T23:26:51.861+0000] {processor.py:830} INFO - Processing file /opt/airflow/dags/main.py for tasks to queue
[2026-02-02T23:26:51.868+0000] {logging_mixin.py:188} INFO - [2026-02-02T23:26:51.867+0000] {dagbag.py:545} INFO - Filling up the DagBag from /opt/airflow/dags/main.py
[2026-02-02T23:26:51.878+0000] {logging_mixin.py:188} INFO - [2026-02-02T23:26:51.876+0000] {dagbag.py:355} ERROR - Failed to import: /opt/airflow/dags/main.py
Traceback (most recent call last):
  File "/home/airflow/.local/lib/python3.10/site-packages/airflow/models/dagbag.py", line 351, in parse
    loader.exec_module(new_module)
  File "<frozen importlib._bootstrap_external>", line 879, in exec_module
  File "<frozen importlib._bootstrap_external>", line 1017, in get_code
  File "<frozen importlib._bootstrap_external>", line 947, in source_to_code
  File "<frozen importlib._bootstrap>", line 241, in _call_with_frames_removed
  File "/opt/airflow/dags/main.py", line 20
    "start_date": datetime(2026, 02, 03, tzinfo=local_tz),
                                 ^
SyntaxError: leading zeros in decimal integer literals are not permitted; use an 0o prefix for octal integers
[2026-02-02T23:26:51.879+0000] {processor.py:842} WARNING - No viable dags retrieved from /opt/airflow/dags/main.py
[2026-02-02T23:26:51.962+0000] {processor.py:183} INFO - Processing /opt/airflow/dags/main.py took 0.122 seconds
[2026-02-02T23:27:05.830+0000] {processor.py:161} INFO - Started process (PID=718) to work on /opt/airflow/dags/main.py
[2026-02-02T23:27:05.834+0000] {processor.py:830} INFO - Processing file /opt/airflow/dags/main.py for tasks to queue
[2026-02-02T23:27:05.839+0000] {logging_mixin.py:188} INFO - [2026-02-02T23:27:05.839+0000] {dagbag.py:545} INFO - Filling up the DagBag from /opt/airflow/dags/main.py
[2026-02-02T23:27:05.846+0000] {logging_mixin.py:188} INFO - [2026-02-02T23:27:05.844+0000] {dagbag.py:355} ERROR - Failed to import: /opt/airflow/dags/main.py
Traceback (most recent call last):
  File "/home/airflow/.local/lib/python3.10/site-packages/airflow/models/dagbag.py", line 351, in parse
    loader.exec_module(new_module)
  File "<frozen importlib._bootstrap_external>", line 879, in exec_module
  File "<frozen importlib._bootstrap_external>", line 1017, in get_code
  File "<frozen importlib._bootstrap_external>", line 947, in source_to_code
  File "<frozen importlib._bootstrap>", line 241, in _call_with_frames_removed
  File "/opt/airflow/dags/main.py", line 20
    "start_date": datetime(2026, 02, 03, tzinfo=local_tz),
                                 ^
SyntaxError: leading zeros in decimal integer literals are not permitted; use an 0o prefix for octal integers
[2026-02-02T23:27:05.847+0000] {processor.py:842} WARNING - No viable dags retrieved from /opt/airflow/dags/main.py
[2026-02-02T23:27:05.920+0000] {processor.py:183} INFO - Processing /opt/airflow/dags/main.py took 0.117 seconds
[2026-02-02T23:27:35.499+0000] {processor.py:161} INFO - Started process (PID=725) to work on /opt/airflow/dags/main.py
[2026-02-02T23:27:35.502+0000] {processor.py:830} INFO - Processing file /opt/airflow/dags/main.py for tasks to queue
[2026-02-02T23:27:35.510+0000] {logging_mixin.py:188} INFO - [2026-02-02T23:27:35.509+0000] {dagbag.py:545} INFO - Filling up the DagBag from /opt/airflow/dags/main.py
[2026-02-02T23:27:35.517+0000] {logging_mixin.py:188} INFO - [2026-02-02T23:27:35.516+0000] {dagbag.py:355} ERROR - Failed to import: /opt/airflow/dags/main.py
Traceback (most recent call last):
  File "/home/airflow/.local/lib/python3.10/site-packages/airflow/models/dagbag.py", line 351, in parse
    loader.exec_module(new_module)
  File "<frozen importlib._bootstrap_external>", line 879, in exec_module
  File "<frozen importlib._bootstrap_external>", line 1017, in get_code
  File "<frozen importlib._bootstrap_external>", line 947, in source_to_code
  File "<frozen importlib._bootstrap>", line 241, in _call_with_frames_removed
  File "/opt/airflow/dags/main.py", line 20
    "start_date": datetime(2026, 2, 03, tzinfo=local_tz),
                                    ^
SyntaxError: leading zeros in decimal integer literals are not permitted; use an 0o prefix for octal integers
[2026-02-02T23:27:35.518+0000] {processor.py:842} WARNING - No viable dags retrieved from /opt/airflow/dags/main.py
[2026-02-02T23:27:35.570+0000] {processor.py:183} INFO - Processing /opt/airflow/dags/main.py took 0.092 seconds
[2026-02-02T23:27:38.563+0000] {processor.py:161} INFO - Started process (PID=726) to work on /opt/airflow/dags/main.py
[2026-02-02T23:27:38.566+0000] {processor.py:830} INFO - Processing file /opt/airflow/dags/main.py for tasks to queue
[2026-02-02T23:27:38.574+0000] {logging_mixin.py:188} INFO - [2026-02-02T23:27:38.573+0000] {dagbag.py:545} INFO - Filling up the DagBag from /opt/airflow/dags/main.py
[2026-02-02T23:27:38.584+0000] {logging_mixin.py:188} INFO - [2026-02-02T23:27:38.582+0000] {dagbag.py:355} ERROR - Failed to import: /opt/airflow/dags/main.py
Traceback (most recent call last):
  File "/home/airflow/.local/lib/python3.10/site-packages/airflow/models/dagbag.py", line 351, in parse
    loader.exec_module(new_module)
  File "<frozen importlib._bootstrap_external>", line 879, in exec_module
  File "<frozen importlib._bootstrap_external>", line 1017, in get_code
  File "<frozen importlib._bootstrap_external>", line 947, in source_to_code
  File "<frozen importlib._bootstrap>", line 241, in _call_with_frames_removed
  File "/opt/airflow/dags/main.py", line 33
    playlist_id=get_playlist_id()
    ^^^^^^^^^^^
IndentationError: expected an indented block after 'with' statement on line 24
[2026-02-02T23:27:38.585+0000] {processor.py:842} WARNING - No viable dags retrieved from /opt/airflow/dags/main.py
[2026-02-02T23:27:38.624+0000] {processor.py:183} INFO - Processing /opt/airflow/dags/main.py took 0.081 seconds
[2026-02-02T23:28:09.650+0000] {processor.py:161} INFO - Started process (PID=733) to work on /opt/airflow/dags/main.py
[2026-02-02T23:28:09.656+0000] {processor.py:830} INFO - Processing file /opt/airflow/dags/main.py for tasks to queue
[2026-02-02T23:28:09.661+0000] {logging_mixin.py:188} INFO - [2026-02-02T23:28:09.660+0000] {dagbag.py:545} INFO - Filling up the DagBag from /opt/airflow/dags/main.py
[2026-02-02T23:28:09.666+0000] {logging_mixin.py:188} INFO - [2026-02-02T23:28:09.665+0000] {dagbag.py:355} ERROR - Failed to import: /opt/airflow/dags/main.py
Traceback (most recent call last):
  File "/home/airflow/.local/lib/python3.10/site-packages/airflow/models/dagbag.py", line 351, in parse
    loader.exec_module(new_module)
  File "<frozen importlib._bootstrap_external>", line 879, in exec_module
  File "<frozen importlib._bootstrap_external>", line 1017, in get_code
  File "<frozen importlib._bootstrap_external>", line 947, in source_to_code
  File "<frozen importlib._bootstrap>", line 241, in _call_with_frames_removed
  File "/opt/airflow/dags/main.py", line 36
    playlist_id=get_playlist_id()
    ^^^^^^^^^^^
IndentationError: expected an indented block after 'with' statement on line 24
[2026-02-02T23:28:09.667+0000] {processor.py:842} WARNING - No viable dags retrieved from /opt/airflow/dags/main.py
[2026-02-02T23:28:09.733+0000] {processor.py:183} INFO - Processing /opt/airflow/dags/main.py took 0.097 seconds
[2026-02-02T23:28:10.692+0000] {processor.py:161} INFO - Started process (PID=734) to work on /opt/airflow/dags/main.py
[2026-02-02T23:28:10.696+0000] {processor.py:830} INFO - Processing file /opt/airflow/dags/main.py for tasks to queue
[2026-02-02T23:28:10.700+0000] {logging_mixin.py:188} INFO - [2026-02-02T23:28:10.699+0000] {dagbag.py:545} INFO - Filling up the DagBag from /opt/airflow/dags/main.py
[2026-02-02T23:28:10.705+0000] {logging_mixin.py:188} INFO - [2026-02-02T23:28:10.704+0000] {dagbag.py:355} ERROR - Failed to import: /opt/airflow/dags/main.py
Traceback (most recent call last):
  File "/home/airflow/.local/lib/python3.10/site-packages/airflow/models/dagbag.py", line 351, in parse
    loader.exec_module(new_module)
  File "<frozen importlib._bootstrap_external>", line 879, in exec_module
  File "<frozen importlib._bootstrap_external>", line 1017, in get_code
  File "<frozen importlib._bootstrap_external>", line 947, in source_to_code
  File "<frozen importlib._bootstrap>", line 241, in _call_with_frames_removed
  File "/opt/airflow/dags/main.py", line 35
    playlist_id=get_playlist_id()
    ^^^^^^^^^^^
IndentationError: expected an indented block after 'with' statement on line 24
[2026-02-02T23:28:10.706+0000] {processor.py:842} WARNING - No viable dags retrieved from /opt/airflow/dags/main.py
[2026-02-02T23:28:10.768+0000] {processor.py:183} INFO - Processing /opt/airflow/dags/main.py took 0.086 seconds
[2026-02-02T23:28:12.813+0000] {processor.py:161} INFO - Started process (PID=735) to work on /opt/airflow/dags/main.py
[2026-02-02T23:28:12.817+0000] {processor.py:830} INFO - Processing file /opt/airflow/dags/main.py for tasks to queue
[2026-02-02T23:28:12.822+0000] {logging_mixin.py:188} INFO - [2026-02-02T23:28:12.821+0000] {dagbag.py:545} INFO - Filling up the DagBag from /opt/airflow/dags/main.py
[2026-02-02T23:28:12.836+0000] {logging_mixin.py:188} INFO - [2026-02-02T23:28:12.834+0000] {dagbag.py:355} ERROR - Failed to import: /opt/airflow/dags/main.py
Traceback (most recent call last):
  File "/home/airflow/.local/lib/python3.10/site-packages/airflow/models/dagbag.py", line 351, in parse
    loader.exec_module(new_module)
  File "<frozen importlib._bootstrap_external>", line 879, in exec_module
  File "<frozen importlib._bootstrap_external>", line 1017, in get_code
  File "<frozen importlib._bootstrap_external>", line 947, in source_to_code
  File "<frozen importlib._bootstrap>", line 241, in _call_with_frames_removed
  File "/opt/airflow/dags/main.py", line 35
    playlist_id=get_playlist_id()
    ^^^^^^^^^^^
IndentationError: expected an indented block after 'with' statement on line 24
[2026-02-02T23:28:12.837+0000] {processor.py:842} WARNING - No viable dags retrieved from /opt/airflow/dags/main.py
[2026-02-02T23:28:12.901+0000] {processor.py:183} INFO - Processing /opt/airflow/dags/main.py took 0.105 seconds
[2026-02-02T23:28:15.285+0000] {processor.py:161} INFO - Started process (PID=736) to work on /opt/airflow/dags/main.py
[2026-02-02T23:28:15.288+0000] {processor.py:830} INFO - Processing file /opt/airflow/dags/main.py for tasks to queue
[2026-02-02T23:28:15.296+0000] {logging_mixin.py:188} INFO - [2026-02-02T23:28:15.295+0000] {dagbag.py:545} INFO - Filling up the DagBag from /opt/airflow/dags/main.py
[2026-02-02T23:28:15.303+0000] {logging_mixin.py:188} INFO - [2026-02-02T23:28:15.301+0000] {dagbag.py:355} ERROR - Failed to import: /opt/airflow/dags/main.py
Traceback (most recent call last):
  File "/home/airflow/.local/lib/python3.10/site-packages/airflow/models/dagbag.py", line 351, in parse
    loader.exec_module(new_module)
  File "<frozen importlib._bootstrap_external>", line 879, in exec_module
  File "<frozen importlib._bootstrap_external>", line 1017, in get_code
  File "<frozen importlib._bootstrap_external>", line 947, in source_to_code
  File "<frozen importlib._bootstrap>", line 241, in _call_with_frames_removed
  File "/opt/airflow/dags/main.py", line 34
    playlist_id=get_playlist_id()
    ^^^^^^^^^^^
IndentationError: expected an indented block after 'with' statement on line 24
[2026-02-02T23:28:15.304+0000] {processor.py:842} WARNING - No viable dags retrieved from /opt/airflow/dags/main.py
[2026-02-02T23:28:15.355+0000] {processor.py:183} INFO - Processing /opt/airflow/dags/main.py took 0.094 seconds
[2026-02-02T23:28:17.675+0000] {processor.py:161} INFO - Started process (PID=737) to work on /opt/airflow/dags/main.py
[2026-02-02T23:28:17.685+0000] {processor.py:830} INFO - Processing file /opt/airflow/dags/main.py for tasks to queue
[2026-02-02T23:28:17.703+0000] {logging_mixin.py:188} INFO - [2026-02-02T23:28:17.702+0000] {dagbag.py:545} INFO - Filling up the DagBag from /opt/airflow/dags/main.py
[2026-02-02T23:28:17.718+0000] {logging_mixin.py:188} INFO - [2026-02-02T23:28:17.713+0000] {dagbag.py:355} ERROR - Failed to import: /opt/airflow/dags/main.py
Traceback (most recent call last):
  File "/home/airflow/.local/lib/python3.10/site-packages/airflow/models/dagbag.py", line 351, in parse
    loader.exec_module(new_module)
  File "<frozen importlib._bootstrap_external>", line 879, in exec_module
  File "<frozen importlib._bootstrap_external>", line 1017, in get_code
  File "<frozen importlib._bootstrap_external>", line 947, in source_to_code
  File "<frozen importlib._bootstrap>", line 241, in _call_with_frames_removed
  File "/opt/airflow/dags/main.py", line 34
    playlist_id=get_playlist_id()
    ^^^^^^^^^^^
IndentationError: expected an indented block after 'with' statement on line 24
[2026-02-02T23:28:17.721+0000] {processor.py:842} WARNING - No viable dags retrieved from /opt/airflow/dags/main.py
[2026-02-02T23:28:17.803+0000] {processor.py:183} INFO - Processing /opt/airflow/dags/main.py took 0.158 seconds
[2026-02-02T23:28:18.740+0000] {processor.py:161} INFO - Started process (PID=738) to work on /opt/airflow/dags/main.py
[2026-02-02T23:28:18.745+0000] {processor.py:830} INFO - Processing file /opt/airflow/dags/main.py for tasks to queue
[2026-02-02T23:28:18.757+0000] {logging_mixin.py:188} INFO - [2026-02-02T23:28:18.753+0000] {dagbag.py:545} INFO - Filling up the DagBag from /opt/airflow/dags/main.py
[2026-02-02T23:28:18.774+0000] {logging_mixin.py:188} INFO - [2026-02-02T23:28:18.771+0000] {dagbag.py:355} ERROR - Failed to import: /opt/airflow/dags/main.py
Traceback (most recent call last):
  File "/home/airflow/.local/lib/python3.10/site-packages/airflow/models/dagbag.py", line 351, in parse
    loader.exec_module(new_module)
  File "<frozen importlib._bootstrap_external>", line 879, in exec_module
  File "<frozen importlib._bootstrap_external>", line 1017, in get_code
  File "<frozen importlib._bootstrap_external>", line 947, in source_to_code
  File "<frozen importlib._bootstrap>", line 241, in _call_with_frames_removed
  File "/opt/airflow/dags/main.py", line 33
    playlist_id=get_playlist_id()
    ^^^^^^^^^^^
IndentationError: expected an indented block after 'with' statement on line 24
[2026-02-02T23:28:18.776+0000] {processor.py:842} WARNING - No viable dags retrieved from /opt/airflow/dags/main.py
[2026-02-02T23:28:18.835+0000] {processor.py:183} INFO - Processing /opt/airflow/dags/main.py took 0.128 seconds
[2026-02-02T23:28:23.774+0000] {processor.py:161} INFO - Started process (PID=739) to work on /opt/airflow/dags/main.py
[2026-02-02T23:28:23.781+0000] {processor.py:830} INFO - Processing file /opt/airflow/dags/main.py for tasks to queue
[2026-02-02T23:28:23.786+0000] {logging_mixin.py:188} INFO - [2026-02-02T23:28:23.785+0000] {dagbag.py:545} INFO - Filling up the DagBag from /opt/airflow/dags/main.py
[2026-02-02T23:28:23.798+0000] {logging_mixin.py:188} INFO - [2026-02-02T23:28:23.796+0000] {dagbag.py:355} ERROR - Failed to import: /opt/airflow/dags/main.py
Traceback (most recent call last):
  File "/home/airflow/.local/lib/python3.10/site-packages/airflow/models/dagbag.py", line 351, in parse
    loader.exec_module(new_module)
  File "<frozen importlib._bootstrap_external>", line 879, in exec_module
  File "<frozen importlib._bootstrap_external>", line 1017, in get_code
  File "<frozen importlib._bootstrap_external>", line 947, in source_to_code
  File "<frozen importlib._bootstrap>", line 241, in _call_with_frames_removed
  File "/opt/airflow/dags/main.py", line 34
    playlist_id=get_playlist_id()
    ^^^^^^^^^^^
IndentationError: expected an indented block after 'with' statement on line 24
[2026-02-02T23:28:23.799+0000] {processor.py:842} WARNING - No viable dags retrieved from /opt/airflow/dags/main.py
[2026-02-02T23:28:23.850+0000] {processor.py:183} INFO - Processing /opt/airflow/dags/main.py took 0.098 seconds
[2026-02-02T23:28:25.799+0000] {processor.py:161} INFO - Started process (PID=740) to work on /opt/airflow/dags/main.py
[2026-02-02T23:28:25.804+0000] {processor.py:830} INFO - Processing file /opt/airflow/dags/main.py for tasks to queue
[2026-02-02T23:28:25.815+0000] {logging_mixin.py:188} INFO - [2026-02-02T23:28:25.814+0000] {dagbag.py:545} INFO - Filling up the DagBag from /opt/airflow/dags/main.py
[2026-02-02T23:28:25.824+0000] {logging_mixin.py:188} INFO - [2026-02-02T23:28:25.822+0000] {dagbag.py:355} ERROR - Failed to import: /opt/airflow/dags/main.py
Traceback (most recent call last):
  File "/home/airflow/.local/lib/python3.10/site-packages/airflow/models/dagbag.py", line 351, in parse
    loader.exec_module(new_module)
  File "<frozen importlib._bootstrap_external>", line 879, in exec_module
  File "<frozen importlib._bootstrap_external>", line 1017, in get_code
  File "<frozen importlib._bootstrap_external>", line 947, in source_to_code
  File "<frozen importlib._bootstrap>", line 241, in _call_with_frames_removed
  File "/opt/airflow/dags/main.py", line 34
    playlist_id=get_playlist_id()
    ^^^^^^^^^^^
IndentationError: expected an indented block after 'with' statement on line 24
[2026-02-02T23:28:25.824+0000] {processor.py:842} WARNING - No viable dags retrieved from /opt/airflow/dags/main.py
[2026-02-02T23:28:25.896+0000] {processor.py:183} INFO - Processing /opt/airflow/dags/main.py took 0.114 seconds
[2026-02-02T23:28:28.055+0000] {processor.py:161} INFO - Started process (PID=741) to work on /opt/airflow/dags/main.py
[2026-02-02T23:28:28.057+0000] {processor.py:830} INFO - Processing file /opt/airflow/dags/main.py for tasks to queue
[2026-02-02T23:28:28.060+0000] {logging_mixin.py:188} INFO - [2026-02-02T23:28:28.059+0000] {dagbag.py:545} INFO - Filling up the DagBag from /opt/airflow/dags/main.py
[2026-02-02T23:28:28.066+0000] {logging_mixin.py:188} INFO - [2026-02-02T23:28:28.065+0000] {dagbag.py:355} ERROR - Failed to import: /opt/airflow/dags/main.py
Traceback (most recent call last):
  File "/home/airflow/.local/lib/python3.10/site-packages/airflow/models/dagbag.py", line 351, in parse
    loader.exec_module(new_module)
  File "<frozen importlib._bootstrap_external>", line 879, in exec_module
  File "<frozen importlib._bootstrap_external>", line 1017, in get_code
  File "<frozen importlib._bootstrap_external>", line 947, in source_to_code
  File "<frozen importlib._bootstrap>", line 241, in _call_with_frames_removed
  File "/opt/airflow/dags/main.py", line 33
    playlist_id=get_playlist_id()
    ^^^^^^^^^^^
IndentationError: expected an indented block after 'with' statement on line 24
[2026-02-02T23:28:28.067+0000] {processor.py:842} WARNING - No viable dags retrieved from /opt/airflow/dags/main.py
[2026-02-02T23:28:28.133+0000] {processor.py:183} INFO - Processing /opt/airflow/dags/main.py took 0.131 seconds
[2026-02-02T23:28:30.207+0000] {processor.py:161} INFO - Started process (PID=742) to work on /opt/airflow/dags/main.py
[2026-02-02T23:28:30.208+0000] {processor.py:830} INFO - Processing file /opt/airflow/dags/main.py for tasks to queue
[2026-02-02T23:28:30.212+0000] {logging_mixin.py:188} INFO - [2026-02-02T23:28:30.211+0000] {dagbag.py:545} INFO - Filling up the DagBag from /opt/airflow/dags/main.py
[2026-02-02T23:28:30.395+0000] {processor.py:840} INFO - DAG(s) 'produce_json' retrieved from /opt/airflow/dags/main.py
[2026-02-02T23:28:31.246+0000] {logging_mixin.py:188} INFO - [2026-02-02T23:28:31.244+0000] {override.py:1829} INFO - Created Permission View: can delete on DAG:produce_json
[2026-02-02T23:28:31.276+0000] {logging_mixin.py:188} INFO - [2026-02-02T23:28:31.275+0000] {override.py:1829} INFO - Created Permission View: can edit on DAG:produce_json
[2026-02-02T23:28:31.314+0000] {logging_mixin.py:188} INFO - [2026-02-02T23:28:31.312+0000] {override.py:1829} INFO - Created Permission View: can read on DAG:produce_json
[2026-02-02T23:28:31.317+0000] {logging_mixin.py:188} INFO - [2026-02-02T23:28:31.316+0000] {dag.py:3096} INFO - Sync 1 DAGs
[2026-02-02T23:28:31.399+0000] {logging_mixin.py:188} INFO - [2026-02-02T23:28:31.399+0000] {dag.py:3118} INFO - Creating ORM DAG for produce_json
[2026-02-02T23:28:31.440+0000] {logging_mixin.py:188} INFO - [2026-02-02T23:28:31.439+0000] {dag.py:3954} INFO - Setting next_dagrun for produce_json to 2026-02-03 14:00:00+00:00, run_after=2026-02-04 14:00:00+00:00
[2026-02-02T23:28:31.510+0000] {processor.py:183} INFO - Processing /opt/airflow/dags/main.py took 1.318 seconds
[2026-02-02T23:28:32.597+0000] {processor.py:161} INFO - Started process (PID=743) to work on /opt/airflow/dags/main.py
[2026-02-02T23:28:32.605+0000] {processor.py:830} INFO - Processing file /opt/airflow/dags/main.py for tasks to queue
[2026-02-02T23:28:32.619+0000] {logging_mixin.py:188} INFO - [2026-02-02T23:28:32.617+0000] {dagbag.py:545} INFO - Filling up the DagBag from /opt/airflow/dags/main.py
[2026-02-02T23:28:32.719+0000] {processor.py:840} INFO - DAG(s) 'produce_json' retrieved from /opt/airflow/dags/main.py
[2026-02-02T23:28:32.772+0000] {logging_mixin.py:188} INFO - [2026-02-02T23:28:32.771+0000] {dag.py:3096} INFO - Sync 1 DAGs
[2026-02-02T23:28:32.856+0000] {logging_mixin.py:188} INFO - [2026-02-02T23:28:32.855+0000] {dag.py:3954} INFO - Setting next_dagrun for produce_json to 2026-02-03 14:00:00+00:00, run_after=2026-02-04 14:00:00+00:00
[2026-02-02T23:28:32.946+0000] {processor.py:183} INFO - Processing /opt/airflow/dags/main.py took 0.376 seconds
[2026-02-02T23:28:34.077+0000] {processor.py:161} INFO - Started process (PID=744) to work on /opt/airflow/dags/main.py
[2026-02-02T23:28:34.079+0000] {processor.py:830} INFO - Processing file /opt/airflow/dags/main.py for tasks to queue
[2026-02-02T23:28:34.084+0000] {logging_mixin.py:188} INFO - [2026-02-02T23:28:34.083+0000] {dagbag.py:545} INFO - Filling up the DagBag from /opt/airflow/dags/main.py
[2026-02-02T23:28:34.152+0000] {processor.py:840} INFO - DAG(s) 'produce_json' retrieved from /opt/airflow/dags/main.py
[2026-02-02T23:28:34.209+0000] {logging_mixin.py:188} INFO - [2026-02-02T23:28:34.209+0000] {dag.py:3096} INFO - Sync 1 DAGs
[2026-02-02T23:28:34.257+0000] {logging_mixin.py:188} INFO - [2026-02-02T23:28:34.257+0000] {dag.py:3954} INFO - Setting next_dagrun for produce_json to 2026-02-03 14:00:00+00:00, run_after=2026-02-04 14:00:00+00:00
[2026-02-02T23:28:34.350+0000] {processor.py:183} INFO - Processing /opt/airflow/dags/main.py took 0.293 seconds
[2026-02-02T23:28:36.098+0000] {processor.py:161} INFO - Started process (PID=745) to work on /opt/airflow/dags/main.py
[2026-02-02T23:28:36.100+0000] {processor.py:830} INFO - Processing file /opt/airflow/dags/main.py for tasks to queue
[2026-02-02T23:28:36.103+0000] {logging_mixin.py:188} INFO - [2026-02-02T23:28:36.103+0000] {dagbag.py:545} INFO - Filling up the DagBag from /opt/airflow/dags/main.py
[2026-02-02T23:28:36.151+0000] {processor.py:840} INFO - DAG(s) 'produce_json' retrieved from /opt/airflow/dags/main.py
[2026-02-02T23:28:36.171+0000] {logging_mixin.py:188} INFO - [2026-02-02T23:28:36.171+0000] {dag.py:3096} INFO - Sync 1 DAGs
[2026-02-02T23:28:36.206+0000] {logging_mixin.py:188} INFO - [2026-02-02T23:28:36.205+0000] {dag.py:3954} INFO - Setting next_dagrun for produce_json to 2026-02-03 14:00:00+00:00, run_after=2026-02-04 14:00:00+00:00
[2026-02-02T23:28:36.253+0000] {processor.py:183} INFO - Processing /opt/airflow/dags/main.py took 0.174 seconds
[2026-02-02T23:28:38.224+0000] {processor.py:161} INFO - Started process (PID=752) to work on /opt/airflow/dags/main.py
[2026-02-02T23:28:38.228+0000] {processor.py:830} INFO - Processing file /opt/airflow/dags/main.py for tasks to queue
[2026-02-02T23:28:38.231+0000] {logging_mixin.py:188} INFO - [2026-02-02T23:28:38.231+0000] {dagbag.py:545} INFO - Filling up the DagBag from /opt/airflow/dags/main.py
[2026-02-02T23:28:38.329+0000] {processor.py:840} INFO - DAG(s) 'produce_json' retrieved from /opt/airflow/dags/main.py
[2026-02-02T23:28:38.357+0000] {logging_mixin.py:188} INFO - [2026-02-02T23:28:38.357+0000] {dag.py:3096} INFO - Sync 1 DAGs
[2026-02-02T23:28:38.417+0000] {logging_mixin.py:188} INFO - [2026-02-02T23:28:38.414+0000] {dag.py:3954} INFO - Setting next_dagrun for produce_json to 2026-02-03 14:00:00+00:00, run_after=2026-02-04 14:00:00+00:00
[2026-02-02T23:28:38.491+0000] {processor.py:183} INFO - Processing /opt/airflow/dags/main.py took 0.287 seconds
[2026-02-02T23:28:45.323+0000] {processor.py:161} INFO - Started process (PID=753) to work on /opt/airflow/dags/main.py
[2026-02-02T23:28:45.335+0000] {processor.py:830} INFO - Processing file /opt/airflow/dags/main.py for tasks to queue
[2026-02-02T23:28:45.350+0000] {logging_mixin.py:188} INFO - [2026-02-02T23:28:45.349+0000] {dagbag.py:545} INFO - Filling up the DagBag from /opt/airflow/dags/main.py
[2026-02-02T23:28:45.413+0000] {processor.py:840} INFO - DAG(s) 'produce_json' retrieved from /opt/airflow/dags/main.py
[2026-02-02T23:28:45.433+0000] {logging_mixin.py:188} INFO - [2026-02-02T23:28:45.432+0000] {dag.py:3096} INFO - Sync 1 DAGs
[2026-02-02T23:28:45.477+0000] {logging_mixin.py:188} INFO - [2026-02-02T23:28:45.476+0000] {dag.py:3954} INFO - Setting next_dagrun for produce_json to 2026-02-03 14:00:00+00:00, run_after=2026-02-04 14:00:00+00:00
[2026-02-02T23:28:45.647+0000] {processor.py:183} INFO - Processing /opt/airflow/dags/main.py took 0.358 seconds
[2026-02-02T23:29:15.824+0000] {processor.py:161} INFO - Started process (PID=760) to work on /opt/airflow/dags/main.py
[2026-02-02T23:29:15.827+0000] {processor.py:830} INFO - Processing file /opt/airflow/dags/main.py for tasks to queue
[2026-02-02T23:29:15.835+0000] {logging_mixin.py:188} INFO - [2026-02-02T23:29:15.835+0000] {dagbag.py:545} INFO - Filling up the DagBag from /opt/airflow/dags/main.py
[2026-02-02T23:29:15.899+0000] {processor.py:840} INFO - DAG(s) 'produce_json' retrieved from /opt/airflow/dags/main.py
[2026-02-02T23:29:16.345+0000] {logging_mixin.py:188} INFO - [2026-02-02T23:29:16.345+0000] {dag.py:3096} INFO - Sync 1 DAGs
[2026-02-02T23:29:16.442+0000] {logging_mixin.py:188} INFO - [2026-02-02T23:29:16.441+0000] {dag.py:3954} INFO - Setting next_dagrun for produce_json to 2026-02-03 14:00:00+00:00, run_after=2026-02-04 14:00:00+00:00
[2026-02-02T23:29:16.521+0000] {processor.py:183} INFO - Processing /opt/airflow/dags/main.py took 0.713 seconds
[2026-02-02T23:29:47.720+0000] {processor.py:161} INFO - Started process (PID=768) to work on /opt/airflow/dags/main.py
[2026-02-02T23:29:47.731+0000] {processor.py:830} INFO - Processing file /opt/airflow/dags/main.py for tasks to queue
[2026-02-02T23:29:47.750+0000] {logging_mixin.py:188} INFO - [2026-02-02T23:29:47.744+0000] {dagbag.py:545} INFO - Filling up the DagBag from /opt/airflow/dags/main.py
[2026-02-02T23:29:47.855+0000] {processor.py:840} INFO - DAG(s) 'produce_json' retrieved from /opt/airflow/dags/main.py
[2026-02-02T23:29:47.947+0000] {logging_mixin.py:188} INFO - [2026-02-02T23:29:47.947+0000] {dag.py:3096} INFO - Sync 1 DAGs
[2026-02-02T23:29:48.002+0000] {logging_mixin.py:188} INFO - [2026-02-02T23:29:48.002+0000] {dag.py:3954} INFO - Setting next_dagrun for produce_json to 2026-02-03 14:00:00+00:00, run_after=2026-02-04 14:00:00+00:00
[2026-02-02T23:29:48.053+0000] {processor.py:183} INFO - Processing /opt/airflow/dags/main.py took 0.350 seconds
[2026-02-02T23:30:18.732+0000] {processor.py:161} INFO - Started process (PID=774) to work on /opt/airflow/dags/main.py
[2026-02-02T23:30:18.736+0000] {processor.py:830} INFO - Processing file /opt/airflow/dags/main.py for tasks to queue
[2026-02-02T23:30:18.741+0000] {logging_mixin.py:188} INFO - [2026-02-02T23:30:18.740+0000] {dagbag.py:545} INFO - Filling up the DagBag from /opt/airflow/dags/main.py
[2026-02-02T23:30:18.812+0000] {processor.py:840} INFO - DAG(s) 'produce_json' retrieved from /opt/airflow/dags/main.py
[2026-02-02T23:30:18.874+0000] {logging_mixin.py:188} INFO - [2026-02-02T23:30:18.874+0000] {dag.py:3096} INFO - Sync 1 DAGs
[2026-02-02T23:30:18.909+0000] {logging_mixin.py:188} INFO - [2026-02-02T23:30:18.909+0000] {dag.py:3954} INFO - Setting next_dagrun for produce_json to 2026-02-03 14:00:00+00:00, run_after=2026-02-04 14:00:00+00:00
[2026-02-02T23:30:18.944+0000] {processor.py:183} INFO - Processing /opt/airflow/dags/main.py took 0.233 seconds
[2026-02-02T23:30:49.647+0000] {processor.py:161} INFO - Started process (PID=781) to work on /opt/airflow/dags/main.py
[2026-02-02T23:30:49.649+0000] {processor.py:830} INFO - Processing file /opt/airflow/dags/main.py for tasks to queue
[2026-02-02T23:30:49.656+0000] {logging_mixin.py:188} INFO - [2026-02-02T23:30:49.655+0000] {dagbag.py:545} INFO - Filling up the DagBag from /opt/airflow/dags/main.py
[2026-02-02T23:30:49.746+0000] {processor.py:840} INFO - DAG(s) 'produce_json' retrieved from /opt/airflow/dags/main.py
[2026-02-02T23:30:49.845+0000] {logging_mixin.py:188} INFO - [2026-02-02T23:30:49.844+0000] {dag.py:3096} INFO - Sync 1 DAGs
[2026-02-02T23:30:49.918+0000] {logging_mixin.py:188} INFO - [2026-02-02T23:30:49.917+0000] {dag.py:3954} INFO - Setting next_dagrun for produce_json to 2026-02-03 14:00:00+00:00, run_after=2026-02-04 14:00:00+00:00
[2026-02-02T23:30:49.988+0000] {processor.py:183} INFO - Processing /opt/airflow/dags/main.py took 0.355 seconds
[2026-02-02T23:31:31.984+0000] {processor.py:161} INFO - Started process (PID=789) to work on /opt/airflow/dags/main.py
[2026-02-02T23:31:31.994+0000] {processor.py:830} INFO - Processing file /opt/airflow/dags/main.py for tasks to queue
[2026-02-02T23:31:32.029+0000] {logging_mixin.py:188} INFO - [2026-02-02T23:31:32.025+0000] {dagbag.py:545} INFO - Filling up the DagBag from /opt/airflow/dags/main.py
[2026-02-02T23:31:32.386+0000] {processor.py:840} INFO - DAG(s) 'produce_json' retrieved from /opt/airflow/dags/main.py
[2026-02-02T23:31:32.536+0000] {logging_mixin.py:188} INFO - [2026-02-02T23:31:32.536+0000] {dag.py:3096} INFO - Sync 1 DAGs
[2026-02-02T23:31:32.582+0000] {logging_mixin.py:188} INFO - [2026-02-02T23:31:32.581+0000] {dag.py:3954} INFO - Setting next_dagrun for produce_json to 2026-02-03 14:00:00+00:00, run_after=2026-02-04 14:00:00+00:00
[2026-02-02T23:31:32.628+0000] {processor.py:183} INFO - Processing /opt/airflow/dags/main.py took 0.811 seconds
[2026-02-02T23:32:03.533+0000] {processor.py:161} INFO - Started process (PID=796) to work on /opt/airflow/dags/main.py
[2026-02-02T23:32:03.550+0000] {processor.py:830} INFO - Processing file /opt/airflow/dags/main.py for tasks to queue
[2026-02-02T23:32:03.770+0000] {logging_mixin.py:188} INFO - [2026-02-02T23:32:03.762+0000] {dagbag.py:545} INFO - Filling up the DagBag from /opt/airflow/dags/main.py
[2026-02-02T23:32:04.065+0000] {processor.py:840} INFO - DAG(s) 'produce_json' retrieved from /opt/airflow/dags/main.py
[2026-02-02T23:32:04.182+0000] {logging_mixin.py:188} INFO - [2026-02-02T23:32:04.181+0000] {dag.py:3096} INFO - Sync 1 DAGs
[2026-02-02T23:32:04.287+0000] {logging_mixin.py:188} INFO - [2026-02-02T23:32:04.286+0000] {dag.py:3954} INFO - Setting next_dagrun for produce_json to 2026-02-03 14:00:00+00:00, run_after=2026-02-04 14:00:00+00:00
[2026-02-02T23:32:04.381+0000] {processor.py:183} INFO - Processing /opt/airflow/dags/main.py took 0.953 seconds
[2026-02-02T23:32:34.520+0000] {processor.py:161} INFO - Started process (PID=803) to work on /opt/airflow/dags/main.py
[2026-02-02T23:32:34.524+0000] {processor.py:830} INFO - Processing file /opt/airflow/dags/main.py for tasks to queue
[2026-02-02T23:32:34.530+0000] {logging_mixin.py:188} INFO - [2026-02-02T23:32:34.529+0000] {dagbag.py:545} INFO - Filling up the DagBag from /opt/airflow/dags/main.py
[2026-02-02T23:32:34.641+0000] {processor.py:840} INFO - DAG(s) 'produce_json' retrieved from /opt/airflow/dags/main.py
[2026-02-02T23:32:34.716+0000] {logging_mixin.py:188} INFO - [2026-02-02T23:32:34.715+0000] {dag.py:3096} INFO - Sync 1 DAGs
[2026-02-02T23:32:34.781+0000] {logging_mixin.py:188} INFO - [2026-02-02T23:32:34.778+0000] {dag.py:3954} INFO - Setting next_dagrun for produce_json to 2026-02-03 14:00:00+00:00, run_after=2026-02-04 14:00:00+00:00
[2026-02-02T23:32:34.842+0000] {processor.py:183} INFO - Processing /opt/airflow/dags/main.py took 0.335 seconds
[2026-02-02T23:33:05.507+0000] {processor.py:161} INFO - Started process (PID=810) to work on /opt/airflow/dags/main.py
[2026-02-02T23:33:05.509+0000] {processor.py:830} INFO - Processing file /opt/airflow/dags/main.py for tasks to queue
[2026-02-02T23:33:05.514+0000] {logging_mixin.py:188} INFO - [2026-02-02T23:33:05.512+0000] {dagbag.py:545} INFO - Filling up the DagBag from /opt/airflow/dags/main.py
[2026-02-02T23:33:05.558+0000] {processor.py:840} INFO - DAG(s) 'produce_json' retrieved from /opt/airflow/dags/main.py
[2026-02-02T23:33:05.621+0000] {logging_mixin.py:188} INFO - [2026-02-02T23:33:05.620+0000] {dag.py:3096} INFO - Sync 1 DAGs
[2026-02-02T23:33:05.660+0000] {logging_mixin.py:188} INFO - [2026-02-02T23:33:05.660+0000] {dag.py:3954} INFO - Setting next_dagrun for produce_json to 2026-02-03 14:00:00+00:00, run_after=2026-02-04 14:00:00+00:00
[2026-02-02T23:33:05.703+0000] {processor.py:183} INFO - Processing /opt/airflow/dags/main.py took 0.206 seconds
[2026-02-02T23:33:36.012+0000] {processor.py:161} INFO - Started process (PID=817) to work on /opt/airflow/dags/main.py
[2026-02-02T23:33:36.015+0000] {processor.py:830} INFO - Processing file /opt/airflow/dags/main.py for tasks to queue
[2026-02-02T23:33:36.022+0000] {logging_mixin.py:188} INFO - [2026-02-02T23:33:36.022+0000] {dagbag.py:545} INFO - Filling up the DagBag from /opt/airflow/dags/main.py
[2026-02-02T23:33:36.135+0000] {processor.py:840} INFO - DAG(s) 'produce_json' retrieved from /opt/airflow/dags/main.py
[2026-02-02T23:33:36.245+0000] {logging_mixin.py:188} INFO - [2026-02-02T23:33:36.244+0000] {dag.py:3096} INFO - Sync 1 DAGs
[2026-02-02T23:33:36.311+0000] {logging_mixin.py:188} INFO - [2026-02-02T23:33:36.310+0000] {dag.py:3954} INFO - Setting next_dagrun for produce_json to 2026-02-03 14:00:00+00:00, run_after=2026-02-04 14:00:00+00:00
[2026-02-02T23:33:36.381+0000] {processor.py:183} INFO - Processing /opt/airflow/dags/main.py took 0.398 seconds
[2026-02-02T23:34:07.101+0000] {processor.py:161} INFO - Started process (PID=824) to work on /opt/airflow/dags/main.py
[2026-02-02T23:34:07.103+0000] {processor.py:830} INFO - Processing file /opt/airflow/dags/main.py for tasks to queue
[2026-02-02T23:34:07.107+0000] {logging_mixin.py:188} INFO - [2026-02-02T23:34:07.106+0000] {dagbag.py:545} INFO - Filling up the DagBag from /opt/airflow/dags/main.py
[2026-02-02T23:34:07.159+0000] {processor.py:840} INFO - DAG(s) 'produce_json' retrieved from /opt/airflow/dags/main.py
[2026-02-02T23:34:07.217+0000] {logging_mixin.py:188} INFO - [2026-02-02T23:34:07.217+0000] {dag.py:3096} INFO - Sync 1 DAGs
[2026-02-02T23:34:07.259+0000] {logging_mixin.py:188} INFO - [2026-02-02T23:34:07.258+0000] {dag.py:3954} INFO - Setting next_dagrun for produce_json to 2026-02-03 14:00:00+00:00, run_after=2026-02-04 14:00:00+00:00
[2026-02-02T23:34:07.299+0000] {processor.py:183} INFO - Processing /opt/airflow/dags/main.py took 0.220 seconds
[2026-02-02T23:34:37.443+0000] {processor.py:161} INFO - Started process (PID=831) to work on /opt/airflow/dags/main.py
[2026-02-02T23:34:37.447+0000] {processor.py:830} INFO - Processing file /opt/airflow/dags/main.py for tasks to queue
[2026-02-02T23:34:37.453+0000] {logging_mixin.py:188} INFO - [2026-02-02T23:34:37.452+0000] {dagbag.py:545} INFO - Filling up the DagBag from /opt/airflow/dags/main.py
[2026-02-02T23:34:37.522+0000] {processor.py:840} INFO - DAG(s) 'produce_json' retrieved from /opt/airflow/dags/main.py
[2026-02-02T23:34:37.600+0000] {logging_mixin.py:188} INFO - [2026-02-02T23:34:37.600+0000] {dag.py:3096} INFO - Sync 1 DAGs
[2026-02-02T23:34:37.652+0000] {logging_mixin.py:188} INFO - [2026-02-02T23:34:37.652+0000] {dag.py:3954} INFO - Setting next_dagrun for produce_json to 2026-02-03 14:00:00+00:00, run_after=2026-02-04 14:00:00+00:00
[2026-02-02T23:34:37.706+0000] {processor.py:183} INFO - Processing /opt/airflow/dags/main.py took 0.279 seconds
[2026-02-02T23:35:08.178+0000] {processor.py:161} INFO - Started process (PID=838) to work on /opt/airflow/dags/main.py
[2026-02-02T23:35:08.180+0000] {processor.py:830} INFO - Processing file /opt/airflow/dags/main.py for tasks to queue
[2026-02-02T23:35:08.186+0000] {logging_mixin.py:188} INFO - [2026-02-02T23:35:08.185+0000] {dagbag.py:545} INFO - Filling up the DagBag from /opt/airflow/dags/main.py
[2026-02-02T23:35:08.287+0000] {processor.py:840} INFO - DAG(s) 'produce_json' retrieved from /opt/airflow/dags/main.py
[2026-02-02T23:35:08.375+0000] {logging_mixin.py:188} INFO - [2026-02-02T23:35:08.375+0000] {dag.py:3096} INFO - Sync 1 DAGs
[2026-02-02T23:35:08.411+0000] {logging_mixin.py:188} INFO - [2026-02-02T23:35:08.411+0000] {dag.py:3954} INFO - Setting next_dagrun for produce_json to 2026-02-03 14:00:00+00:00, run_after=2026-02-04 14:00:00+00:00
[2026-02-02T23:35:08.464+0000] {processor.py:183} INFO - Processing /opt/airflow/dags/main.py took 0.304 seconds
[2026-02-02T23:35:16.673+0000] {processor.py:161} INFO - Started process (PID=845) to work on /opt/airflow/dags/main.py
[2026-02-02T23:35:16.682+0000] {processor.py:830} INFO - Processing file /opt/airflow/dags/main.py for tasks to queue
[2026-02-02T23:35:16.687+0000] {logging_mixin.py:188} INFO - [2026-02-02T23:35:16.686+0000] {dagbag.py:545} INFO - Filling up the DagBag from /opt/airflow/dags/main.py
[2026-02-02T23:35:16.749+0000] {processor.py:840} INFO - DAG(s) 'produce_json' retrieved from /opt/airflow/dags/main.py
[2026-02-02T23:35:16.992+0000] {logging_mixin.py:188} INFO - [2026-02-02T23:35:16.992+0000] {dag.py:3096} INFO - Sync 1 DAGs
[2026-02-02T23:35:17.043+0000] {logging_mixin.py:188} INFO - [2026-02-02T23:35:17.042+0000] {dag.py:3954} INFO - Setting next_dagrun for produce_json to 2026-02-02 14:00:00+00:00, run_after=2026-02-03 14:00:00+00:00
[2026-02-02T23:35:17.176+0000] {processor.py:183} INFO - Processing /opt/airflow/dags/main.py took 0.531 seconds
[2026-02-02T23:35:47.619+0000] {processor.py:161} INFO - Started process (PID=852) to work on /opt/airflow/dags/main.py
[2026-02-02T23:35:47.623+0000] {processor.py:830} INFO - Processing file /opt/airflow/dags/main.py for tasks to queue
[2026-02-02T23:35:47.629+0000] {logging_mixin.py:188} INFO - [2026-02-02T23:35:47.628+0000] {dagbag.py:545} INFO - Filling up the DagBag from /opt/airflow/dags/main.py
[2026-02-02T23:35:47.723+0000] {processor.py:840} INFO - DAG(s) 'produce_json' retrieved from /opt/airflow/dags/main.py
[2026-02-02T23:35:47.778+0000] {logging_mixin.py:188} INFO - [2026-02-02T23:35:47.777+0000] {dag.py:3096} INFO - Sync 1 DAGs
[2026-02-02T23:35:47.816+0000] {logging_mixin.py:188} INFO - [2026-02-02T23:35:47.815+0000] {dag.py:3954} INFO - Setting next_dagrun for produce_json to 2026-02-02 14:00:00+00:00, run_after=2026-02-03 14:00:00+00:00
[2026-02-02T23:35:47.847+0000] {processor.py:183} INFO - Processing /opt/airflow/dags/main.py took 0.254 seconds
[2026-02-02T23:36:18.797+0000] {processor.py:161} INFO - Started process (PID=859) to work on /opt/airflow/dags/main.py
[2026-02-02T23:36:18.799+0000] {processor.py:830} INFO - Processing file /opt/airflow/dags/main.py for tasks to queue
[2026-02-02T23:36:18.804+0000] {logging_mixin.py:188} INFO - [2026-02-02T23:36:18.803+0000] {dagbag.py:545} INFO - Filling up the DagBag from /opt/airflow/dags/main.py
[2026-02-02T23:36:18.854+0000] {processor.py:840} INFO - DAG(s) 'produce_json' retrieved from /opt/airflow/dags/main.py
[2026-02-02T23:36:18.900+0000] {logging_mixin.py:188} INFO - [2026-02-02T23:36:18.899+0000] {dag.py:3096} INFO - Sync 1 DAGs
[2026-02-02T23:36:18.940+0000] {logging_mixin.py:188} INFO - [2026-02-02T23:36:18.939+0000] {dag.py:3954} INFO - Setting next_dagrun for produce_json to 2026-02-02 14:00:00+00:00, run_after=2026-02-03 14:00:00+00:00
[2026-02-02T23:36:18.987+0000] {processor.py:183} INFO - Processing /opt/airflow/dags/main.py took 0.203 seconds
[2026-02-02T23:36:49.520+0000] {processor.py:161} INFO - Started process (PID=866) to work on /opt/airflow/dags/main.py
[2026-02-02T23:36:49.522+0000] {processor.py:830} INFO - Processing file /opt/airflow/dags/main.py for tasks to queue
[2026-02-02T23:36:49.526+0000] {logging_mixin.py:188} INFO - [2026-02-02T23:36:49.525+0000] {dagbag.py:545} INFO - Filling up the DagBag from /opt/airflow/dags/main.py
[2026-02-02T23:36:49.622+0000] {processor.py:840} INFO - DAG(s) 'produce_json' retrieved from /opt/airflow/dags/main.py
[2026-02-02T23:36:49.676+0000] {logging_mixin.py:188} INFO - [2026-02-02T23:36:49.676+0000] {dag.py:3096} INFO - Sync 1 DAGs
[2026-02-02T23:36:49.716+0000] {logging_mixin.py:188} INFO - [2026-02-02T23:36:49.716+0000] {dag.py:3954} INFO - Setting next_dagrun for produce_json to 2026-02-02 14:00:00+00:00, run_after=2026-02-03 14:00:00+00:00
[2026-02-02T23:36:49.775+0000] {processor.py:183} INFO - Processing /opt/airflow/dags/main.py took 0.275 seconds
[2026-02-02T23:37:20.700+0000] {processor.py:161} INFO - Started process (PID=874) to work on /opt/airflow/dags/main.py
[2026-02-02T23:37:20.706+0000] {processor.py:830} INFO - Processing file /opt/airflow/dags/main.py for tasks to queue
[2026-02-02T23:37:20.715+0000] {logging_mixin.py:188} INFO - [2026-02-02T23:37:20.714+0000] {dagbag.py:545} INFO - Filling up the DagBag from /opt/airflow/dags/main.py
[2026-02-02T23:37:20.810+0000] {processor.py:840} INFO - DAG(s) 'produce_json' retrieved from /opt/airflow/dags/main.py
[2026-02-02T23:37:20.867+0000] {logging_mixin.py:188} INFO - [2026-02-02T23:37:20.867+0000] {dag.py:3096} INFO - Sync 1 DAGs
[2026-02-02T23:37:20.920+0000] {logging_mixin.py:188} INFO - [2026-02-02T23:37:20.920+0000] {dag.py:3954} INFO - Setting next_dagrun for produce_json to 2026-02-02 14:00:00+00:00, run_after=2026-02-03 14:00:00+00:00
[2026-02-02T23:37:21.020+0000] {processor.py:183} INFO - Processing /opt/airflow/dags/main.py took 0.380 seconds
[2026-02-02T23:37:51.593+0000] {processor.py:161} INFO - Started process (PID=881) to work on /opt/airflow/dags/main.py
[2026-02-02T23:37:51.596+0000] {processor.py:830} INFO - Processing file /opt/airflow/dags/main.py for tasks to queue
[2026-02-02T23:37:51.600+0000] {logging_mixin.py:188} INFO - [2026-02-02T23:37:51.599+0000] {dagbag.py:545} INFO - Filling up the DagBag from /opt/airflow/dags/main.py
[2026-02-02T23:37:51.647+0000] {processor.py:840} INFO - DAG(s) 'produce_json' retrieved from /opt/airflow/dags/main.py
[2026-02-02T23:37:51.707+0000] {logging_mixin.py:188} INFO - [2026-02-02T23:37:51.707+0000] {dag.py:3096} INFO - Sync 1 DAGs
[2026-02-02T23:37:51.747+0000] {logging_mixin.py:188} INFO - [2026-02-02T23:37:51.747+0000] {dag.py:3954} INFO - Setting next_dagrun for produce_json to 2026-02-02 14:00:00+00:00, run_after=2026-02-03 14:00:00+00:00
[2026-02-02T23:37:51.779+0000] {processor.py:183} INFO - Processing /opt/airflow/dags/main.py took 0.197 seconds
[2026-02-02T23:38:21.977+0000] {processor.py:161} INFO - Started process (PID=889) to work on /opt/airflow/dags/main.py
[2026-02-02T23:38:21.979+0000] {processor.py:830} INFO - Processing file /opt/airflow/dags/main.py for tasks to queue
[2026-02-02T23:38:21.988+0000] {logging_mixin.py:188} INFO - [2026-02-02T23:38:21.988+0000] {dagbag.py:545} INFO - Filling up the DagBag from /opt/airflow/dags/main.py
[2026-02-02T23:38:22.082+0000] {processor.py:840} INFO - DAG(s) 'produce_json' retrieved from /opt/airflow/dags/main.py
[2026-02-02T23:38:22.157+0000] {logging_mixin.py:188} INFO - [2026-02-02T23:38:22.156+0000] {dag.py:3096} INFO - Sync 1 DAGs
[2026-02-02T23:38:22.219+0000] {logging_mixin.py:188} INFO - [2026-02-02T23:38:22.218+0000] {dag.py:3954} INFO - Setting next_dagrun for produce_json to 2026-02-02 14:00:00+00:00, run_after=2026-02-03 14:00:00+00:00
[2026-02-02T23:38:22.293+0000] {processor.py:183} INFO - Processing /opt/airflow/dags/main.py took 0.337 seconds
[2026-02-02T23:38:52.773+0000] {processor.py:161} INFO - Started process (PID=896) to work on /opt/airflow/dags/main.py
[2026-02-02T23:38:52.776+0000] {processor.py:830} INFO - Processing file /opt/airflow/dags/main.py for tasks to queue
[2026-02-02T23:38:52.784+0000] {logging_mixin.py:188} INFO - [2026-02-02T23:38:52.783+0000] {dagbag.py:545} INFO - Filling up the DagBag from /opt/airflow/dags/main.py
[2026-02-02T23:38:52.894+0000] {processor.py:840} INFO - DAG(s) 'produce_json' retrieved from /opt/airflow/dags/main.py
[2026-02-02T23:38:52.991+0000] {logging_mixin.py:188} INFO - [2026-02-02T23:38:52.991+0000] {dag.py:3096} INFO - Sync 1 DAGs
[2026-02-02T23:38:53.070+0000] {logging_mixin.py:188} INFO - [2026-02-02T23:38:53.070+0000] {dag.py:3954} INFO - Setting next_dagrun for produce_json to 2026-02-02 14:00:00+00:00, run_after=2026-02-03 14:00:00+00:00
[2026-02-02T23:38:53.129+0000] {processor.py:183} INFO - Processing /opt/airflow/dags/main.py took 0.376 seconds
[2026-02-02T23:39:23.911+0000] {processor.py:161} INFO - Started process (PID=903) to work on /opt/airflow/dags/main.py
[2026-02-02T23:39:23.914+0000] {processor.py:830} INFO - Processing file /opt/airflow/dags/main.py for tasks to queue
[2026-02-02T23:39:23.918+0000] {logging_mixin.py:188} INFO - [2026-02-02T23:39:23.918+0000] {dagbag.py:545} INFO - Filling up the DagBag from /opt/airflow/dags/main.py
[2026-02-02T23:39:23.975+0000] {processor.py:840} INFO - DAG(s) 'produce_json' retrieved from /opt/airflow/dags/main.py
[2026-02-02T23:39:24.046+0000] {logging_mixin.py:188} INFO - [2026-02-02T23:39:24.045+0000] {dag.py:3096} INFO - Sync 1 DAGs
[2026-02-02T23:39:24.090+0000] {logging_mixin.py:188} INFO - [2026-02-02T23:39:24.089+0000] {dag.py:3954} INFO - Setting next_dagrun for produce_json to 2026-02-02 14:00:00+00:00, run_after=2026-02-03 14:00:00+00:00
[2026-02-02T23:39:24.140+0000] {processor.py:183} INFO - Processing /opt/airflow/dags/main.py took 0.253 seconds
[2026-02-02T23:39:54.294+0000] {processor.py:161} INFO - Started process (PID=910) to work on /opt/airflow/dags/main.py
[2026-02-02T23:39:54.299+0000] {processor.py:830} INFO - Processing file /opt/airflow/dags/main.py for tasks to queue
[2026-02-02T23:39:54.306+0000] {logging_mixin.py:188} INFO - [2026-02-02T23:39:54.305+0000] {dagbag.py:545} INFO - Filling up the DagBag from /opt/airflow/dags/main.py
[2026-02-02T23:39:54.420+0000] {processor.py:840} INFO - DAG(s) 'produce_json' retrieved from /opt/airflow/dags/main.py
[2026-02-02T23:39:54.580+0000] {logging_mixin.py:188} INFO - [2026-02-02T23:39:54.580+0000] {dag.py:3096} INFO - Sync 1 DAGs
[2026-02-02T23:39:54.659+0000] {logging_mixin.py:188} INFO - [2026-02-02T23:39:54.658+0000] {dag.py:3954} INFO - Setting next_dagrun for produce_json to 2026-02-02 14:00:00+00:00, run_after=2026-02-03 14:00:00+00:00
[2026-02-02T23:39:54.709+0000] {processor.py:183} INFO - Processing /opt/airflow/dags/main.py took 0.438 seconds
[2026-02-02T23:40:25.064+0000] {processor.py:161} INFO - Started process (PID=917) to work on /opt/airflow/dags/main.py
[2026-02-02T23:40:25.066+0000] {processor.py:830} INFO - Processing file /opt/airflow/dags/main.py for tasks to queue
[2026-02-02T23:40:25.072+0000] {logging_mixin.py:188} INFO - [2026-02-02T23:40:25.071+0000] {dagbag.py:545} INFO - Filling up the DagBag from /opt/airflow/dags/main.py
[2026-02-02T23:40:25.167+0000] {processor.py:840} INFO - DAG(s) 'produce_json' retrieved from /opt/airflow/dags/main.py
[2026-02-02T23:40:25.260+0000] {logging_mixin.py:188} INFO - [2026-02-02T23:40:25.259+0000] {dag.py:3096} INFO - Sync 1 DAGs
[2026-02-02T23:40:25.345+0000] {logging_mixin.py:188} INFO - [2026-02-02T23:40:25.345+0000] {dag.py:3954} INFO - Setting next_dagrun for produce_json to 2026-02-02 14:00:00+00:00, run_after=2026-02-03 14:00:00+00:00
[2026-02-02T23:40:25.406+0000] {processor.py:183} INFO - Processing /opt/airflow/dags/main.py took 0.360 seconds
[2026-02-02T23:40:55.562+0000] {processor.py:161} INFO - Started process (PID=925) to work on /opt/airflow/dags/main.py
[2026-02-02T23:40:55.564+0000] {processor.py:830} INFO - Processing file /opt/airflow/dags/main.py for tasks to queue
[2026-02-02T23:40:55.570+0000] {logging_mixin.py:188} INFO - [2026-02-02T23:40:55.569+0000] {dagbag.py:545} INFO - Filling up the DagBag from /opt/airflow/dags/main.py
[2026-02-02T23:40:55.671+0000] {processor.py:840} INFO - DAG(s) 'produce_json' retrieved from /opt/airflow/dags/main.py
[2026-02-02T23:40:55.735+0000] {logging_mixin.py:188} INFO - [2026-02-02T23:40:55.735+0000] {dag.py:3096} INFO - Sync 1 DAGs
[2026-02-02T23:40:55.786+0000] {logging_mixin.py:188} INFO - [2026-02-02T23:40:55.785+0000] {dag.py:3954} INFO - Setting next_dagrun for produce_json to 2026-02-02 14:00:00+00:00, run_after=2026-02-03 14:00:00+00:00
[2026-02-02T23:40:55.842+0000] {processor.py:183} INFO - Processing /opt/airflow/dags/main.py took 0.303 seconds
[2026-02-02T23:41:26.469+0000] {processor.py:161} INFO - Started process (PID=931) to work on /opt/airflow/dags/main.py
[2026-02-02T23:41:26.471+0000] {processor.py:830} INFO - Processing file /opt/airflow/dags/main.py for tasks to queue
[2026-02-02T23:41:26.476+0000] {logging_mixin.py:188} INFO - [2026-02-02T23:41:26.475+0000] {dagbag.py:545} INFO - Filling up the DagBag from /opt/airflow/dags/main.py
[2026-02-02T23:41:26.527+0000] {processor.py:840} INFO - DAG(s) 'produce_json' retrieved from /opt/airflow/dags/main.py
[2026-02-02T23:41:26.601+0000] {logging_mixin.py:188} INFO - [2026-02-02T23:41:26.600+0000] {dag.py:3096} INFO - Sync 1 DAGs
[2026-02-02T23:41:26.644+0000] {logging_mixin.py:188} INFO - [2026-02-02T23:41:26.644+0000] {dag.py:3954} INFO - Setting next_dagrun for produce_json to 2026-02-02 14:00:00+00:00, run_after=2026-02-03 14:00:00+00:00
[2026-02-02T23:41:26.700+0000] {processor.py:183} INFO - Processing /opt/airflow/dags/main.py took 0.245 seconds
[2026-02-02T23:41:57.434+0000] {processor.py:161} INFO - Started process (PID=938) to work on /opt/airflow/dags/main.py
[2026-02-02T23:41:57.436+0000] {processor.py:830} INFO - Processing file /opt/airflow/dags/main.py for tasks to queue
[2026-02-02T23:41:57.441+0000] {logging_mixin.py:188} INFO - [2026-02-02T23:41:57.440+0000] {dagbag.py:545} INFO - Filling up the DagBag from /opt/airflow/dags/main.py
[2026-02-02T23:41:57.540+0000] {processor.py:840} INFO - DAG(s) 'produce_json' retrieved from /opt/airflow/dags/main.py
[2026-02-02T23:41:57.632+0000] {logging_mixin.py:188} INFO - [2026-02-02T23:41:57.631+0000] {dag.py:3096} INFO - Sync 1 DAGs
[2026-02-02T23:41:57.695+0000] {logging_mixin.py:188} INFO - [2026-02-02T23:41:57.695+0000] {dag.py:3954} INFO - Setting next_dagrun for produce_json to 2026-02-02 14:00:00+00:00, run_after=2026-02-03 14:00:00+00:00
[2026-02-02T23:41:57.751+0000] {processor.py:183} INFO - Processing /opt/airflow/dags/main.py took 0.339 seconds
[2026-02-02T23:42:28.402+0000] {processor.py:161} INFO - Started process (PID=945) to work on /opt/airflow/dags/main.py
[2026-02-02T23:42:28.419+0000] {processor.py:830} INFO - Processing file /opt/airflow/dags/main.py for tasks to queue
[2026-02-02T23:42:28.442+0000] {logging_mixin.py:188} INFO - [2026-02-02T23:42:28.441+0000] {dagbag.py:545} INFO - Filling up the DagBag from /opt/airflow/dags/main.py
[2026-02-02T23:42:28.533+0000] {processor.py:840} INFO - DAG(s) 'produce_json' retrieved from /opt/airflow/dags/main.py
[2026-02-02T23:42:28.631+0000] {logging_mixin.py:188} INFO - [2026-02-02T23:42:28.631+0000] {dag.py:3096} INFO - Sync 1 DAGs
[2026-02-02T23:42:28.671+0000] {logging_mixin.py:188} INFO - [2026-02-02T23:42:28.670+0000] {dag.py:3954} INFO - Setting next_dagrun for produce_json to 2026-02-02 14:00:00+00:00, run_after=2026-02-03 14:00:00+00:00
[2026-02-02T23:42:28.718+0000] {processor.py:183} INFO - Processing /opt/airflow/dags/main.py took 0.407 seconds
[2026-02-02T23:42:59.167+0000] {processor.py:161} INFO - Started process (PID=953) to work on /opt/airflow/dags/main.py
[2026-02-02T23:42:59.170+0000] {processor.py:830} INFO - Processing file /opt/airflow/dags/main.py for tasks to queue
[2026-02-02T23:42:59.175+0000] {logging_mixin.py:188} INFO - [2026-02-02T23:42:59.174+0000] {dagbag.py:545} INFO - Filling up the DagBag from /opt/airflow/dags/main.py
[2026-02-02T23:42:59.242+0000] {processor.py:840} INFO - DAG(s) 'produce_json' retrieved from /opt/airflow/dags/main.py
[2026-02-02T23:42:59.316+0000] {logging_mixin.py:188} INFO - [2026-02-02T23:42:59.316+0000] {dag.py:3096} INFO - Sync 1 DAGs
[2026-02-02T23:42:59.351+0000] {logging_mixin.py:188} INFO - [2026-02-02T23:42:59.351+0000] {dag.py:3954} INFO - Setting next_dagrun for produce_json to 2026-02-02 14:00:00+00:00, run_after=2026-02-03 14:00:00+00:00
[2026-02-02T23:42:59.404+0000] {processor.py:183} INFO - Processing /opt/airflow/dags/main.py took 0.272 seconds
[2026-02-02T23:43:29.652+0000] {processor.py:161} INFO - Started process (PID=960) to work on /opt/airflow/dags/main.py
[2026-02-02T23:43:29.655+0000] {processor.py:830} INFO - Processing file /opt/airflow/dags/main.py for tasks to queue
[2026-02-02T23:43:29.659+0000] {logging_mixin.py:188} INFO - [2026-02-02T23:43:29.659+0000] {dagbag.py:545} INFO - Filling up the DagBag from /opt/airflow/dags/main.py
[2026-02-02T23:43:29.730+0000] {processor.py:840} INFO - DAG(s) 'produce_json' retrieved from /opt/airflow/dags/main.py
[2026-02-02T23:43:29.816+0000] {logging_mixin.py:188} INFO - [2026-02-02T23:43:29.815+0000] {dag.py:3096} INFO - Sync 1 DAGs
[2026-02-02T23:43:29.864+0000] {logging_mixin.py:188} INFO - [2026-02-02T23:43:29.864+0000] {dag.py:3954} INFO - Setting next_dagrun for produce_json to 2026-02-02 14:00:00+00:00, run_after=2026-02-03 14:00:00+00:00
[2026-02-02T23:43:29.896+0000] {processor.py:183} INFO - Processing /opt/airflow/dags/main.py took 0.256 seconds
[2026-02-02T23:44:00.898+0000] {processor.py:161} INFO - Started process (PID=968) to work on /opt/airflow/dags/main.py
[2026-02-02T23:44:00.901+0000] {processor.py:830} INFO - Processing file /opt/airflow/dags/main.py for tasks to queue
[2026-02-02T23:44:00.905+0000] {logging_mixin.py:188} INFO - [2026-02-02T23:44:00.904+0000] {dagbag.py:545} INFO - Filling up the DagBag from /opt/airflow/dags/main.py
[2026-02-02T23:44:00.952+0000] {processor.py:840} INFO - DAG(s) 'produce_json' retrieved from /opt/airflow/dags/main.py
[2026-02-02T23:44:01.065+0000] {logging_mixin.py:188} INFO - [2026-02-02T23:44:01.064+0000] {dag.py:3096} INFO - Sync 1 DAGs
[2026-02-02T23:44:01.143+0000] {logging_mixin.py:188} INFO - [2026-02-02T23:44:01.137+0000] {dag.py:3954} INFO - Setting next_dagrun for produce_json to 2026-02-02 14:00:00+00:00, run_after=2026-02-03 14:00:00+00:00
[2026-02-02T23:44:01.245+0000] {processor.py:183} INFO - Processing /opt/airflow/dags/main.py took 0.363 seconds
[2026-02-02T23:44:32.246+0000] {processor.py:161} INFO - Started process (PID=976) to work on /opt/airflow/dags/main.py
[2026-02-02T23:44:32.251+0000] {processor.py:830} INFO - Processing file /opt/airflow/dags/main.py for tasks to queue
[2026-02-02T23:44:32.256+0000] {logging_mixin.py:188} INFO - [2026-02-02T23:44:32.255+0000] {dagbag.py:545} INFO - Filling up the DagBag from /opt/airflow/dags/main.py
[2026-02-02T23:44:32.324+0000] {processor.py:840} INFO - DAG(s) 'produce_json' retrieved from /opt/airflow/dags/main.py
[2026-02-02T23:44:32.396+0000] {logging_mixin.py:188} INFO - [2026-02-02T23:44:32.395+0000] {dag.py:3096} INFO - Sync 1 DAGs
[2026-02-02T23:44:32.458+0000] {logging_mixin.py:188} INFO - [2026-02-02T23:44:32.457+0000] {dag.py:3954} INFO - Setting next_dagrun for produce_json to 2026-02-02 14:00:00+00:00, run_after=2026-02-03 14:00:00+00:00
[2026-02-02T23:44:32.508+0000] {processor.py:183} INFO - Processing /opt/airflow/dags/main.py took 0.277 seconds
