[2026-03-02T21:49:11.370+0000] {processor.py:161} INFO - Started process (PID=54) to work on /opt/airflow/dags/main.py
[2026-03-02T21:49:11.375+0000] {processor.py:830} INFO - Processing file /opt/airflow/dags/main.py for tasks to queue
[2026-03-02T21:49:11.386+0000] {logging_mixin.py:188} INFO - [2026-03-02T21:49:11.385+0000] {dagbag.py:545} INFO - Filling up the DagBag from /opt/airflow/dags/main.py
[2026-03-02T21:49:13.427+0000] {processor.py:840} INFO - DAG(s) 'data_quality', 'update_db', 'produce_json' retrieved from /opt/airflow/dags/main.py
[2026-03-02T21:49:14.470+0000] {logging_mixin.py:188} INFO - [2026-03-02T21:49:14.465+0000] {dag.py:3096} INFO - Sync 3 DAGs
[2026-03-02T21:49:14.950+0000] {logging_mixin.py:188} INFO - [2026-03-02T21:49:14.950+0000] {dag.py:3954} INFO - Setting next_dagrun for data_quality to 2026-03-01 16:00:00+00:00, run_after=2026-03-02 16:00:00+00:00
[2026-03-02T21:49:15.176+0000] {logging_mixin.py:188} INFO - [2026-03-02T21:49:15.175+0000] {dag.py:3954} INFO - Setting next_dagrun for produce_json to 2026-03-01 14:00:00+00:00, run_after=2026-03-02 14:00:00+00:00
[2026-03-02T21:49:15.613+0000] {logging_mixin.py:188} INFO - [2026-03-02T21:49:15.613+0000] {dag.py:3954} INFO - Setting next_dagrun for update_db to 2026-03-01 15:00:00+00:00, run_after=2026-03-02 15:00:00+00:00
[2026-03-02T21:49:15.896+0000] {processor.py:183} INFO - Processing /opt/airflow/dags/main.py took 4.575 seconds
[2026-03-02T21:49:46.809+0000] {processor.py:161} INFO - Started process (PID=60) to work on /opt/airflow/dags/main.py
[2026-03-02T21:49:46.938+0000] {processor.py:830} INFO - Processing file /opt/airflow/dags/main.py for tasks to queue
[2026-03-02T21:49:46.980+0000] {logging_mixin.py:188} INFO - [2026-03-02T21:49:46.979+0000] {dagbag.py:545} INFO - Filling up the DagBag from /opt/airflow/dags/main.py
[2026-03-02T21:49:47.426+0000] {processor.py:840} INFO - DAG(s) 'update_db', 'produce_json', 'data_quality' retrieved from /opt/airflow/dags/main.py
[2026-03-02T21:49:47.924+0000] {logging_mixin.py:188} INFO - [2026-03-02T21:49:47.923+0000] {dag.py:3096} INFO - Sync 3 DAGs
[2026-03-02T21:49:48.141+0000] {logging_mixin.py:188} INFO - [2026-03-02T21:49:48.141+0000] {dag.py:3954} INFO - Setting next_dagrun for data_quality to 2026-03-02 16:00:00+00:00, run_after=2026-03-03 16:00:00+00:00
[2026-03-02T21:49:48.164+0000] {logging_mixin.py:188} INFO - [2026-03-02T21:49:48.163+0000] {dag.py:3954} INFO - Setting next_dagrun for produce_json to 2026-03-02 14:00:00+00:00, run_after=2026-03-03 14:00:00+00:00
[2026-03-02T21:49:48.186+0000] {logging_mixin.py:188} INFO - [2026-03-02T21:49:48.186+0000] {dag.py:3954} INFO - Setting next_dagrun for update_db to 2026-03-02 15:00:00+00:00, run_after=2026-03-03 15:00:00+00:00
[2026-03-02T21:49:48.365+0000] {processor.py:183} INFO - Processing /opt/airflow/dags/main.py took 1.605 seconds
[2026-03-02T21:50:19.380+0000] {processor.py:161} INFO - Started process (PID=67) to work on /opt/airflow/dags/main.py
[2026-03-02T21:50:19.393+0000] {processor.py:830} INFO - Processing file /opt/airflow/dags/main.py for tasks to queue
[2026-03-02T21:50:19.396+0000] {logging_mixin.py:188} INFO - [2026-03-02T21:50:19.395+0000] {dagbag.py:545} INFO - Filling up the DagBag from /opt/airflow/dags/main.py
[2026-03-02T21:50:19.473+0000] {processor.py:840} INFO - DAG(s) 'data_quality', 'update_db', 'produce_json' retrieved from /opt/airflow/dags/main.py
[2026-03-02T21:50:19.769+0000] {logging_mixin.py:188} INFO - [2026-03-02T21:50:19.769+0000] {dag.py:3096} INFO - Sync 3 DAGs
[2026-03-02T21:50:19.839+0000] {logging_mixin.py:188} INFO - [2026-03-02T21:50:19.838+0000] {dag.py:3954} INFO - Setting next_dagrun for data_quality to 2026-03-02 16:00:00+00:00, run_after=2026-03-03 16:00:00+00:00
[2026-03-02T21:50:19.865+0000] {logging_mixin.py:188} INFO - [2026-03-02T21:50:19.864+0000] {dag.py:3954} INFO - Setting next_dagrun for produce_json to 2026-03-02 14:00:00+00:00, run_after=2026-03-03 14:00:00+00:00
[2026-03-02T21:50:19.897+0000] {logging_mixin.py:188} INFO - [2026-03-02T21:50:19.897+0000] {dag.py:3954} INFO - Setting next_dagrun for update_db to 2026-03-02 15:00:00+00:00, run_after=2026-03-03 15:00:00+00:00
[2026-03-02T21:50:19.990+0000] {processor.py:183} INFO - Processing /opt/airflow/dags/main.py took 0.656 seconds
[2026-03-02T21:50:50.141+0000] {processor.py:161} INFO - Started process (PID=74) to work on /opt/airflow/dags/main.py
[2026-03-02T21:50:50.150+0000] {processor.py:830} INFO - Processing file /opt/airflow/dags/main.py for tasks to queue
[2026-03-02T21:50:50.153+0000] {logging_mixin.py:188} INFO - [2026-03-02T21:50:50.153+0000] {dagbag.py:545} INFO - Filling up the DagBag from /opt/airflow/dags/main.py
[2026-03-02T21:50:50.329+0000] {processor.py:840} INFO - DAG(s) 'data_quality', 'update_db', 'produce_json' retrieved from /opt/airflow/dags/main.py
[2026-03-02T21:50:50.495+0000] {logging_mixin.py:188} INFO - [2026-03-02T21:50:50.495+0000] {dag.py:3096} INFO - Sync 3 DAGs
[2026-03-02T21:50:50.623+0000] {logging_mixin.py:188} INFO - [2026-03-02T21:50:50.622+0000] {dag.py:3954} INFO - Setting next_dagrun for data_quality to 2026-03-02 16:00:00+00:00, run_after=2026-03-03 16:00:00+00:00
[2026-03-02T21:50:50.649+0000] {logging_mixin.py:188} INFO - [2026-03-02T21:50:50.649+0000] {dag.py:3954} INFO - Setting next_dagrun for produce_json to 2026-03-02 14:00:00+00:00, run_after=2026-03-03 14:00:00+00:00
[2026-03-02T21:50:50.669+0000] {logging_mixin.py:188} INFO - [2026-03-02T21:50:50.668+0000] {dag.py:3954} INFO - Setting next_dagrun for update_db to 2026-03-02 15:00:00+00:00, run_after=2026-03-03 15:00:00+00:00
[2026-03-02T21:50:50.730+0000] {processor.py:183} INFO - Processing /opt/airflow/dags/main.py took 0.614 seconds
[2026-03-02T21:51:21.052+0000] {processor.py:161} INFO - Started process (PID=81) to work on /opt/airflow/dags/main.py
[2026-03-02T21:51:21.055+0000] {processor.py:830} INFO - Processing file /opt/airflow/dags/main.py for tasks to queue
[2026-03-02T21:51:21.061+0000] {logging_mixin.py:188} INFO - [2026-03-02T21:51:21.061+0000] {dagbag.py:545} INFO - Filling up the DagBag from /opt/airflow/dags/main.py
[2026-03-02T21:51:21.159+0000] {processor.py:840} INFO - DAG(s) 'data_quality', 'update_db', 'produce_json' retrieved from /opt/airflow/dags/main.py
[2026-03-02T21:51:21.237+0000] {logging_mixin.py:188} INFO - [2026-03-02T21:51:21.237+0000] {dag.py:3096} INFO - Sync 3 DAGs
[2026-03-02T21:51:21.283+0000] {logging_mixin.py:188} INFO - [2026-03-02T21:51:21.283+0000] {dag.py:3954} INFO - Setting next_dagrun for data_quality to 2026-03-02 16:00:00+00:00, run_after=2026-03-03 16:00:00+00:00
[2026-03-02T21:51:21.293+0000] {logging_mixin.py:188} INFO - [2026-03-02T21:51:21.293+0000] {dag.py:3954} INFO - Setting next_dagrun for produce_json to 2026-03-02 14:00:00+00:00, run_after=2026-03-03 14:00:00+00:00
[2026-03-02T21:51:21.299+0000] {logging_mixin.py:188} INFO - [2026-03-02T21:51:21.299+0000] {dag.py:3954} INFO - Setting next_dagrun for update_db to 2026-03-02 15:00:00+00:00, run_after=2026-03-03 15:00:00+00:00
[2026-03-02T21:51:21.348+0000] {processor.py:183} INFO - Processing /opt/airflow/dags/main.py took 0.323 seconds
[2026-03-02T21:51:52.081+0000] {processor.py:161} INFO - Started process (PID=88) to work on /opt/airflow/dags/main.py
[2026-03-02T21:51:52.083+0000] {processor.py:830} INFO - Processing file /opt/airflow/dags/main.py for tasks to queue
[2026-03-02T21:51:52.089+0000] {logging_mixin.py:188} INFO - [2026-03-02T21:51:52.088+0000] {dagbag.py:545} INFO - Filling up the DagBag from /opt/airflow/dags/main.py
[2026-03-02T21:51:52.161+0000] {processor.py:840} INFO - DAG(s) 'produce_json', 'data_quality', 'update_db' retrieved from /opt/airflow/dags/main.py
[2026-03-02T21:51:52.232+0000] {logging_mixin.py:188} INFO - [2026-03-02T21:51:52.232+0000] {dag.py:3096} INFO - Sync 3 DAGs
[2026-03-02T21:51:52.273+0000] {logging_mixin.py:188} INFO - [2026-03-02T21:51:52.273+0000] {dag.py:3954} INFO - Setting next_dagrun for data_quality to 2026-03-02 16:00:00+00:00, run_after=2026-03-03 16:00:00+00:00
[2026-03-02T21:51:52.284+0000] {logging_mixin.py:188} INFO - [2026-03-02T21:51:52.283+0000] {dag.py:3954} INFO - Setting next_dagrun for produce_json to 2026-03-02 14:00:00+00:00, run_after=2026-03-03 14:00:00+00:00
[2026-03-02T21:51:52.292+0000] {logging_mixin.py:188} INFO - [2026-03-02T21:51:52.291+0000] {dag.py:3954} INFO - Setting next_dagrun for update_db to 2026-03-02 15:00:00+00:00, run_after=2026-03-03 15:00:00+00:00
[2026-03-02T21:51:52.341+0000] {processor.py:183} INFO - Processing /opt/airflow/dags/main.py took 0.274 seconds
[2026-03-02T21:53:29.328+0000] {processor.py:161} INFO - Started process (PID=89) to work on /opt/airflow/dags/main.py
[2026-03-02T21:53:29.343+0000] {processor.py:830} INFO - Processing file /opt/airflow/dags/main.py for tasks to queue
[2026-03-02T21:53:29.431+0000] {logging_mixin.py:188} INFO - [2026-03-02T21:53:29.409+0000] {dagbag.py:545} INFO - Filling up the DagBag from /opt/airflow/dags/main.py
[2026-03-02T21:53:29.643+0000] {processor.py:840} INFO - DAG(s) 'update_db', 'produce_json', 'data_quality' retrieved from /opt/airflow/dags/main.py
[2026-03-02T21:53:30.219+0000] {logging_mixin.py:188} INFO - [2026-03-02T21:53:30.210+0000] {dag.py:3096} INFO - Sync 3 DAGs
[2026-03-02T21:53:30.832+0000] {logging_mixin.py:188} INFO - [2026-03-02T21:53:30.832+0000] {dag.py:3954} INFO - Setting next_dagrun for data_quality to 2026-03-02 16:00:00+00:00, run_after=2026-03-03 16:00:00+00:00
[2026-03-02T21:53:30.964+0000] {logging_mixin.py:188} INFO - [2026-03-02T21:53:30.964+0000] {dag.py:3954} INFO - Setting next_dagrun for produce_json to 2026-03-02 14:00:00+00:00, run_after=2026-03-03 14:00:00+00:00
[2026-03-02T21:53:31.053+0000] {logging_mixin.py:188} INFO - [2026-03-02T21:53:31.053+0000] {dag.py:3954} INFO - Setting next_dagrun for update_db to 2026-03-02 15:00:00+00:00, run_after=2026-03-03 15:00:00+00:00
[2026-03-02T21:53:31.329+0000] {processor.py:183} INFO - Processing /opt/airflow/dags/main.py took 2.117 seconds
[2026-03-02T21:54:01.546+0000] {processor.py:161} INFO - Started process (PID=103) to work on /opt/airflow/dags/main.py
[2026-03-02T21:54:01.551+0000] {processor.py:830} INFO - Processing file /opt/airflow/dags/main.py for tasks to queue
[2026-03-02T21:54:01.554+0000] {logging_mixin.py:188} INFO - [2026-03-02T21:54:01.554+0000] {dagbag.py:545} INFO - Filling up the DagBag from /opt/airflow/dags/main.py
[2026-03-02T21:54:01.810+0000] {processor.py:840} INFO - DAG(s) 'produce_json', 'data_quality', 'update_db' retrieved from /opt/airflow/dags/main.py
[2026-03-02T21:54:02.005+0000] {logging_mixin.py:188} INFO - [2026-03-02T21:54:02.005+0000] {dag.py:3096} INFO - Sync 3 DAGs
[2026-03-02T21:54:02.096+0000] {logging_mixin.py:188} INFO - [2026-03-02T21:54:02.095+0000] {dag.py:3954} INFO - Setting next_dagrun for data_quality to 2026-03-02 16:00:00+00:00, run_after=2026-03-03 16:00:00+00:00
[2026-03-02T21:54:02.143+0000] {logging_mixin.py:188} INFO - [2026-03-02T21:54:02.142+0000] {dag.py:3954} INFO - Setting next_dagrun for produce_json to 2026-03-02 14:00:00+00:00, run_after=2026-03-03 14:00:00+00:00
[2026-03-02T21:54:02.168+0000] {logging_mixin.py:188} INFO - [2026-03-02T21:54:02.168+0000] {dag.py:3954} INFO - Setting next_dagrun for update_db to 2026-03-02 15:00:00+00:00, run_after=2026-03-03 15:00:00+00:00
[2026-03-02T21:54:02.280+0000] {processor.py:183} INFO - Processing /opt/airflow/dags/main.py took 0.768 seconds
[2026-03-02T21:54:33.205+0000] {processor.py:161} INFO - Started process (PID=110) to work on /opt/airflow/dags/main.py
[2026-03-02T21:54:33.208+0000] {processor.py:830} INFO - Processing file /opt/airflow/dags/main.py for tasks to queue
[2026-03-02T21:54:33.212+0000] {logging_mixin.py:188} INFO - [2026-03-02T21:54:33.211+0000] {dagbag.py:545} INFO - Filling up the DagBag from /opt/airflow/dags/main.py
[2026-03-02T21:54:33.281+0000] {processor.py:840} INFO - DAG(s) 'data_quality', 'update_db', 'produce_json' retrieved from /opt/airflow/dags/main.py
[2026-03-02T21:54:33.336+0000] {logging_mixin.py:188} INFO - [2026-03-02T21:54:33.336+0000] {dag.py:3096} INFO - Sync 3 DAGs
[2026-03-02T21:54:33.376+0000] {logging_mixin.py:188} INFO - [2026-03-02T21:54:33.376+0000] {dag.py:3954} INFO - Setting next_dagrun for data_quality to 2026-03-02 16:00:00+00:00, run_after=2026-03-03 16:00:00+00:00
[2026-03-02T21:54:33.388+0000] {logging_mixin.py:188} INFO - [2026-03-02T21:54:33.388+0000] {dag.py:3954} INFO - Setting next_dagrun for produce_json to 2026-03-02 14:00:00+00:00, run_after=2026-03-03 14:00:00+00:00
[2026-03-02T21:54:33.395+0000] {logging_mixin.py:188} INFO - [2026-03-02T21:54:33.395+0000] {dag.py:3954} INFO - Setting next_dagrun for update_db to 2026-03-02 15:00:00+00:00, run_after=2026-03-03 15:00:00+00:00
[2026-03-02T21:54:33.452+0000] {processor.py:183} INFO - Processing /opt/airflow/dags/main.py took 0.257 seconds
[2026-03-02T21:55:04.027+0000] {processor.py:161} INFO - Started process (PID=117) to work on /opt/airflow/dags/main.py
[2026-03-02T21:55:04.030+0000] {processor.py:830} INFO - Processing file /opt/airflow/dags/main.py for tasks to queue
[2026-03-02T21:55:04.035+0000] {logging_mixin.py:188} INFO - [2026-03-02T21:55:04.034+0000] {dagbag.py:545} INFO - Filling up the DagBag from /opt/airflow/dags/main.py
[2026-03-02T21:55:04.127+0000] {processor.py:840} INFO - DAG(s) 'produce_json', 'data_quality', 'update_db' retrieved from /opt/airflow/dags/main.py
[2026-03-02T21:55:04.198+0000] {logging_mixin.py:188} INFO - [2026-03-02T21:55:04.198+0000] {dag.py:3096} INFO - Sync 3 DAGs
[2026-03-02T21:55:04.243+0000] {logging_mixin.py:188} INFO - [2026-03-02T21:55:04.242+0000] {dag.py:3954} INFO - Setting next_dagrun for data_quality to 2026-03-02 16:00:00+00:00, run_after=2026-03-03 16:00:00+00:00
[2026-03-02T21:55:04.255+0000] {logging_mixin.py:188} INFO - [2026-03-02T21:55:04.254+0000] {dag.py:3954} INFO - Setting next_dagrun for produce_json to 2026-03-02 14:00:00+00:00, run_after=2026-03-03 14:00:00+00:00
[2026-03-02T21:55:04.269+0000] {logging_mixin.py:188} INFO - [2026-03-02T21:55:04.269+0000] {dag.py:3954} INFO - Setting next_dagrun for update_db to 2026-03-02 15:00:00+00:00, run_after=2026-03-03 15:00:00+00:00
[2026-03-02T21:55:04.314+0000] {processor.py:183} INFO - Processing /opt/airflow/dags/main.py took 0.300 seconds
[2026-03-02T21:55:34.983+0000] {processor.py:161} INFO - Started process (PID=124) to work on /opt/airflow/dags/main.py
[2026-03-02T21:55:34.991+0000] {processor.py:830} INFO - Processing file /opt/airflow/dags/main.py for tasks to queue
[2026-03-02T21:55:34.996+0000] {logging_mixin.py:188} INFO - [2026-03-02T21:55:34.996+0000] {dagbag.py:545} INFO - Filling up the DagBag from /opt/airflow/dags/main.py
[2026-03-02T21:55:35.126+0000] {processor.py:840} INFO - DAG(s) 'produce_json', 'update_db', 'data_quality' retrieved from /opt/airflow/dags/main.py
[2026-03-02T21:55:35.210+0000] {logging_mixin.py:188} INFO - [2026-03-02T21:55:35.209+0000] {dag.py:3096} INFO - Sync 3 DAGs
[2026-03-02T21:55:35.282+0000] {logging_mixin.py:188} INFO - [2026-03-02T21:55:35.281+0000] {dag.py:3954} INFO - Setting next_dagrun for data_quality to 2026-03-02 16:00:00+00:00, run_after=2026-03-03 16:00:00+00:00
[2026-03-02T21:55:35.305+0000] {logging_mixin.py:188} INFO - [2026-03-02T21:55:35.303+0000] {dag.py:3954} INFO - Setting next_dagrun for produce_json to 2026-03-02 14:00:00+00:00, run_after=2026-03-03 14:00:00+00:00
[2026-03-02T21:55:35.318+0000] {logging_mixin.py:188} INFO - [2026-03-02T21:55:35.317+0000] {dag.py:3954} INFO - Setting next_dagrun for update_db to 2026-03-02 15:00:00+00:00, run_after=2026-03-03 15:00:00+00:00
[2026-03-02T21:55:35.365+0000] {processor.py:183} INFO - Processing /opt/airflow/dags/main.py took 0.398 seconds
[2026-03-02T21:56:06.177+0000] {processor.py:161} INFO - Started process (PID=131) to work on /opt/airflow/dags/main.py
[2026-03-02T21:56:06.179+0000] {processor.py:830} INFO - Processing file /opt/airflow/dags/main.py for tasks to queue
[2026-03-02T21:56:06.182+0000] {logging_mixin.py:188} INFO - [2026-03-02T21:56:06.181+0000] {dagbag.py:545} INFO - Filling up the DagBag from /opt/airflow/dags/main.py
[2026-03-02T21:56:06.251+0000] {processor.py:840} INFO - DAG(s) 'produce_json', 'data_quality', 'update_db' retrieved from /opt/airflow/dags/main.py
[2026-03-02T21:56:06.331+0000] {logging_mixin.py:188} INFO - [2026-03-02T21:56:06.330+0000] {dag.py:3096} INFO - Sync 3 DAGs
[2026-03-02T21:56:06.370+0000] {logging_mixin.py:188} INFO - [2026-03-02T21:56:06.370+0000] {dag.py:3954} INFO - Setting next_dagrun for data_quality to 2026-03-02 16:00:00+00:00, run_after=2026-03-03 16:00:00+00:00
[2026-03-02T21:56:06.379+0000] {logging_mixin.py:188} INFO - [2026-03-02T21:56:06.379+0000] {dag.py:3954} INFO - Setting next_dagrun for produce_json to 2026-03-02 14:00:00+00:00, run_after=2026-03-03 14:00:00+00:00
[2026-03-02T21:56:06.386+0000] {logging_mixin.py:188} INFO - [2026-03-02T21:56:06.386+0000] {dag.py:3954} INFO - Setting next_dagrun for update_db to 2026-03-02 15:00:00+00:00, run_after=2026-03-03 15:00:00+00:00
[2026-03-02T21:56:06.426+0000] {processor.py:183} INFO - Processing /opt/airflow/dags/main.py took 0.261 seconds
[2026-03-02T21:56:36.933+0000] {processor.py:161} INFO - Started process (PID=139) to work on /opt/airflow/dags/main.py
[2026-03-02T21:56:36.936+0000] {processor.py:830} INFO - Processing file /opt/airflow/dags/main.py for tasks to queue
[2026-03-02T21:56:36.940+0000] {logging_mixin.py:188} INFO - [2026-03-02T21:56:36.939+0000] {dagbag.py:545} INFO - Filling up the DagBag from /opt/airflow/dags/main.py
[2026-03-02T21:56:37.034+0000] {processor.py:840} INFO - DAG(s) 'update_db', 'produce_json', 'data_quality' retrieved from /opt/airflow/dags/main.py
[2026-03-02T21:56:37.119+0000] {logging_mixin.py:188} INFO - [2026-03-02T21:56:37.118+0000] {dag.py:3096} INFO - Sync 3 DAGs
[2026-03-02T21:56:37.163+0000] {logging_mixin.py:188} INFO - [2026-03-02T21:56:37.162+0000] {dag.py:3954} INFO - Setting next_dagrun for data_quality to 2026-03-02 16:00:00+00:00, run_after=2026-03-03 16:00:00+00:00
[2026-03-02T21:56:37.182+0000] {logging_mixin.py:188} INFO - [2026-03-02T21:56:37.181+0000] {dag.py:3954} INFO - Setting next_dagrun for produce_json to 2026-03-02 14:00:00+00:00, run_after=2026-03-03 14:00:00+00:00
[2026-03-02T21:56:37.188+0000] {logging_mixin.py:188} INFO - [2026-03-02T21:56:37.187+0000] {dag.py:3954} INFO - Setting next_dagrun for update_db to 2026-03-02 15:00:00+00:00, run_after=2026-03-03 15:00:00+00:00
[2026-03-02T21:56:37.217+0000] {processor.py:183} INFO - Processing /opt/airflow/dags/main.py took 0.296 seconds
[2026-03-02T21:57:08.262+0000] {processor.py:161} INFO - Started process (PID=146) to work on /opt/airflow/dags/main.py
[2026-03-02T21:57:08.264+0000] {processor.py:830} INFO - Processing file /opt/airflow/dags/main.py for tasks to queue
[2026-03-02T21:57:08.272+0000] {logging_mixin.py:188} INFO - [2026-03-02T21:57:08.270+0000] {dagbag.py:545} INFO - Filling up the DagBag from /opt/airflow/dags/main.py
[2026-03-02T21:57:08.403+0000] {processor.py:840} INFO - DAG(s) 'data_quality', 'update_db', 'produce_json' retrieved from /opt/airflow/dags/main.py
[2026-03-02T21:57:08.493+0000] {logging_mixin.py:188} INFO - [2026-03-02T21:57:08.492+0000] {dag.py:3096} INFO - Sync 3 DAGs
[2026-03-02T21:57:08.544+0000] {logging_mixin.py:188} INFO - [2026-03-02T21:57:08.544+0000] {dag.py:3954} INFO - Setting next_dagrun for data_quality to 2026-03-02 16:00:00+00:00, run_after=2026-03-03 16:00:00+00:00
[2026-03-02T21:57:08.559+0000] {logging_mixin.py:188} INFO - [2026-03-02T21:57:08.558+0000] {dag.py:3954} INFO - Setting next_dagrun for produce_json to 2026-03-02 14:00:00+00:00, run_after=2026-03-03 14:00:00+00:00
[2026-03-02T21:57:08.566+0000] {logging_mixin.py:188} INFO - [2026-03-02T21:57:08.565+0000] {dag.py:3954} INFO - Setting next_dagrun for update_db to 2026-03-02 15:00:00+00:00, run_after=2026-03-03 15:00:00+00:00
[2026-03-02T21:57:08.628+0000] {processor.py:183} INFO - Processing /opt/airflow/dags/main.py took 0.381 seconds
[2026-03-02T21:57:38.793+0000] {processor.py:161} INFO - Started process (PID=153) to work on /opt/airflow/dags/main.py
[2026-03-02T21:57:38.796+0000] {processor.py:830} INFO - Processing file /opt/airflow/dags/main.py for tasks to queue
[2026-03-02T21:57:38.799+0000] {logging_mixin.py:188} INFO - [2026-03-02T21:57:38.798+0000] {dagbag.py:545} INFO - Filling up the DagBag from /opt/airflow/dags/main.py
[2026-03-02T21:57:38.883+0000] {processor.py:840} INFO - DAG(s) 'update_db', 'data_quality', 'produce_json' retrieved from /opt/airflow/dags/main.py
[2026-03-02T21:57:38.974+0000] {logging_mixin.py:188} INFO - [2026-03-02T21:57:38.973+0000] {dag.py:3096} INFO - Sync 3 DAGs
[2026-03-02T21:57:39.049+0000] {logging_mixin.py:188} INFO - [2026-03-02T21:57:39.048+0000] {dag.py:3954} INFO - Setting next_dagrun for data_quality to 2026-03-02 16:00:00+00:00, run_after=2026-03-03 16:00:00+00:00
[2026-03-02T21:57:39.062+0000] {logging_mixin.py:188} INFO - [2026-03-02T21:57:39.061+0000] {dag.py:3954} INFO - Setting next_dagrun for produce_json to 2026-03-02 14:00:00+00:00, run_after=2026-03-03 14:00:00+00:00
[2026-03-02T21:57:39.071+0000] {logging_mixin.py:188} INFO - [2026-03-02T21:57:39.070+0000] {dag.py:3954} INFO - Setting next_dagrun for update_db to 2026-03-02 15:00:00+00:00, run_after=2026-03-03 15:00:00+00:00
[2026-03-02T21:57:39.127+0000] {processor.py:183} INFO - Processing /opt/airflow/dags/main.py took 0.348 seconds
[2026-03-02T21:58:48.005+0000] {processor.py:161} INFO - Started process (PID=161) to work on /opt/airflow/dags/main.py
[2026-03-02T21:58:48.025+0000] {processor.py:830} INFO - Processing file /opt/airflow/dags/main.py for tasks to queue
[2026-03-02T21:58:48.080+0000] {logging_mixin.py:188} INFO - [2026-03-02T21:58:48.079+0000] {dagbag.py:545} INFO - Filling up the DagBag from /opt/airflow/dags/main.py
[2026-03-02T21:58:48.784+0000] {processor.py:840} INFO - DAG(s) 'data_quality', 'update_db', 'produce_json' retrieved from /opt/airflow/dags/main.py
[2026-03-02T21:58:49.504+0000] {logging_mixin.py:188} INFO - [2026-03-02T21:58:49.504+0000] {dag.py:3096} INFO - Sync 3 DAGs
[2026-03-02T21:58:49.689+0000] {logging_mixin.py:188} INFO - [2026-03-02T21:58:49.688+0000] {dag.py:3954} INFO - Setting next_dagrun for data_quality to 2026-03-02 16:00:00+00:00, run_after=2026-03-03 16:00:00+00:00
[2026-03-02T21:58:49.713+0000] {logging_mixin.py:188} INFO - [2026-03-02T21:58:49.712+0000] {dag.py:3954} INFO - Setting next_dagrun for produce_json to 2026-03-02 14:00:00+00:00, run_after=2026-03-03 14:00:00+00:00
[2026-03-02T21:58:49.734+0000] {logging_mixin.py:188} INFO - [2026-03-02T21:58:49.733+0000] {dag.py:3954} INFO - Setting next_dagrun for update_db to 2026-03-02 15:00:00+00:00, run_after=2026-03-03 15:00:00+00:00
[2026-03-02T21:58:49.790+0000] {processor.py:183} INFO - Processing /opt/airflow/dags/main.py took 40.319 seconds
[2026-03-02T21:59:20.025+0000] {processor.py:161} INFO - Started process (PID=168) to work on /opt/airflow/dags/main.py
[2026-03-02T21:59:20.036+0000] {processor.py:830} INFO - Processing file /opt/airflow/dags/main.py for tasks to queue
[2026-03-02T21:59:20.055+0000] {logging_mixin.py:188} INFO - [2026-03-02T21:59:20.054+0000] {dagbag.py:545} INFO - Filling up the DagBag from /opt/airflow/dags/main.py
[2026-03-02T21:59:20.184+0000] {processor.py:840} INFO - DAG(s) 'produce_json', 'update_db', 'data_quality' retrieved from /opt/airflow/dags/main.py
[2026-03-02T21:59:20.516+0000] {logging_mixin.py:188} INFO - [2026-03-02T21:59:20.516+0000] {dag.py:3096} INFO - Sync 3 DAGs
[2026-03-02T21:59:20.577+0000] {logging_mixin.py:188} INFO - [2026-03-02T21:59:20.577+0000] {dag.py:3954} INFO - Setting next_dagrun for data_quality to 2026-03-02 16:00:00+00:00, run_after=2026-03-03 16:00:00+00:00
[2026-03-02T21:59:20.587+0000] {logging_mixin.py:188} INFO - [2026-03-02T21:59:20.587+0000] {dag.py:3954} INFO - Setting next_dagrun for produce_json to 2026-03-02 14:00:00+00:00, run_after=2026-03-03 14:00:00+00:00
[2026-03-02T21:59:20.593+0000] {logging_mixin.py:188} INFO - [2026-03-02T21:59:20.593+0000] {dag.py:3954} INFO - Setting next_dagrun for update_db to 2026-03-02 15:00:00+00:00, run_after=2026-03-03 15:00:00+00:00
[2026-03-02T21:59:20.635+0000] {processor.py:183} INFO - Processing /opt/airflow/dags/main.py took 0.673 seconds
[2026-03-02T21:59:51.081+0000] {processor.py:161} INFO - Started process (PID=181) to work on /opt/airflow/dags/main.py
[2026-03-02T21:59:51.084+0000] {processor.py:830} INFO - Processing file /opt/airflow/dags/main.py for tasks to queue
[2026-03-02T21:59:51.088+0000] {logging_mixin.py:188} INFO - [2026-03-02T21:59:51.087+0000] {dagbag.py:545} INFO - Filling up the DagBag from /opt/airflow/dags/main.py
[2026-03-02T21:59:51.175+0000] {processor.py:840} INFO - DAG(s) 'produce_json', 'data_quality', 'update_db' retrieved from /opt/airflow/dags/main.py
[2026-03-02T21:59:51.241+0000] {logging_mixin.py:188} INFO - [2026-03-02T21:59:51.241+0000] {dag.py:3096} INFO - Sync 3 DAGs
[2026-03-02T21:59:51.286+0000] {logging_mixin.py:188} INFO - [2026-03-02T21:59:51.285+0000] {dag.py:3954} INFO - Setting next_dagrun for data_quality to 2026-03-02 16:00:00+00:00, run_after=2026-03-03 16:00:00+00:00
[2026-03-02T21:59:51.295+0000] {logging_mixin.py:188} INFO - [2026-03-02T21:59:51.295+0000] {dag.py:3954} INFO - Setting next_dagrun for produce_json to 2026-03-02 14:00:00+00:00, run_after=2026-03-03 14:00:00+00:00
[2026-03-02T21:59:51.301+0000] {logging_mixin.py:188} INFO - [2026-03-02T21:59:51.301+0000] {dag.py:3954} INFO - Setting next_dagrun for update_db to 2026-03-02 15:00:00+00:00, run_after=2026-03-03 15:00:00+00:00
[2026-03-02T21:59:51.342+0000] {processor.py:183} INFO - Processing /opt/airflow/dags/main.py took 0.275 seconds
[2026-03-02T22:00:22.129+0000] {processor.py:161} INFO - Started process (PID=188) to work on /opt/airflow/dags/main.py
[2026-03-02T22:00:22.131+0000] {processor.py:830} INFO - Processing file /opt/airflow/dags/main.py for tasks to queue
[2026-03-02T22:00:22.137+0000] {logging_mixin.py:188} INFO - [2026-03-02T22:00:22.136+0000] {dagbag.py:545} INFO - Filling up the DagBag from /opt/airflow/dags/main.py
[2026-03-02T22:00:22.220+0000] {processor.py:840} INFO - DAG(s) 'update_db', 'produce_json', 'data_quality' retrieved from /opt/airflow/dags/main.py
[2026-03-02T22:00:22.298+0000] {logging_mixin.py:188} INFO - [2026-03-02T22:00:22.298+0000] {dag.py:3096} INFO - Sync 3 DAGs
[2026-03-02T22:00:22.342+0000] {logging_mixin.py:188} INFO - [2026-03-02T22:00:22.341+0000] {dag.py:3954} INFO - Setting next_dagrun for data_quality to 2026-03-02 16:00:00+00:00, run_after=2026-03-03 16:00:00+00:00
[2026-03-02T22:00:22.352+0000] {logging_mixin.py:188} INFO - [2026-03-02T22:00:22.352+0000] {dag.py:3954} INFO - Setting next_dagrun for produce_json to 2026-03-02 14:00:00+00:00, run_after=2026-03-03 14:00:00+00:00
[2026-03-02T22:00:22.361+0000] {logging_mixin.py:188} INFO - [2026-03-02T22:00:22.361+0000] {dag.py:3954} INFO - Setting next_dagrun for update_db to 2026-03-02 15:00:00+00:00, run_after=2026-03-03 15:00:00+00:00
[2026-03-02T22:00:22.408+0000] {processor.py:183} INFO - Processing /opt/airflow/dags/main.py took 0.293 seconds
[2026-03-02T22:00:53.011+0000] {processor.py:161} INFO - Started process (PID=195) to work on /opt/airflow/dags/main.py
[2026-03-02T22:00:53.013+0000] {processor.py:830} INFO - Processing file /opt/airflow/dags/main.py for tasks to queue
[2026-03-02T22:00:53.017+0000] {logging_mixin.py:188} INFO - [2026-03-02T22:00:53.017+0000] {dagbag.py:545} INFO - Filling up the DagBag from /opt/airflow/dags/main.py
[2026-03-02T22:00:53.093+0000] {processor.py:840} INFO - DAG(s) 'produce_json', 'update_db', 'data_quality' retrieved from /opt/airflow/dags/main.py
[2026-03-02T22:00:53.171+0000] {logging_mixin.py:188} INFO - [2026-03-02T22:00:53.170+0000] {dag.py:3096} INFO - Sync 3 DAGs
[2026-03-02T22:00:53.211+0000] {logging_mixin.py:188} INFO - [2026-03-02T22:00:53.210+0000] {dag.py:3954} INFO - Setting next_dagrun for data_quality to 2026-03-02 16:00:00+00:00, run_after=2026-03-03 16:00:00+00:00
[2026-03-02T22:00:53.222+0000] {logging_mixin.py:188} INFO - [2026-03-02T22:00:53.222+0000] {dag.py:3954} INFO - Setting next_dagrun for produce_json to 2026-03-02 14:00:00+00:00, run_after=2026-03-03 14:00:00+00:00
[2026-03-02T22:00:53.236+0000] {logging_mixin.py:188} INFO - [2026-03-02T22:00:53.236+0000] {dag.py:3954} INFO - Setting next_dagrun for update_db to 2026-03-02 15:00:00+00:00, run_after=2026-03-03 15:00:00+00:00
[2026-03-02T22:00:53.285+0000] {processor.py:183} INFO - Processing /opt/airflow/dags/main.py took 0.286 seconds
[2026-03-02T22:01:23.857+0000] {processor.py:161} INFO - Started process (PID=202) to work on /opt/airflow/dags/main.py
[2026-03-02T22:01:23.859+0000] {processor.py:830} INFO - Processing file /opt/airflow/dags/main.py for tasks to queue
[2026-03-02T22:01:23.863+0000] {logging_mixin.py:188} INFO - [2026-03-02T22:01:23.862+0000] {dagbag.py:545} INFO - Filling up the DagBag from /opt/airflow/dags/main.py
[2026-03-02T22:01:23.961+0000] {processor.py:840} INFO - DAG(s) 'update_db', 'produce_json', 'data_quality' retrieved from /opt/airflow/dags/main.py
[2026-03-02T22:01:24.039+0000] {logging_mixin.py:188} INFO - [2026-03-02T22:01:24.038+0000] {dag.py:3096} INFO - Sync 3 DAGs
[2026-03-02T22:01:24.083+0000] {logging_mixin.py:188} INFO - [2026-03-02T22:01:24.083+0000] {dag.py:3954} INFO - Setting next_dagrun for data_quality to 2026-03-02 16:00:00+00:00, run_after=2026-03-03 16:00:00+00:00
[2026-03-02T22:01:24.103+0000] {logging_mixin.py:188} INFO - [2026-03-02T22:01:24.102+0000] {dag.py:3954} INFO - Setting next_dagrun for produce_json to 2026-03-02 14:00:00+00:00, run_after=2026-03-03 14:00:00+00:00
[2026-03-02T22:01:24.109+0000] {logging_mixin.py:188} INFO - [2026-03-02T22:01:24.109+0000] {dag.py:3954} INFO - Setting next_dagrun for update_db to 2026-03-02 15:00:00+00:00, run_after=2026-03-03 15:00:00+00:00
[2026-03-02T22:01:24.143+0000] {processor.py:183} INFO - Processing /opt/airflow/dags/main.py took 0.298 seconds
[2026-03-02T22:01:54.630+0000] {processor.py:161} INFO - Started process (PID=208) to work on /opt/airflow/dags/main.py
[2026-03-02T22:01:54.633+0000] {processor.py:830} INFO - Processing file /opt/airflow/dags/main.py for tasks to queue
[2026-03-02T22:01:54.636+0000] {logging_mixin.py:188} INFO - [2026-03-02T22:01:54.635+0000] {dagbag.py:545} INFO - Filling up the DagBag from /opt/airflow/dags/main.py
[2026-03-02T22:01:54.717+0000] {processor.py:840} INFO - DAG(s) 'update_db', 'data_quality', 'produce_json' retrieved from /opt/airflow/dags/main.py
[2026-03-02T22:01:54.794+0000] {logging_mixin.py:188} INFO - [2026-03-02T22:01:54.794+0000] {dag.py:3096} INFO - Sync 3 DAGs
[2026-03-02T22:01:54.847+0000] {logging_mixin.py:188} INFO - [2026-03-02T22:01:54.844+0000] {dag.py:3954} INFO - Setting next_dagrun for data_quality to 2026-03-02 16:00:00+00:00, run_after=2026-03-03 16:00:00+00:00
[2026-03-02T22:01:54.866+0000] {logging_mixin.py:188} INFO - [2026-03-02T22:01:54.866+0000] {dag.py:3954} INFO - Setting next_dagrun for produce_json to 2026-03-02 14:00:00+00:00, run_after=2026-03-03 14:00:00+00:00
[2026-03-02T22:01:54.875+0000] {logging_mixin.py:188} INFO - [2026-03-02T22:01:54.874+0000] {dag.py:3954} INFO - Setting next_dagrun for update_db to 2026-03-02 15:00:00+00:00, run_after=2026-03-03 15:00:00+00:00
[2026-03-02T22:01:54.921+0000] {processor.py:183} INFO - Processing /opt/airflow/dags/main.py took 0.305 seconds
[2026-03-02T22:02:24.972+0000] {processor.py:161} INFO - Started process (PID=216) to work on /opt/airflow/dags/main.py
[2026-03-02T22:02:24.975+0000] {processor.py:830} INFO - Processing file /opt/airflow/dags/main.py for tasks to queue
[2026-03-02T22:02:24.980+0000] {logging_mixin.py:188} INFO - [2026-03-02T22:02:24.979+0000] {dagbag.py:545} INFO - Filling up the DagBag from /opt/airflow/dags/main.py
[2026-03-02T22:02:25.087+0000] {processor.py:840} INFO - DAG(s) 'update_db', 'produce_json', 'data_quality' retrieved from /opt/airflow/dags/main.py
[2026-03-02T22:02:25.164+0000] {logging_mixin.py:188} INFO - [2026-03-02T22:02:25.164+0000] {dag.py:3096} INFO - Sync 3 DAGs
[2026-03-02T22:02:25.207+0000] {logging_mixin.py:188} INFO - [2026-03-02T22:02:25.207+0000] {dag.py:3954} INFO - Setting next_dagrun for data_quality to 2026-03-02 16:00:00+00:00, run_after=2026-03-03 16:00:00+00:00
[2026-03-02T22:02:25.219+0000] {logging_mixin.py:188} INFO - [2026-03-02T22:02:25.219+0000] {dag.py:3954} INFO - Setting next_dagrun for produce_json to 2026-03-02 14:00:00+00:00, run_after=2026-03-03 14:00:00+00:00
[2026-03-02T22:02:25.231+0000] {logging_mixin.py:188} INFO - [2026-03-02T22:02:25.231+0000] {dag.py:3954} INFO - Setting next_dagrun for update_db to 2026-03-02 15:00:00+00:00, run_after=2026-03-03 15:00:00+00:00
[2026-03-02T22:02:25.280+0000] {processor.py:183} INFO - Processing /opt/airflow/dags/main.py took 0.320 seconds
[2026-03-02T22:02:56.043+0000] {processor.py:161} INFO - Started process (PID=223) to work on /opt/airflow/dags/main.py
[2026-03-02T22:02:56.046+0000] {processor.py:830} INFO - Processing file /opt/airflow/dags/main.py for tasks to queue
[2026-03-02T22:02:56.052+0000] {logging_mixin.py:188} INFO - [2026-03-02T22:02:56.052+0000] {dagbag.py:545} INFO - Filling up the DagBag from /opt/airflow/dags/main.py
[2026-03-02T22:02:56.129+0000] {processor.py:840} INFO - DAG(s) 'data_quality', 'update_db', 'produce_json' retrieved from /opt/airflow/dags/main.py
[2026-03-02T22:02:56.209+0000] {logging_mixin.py:188} INFO - [2026-03-02T22:02:56.209+0000] {dag.py:3096} INFO - Sync 3 DAGs
[2026-03-02T22:02:56.254+0000] {logging_mixin.py:188} INFO - [2026-03-02T22:02:56.254+0000] {dag.py:3954} INFO - Setting next_dagrun for data_quality to 2026-03-02 16:00:00+00:00, run_after=2026-03-03 16:00:00+00:00
[2026-03-02T22:02:56.264+0000] {logging_mixin.py:188} INFO - [2026-03-02T22:02:56.263+0000] {dag.py:3954} INFO - Setting next_dagrun for produce_json to 2026-03-02 14:00:00+00:00, run_after=2026-03-03 14:00:00+00:00
[2026-03-02T22:02:56.271+0000] {logging_mixin.py:188} INFO - [2026-03-02T22:02:56.271+0000] {dag.py:3954} INFO - Setting next_dagrun for update_db to 2026-03-02 15:00:00+00:00, run_after=2026-03-03 15:00:00+00:00
[2026-03-02T22:02:56.320+0000] {processor.py:183} INFO - Processing /opt/airflow/dags/main.py took 0.290 seconds
[2026-03-02T22:03:26.557+0000] {processor.py:161} INFO - Started process (PID=230) to work on /opt/airflow/dags/main.py
[2026-03-02T22:03:26.560+0000] {processor.py:830} INFO - Processing file /opt/airflow/dags/main.py for tasks to queue
[2026-03-02T22:03:26.565+0000] {logging_mixin.py:188} INFO - [2026-03-02T22:03:26.564+0000] {dagbag.py:545} INFO - Filling up the DagBag from /opt/airflow/dags/main.py
[2026-03-02T22:03:26.636+0000] {processor.py:840} INFO - DAG(s) 'produce_json', 'data_quality', 'update_db' retrieved from /opt/airflow/dags/main.py
[2026-03-02T22:03:26.721+0000] {logging_mixin.py:188} INFO - [2026-03-02T22:03:26.720+0000] {dag.py:3096} INFO - Sync 3 DAGs
[2026-03-02T22:03:26.764+0000] {logging_mixin.py:188} INFO - [2026-03-02T22:03:26.764+0000] {dag.py:3954} INFO - Setting next_dagrun for data_quality to 2026-03-02 16:00:00+00:00, run_after=2026-03-03 16:00:00+00:00
[2026-03-02T22:03:26.775+0000] {logging_mixin.py:188} INFO - [2026-03-02T22:03:26.775+0000] {dag.py:3954} INFO - Setting next_dagrun for produce_json to 2026-03-02 14:00:00+00:00, run_after=2026-03-03 14:00:00+00:00
[2026-03-02T22:03:26.782+0000] {logging_mixin.py:188} INFO - [2026-03-02T22:03:26.782+0000] {dag.py:3954} INFO - Setting next_dagrun for update_db to 2026-03-02 15:00:00+00:00, run_after=2026-03-03 15:00:00+00:00
[2026-03-02T22:03:26.824+0000] {processor.py:183} INFO - Processing /opt/airflow/dags/main.py took 0.279 seconds
[2026-03-02T22:03:57.293+0000] {processor.py:161} INFO - Started process (PID=237) to work on /opt/airflow/dags/main.py
[2026-03-02T22:03:57.296+0000] {processor.py:830} INFO - Processing file /opt/airflow/dags/main.py for tasks to queue
[2026-03-02T22:03:57.300+0000] {logging_mixin.py:188} INFO - [2026-03-02T22:03:57.299+0000] {dagbag.py:545} INFO - Filling up the DagBag from /opt/airflow/dags/main.py
[2026-03-02T22:03:57.378+0000] {processor.py:840} INFO - DAG(s) 'update_db', 'data_quality', 'produce_json' retrieved from /opt/airflow/dags/main.py
[2026-03-02T22:03:57.442+0000] {logging_mixin.py:188} INFO - [2026-03-02T22:03:57.441+0000] {dag.py:3096} INFO - Sync 3 DAGs
[2026-03-02T22:03:57.499+0000] {logging_mixin.py:188} INFO - [2026-03-02T22:03:57.498+0000] {dag.py:3954} INFO - Setting next_dagrun for data_quality to 2026-03-02 16:00:00+00:00, run_after=2026-03-03 16:00:00+00:00
[2026-03-02T22:03:57.515+0000] {logging_mixin.py:188} INFO - [2026-03-02T22:03:57.515+0000] {dag.py:3954} INFO - Setting next_dagrun for produce_json to 2026-03-02 14:00:00+00:00, run_after=2026-03-03 14:00:00+00:00
[2026-03-02T22:03:57.523+0000] {logging_mixin.py:188} INFO - [2026-03-02T22:03:57.522+0000] {dag.py:3954} INFO - Setting next_dagrun for update_db to 2026-03-02 15:00:00+00:00, run_after=2026-03-03 15:00:00+00:00
[2026-03-02T22:03:57.564+0000] {processor.py:183} INFO - Processing /opt/airflow/dags/main.py took 0.283 seconds
[2026-03-02T22:04:28.428+0000] {processor.py:161} INFO - Started process (PID=244) to work on /opt/airflow/dags/main.py
[2026-03-02T22:04:28.515+0000] {processor.py:830} INFO - Processing file /opt/airflow/dags/main.py for tasks to queue
[2026-03-02T22:04:28.519+0000] {logging_mixin.py:188} INFO - [2026-03-02T22:04:28.518+0000] {dagbag.py:545} INFO - Filling up the DagBag from /opt/airflow/dags/main.py
[2026-03-02T22:04:28.839+0000] {processor.py:840} INFO - DAG(s) 'data_quality', 'update_db', 'produce_json' retrieved from /opt/airflow/dags/main.py
[2026-03-02T22:04:28.964+0000] {logging_mixin.py:188} INFO - [2026-03-02T22:04:28.963+0000] {dag.py:3096} INFO - Sync 3 DAGs
[2026-03-02T22:04:29.020+0000] {logging_mixin.py:188} INFO - [2026-03-02T22:04:29.020+0000] {dag.py:3954} INFO - Setting next_dagrun for data_quality to 2026-03-02 16:00:00+00:00, run_after=2026-03-03 16:00:00+00:00
[2026-03-02T22:04:29.033+0000] {logging_mixin.py:188} INFO - [2026-03-02T22:04:29.032+0000] {dag.py:3954} INFO - Setting next_dagrun for produce_json to 2026-03-02 14:00:00+00:00, run_after=2026-03-03 14:00:00+00:00
[2026-03-02T22:04:29.038+0000] {logging_mixin.py:188} INFO - [2026-03-02T22:04:29.037+0000] {dag.py:3954} INFO - Setting next_dagrun for update_db to 2026-03-02 15:00:00+00:00, run_after=2026-03-03 15:00:00+00:00
[2026-03-02T22:04:29.069+0000] {processor.py:183} INFO - Processing /opt/airflow/dags/main.py took 0.763 seconds
[2026-03-02T22:04:59.412+0000] {processor.py:161} INFO - Started process (PID=250) to work on /opt/airflow/dags/main.py
[2026-03-02T22:04:59.417+0000] {processor.py:830} INFO - Processing file /opt/airflow/dags/main.py for tasks to queue
[2026-03-02T22:04:59.426+0000] {logging_mixin.py:188} INFO - [2026-03-02T22:04:59.425+0000] {dagbag.py:545} INFO - Filling up the DagBag from /opt/airflow/dags/main.py
[2026-03-02T22:04:59.513+0000] {processor.py:840} INFO - DAG(s) 'produce_json', 'data_quality', 'update_db' retrieved from /opt/airflow/dags/main.py
[2026-03-02T22:04:59.575+0000] {logging_mixin.py:188} INFO - [2026-03-02T22:04:59.575+0000] {dag.py:3096} INFO - Sync 3 DAGs
[2026-03-02T22:04:59.622+0000] {logging_mixin.py:188} INFO - [2026-03-02T22:04:59.622+0000] {dag.py:3954} INFO - Setting next_dagrun for data_quality to 2026-03-02 16:00:00+00:00, run_after=2026-03-03 16:00:00+00:00
[2026-03-02T22:04:59.633+0000] {logging_mixin.py:188} INFO - [2026-03-02T22:04:59.633+0000] {dag.py:3954} INFO - Setting next_dagrun for produce_json to 2026-03-02 14:00:00+00:00, run_after=2026-03-03 14:00:00+00:00
[2026-03-02T22:04:59.644+0000] {logging_mixin.py:188} INFO - [2026-03-02T22:04:59.644+0000] {dag.py:3954} INFO - Setting next_dagrun for update_db to 2026-03-02 15:00:00+00:00, run_after=2026-03-03 15:00:00+00:00
[2026-03-02T22:04:59.697+0000] {processor.py:183} INFO - Processing /opt/airflow/dags/main.py took 0.304 seconds
[2026-03-02T22:05:30.070+0000] {processor.py:161} INFO - Started process (PID=257) to work on /opt/airflow/dags/main.py
[2026-03-02T22:05:30.072+0000] {processor.py:830} INFO - Processing file /opt/airflow/dags/main.py for tasks to queue
[2026-03-02T22:05:30.076+0000] {logging_mixin.py:188} INFO - [2026-03-02T22:05:30.076+0000] {dagbag.py:545} INFO - Filling up the DagBag from /opt/airflow/dags/main.py
[2026-03-02T22:05:30.157+0000] {processor.py:840} INFO - DAG(s) 'update_db', 'produce_json', 'data_quality' retrieved from /opt/airflow/dags/main.py
[2026-03-02T22:05:30.240+0000] {logging_mixin.py:188} INFO - [2026-03-02T22:05:30.240+0000] {dag.py:3096} INFO - Sync 3 DAGs
[2026-03-02T22:05:30.305+0000] {logging_mixin.py:188} INFO - [2026-03-02T22:05:30.305+0000] {dag.py:3954} INFO - Setting next_dagrun for data_quality to 2026-03-02 16:00:00+00:00, run_after=2026-03-03 16:00:00+00:00
[2026-03-02T22:05:30.323+0000] {logging_mixin.py:188} INFO - [2026-03-02T22:05:30.321+0000] {dag.py:3954} INFO - Setting next_dagrun for produce_json to 2026-03-02 14:00:00+00:00, run_after=2026-03-03 14:00:00+00:00
[2026-03-02T22:05:30.335+0000] {logging_mixin.py:188} INFO - [2026-03-02T22:05:30.335+0000] {dag.py:3954} INFO - Setting next_dagrun for update_db to 2026-03-02 15:00:00+00:00, run_after=2026-03-03 15:00:00+00:00
[2026-03-02T22:05:30.402+0000] {processor.py:183} INFO - Processing /opt/airflow/dags/main.py took 0.344 seconds
[2026-03-02T22:06:01.080+0000] {processor.py:161} INFO - Started process (PID=264) to work on /opt/airflow/dags/main.py
[2026-03-02T22:06:01.083+0000] {processor.py:830} INFO - Processing file /opt/airflow/dags/main.py for tasks to queue
[2026-03-02T22:06:01.088+0000] {logging_mixin.py:188} INFO - [2026-03-02T22:06:01.087+0000] {dagbag.py:545} INFO - Filling up the DagBag from /opt/airflow/dags/main.py
[2026-03-02T22:06:01.166+0000] {processor.py:840} INFO - DAG(s) 'produce_json', 'update_db', 'data_quality' retrieved from /opt/airflow/dags/main.py
[2026-03-02T22:06:01.261+0000] {logging_mixin.py:188} INFO - [2026-03-02T22:06:01.261+0000] {dag.py:3096} INFO - Sync 3 DAGs
[2026-03-02T22:06:01.314+0000] {logging_mixin.py:188} INFO - [2026-03-02T22:06:01.314+0000] {dag.py:3954} INFO - Setting next_dagrun for data_quality to 2026-03-02 16:00:00+00:00, run_after=2026-03-03 16:00:00+00:00
[2026-03-02T22:06:01.323+0000] {logging_mixin.py:188} INFO - [2026-03-02T22:06:01.323+0000] {dag.py:3954} INFO - Setting next_dagrun for produce_json to 2026-03-02 14:00:00+00:00, run_after=2026-03-03 14:00:00+00:00
[2026-03-02T22:06:01.332+0000] {logging_mixin.py:188} INFO - [2026-03-02T22:06:01.331+0000] {dag.py:3954} INFO - Setting next_dagrun for update_db to 2026-03-02 15:00:00+00:00, run_after=2026-03-03 15:00:00+00:00
[2026-03-02T22:06:01.377+0000] {processor.py:183} INFO - Processing /opt/airflow/dags/main.py took 0.309 seconds
[2026-03-02T22:06:31.450+0000] {processor.py:161} INFO - Started process (PID=272) to work on /opt/airflow/dags/main.py
[2026-03-02T22:06:31.457+0000] {processor.py:830} INFO - Processing file /opt/airflow/dags/main.py for tasks to queue
[2026-03-02T22:06:31.461+0000] {logging_mixin.py:188} INFO - [2026-03-02T22:06:31.460+0000] {dagbag.py:545} INFO - Filling up the DagBag from /opt/airflow/dags/main.py
[2026-03-02T22:06:31.558+0000] {processor.py:840} INFO - DAG(s) 'update_db', 'data_quality', 'produce_json' retrieved from /opt/airflow/dags/main.py
[2026-03-02T22:06:31.634+0000] {logging_mixin.py:188} INFO - [2026-03-02T22:06:31.633+0000] {dag.py:3096} INFO - Sync 3 DAGs
[2026-03-02T22:06:31.679+0000] {logging_mixin.py:188} INFO - [2026-03-02T22:06:31.678+0000] {dag.py:3954} INFO - Setting next_dagrun for data_quality to 2026-03-02 16:00:00+00:00, run_after=2026-03-03 16:00:00+00:00
[2026-03-02T22:06:31.694+0000] {logging_mixin.py:188} INFO - [2026-03-02T22:06:31.694+0000] {dag.py:3954} INFO - Setting next_dagrun for produce_json to 2026-03-02 14:00:00+00:00, run_after=2026-03-03 14:00:00+00:00
[2026-03-02T22:06:31.704+0000] {logging_mixin.py:188} INFO - [2026-03-02T22:06:31.704+0000] {dag.py:3954} INFO - Setting next_dagrun for update_db to 2026-03-02 15:00:00+00:00, run_after=2026-03-03 15:00:00+00:00
[2026-03-02T22:06:31.751+0000] {processor.py:183} INFO - Processing /opt/airflow/dags/main.py took 0.313 seconds
[2026-03-02T22:07:02.281+0000] {processor.py:161} INFO - Started process (PID=279) to work on /opt/airflow/dags/main.py
[2026-03-02T22:07:02.285+0000] {processor.py:830} INFO - Processing file /opt/airflow/dags/main.py for tasks to queue
[2026-03-02T22:07:02.289+0000] {logging_mixin.py:188} INFO - [2026-03-02T22:07:02.288+0000] {dagbag.py:545} INFO - Filling up the DagBag from /opt/airflow/dags/main.py
[2026-03-02T22:07:02.358+0000] {processor.py:840} INFO - DAG(s) 'update_db', 'data_quality', 'produce_json' retrieved from /opt/airflow/dags/main.py
[2026-03-02T22:07:02.430+0000] {logging_mixin.py:188} INFO - [2026-03-02T22:07:02.429+0000] {dag.py:3096} INFO - Sync 3 DAGs
[2026-03-02T22:07:02.472+0000] {logging_mixin.py:188} INFO - [2026-03-02T22:07:02.472+0000] {dag.py:3954} INFO - Setting next_dagrun for data_quality to 2026-03-02 16:00:00+00:00, run_after=2026-03-03 16:00:00+00:00
[2026-03-02T22:07:02.485+0000] {logging_mixin.py:188} INFO - [2026-03-02T22:07:02.485+0000] {dag.py:3954} INFO - Setting next_dagrun for produce_json to 2026-03-02 14:00:00+00:00, run_after=2026-03-03 14:00:00+00:00
[2026-03-02T22:07:02.495+0000] {logging_mixin.py:188} INFO - [2026-03-02T22:07:02.494+0000] {dag.py:3954} INFO - Setting next_dagrun for update_db to 2026-03-02 15:00:00+00:00, run_after=2026-03-03 15:00:00+00:00
[2026-03-02T22:07:02.548+0000] {processor.py:183} INFO - Processing /opt/airflow/dags/main.py took 0.277 seconds
[2026-03-02T22:07:33.002+0000] {processor.py:161} INFO - Started process (PID=286) to work on /opt/airflow/dags/main.py
[2026-03-02T22:07:33.005+0000] {processor.py:830} INFO - Processing file /opt/airflow/dags/main.py for tasks to queue
[2026-03-02T22:07:33.008+0000] {logging_mixin.py:188} INFO - [2026-03-02T22:07:33.008+0000] {dagbag.py:545} INFO - Filling up the DagBag from /opt/airflow/dags/main.py
[2026-03-02T22:07:33.077+0000] {processor.py:840} INFO - DAG(s) 'update_db', 'data_quality', 'produce_json' retrieved from /opt/airflow/dags/main.py
[2026-03-02T22:07:33.149+0000] {logging_mixin.py:188} INFO - [2026-03-02T22:07:33.149+0000] {dag.py:3096} INFO - Sync 3 DAGs
[2026-03-02T22:07:33.190+0000] {logging_mixin.py:188} INFO - [2026-03-02T22:07:33.189+0000] {dag.py:3954} INFO - Setting next_dagrun for data_quality to 2026-03-02 16:00:00+00:00, run_after=2026-03-03 16:00:00+00:00
[2026-03-02T22:07:33.199+0000] {logging_mixin.py:188} INFO - [2026-03-02T22:07:33.199+0000] {dag.py:3954} INFO - Setting next_dagrun for produce_json to 2026-03-02 14:00:00+00:00, run_after=2026-03-03 14:00:00+00:00
[2026-03-02T22:07:33.206+0000] {logging_mixin.py:188} INFO - [2026-03-02T22:07:33.206+0000] {dag.py:3954} INFO - Setting next_dagrun for update_db to 2026-03-02 15:00:00+00:00, run_after=2026-03-03 15:00:00+00:00
[2026-03-02T22:07:33.253+0000] {processor.py:183} INFO - Processing /opt/airflow/dags/main.py took 0.265 seconds
[2026-03-02T22:08:04.129+0000] {processor.py:161} INFO - Started process (PID=293) to work on /opt/airflow/dags/main.py
[2026-03-02T22:08:04.133+0000] {processor.py:830} INFO - Processing file /opt/airflow/dags/main.py for tasks to queue
[2026-03-02T22:08:04.136+0000] {logging_mixin.py:188} INFO - [2026-03-02T22:08:04.135+0000] {dagbag.py:545} INFO - Filling up the DagBag from /opt/airflow/dags/main.py
[2026-03-02T22:08:04.205+0000] {processor.py:840} INFO - DAG(s) 'produce_json', 'update_db', 'data_quality' retrieved from /opt/airflow/dags/main.py
[2026-03-02T22:08:04.272+0000] {logging_mixin.py:188} INFO - [2026-03-02T22:08:04.271+0000] {dag.py:3096} INFO - Sync 3 DAGs
[2026-03-02T22:08:04.327+0000] {logging_mixin.py:188} INFO - [2026-03-02T22:08:04.327+0000] {dag.py:3954} INFO - Setting next_dagrun for data_quality to 2026-03-02 16:00:00+00:00, run_after=2026-03-03 16:00:00+00:00
[2026-03-02T22:08:04.347+0000] {logging_mixin.py:188} INFO - [2026-03-02T22:08:04.347+0000] {dag.py:3954} INFO - Setting next_dagrun for produce_json to 2026-03-02 14:00:00+00:00, run_after=2026-03-03 14:00:00+00:00
[2026-03-02T22:08:04.361+0000] {logging_mixin.py:188} INFO - [2026-03-02T22:08:04.361+0000] {dag.py:3954} INFO - Setting next_dagrun for update_db to 2026-03-02 15:00:00+00:00, run_after=2026-03-03 15:00:00+00:00
[2026-03-02T22:08:04.400+0000] {processor.py:183} INFO - Processing /opt/airflow/dags/main.py took 0.284 seconds
[2026-03-02T22:08:34.644+0000] {processor.py:161} INFO - Started process (PID=300) to work on /opt/airflow/dags/main.py
[2026-03-02T22:08:34.646+0000] {processor.py:830} INFO - Processing file /opt/airflow/dags/main.py for tasks to queue
[2026-03-02T22:08:34.649+0000] {logging_mixin.py:188} INFO - [2026-03-02T22:08:34.649+0000] {dagbag.py:545} INFO - Filling up the DagBag from /opt/airflow/dags/main.py
[2026-03-02T22:08:34.723+0000] {processor.py:840} INFO - DAG(s) 'data_quality', 'update_db', 'produce_json' retrieved from /opt/airflow/dags/main.py
[2026-03-02T22:08:34.825+0000] {logging_mixin.py:188} INFO - [2026-03-02T22:08:34.824+0000] {dag.py:3096} INFO - Sync 3 DAGs
[2026-03-02T22:08:34.874+0000] {logging_mixin.py:188} INFO - [2026-03-02T22:08:34.873+0000] {dag.py:3954} INFO - Setting next_dagrun for data_quality to 2026-03-02 16:00:00+00:00, run_after=2026-03-03 16:00:00+00:00
[2026-03-02T22:08:34.890+0000] {logging_mixin.py:188} INFO - [2026-03-02T22:08:34.889+0000] {dag.py:3954} INFO - Setting next_dagrun for produce_json to 2026-03-02 14:00:00+00:00, run_after=2026-03-03 14:00:00+00:00
[2026-03-02T22:08:34.902+0000] {logging_mixin.py:188} INFO - [2026-03-02T22:08:34.902+0000] {dag.py:3954} INFO - Setting next_dagrun for update_db to 2026-03-02 15:00:00+00:00, run_after=2026-03-03 15:00:00+00:00
[2026-03-02T22:08:34.956+0000] {processor.py:183} INFO - Processing /opt/airflow/dags/main.py took 0.323 seconds
[2026-03-02T22:09:05.090+0000] {processor.py:161} INFO - Started process (PID=307) to work on /opt/airflow/dags/main.py
[2026-03-02T22:09:05.093+0000] {processor.py:830} INFO - Processing file /opt/airflow/dags/main.py for tasks to queue
[2026-03-02T22:09:05.097+0000] {logging_mixin.py:188} INFO - [2026-03-02T22:09:05.096+0000] {dagbag.py:545} INFO - Filling up the DagBag from /opt/airflow/dags/main.py
[2026-03-02T22:09:05.199+0000] {processor.py:840} INFO - DAG(s) 'produce_json', 'update_db', 'data_quality' retrieved from /opt/airflow/dags/main.py
[2026-03-02T22:09:05.293+0000] {logging_mixin.py:188} INFO - [2026-03-02T22:09:05.293+0000] {dag.py:3096} INFO - Sync 3 DAGs
[2026-03-02T22:09:05.347+0000] {logging_mixin.py:188} INFO - [2026-03-02T22:09:05.347+0000] {dag.py:3954} INFO - Setting next_dagrun for data_quality to 2026-03-02 16:00:00+00:00, run_after=2026-03-03 16:00:00+00:00
[2026-03-02T22:09:05.360+0000] {logging_mixin.py:188} INFO - [2026-03-02T22:09:05.359+0000] {dag.py:3954} INFO - Setting next_dagrun for produce_json to 2026-03-02 14:00:00+00:00, run_after=2026-03-03 14:00:00+00:00
[2026-03-02T22:09:05.369+0000] {logging_mixin.py:188} INFO - [2026-03-02T22:09:05.368+0000] {dag.py:3954} INFO - Setting next_dagrun for update_db to 2026-03-02 15:00:00+00:00, run_after=2026-03-03 15:00:00+00:00
[2026-03-02T22:09:05.420+0000] {processor.py:183} INFO - Processing /opt/airflow/dags/main.py took 0.344 seconds
[2026-03-02T22:09:35.480+0000] {processor.py:161} INFO - Started process (PID=314) to work on /opt/airflow/dags/main.py
[2026-03-02T22:09:35.483+0000] {processor.py:830} INFO - Processing file /opt/airflow/dags/main.py for tasks to queue
[2026-03-02T22:09:35.485+0000] {logging_mixin.py:188} INFO - [2026-03-02T22:09:35.485+0000] {dagbag.py:545} INFO - Filling up the DagBag from /opt/airflow/dags/main.py
[2026-03-02T22:09:35.571+0000] {processor.py:840} INFO - DAG(s) 'produce_json', 'data_quality', 'update_db' retrieved from /opt/airflow/dags/main.py
[2026-03-02T22:09:35.655+0000] {logging_mixin.py:188} INFO - [2026-03-02T22:09:35.655+0000] {dag.py:3096} INFO - Sync 3 DAGs
[2026-03-02T22:09:35.707+0000] {logging_mixin.py:188} INFO - [2026-03-02T22:09:35.706+0000] {dag.py:3954} INFO - Setting next_dagrun for data_quality to 2026-03-02 16:00:00+00:00, run_after=2026-03-03 16:00:00+00:00
[2026-03-02T22:09:35.720+0000] {logging_mixin.py:188} INFO - [2026-03-02T22:09:35.719+0000] {dag.py:3954} INFO - Setting next_dagrun for produce_json to 2026-03-02 14:00:00+00:00, run_after=2026-03-03 14:00:00+00:00
[2026-03-02T22:09:35.728+0000] {logging_mixin.py:188} INFO - [2026-03-02T22:09:35.728+0000] {dag.py:3954} INFO - Setting next_dagrun for update_db to 2026-03-02 15:00:00+00:00, run_after=2026-03-03 15:00:00+00:00
[2026-03-02T22:09:35.779+0000] {processor.py:183} INFO - Processing /opt/airflow/dags/main.py took 0.310 seconds
[2026-03-02T22:10:06.634+0000] {processor.py:161} INFO - Started process (PID=321) to work on /opt/airflow/dags/main.py
[2026-03-02T22:10:06.637+0000] {processor.py:830} INFO - Processing file /opt/airflow/dags/main.py for tasks to queue
[2026-03-02T22:10:06.641+0000] {logging_mixin.py:188} INFO - [2026-03-02T22:10:06.640+0000] {dagbag.py:545} INFO - Filling up the DagBag from /opt/airflow/dags/main.py
[2026-03-02T22:10:06.735+0000] {processor.py:840} INFO - DAG(s) 'update_db', 'data_quality', 'produce_json' retrieved from /opt/airflow/dags/main.py
[2026-03-02T22:10:06.808+0000] {logging_mixin.py:188} INFO - [2026-03-02T22:10:06.808+0000] {dag.py:3096} INFO - Sync 3 DAGs
[2026-03-02T22:10:06.850+0000] {logging_mixin.py:188} INFO - [2026-03-02T22:10:06.850+0000] {dag.py:3954} INFO - Setting next_dagrun for data_quality to 2026-03-02 16:00:00+00:00, run_after=2026-03-03 16:00:00+00:00
[2026-03-02T22:10:06.863+0000] {logging_mixin.py:188} INFO - [2026-03-02T22:10:06.862+0000] {dag.py:3954} INFO - Setting next_dagrun for produce_json to 2026-03-02 14:00:00+00:00, run_after=2026-03-03 14:00:00+00:00
[2026-03-02T22:10:06.870+0000] {logging_mixin.py:188} INFO - [2026-03-02T22:10:06.869+0000] {dag.py:3954} INFO - Setting next_dagrun for update_db to 2026-03-02 15:00:00+00:00, run_after=2026-03-03 15:00:00+00:00
[2026-03-02T22:10:06.929+0000] {processor.py:183} INFO - Processing /opt/airflow/dags/main.py took 0.306 seconds
[2026-03-02T22:10:37.164+0000] {processor.py:161} INFO - Started process (PID=329) to work on /opt/airflow/dags/main.py
[2026-03-02T22:10:37.167+0000] {processor.py:830} INFO - Processing file /opt/airflow/dags/main.py for tasks to queue
[2026-03-02T22:10:37.171+0000] {logging_mixin.py:188} INFO - [2026-03-02T22:10:37.171+0000] {dagbag.py:545} INFO - Filling up the DagBag from /opt/airflow/dags/main.py
[2026-03-02T22:10:37.261+0000] {processor.py:840} INFO - DAG(s) 'produce_json', 'update_db', 'data_quality' retrieved from /opt/airflow/dags/main.py
[2026-03-02T22:10:37.324+0000] {logging_mixin.py:188} INFO - [2026-03-02T22:10:37.324+0000] {dag.py:3096} INFO - Sync 3 DAGs
[2026-03-02T22:10:37.365+0000] {logging_mixin.py:188} INFO - [2026-03-02T22:10:37.365+0000] {dag.py:3954} INFO - Setting next_dagrun for data_quality to 2026-03-02 16:00:00+00:00, run_after=2026-03-03 16:00:00+00:00
[2026-03-02T22:10:37.375+0000] {logging_mixin.py:188} INFO - [2026-03-02T22:10:37.375+0000] {dag.py:3954} INFO - Setting next_dagrun for produce_json to 2026-03-02 14:00:00+00:00, run_after=2026-03-03 14:00:00+00:00
[2026-03-02T22:10:37.381+0000] {logging_mixin.py:188} INFO - [2026-03-02T22:10:37.381+0000] {dag.py:3954} INFO - Setting next_dagrun for update_db to 2026-03-02 15:00:00+00:00, run_after=2026-03-03 15:00:00+00:00
[2026-03-02T22:10:37.425+0000] {processor.py:183} INFO - Processing /opt/airflow/dags/main.py took 0.273 seconds
[2026-03-02T22:11:08.294+0000] {processor.py:161} INFO - Started process (PID=336) to work on /opt/airflow/dags/main.py
[2026-03-02T22:11:08.297+0000] {processor.py:830} INFO - Processing file /opt/airflow/dags/main.py for tasks to queue
[2026-03-02T22:11:08.301+0000] {logging_mixin.py:188} INFO - [2026-03-02T22:11:08.301+0000] {dagbag.py:545} INFO - Filling up the DagBag from /opt/airflow/dags/main.py
[2026-03-02T22:11:08.395+0000] {processor.py:840} INFO - DAG(s) 'data_quality', 'update_db', 'produce_json' retrieved from /opt/airflow/dags/main.py
[2026-03-02T22:11:08.485+0000] {logging_mixin.py:188} INFO - [2026-03-02T22:11:08.485+0000] {dag.py:3096} INFO - Sync 3 DAGs
[2026-03-02T22:11:08.544+0000] {logging_mixin.py:188} INFO - [2026-03-02T22:11:08.543+0000] {dag.py:3954} INFO - Setting next_dagrun for data_quality to 2026-03-02 16:00:00+00:00, run_after=2026-03-03 16:00:00+00:00
[2026-03-02T22:11:08.558+0000] {logging_mixin.py:188} INFO - [2026-03-02T22:11:08.558+0000] {dag.py:3954} INFO - Setting next_dagrun for produce_json to 2026-03-02 14:00:00+00:00, run_after=2026-03-03 14:00:00+00:00
[2026-03-02T22:11:08.569+0000] {logging_mixin.py:188} INFO - [2026-03-02T22:11:08.568+0000] {dag.py:3954} INFO - Setting next_dagrun for update_db to 2026-03-02 15:00:00+00:00, run_after=2026-03-03 15:00:00+00:00
[2026-03-02T22:11:08.624+0000] {processor.py:183} INFO - Processing /opt/airflow/dags/main.py took 0.343 seconds
[2026-03-02T22:11:39.516+0000] {processor.py:161} INFO - Started process (PID=343) to work on /opt/airflow/dags/main.py
[2026-03-02T22:11:39.518+0000] {processor.py:830} INFO - Processing file /opt/airflow/dags/main.py for tasks to queue
[2026-03-02T22:11:39.524+0000] {logging_mixin.py:188} INFO - [2026-03-02T22:11:39.523+0000] {dagbag.py:545} INFO - Filling up the DagBag from /opt/airflow/dags/main.py
[2026-03-02T22:11:39.621+0000] {processor.py:840} INFO - DAG(s) 'produce_json', 'update_db', 'data_quality' retrieved from /opt/airflow/dags/main.py
[2026-03-02T22:11:39.692+0000] {logging_mixin.py:188} INFO - [2026-03-02T22:11:39.691+0000] {dag.py:3096} INFO - Sync 3 DAGs
[2026-03-02T22:11:39.738+0000] {logging_mixin.py:188} INFO - [2026-03-02T22:11:39.737+0000] {dag.py:3954} INFO - Setting next_dagrun for data_quality to 2026-03-02 16:00:00+00:00, run_after=2026-03-03 16:00:00+00:00
[2026-03-02T22:11:39.749+0000] {logging_mixin.py:188} INFO - [2026-03-02T22:11:39.749+0000] {dag.py:3954} INFO - Setting next_dagrun for produce_json to 2026-03-02 14:00:00+00:00, run_after=2026-03-03 14:00:00+00:00
[2026-03-02T22:11:39.757+0000] {logging_mixin.py:188} INFO - [2026-03-02T22:11:39.756+0000] {dag.py:3954} INFO - Setting next_dagrun for update_db to 2026-03-02 15:00:00+00:00, run_after=2026-03-03 15:00:00+00:00
[2026-03-02T22:11:39.791+0000] {processor.py:183} INFO - Processing /opt/airflow/dags/main.py took 0.287 seconds
[2026-03-02T22:12:10.300+0000] {processor.py:161} INFO - Started process (PID=350) to work on /opt/airflow/dags/main.py
[2026-03-02T22:12:10.303+0000] {processor.py:830} INFO - Processing file /opt/airflow/dags/main.py for tasks to queue
[2026-03-02T22:12:10.307+0000] {logging_mixin.py:188} INFO - [2026-03-02T22:12:10.306+0000] {dagbag.py:545} INFO - Filling up the DagBag from /opt/airflow/dags/main.py
[2026-03-02T22:12:10.413+0000] {processor.py:840} INFO - DAG(s) 'data_quality', 'produce_json', 'update_db' retrieved from /opt/airflow/dags/main.py
[2026-03-02T22:12:10.502+0000] {logging_mixin.py:188} INFO - [2026-03-02T22:12:10.502+0000] {dag.py:3096} INFO - Sync 3 DAGs
[2026-03-02T22:12:10.556+0000] {logging_mixin.py:188} INFO - [2026-03-02T22:12:10.556+0000] {dag.py:3954} INFO - Setting next_dagrun for data_quality to 2026-03-02 16:00:00+00:00, run_after=2026-03-03 16:00:00+00:00
[2026-03-02T22:12:10.569+0000] {logging_mixin.py:188} INFO - [2026-03-02T22:12:10.568+0000] {dag.py:3954} INFO - Setting next_dagrun for produce_json to 2026-03-02 14:00:00+00:00, run_after=2026-03-03 14:00:00+00:00
[2026-03-02T22:12:10.578+0000] {logging_mixin.py:188} INFO - [2026-03-02T22:12:10.577+0000] {dag.py:3954} INFO - Setting next_dagrun for update_db to 2026-03-02 15:00:00+00:00, run_after=2026-03-03 15:00:00+00:00
[2026-03-02T22:12:10.616+0000] {processor.py:183} INFO - Processing /opt/airflow/dags/main.py took 0.329 seconds
[2026-03-02T22:12:41.394+0000] {processor.py:161} INFO - Started process (PID=356) to work on /opt/airflow/dags/main.py
[2026-03-02T22:12:41.397+0000] {processor.py:830} INFO - Processing file /opt/airflow/dags/main.py for tasks to queue
[2026-03-02T22:12:41.401+0000] {logging_mixin.py:188} INFO - [2026-03-02T22:12:41.400+0000] {dagbag.py:545} INFO - Filling up the DagBag from /opt/airflow/dags/main.py
[2026-03-02T22:12:41.483+0000] {processor.py:840} INFO - DAG(s) 'data_quality', 'produce_json', 'update_db' retrieved from /opt/airflow/dags/main.py
[2026-03-02T22:12:41.569+0000] {logging_mixin.py:188} INFO - [2026-03-02T22:12:41.569+0000] {dag.py:3096} INFO - Sync 3 DAGs
[2026-03-02T22:12:41.610+0000] {logging_mixin.py:188} INFO - [2026-03-02T22:12:41.610+0000] {dag.py:3954} INFO - Setting next_dagrun for data_quality to 2026-03-02 16:00:00+00:00, run_after=2026-03-03 16:00:00+00:00
[2026-03-02T22:12:41.621+0000] {logging_mixin.py:188} INFO - [2026-03-02T22:12:41.621+0000] {dag.py:3954} INFO - Setting next_dagrun for produce_json to 2026-03-02 14:00:00+00:00, run_after=2026-03-03 14:00:00+00:00
[2026-03-02T22:12:41.628+0000] {logging_mixin.py:188} INFO - [2026-03-02T22:12:41.628+0000] {dag.py:3954} INFO - Setting next_dagrun for update_db to 2026-03-02 15:00:00+00:00, run_after=2026-03-03 15:00:00+00:00
[2026-03-02T22:12:41.657+0000] {processor.py:183} INFO - Processing /opt/airflow/dags/main.py took 0.276 seconds
[2026-03-02T22:13:12.250+0000] {processor.py:161} INFO - Started process (PID=363) to work on /opt/airflow/dags/main.py
[2026-03-02T22:13:12.295+0000] {processor.py:830} INFO - Processing file /opt/airflow/dags/main.py for tasks to queue
[2026-03-02T22:13:12.343+0000] {logging_mixin.py:188} INFO - [2026-03-02T22:13:12.341+0000] {dagbag.py:545} INFO - Filling up the DagBag from /opt/airflow/dags/main.py
[2026-03-02T22:13:12.463+0000] {processor.py:840} INFO - DAG(s) 'update_db', 'produce_json', 'data_quality' retrieved from /opt/airflow/dags/main.py
[2026-03-02T22:13:12.551+0000] {logging_mixin.py:188} INFO - [2026-03-02T22:13:12.550+0000] {dag.py:3096} INFO - Sync 3 DAGs
[2026-03-02T22:13:12.609+0000] {logging_mixin.py:188} INFO - [2026-03-02T22:13:12.609+0000] {dag.py:3954} INFO - Setting next_dagrun for data_quality to 2026-03-02 16:00:00+00:00, run_after=2026-03-03 16:00:00+00:00
[2026-03-02T22:13:12.622+0000] {logging_mixin.py:188} INFO - [2026-03-02T22:13:12.622+0000] {dag.py:3954} INFO - Setting next_dagrun for produce_json to 2026-03-02 14:00:00+00:00, run_after=2026-03-03 14:00:00+00:00
[2026-03-02T22:13:12.634+0000] {logging_mixin.py:188} INFO - [2026-03-02T22:13:12.633+0000] {dag.py:3954} INFO - Setting next_dagrun for update_db to 2026-03-02 15:00:00+00:00, run_after=2026-03-03 15:00:00+00:00
[2026-03-02T22:13:12.688+0000] {processor.py:183} INFO - Processing /opt/airflow/dags/main.py took 0.484 seconds
[2026-03-02T22:13:43.019+0000] {processor.py:161} INFO - Started process (PID=371) to work on /opt/airflow/dags/main.py
[2026-03-02T22:13:43.023+0000] {processor.py:830} INFO - Processing file /opt/airflow/dags/main.py for tasks to queue
[2026-03-02T22:13:43.028+0000] {logging_mixin.py:188} INFO - [2026-03-02T22:13:43.027+0000] {dagbag.py:545} INFO - Filling up the DagBag from /opt/airflow/dags/main.py
[2026-03-02T22:13:43.130+0000] {processor.py:840} INFO - DAG(s) 'update_db', 'produce_json', 'data_quality' retrieved from /opt/airflow/dags/main.py
[2026-03-02T22:13:43.213+0000] {logging_mixin.py:188} INFO - [2026-03-02T22:13:43.212+0000] {dag.py:3096} INFO - Sync 3 DAGs
[2026-03-02T22:13:43.267+0000] {logging_mixin.py:188} INFO - [2026-03-02T22:13:43.265+0000] {dag.py:3954} INFO - Setting next_dagrun for data_quality to 2026-03-02 16:00:00+00:00, run_after=2026-03-03 16:00:00+00:00
[2026-03-02T22:13:43.283+0000] {logging_mixin.py:188} INFO - [2026-03-02T22:13:43.283+0000] {dag.py:3954} INFO - Setting next_dagrun for produce_json to 2026-03-02 14:00:00+00:00, run_after=2026-03-03 14:00:00+00:00
[2026-03-02T22:13:43.293+0000] {logging_mixin.py:188} INFO - [2026-03-02T22:13:43.292+0000] {dag.py:3954} INFO - Setting next_dagrun for update_db to 2026-03-02 15:00:00+00:00, run_after=2026-03-03 15:00:00+00:00
[2026-03-02T22:13:43.341+0000] {processor.py:183} INFO - Processing /opt/airflow/dags/main.py took 0.334 seconds
[2026-03-02T22:14:29.242+0000] {processor.py:161} INFO - Started process (PID=378) to work on /opt/airflow/dags/main.py
[2026-03-02T22:14:29.249+0000] {processor.py:830} INFO - Processing file /opt/airflow/dags/main.py for tasks to queue
[2026-03-02T22:14:29.261+0000] {logging_mixin.py:188} INFO - [2026-03-02T22:14:29.258+0000] {dagbag.py:545} INFO - Filling up the DagBag from /opt/airflow/dags/main.py
[2026-03-02T22:14:29.668+0000] {processor.py:840} INFO - DAG(s) 'data_quality', 'update_db', 'produce_json' retrieved from /opt/airflow/dags/main.py
[2026-03-02T22:14:30.643+0000] {logging_mixin.py:188} INFO - [2026-03-02T22:14:30.639+0000] {dag.py:3096} INFO - Sync 3 DAGs
[2026-03-02T22:14:30.980+0000] {logging_mixin.py:188} INFO - [2026-03-02T22:14:30.980+0000] {dag.py:3954} INFO - Setting next_dagrun for data_quality to 2026-03-02 16:00:00+00:00, run_after=2026-03-03 16:00:00+00:00
[2026-03-02T22:14:31.015+0000] {logging_mixin.py:188} INFO - [2026-03-02T22:14:31.014+0000] {dag.py:3954} INFO - Setting next_dagrun for produce_json to 2026-03-02 14:00:00+00:00, run_after=2026-03-03 14:00:00+00:00
[2026-03-02T22:14:31.043+0000] {logging_mixin.py:188} INFO - [2026-03-02T22:14:31.041+0000] {dag.py:3954} INFO - Setting next_dagrun for update_db to 2026-03-02 15:00:00+00:00, run_after=2026-03-03 15:00:00+00:00
[2026-03-02T22:14:31.096+0000] {processor.py:183} INFO - Processing /opt/airflow/dags/main.py took 1.954 seconds
[2026-03-02T22:15:01.894+0000] {processor.py:161} INFO - Started process (PID=391) to work on /opt/airflow/dags/main.py
[2026-03-02T22:15:01.896+0000] {processor.py:830} INFO - Processing file /opt/airflow/dags/main.py for tasks to queue
[2026-03-02T22:15:01.900+0000] {logging_mixin.py:188} INFO - [2026-03-02T22:15:01.899+0000] {dagbag.py:545} INFO - Filling up the DagBag from /opt/airflow/dags/main.py
[2026-03-02T22:15:01.981+0000] {processor.py:840} INFO - DAG(s) 'produce_json', 'data_quality', 'update_db' retrieved from /opt/airflow/dags/main.py
[2026-03-02T22:15:02.091+0000] {logging_mixin.py:188} INFO - [2026-03-02T22:15:02.088+0000] {dag.py:3096} INFO - Sync 3 DAGs
[2026-03-02T22:15:02.172+0000] {logging_mixin.py:188} INFO - [2026-03-02T22:15:02.172+0000] {dag.py:3954} INFO - Setting next_dagrun for data_quality to 2026-03-02 16:00:00+00:00, run_after=2026-03-03 16:00:00+00:00
[2026-03-02T22:15:02.223+0000] {logging_mixin.py:188} INFO - [2026-03-02T22:15:02.221+0000] {dag.py:3954} INFO - Setting next_dagrun for produce_json to 2026-03-02 14:00:00+00:00, run_after=2026-03-03 14:00:00+00:00
[2026-03-02T22:15:02.267+0000] {logging_mixin.py:188} INFO - [2026-03-02T22:15:02.267+0000] {dag.py:3954} INFO - Setting next_dagrun for update_db to 2026-03-02 15:00:00+00:00, run_after=2026-03-03 15:00:00+00:00
[2026-03-02T22:15:02.340+0000] {processor.py:183} INFO - Processing /opt/airflow/dags/main.py took 0.460 seconds
[2026-03-02T22:15:33.249+0000] {processor.py:161} INFO - Started process (PID=398) to work on /opt/airflow/dags/main.py
[2026-03-02T22:15:33.254+0000] {processor.py:830} INFO - Processing file /opt/airflow/dags/main.py for tasks to queue
[2026-03-02T22:15:33.258+0000] {logging_mixin.py:188} INFO - [2026-03-02T22:15:33.257+0000] {dagbag.py:545} INFO - Filling up the DagBag from /opt/airflow/dags/main.py
[2026-03-02T22:15:33.352+0000] {processor.py:840} INFO - DAG(s) 'produce_json', 'data_quality', 'update_db' retrieved from /opt/airflow/dags/main.py
[2026-03-02T22:15:33.435+0000] {logging_mixin.py:188} INFO - [2026-03-02T22:15:33.435+0000] {dag.py:3096} INFO - Sync 3 DAGs
[2026-03-02T22:15:33.491+0000] {logging_mixin.py:188} INFO - [2026-03-02T22:15:33.490+0000] {dag.py:3954} INFO - Setting next_dagrun for data_quality to 2026-03-02 16:00:00+00:00, run_after=2026-03-03 16:00:00+00:00
[2026-03-02T22:15:33.502+0000] {logging_mixin.py:188} INFO - [2026-03-02T22:15:33.501+0000] {dag.py:3954} INFO - Setting next_dagrun for produce_json to 2026-03-02 14:00:00+00:00, run_after=2026-03-03 14:00:00+00:00
[2026-03-02T22:15:33.511+0000] {logging_mixin.py:188} INFO - [2026-03-02T22:15:33.510+0000] {dag.py:3954} INFO - Setting next_dagrun for update_db to 2026-03-02 15:00:00+00:00, run_after=2026-03-03 15:00:00+00:00
[2026-03-02T22:15:33.556+0000] {processor.py:183} INFO - Processing /opt/airflow/dags/main.py took 0.320 seconds
[2026-03-02T22:16:29.039+0000] {processor.py:161} INFO - Started process (PID=399) to work on /opt/airflow/dags/main.py
[2026-03-02T22:16:29.087+0000] {processor.py:830} INFO - Processing file /opt/airflow/dags/main.py for tasks to queue
[2026-03-02T22:16:29.108+0000] {logging_mixin.py:188} INFO - [2026-03-02T22:16:29.108+0000] {dagbag.py:545} INFO - Filling up the DagBag from /opt/airflow/dags/main.py
[2026-03-02T22:16:29.517+0000] {processor.py:840} INFO - DAG(s) 'produce_json', 'update_db', 'data_quality' retrieved from /opt/airflow/dags/main.py
[2026-03-02T22:16:29.668+0000] {logging_mixin.py:188} INFO - [2026-03-02T22:16:29.667+0000] {dag.py:3096} INFO - Sync 3 DAGs
[2026-03-02T22:16:29.787+0000] {logging_mixin.py:188} INFO - [2026-03-02T22:16:29.787+0000] {dag.py:3954} INFO - Setting next_dagrun for data_quality to 2026-03-02 16:00:00+00:00, run_after=2026-03-03 16:00:00+00:00
[2026-03-02T22:16:29.884+0000] {logging_mixin.py:188} INFO - [2026-03-02T22:16:29.869+0000] {dag.py:3954} INFO - Setting next_dagrun for produce_json to 2026-03-02 14:00:00+00:00, run_after=2026-03-03 14:00:00+00:00
[2026-03-02T22:16:29.954+0000] {logging_mixin.py:188} INFO - [2026-03-02T22:16:29.954+0000] {dag.py:3954} INFO - Setting next_dagrun for update_db to 2026-03-02 15:00:00+00:00, run_after=2026-03-03 15:00:00+00:00
[2026-03-02T22:16:30.127+0000] {processor.py:183} INFO - Processing /opt/airflow/dags/main.py took 1.118 seconds
[2026-03-02T22:17:29.352+0000] {processor.py:161} INFO - Started process (PID=405) to work on /opt/airflow/dags/main.py
[2026-03-02T22:17:29.369+0000] {processor.py:830} INFO - Processing file /opt/airflow/dags/main.py for tasks to queue
[2026-03-02T22:17:29.373+0000] {logging_mixin.py:188} INFO - [2026-03-02T22:17:29.372+0000] {dagbag.py:545} INFO - Filling up the DagBag from /opt/airflow/dags/main.py
[2026-03-02T22:17:29.763+0000] {processor.py:840} INFO - DAG(s) 'data_quality', 'produce_json', 'update_db' retrieved from /opt/airflow/dags/main.py
[2026-03-02T22:17:30.016+0000] {logging_mixin.py:188} INFO - [2026-03-02T22:17:30.015+0000] {dag.py:3096} INFO - Sync 3 DAGs
[2026-03-02T22:17:30.243+0000] {logging_mixin.py:188} INFO - [2026-03-02T22:17:30.243+0000] {dag.py:3954} INFO - Setting next_dagrun for data_quality to 2026-03-02 16:00:00+00:00, run_after=2026-03-03 16:00:00+00:00
[2026-03-02T22:17:30.306+0000] {logging_mixin.py:188} INFO - [2026-03-02T22:17:30.306+0000] {dag.py:3954} INFO - Setting next_dagrun for produce_json to 2026-03-02 14:00:00+00:00, run_after=2026-03-03 14:00:00+00:00
[2026-03-02T22:17:30.320+0000] {logging_mixin.py:188} INFO - [2026-03-02T22:17:30.319+0000] {dag.py:3954} INFO - Setting next_dagrun for update_db to 2026-03-02 15:00:00+00:00, run_after=2026-03-03 15:00:00+00:00
[2026-03-02T22:17:30.357+0000] {processor.py:183} INFO - Processing /opt/airflow/dags/main.py took 1.145 seconds
[2026-03-02T22:19:29.291+0000] {processor.py:161} INFO - Started process (PID=412) to work on /opt/airflow/dags/main.py
[2026-03-02T22:19:29.316+0000] {processor.py:830} INFO - Processing file /opt/airflow/dags/main.py for tasks to queue
[2026-03-02T22:19:29.337+0000] {logging_mixin.py:188} INFO - [2026-03-02T22:19:29.336+0000] {dagbag.py:545} INFO - Filling up the DagBag from /opt/airflow/dags/main.py
[2026-03-02T22:19:29.424+0000] {processor.py:840} INFO - DAG(s) 'produce_json', 'data_quality', 'update_db' retrieved from /opt/airflow/dags/main.py
[2026-03-02T22:20:16.776+0000] {processor.py:161} INFO - Started process (PID=413) to work on /opt/airflow/dags/main.py
[2026-03-02T22:20:16.790+0000] {processor.py:830} INFO - Processing file /opt/airflow/dags/main.py for tasks to queue
[2026-03-02T22:20:16.799+0000] {logging_mixin.py:188} INFO - [2026-03-02T22:20:16.798+0000] {dagbag.py:545} INFO - Filling up the DagBag from /opt/airflow/dags/main.py
[2026-03-02T22:20:17.044+0000] {processor.py:840} INFO - DAG(s) 'data_quality', 'produce_json', 'update_db' retrieved from /opt/airflow/dags/main.py
[2026-03-02T22:20:17.161+0000] {logging_mixin.py:188} INFO - [2026-03-02T22:20:17.161+0000] {dag.py:3096} INFO - Sync 3 DAGs
[2026-03-02T22:20:17.296+0000] {logging_mixin.py:188} INFO - [2026-03-02T22:20:17.296+0000] {dag.py:3954} INFO - Setting next_dagrun for data_quality to 2026-03-02 16:00:00+00:00, run_after=2026-03-03 16:00:00+00:00
[2026-03-02T22:20:17.330+0000] {logging_mixin.py:188} INFO - [2026-03-02T22:20:17.330+0000] {dag.py:3954} INFO - Setting next_dagrun for produce_json to 2026-03-02 14:00:00+00:00, run_after=2026-03-03 14:00:00+00:00
[2026-03-02T22:20:17.348+0000] {logging_mixin.py:188} INFO - [2026-03-02T22:20:17.347+0000] {dag.py:3954} INFO - Setting next_dagrun for update_db to 2026-03-02 15:00:00+00:00, run_after=2026-03-03 15:00:00+00:00
[2026-03-02T22:20:17.652+0000] {processor.py:183} INFO - Processing /opt/airflow/dags/main.py took 0.899 seconds
[2026-03-02T22:20:48.704+0000] {processor.py:161} INFO - Started process (PID=435) to work on /opt/airflow/dags/main.py
[2026-03-02T22:20:48.708+0000] {processor.py:830} INFO - Processing file /opt/airflow/dags/main.py for tasks to queue
[2026-03-02T22:20:48.716+0000] {logging_mixin.py:188} INFO - [2026-03-02T22:20:48.716+0000] {dagbag.py:545} INFO - Filling up the DagBag from /opt/airflow/dags/main.py
[2026-03-02T22:20:48.789+0000] {processor.py:840} INFO - DAG(s) 'update_db', 'produce_json', 'data_quality' retrieved from /opt/airflow/dags/main.py
[2026-03-02T22:20:48.870+0000] {logging_mixin.py:188} INFO - [2026-03-02T22:20:48.869+0000] {dag.py:3096} INFO - Sync 3 DAGs
[2026-03-02T22:20:48.916+0000] {logging_mixin.py:188} INFO - [2026-03-02T22:20:48.915+0000] {dag.py:3954} INFO - Setting next_dagrun for data_quality to 2026-03-02 16:00:00+00:00, run_after=2026-03-03 16:00:00+00:00
[2026-03-02T22:20:48.963+0000] {logging_mixin.py:188} INFO - [2026-03-02T22:20:48.962+0000] {dag.py:3954} INFO - Setting next_dagrun for produce_json to 2026-03-02 14:00:00+00:00, run_after=2026-03-03 14:00:00+00:00
[2026-03-02T22:20:48.995+0000] {logging_mixin.py:188} INFO - [2026-03-02T22:20:48.994+0000] {dag.py:3954} INFO - Setting next_dagrun for update_db to 2026-03-02 15:00:00+00:00, run_after=2026-03-03 15:00:00+00:00
[2026-03-02T22:20:49.105+0000] {processor.py:183} INFO - Processing /opt/airflow/dags/main.py took 0.419 seconds
[2026-03-02T22:21:19.384+0000] {processor.py:161} INFO - Started process (PID=442) to work on /opt/airflow/dags/main.py
[2026-03-02T22:21:19.386+0000] {processor.py:830} INFO - Processing file /opt/airflow/dags/main.py for tasks to queue
[2026-03-02T22:21:19.389+0000] {logging_mixin.py:188} INFO - [2026-03-02T22:21:19.389+0000] {dagbag.py:545} INFO - Filling up the DagBag from /opt/airflow/dags/main.py
[2026-03-02T22:21:19.470+0000] {processor.py:840} INFO - DAG(s) 'update_db', 'data_quality', 'produce_json' retrieved from /opt/airflow/dags/main.py
[2026-03-02T22:21:19.559+0000] {logging_mixin.py:188} INFO - [2026-03-02T22:21:19.559+0000] {dag.py:3096} INFO - Sync 3 DAGs
[2026-03-02T22:21:19.623+0000] {logging_mixin.py:188} INFO - [2026-03-02T22:21:19.622+0000] {dag.py:3954} INFO - Setting next_dagrun for data_quality to 2026-03-02 16:00:00+00:00, run_after=2026-03-03 16:00:00+00:00
[2026-03-02T22:21:19.634+0000] {logging_mixin.py:188} INFO - [2026-03-02T22:21:19.634+0000] {dag.py:3954} INFO - Setting next_dagrun for produce_json to 2026-03-02 14:00:00+00:00, run_after=2026-03-03 14:00:00+00:00
[2026-03-02T22:21:19.642+0000] {logging_mixin.py:188} INFO - [2026-03-02T22:21:19.642+0000] {dag.py:3954} INFO - Setting next_dagrun for update_db to 2026-03-02 15:00:00+00:00, run_after=2026-03-03 15:00:00+00:00
[2026-03-02T22:21:19.717+0000] {processor.py:183} INFO - Processing /opt/airflow/dags/main.py took 0.346 seconds
[2026-03-02T22:21:50.159+0000] {processor.py:161} INFO - Started process (PID=449) to work on /opt/airflow/dags/main.py
[2026-03-02T22:21:50.161+0000] {processor.py:830} INFO - Processing file /opt/airflow/dags/main.py for tasks to queue
[2026-03-02T22:21:50.167+0000] {logging_mixin.py:188} INFO - [2026-03-02T22:21:50.166+0000] {dagbag.py:545} INFO - Filling up the DagBag from /opt/airflow/dags/main.py
[2026-03-02T22:21:50.264+0000] {processor.py:840} INFO - DAG(s) 'update_db', 'produce_json', 'data_quality' retrieved from /opt/airflow/dags/main.py
[2026-03-02T22:21:50.362+0000] {logging_mixin.py:188} INFO - [2026-03-02T22:21:50.361+0000] {dag.py:3096} INFO - Sync 3 DAGs
[2026-03-02T22:21:50.426+0000] {logging_mixin.py:188} INFO - [2026-03-02T22:21:50.426+0000] {dag.py:3954} INFO - Setting next_dagrun for data_quality to 2026-03-02 16:00:00+00:00, run_after=2026-03-03 16:00:00+00:00
[2026-03-02T22:21:50.438+0000] {logging_mixin.py:188} INFO - [2026-03-02T22:21:50.438+0000] {dag.py:3954} INFO - Setting next_dagrun for produce_json to 2026-03-02 14:00:00+00:00, run_after=2026-03-03 14:00:00+00:00
[2026-03-02T22:21:50.445+0000] {logging_mixin.py:188} INFO - [2026-03-02T22:21:50.445+0000] {dag.py:3954} INFO - Setting next_dagrun for update_db to 2026-03-02 15:00:00+00:00, run_after=2026-03-03 15:00:00+00:00
[2026-03-02T22:21:50.477+0000] {processor.py:183} INFO - Processing /opt/airflow/dags/main.py took 0.331 seconds
[2026-03-02T22:23:11.061+0000] {processor.py:161} INFO - Started process (PID=450) to work on /opt/airflow/dags/main.py
[2026-03-02T22:23:11.103+0000] {processor.py:830} INFO - Processing file /opt/airflow/dags/main.py for tasks to queue
[2026-03-02T22:23:11.552+0000] {logging_mixin.py:188} INFO - [2026-03-02T22:23:11.521+0000] {dagbag.py:545} INFO - Filling up the DagBag from /opt/airflow/dags/main.py
[2026-03-02T22:23:12.053+0000] {processor.py:840} INFO - DAG(s) 'produce_json', 'data_quality', 'update_db' retrieved from /opt/airflow/dags/main.py
[2026-03-02T22:23:12.328+0000] {logging_mixin.py:188} INFO - [2026-03-02T22:23:12.322+0000] {dag.py:3096} INFO - Sync 3 DAGs
[2026-03-02T22:23:12.841+0000] {logging_mixin.py:188} INFO - [2026-03-02T22:23:12.841+0000] {dag.py:3954} INFO - Setting next_dagrun for data_quality to 2026-03-02 16:00:00+00:00, run_after=2026-03-03 16:00:00+00:00
[2026-03-02T22:23:12.892+0000] {logging_mixin.py:188} INFO - [2026-03-02T22:23:12.892+0000] {dag.py:3954} INFO - Setting next_dagrun for produce_json to 2026-03-02 14:00:00+00:00, run_after=2026-03-03 14:00:00+00:00
[2026-03-02T22:23:12.900+0000] {logging_mixin.py:188} INFO - [2026-03-02T22:23:12.900+0000] {dag.py:3954} INFO - Setting next_dagrun for update_db to 2026-03-02 15:00:00+00:00, run_after=2026-03-03 15:00:00+00:00
[2026-03-02T22:23:13.017+0000] {processor.py:183} INFO - Processing /opt/airflow/dags/main.py took 2.000 seconds
[2026-03-02T22:23:43.838+0000] {processor.py:161} INFO - Started process (PID=463) to work on /opt/airflow/dags/main.py
[2026-03-02T22:23:43.841+0000] {processor.py:830} INFO - Processing file /opt/airflow/dags/main.py for tasks to queue
[2026-03-02T22:23:43.845+0000] {logging_mixin.py:188} INFO - [2026-03-02T22:23:43.845+0000] {dagbag.py:545} INFO - Filling up the DagBag from /opt/airflow/dags/main.py
[2026-03-02T22:23:43.944+0000] {processor.py:840} INFO - DAG(s) 'data_quality', 'update_db', 'produce_json' retrieved from /opt/airflow/dags/main.py
[2026-03-02T22:23:44.023+0000] {logging_mixin.py:188} INFO - [2026-03-02T22:23:44.022+0000] {dag.py:3096} INFO - Sync 3 DAGs
[2026-03-02T22:23:44.165+0000] {logging_mixin.py:188} INFO - [2026-03-02T22:23:44.163+0000] {dag.py:3954} INFO - Setting next_dagrun for data_quality to 2026-03-02 16:00:00+00:00, run_after=2026-03-03 16:00:00+00:00
[2026-03-02T22:23:44.214+0000] {logging_mixin.py:188} INFO - [2026-03-02T22:23:44.214+0000] {dag.py:3954} INFO - Setting next_dagrun for produce_json to 2026-03-02 14:00:00+00:00, run_after=2026-03-03 14:00:00+00:00
[2026-03-02T22:23:44.231+0000] {logging_mixin.py:188} INFO - [2026-03-02T22:23:44.228+0000] {dag.py:3954} INFO - Setting next_dagrun for update_db to 2026-03-02 15:00:00+00:00, run_after=2026-03-03 15:00:00+00:00
[2026-03-02T22:23:44.277+0000] {processor.py:183} INFO - Processing /opt/airflow/dags/main.py took 0.451 seconds
[2026-03-02T22:24:14.508+0000] {processor.py:161} INFO - Started process (PID=470) to work on /opt/airflow/dags/main.py
[2026-03-02T22:24:14.546+0000] {processor.py:830} INFO - Processing file /opt/airflow/dags/main.py for tasks to queue
[2026-03-02T22:24:14.549+0000] {logging_mixin.py:188} INFO - [2026-03-02T22:24:14.549+0000] {dagbag.py:545} INFO - Filling up the DagBag from /opt/airflow/dags/main.py
[2026-03-02T22:24:14.617+0000] {processor.py:840} INFO - DAG(s) 'data_quality', 'update_db', 'produce_json' retrieved from /opt/airflow/dags/main.py
[2026-03-02T22:24:14.688+0000] {logging_mixin.py:188} INFO - [2026-03-02T22:24:14.688+0000] {dag.py:3096} INFO - Sync 3 DAGs
[2026-03-02T22:24:14.735+0000] {logging_mixin.py:188} INFO - [2026-03-02T22:24:14.735+0000] {dag.py:3954} INFO - Setting next_dagrun for data_quality to 2026-03-02 16:00:00+00:00, run_after=2026-03-03 16:00:00+00:00
[2026-03-02T22:24:14.744+0000] {logging_mixin.py:188} INFO - [2026-03-02T22:24:14.744+0000] {dag.py:3954} INFO - Setting next_dagrun for produce_json to 2026-03-02 14:00:00+00:00, run_after=2026-03-03 14:00:00+00:00
[2026-03-02T22:24:14.750+0000] {logging_mixin.py:188} INFO - [2026-03-02T22:24:14.750+0000] {dag.py:3954} INFO - Setting next_dagrun for update_db to 2026-03-02 15:00:00+00:00, run_after=2026-03-03 15:00:00+00:00
[2026-03-02T22:24:14.777+0000] {processor.py:183} INFO - Processing /opt/airflow/dags/main.py took 0.279 seconds
[2026-03-02T22:24:45.570+0000] {processor.py:161} INFO - Started process (PID=477) to work on /opt/airflow/dags/main.py
[2026-03-02T22:24:45.573+0000] {processor.py:830} INFO - Processing file /opt/airflow/dags/main.py for tasks to queue
[2026-03-02T22:24:45.576+0000] {logging_mixin.py:188} INFO - [2026-03-02T22:24:45.575+0000] {dagbag.py:545} INFO - Filling up the DagBag from /opt/airflow/dags/main.py
[2026-03-02T22:24:45.645+0000] {processor.py:840} INFO - DAG(s) 'update_db', 'data_quality', 'produce_json' retrieved from /opt/airflow/dags/main.py
[2026-03-02T22:24:45.730+0000] {logging_mixin.py:188} INFO - [2026-03-02T22:24:45.730+0000] {dag.py:3096} INFO - Sync 3 DAGs
[2026-03-02T22:24:45.775+0000] {logging_mixin.py:188} INFO - [2026-03-02T22:24:45.775+0000] {dag.py:3954} INFO - Setting next_dagrun for data_quality to 2026-03-02 16:00:00+00:00, run_after=2026-03-03 16:00:00+00:00
[2026-03-02T22:24:45.790+0000] {logging_mixin.py:188} INFO - [2026-03-02T22:24:45.790+0000] {dag.py:3954} INFO - Setting next_dagrun for produce_json to 2026-03-02 14:00:00+00:00, run_after=2026-03-03 14:00:00+00:00
[2026-03-02T22:24:45.798+0000] {logging_mixin.py:188} INFO - [2026-03-02T22:24:45.797+0000] {dag.py:3954} INFO - Setting next_dagrun for update_db to 2026-03-02 15:00:00+00:00, run_after=2026-03-03 15:00:00+00:00
[2026-03-02T22:24:45.837+0000] {processor.py:183} INFO - Processing /opt/airflow/dags/main.py took 0.280 seconds
[2026-03-02T22:25:16.216+0000] {processor.py:161} INFO - Started process (PID=484) to work on /opt/airflow/dags/main.py
[2026-03-02T22:25:16.221+0000] {processor.py:830} INFO - Processing file /opt/airflow/dags/main.py for tasks to queue
[2026-03-02T22:25:16.226+0000] {logging_mixin.py:188} INFO - [2026-03-02T22:25:16.225+0000] {dagbag.py:545} INFO - Filling up the DagBag from /opt/airflow/dags/main.py
[2026-03-02T22:25:16.390+0000] {processor.py:840} INFO - DAG(s) 'update_db', 'produce_json', 'data_quality' retrieved from /opt/airflow/dags/main.py
[2026-03-02T22:25:16.535+0000] {logging_mixin.py:188} INFO - [2026-03-02T22:25:16.535+0000] {dag.py:3096} INFO - Sync 3 DAGs
[2026-03-02T22:25:16.636+0000] {logging_mixin.py:188} INFO - [2026-03-02T22:25:16.636+0000] {dag.py:3954} INFO - Setting next_dagrun for data_quality to 2026-03-02 16:00:00+00:00, run_after=2026-03-03 16:00:00+00:00
[2026-03-02T22:25:16.646+0000] {logging_mixin.py:188} INFO - [2026-03-02T22:25:16.646+0000] {dag.py:3954} INFO - Setting next_dagrun for produce_json to 2026-03-02 14:00:00+00:00, run_after=2026-03-03 14:00:00+00:00
[2026-03-02T22:25:16.652+0000] {logging_mixin.py:188} INFO - [2026-03-02T22:25:16.652+0000] {dag.py:3954} INFO - Setting next_dagrun for update_db to 2026-03-02 15:00:00+00:00, run_after=2026-03-03 15:00:00+00:00
[2026-03-02T22:25:16.702+0000] {processor.py:183} INFO - Processing /opt/airflow/dags/main.py took 0.517 seconds
[2026-03-02T22:25:47.081+0000] {processor.py:161} INFO - Started process (PID=491) to work on /opt/airflow/dags/main.py
[2026-03-02T22:25:47.085+0000] {processor.py:830} INFO - Processing file /opt/airflow/dags/main.py for tasks to queue
[2026-03-02T22:25:47.087+0000] {logging_mixin.py:188} INFO - [2026-03-02T22:25:47.087+0000] {dagbag.py:545} INFO - Filling up the DagBag from /opt/airflow/dags/main.py
[2026-03-02T22:25:47.165+0000] {processor.py:840} INFO - DAG(s) 'produce_json', 'data_quality', 'update_db' retrieved from /opt/airflow/dags/main.py
[2026-03-02T22:25:47.272+0000] {logging_mixin.py:188} INFO - [2026-03-02T22:25:47.271+0000] {dag.py:3096} INFO - Sync 3 DAGs
[2026-03-02T22:25:47.331+0000] {logging_mixin.py:188} INFO - [2026-03-02T22:25:47.331+0000] {dag.py:3954} INFO - Setting next_dagrun for data_quality to 2026-03-02 16:00:00+00:00, run_after=2026-03-03 16:00:00+00:00
[2026-03-02T22:25:47.341+0000] {logging_mixin.py:188} INFO - [2026-03-02T22:25:47.340+0000] {dag.py:3954} INFO - Setting next_dagrun for produce_json to 2026-03-02 14:00:00+00:00, run_after=2026-03-03 14:00:00+00:00
[2026-03-02T22:25:47.348+0000] {logging_mixin.py:188} INFO - [2026-03-02T22:25:47.348+0000] {dag.py:3954} INFO - Setting next_dagrun for update_db to 2026-03-02 15:00:00+00:00, run_after=2026-03-03 15:00:00+00:00
[2026-03-02T22:25:47.380+0000] {processor.py:183} INFO - Processing /opt/airflow/dags/main.py took 0.320 seconds
[2026-03-02T22:26:17.976+0000] {processor.py:161} INFO - Started process (PID=498) to work on /opt/airflow/dags/main.py
[2026-03-02T22:26:17.999+0000] {processor.py:830} INFO - Processing file /opt/airflow/dags/main.py for tasks to queue
[2026-03-02T22:26:18.004+0000] {logging_mixin.py:188} INFO - [2026-03-02T22:26:18.003+0000] {dagbag.py:545} INFO - Filling up the DagBag from /opt/airflow/dags/main.py
[2026-03-02T22:26:18.183+0000] {processor.py:840} INFO - DAG(s) 'update_db', 'data_quality', 'produce_json' retrieved from /opt/airflow/dags/main.py
[2026-03-02T22:26:18.255+0000] {logging_mixin.py:188} INFO - [2026-03-02T22:26:18.254+0000] {dag.py:3096} INFO - Sync 3 DAGs
[2026-03-02T22:26:18.317+0000] {logging_mixin.py:188} INFO - [2026-03-02T22:26:18.316+0000] {dag.py:3954} INFO - Setting next_dagrun for data_quality to 2026-03-02 16:00:00+00:00, run_after=2026-03-03 16:00:00+00:00
[2026-03-02T22:26:18.344+0000] {logging_mixin.py:188} INFO - [2026-03-02T22:26:18.344+0000] {dag.py:3954} INFO - Setting next_dagrun for produce_json to 2026-03-02 14:00:00+00:00, run_after=2026-03-03 14:00:00+00:00
[2026-03-02T22:26:18.354+0000] {logging_mixin.py:188} INFO - [2026-03-02T22:26:18.354+0000] {dag.py:3954} INFO - Setting next_dagrun for update_db to 2026-03-02 15:00:00+00:00, run_after=2026-03-03 15:00:00+00:00
[2026-03-02T22:26:18.397+0000] {processor.py:183} INFO - Processing /opt/airflow/dags/main.py took 0.461 seconds
[2026-03-02T22:26:49.362+0000] {processor.py:161} INFO - Started process (PID=507) to work on /opt/airflow/dags/main.py
[2026-03-02T22:26:49.387+0000] {processor.py:830} INFO - Processing file /opt/airflow/dags/main.py for tasks to queue
[2026-03-02T22:26:49.406+0000] {logging_mixin.py:188} INFO - [2026-03-02T22:26:49.393+0000] {dagbag.py:545} INFO - Filling up the DagBag from /opt/airflow/dags/main.py
[2026-03-02T22:26:49.680+0000] {processor.py:840} INFO - DAG(s) 'produce_json', 'data_quality', 'update_db' retrieved from /opt/airflow/dags/main.py
[2026-03-02T22:26:49.773+0000] {logging_mixin.py:188} INFO - [2026-03-02T22:26:49.772+0000] {dag.py:3096} INFO - Sync 3 DAGs
[2026-03-02T22:26:49.832+0000] {logging_mixin.py:188} INFO - [2026-03-02T22:26:49.831+0000] {dag.py:3954} INFO - Setting next_dagrun for data_quality to 2026-03-02 16:00:00+00:00, run_after=2026-03-03 16:00:00+00:00
[2026-03-02T22:26:49.858+0000] {logging_mixin.py:188} INFO - [2026-03-02T22:26:49.857+0000] {dag.py:3954} INFO - Setting next_dagrun for produce_json to 2026-03-02 14:00:00+00:00, run_after=2026-03-03 14:00:00+00:00
[2026-03-02T22:26:49.877+0000] {logging_mixin.py:188} INFO - [2026-03-02T22:26:49.877+0000] {dag.py:3954} INFO - Setting next_dagrun for update_db to 2026-03-02 15:00:00+00:00, run_after=2026-03-03 15:00:00+00:00
[2026-03-02T22:26:49.916+0000] {processor.py:183} INFO - Processing /opt/airflow/dags/main.py took 0.584 seconds
[2026-03-02T22:27:20.030+0000] {processor.py:161} INFO - Started process (PID=514) to work on /opt/airflow/dags/main.py
[2026-03-02T22:27:20.036+0000] {processor.py:830} INFO - Processing file /opt/airflow/dags/main.py for tasks to queue
[2026-03-02T22:27:20.043+0000] {logging_mixin.py:188} INFO - [2026-03-02T22:27:20.043+0000] {dagbag.py:545} INFO - Filling up the DagBag from /opt/airflow/dags/main.py
[2026-03-02T22:27:20.149+0000] {processor.py:840} INFO - DAG(s) 'produce_json', 'data_quality', 'update_db' retrieved from /opt/airflow/dags/main.py
[2026-03-02T22:27:20.296+0000] {logging_mixin.py:188} INFO - [2026-03-02T22:27:20.296+0000] {dag.py:3096} INFO - Sync 3 DAGs
[2026-03-02T22:27:20.361+0000] {logging_mixin.py:188} INFO - [2026-03-02T22:27:20.361+0000] {dag.py:3954} INFO - Setting next_dagrun for data_quality to 2026-03-02 16:00:00+00:00, run_after=2026-03-03 16:00:00+00:00
[2026-03-02T22:27:20.392+0000] {logging_mixin.py:188} INFO - [2026-03-02T22:27:20.391+0000] {dag.py:3954} INFO - Setting next_dagrun for produce_json to 2026-03-02 14:00:00+00:00, run_after=2026-03-03 14:00:00+00:00
[2026-03-02T22:27:20.402+0000] {logging_mixin.py:188} INFO - [2026-03-02T22:27:20.402+0000] {dag.py:3954} INFO - Setting next_dagrun for update_db to 2026-03-02 15:00:00+00:00, run_after=2026-03-03 15:00:00+00:00
[2026-03-02T22:27:20.451+0000] {processor.py:183} INFO - Processing /opt/airflow/dags/main.py took 0.450 seconds
[2026-03-02T22:27:51.102+0000] {processor.py:161} INFO - Started process (PID=520) to work on /opt/airflow/dags/main.py
[2026-03-02T22:27:51.115+0000] {processor.py:830} INFO - Processing file /opt/airflow/dags/main.py for tasks to queue
[2026-03-02T22:27:51.128+0000] {logging_mixin.py:188} INFO - [2026-03-02T22:27:51.128+0000] {dagbag.py:545} INFO - Filling up the DagBag from /opt/airflow/dags/main.py
[2026-03-02T22:27:51.291+0000] {processor.py:840} INFO - DAG(s) 'data_quality', 'produce_json', 'update_db' retrieved from /opt/airflow/dags/main.py
[2026-03-02T22:27:51.413+0000] {logging_mixin.py:188} INFO - [2026-03-02T22:27:51.413+0000] {dag.py:3096} INFO - Sync 3 DAGs
[2026-03-02T22:27:51.477+0000] {logging_mixin.py:188} INFO - [2026-03-02T22:27:51.477+0000] {dag.py:3954} INFO - Setting next_dagrun for data_quality to 2026-03-02 16:00:00+00:00, run_after=2026-03-03 16:00:00+00:00
[2026-03-02T22:27:51.488+0000] {logging_mixin.py:188} INFO - [2026-03-02T22:27:51.486+0000] {dag.py:3954} INFO - Setting next_dagrun for produce_json to 2026-03-02 14:00:00+00:00, run_after=2026-03-03 14:00:00+00:00
[2026-03-02T22:27:51.497+0000] {logging_mixin.py:188} INFO - [2026-03-02T22:27:51.496+0000] {dag.py:3954} INFO - Setting next_dagrun for update_db to 2026-03-02 15:00:00+00:00, run_after=2026-03-03 15:00:00+00:00
[2026-03-02T22:27:51.533+0000] {processor.py:183} INFO - Processing /opt/airflow/dags/main.py took 0.469 seconds
[2026-03-02T22:28:22.146+0000] {processor.py:161} INFO - Started process (PID=527) to work on /opt/airflow/dags/main.py
[2026-03-02T22:28:22.151+0000] {processor.py:830} INFO - Processing file /opt/airflow/dags/main.py for tasks to queue
[2026-03-02T22:28:22.158+0000] {logging_mixin.py:188} INFO - [2026-03-02T22:28:22.156+0000] {dagbag.py:545} INFO - Filling up the DagBag from /opt/airflow/dags/main.py
[2026-03-02T22:28:22.233+0000] {processor.py:840} INFO - DAG(s) 'update_db', 'data_quality', 'produce_json' retrieved from /opt/airflow/dags/main.py
[2026-03-02T22:28:22.296+0000] {logging_mixin.py:188} INFO - [2026-03-02T22:28:22.295+0000] {dag.py:3096} INFO - Sync 3 DAGs
[2026-03-02T22:28:22.347+0000] {logging_mixin.py:188} INFO - [2026-03-02T22:28:22.346+0000] {dag.py:3954} INFO - Setting next_dagrun for data_quality to 2026-03-02 16:00:00+00:00, run_after=2026-03-03 16:00:00+00:00
[2026-03-02T22:28:22.364+0000] {logging_mixin.py:188} INFO - [2026-03-02T22:28:22.363+0000] {dag.py:3954} INFO - Setting next_dagrun for produce_json to 2026-03-02 14:00:00+00:00, run_after=2026-03-03 14:00:00+00:00
[2026-03-02T22:28:22.368+0000] {logging_mixin.py:188} INFO - [2026-03-02T22:28:22.368+0000] {dag.py:3954} INFO - Setting next_dagrun for update_db to 2026-03-02 15:00:00+00:00, run_after=2026-03-03 15:00:00+00:00
[2026-03-02T22:28:22.397+0000] {processor.py:183} INFO - Processing /opt/airflow/dags/main.py took 0.295 seconds
[2026-03-02T22:28:52.980+0000] {processor.py:161} INFO - Started process (PID=535) to work on /opt/airflow/dags/main.py
[2026-03-02T22:28:52.983+0000] {processor.py:830} INFO - Processing file /opt/airflow/dags/main.py for tasks to queue
[2026-03-02T22:28:52.990+0000] {logging_mixin.py:188} INFO - [2026-03-02T22:28:52.989+0000] {dagbag.py:545} INFO - Filling up the DagBag from /opt/airflow/dags/main.py
[2026-03-02T22:28:53.067+0000] {processor.py:840} INFO - DAG(s) 'data_quality', 'produce_json', 'update_db' retrieved from /opt/airflow/dags/main.py
[2026-03-02T22:28:53.193+0000] {logging_mixin.py:188} INFO - [2026-03-02T22:28:53.192+0000] {dag.py:3096} INFO - Sync 3 DAGs
[2026-03-02T22:28:53.270+0000] {logging_mixin.py:188} INFO - [2026-03-02T22:28:53.270+0000] {dag.py:3954} INFO - Setting next_dagrun for data_quality to 2026-03-02 16:00:00+00:00, run_after=2026-03-03 16:00:00+00:00
[2026-03-02T22:28:53.294+0000] {logging_mixin.py:188} INFO - [2026-03-02T22:28:53.293+0000] {dag.py:3954} INFO - Setting next_dagrun for produce_json to 2026-03-02 14:00:00+00:00, run_after=2026-03-03 14:00:00+00:00
[2026-03-02T22:28:53.306+0000] {logging_mixin.py:188} INFO - [2026-03-02T22:28:53.306+0000] {dag.py:3954} INFO - Setting next_dagrun for update_db to 2026-03-02 15:00:00+00:00, run_after=2026-03-03 15:00:00+00:00
[2026-03-02T22:28:53.358+0000] {processor.py:183} INFO - Processing /opt/airflow/dags/main.py took 0.400 seconds
[2026-03-02T22:29:23.446+0000] {processor.py:161} INFO - Started process (PID=541) to work on /opt/airflow/dags/main.py
[2026-03-02T22:29:23.453+0000] {processor.py:830} INFO - Processing file /opt/airflow/dags/main.py for tasks to queue
[2026-03-02T22:29:23.456+0000] {logging_mixin.py:188} INFO - [2026-03-02T22:29:23.456+0000] {dagbag.py:545} INFO - Filling up the DagBag from /opt/airflow/dags/main.py
[2026-03-02T22:29:23.561+0000] {processor.py:840} INFO - DAG(s) 'data_quality', 'update_db', 'produce_json' retrieved from /opt/airflow/dags/main.py
[2026-03-02T22:29:23.655+0000] {logging_mixin.py:188} INFO - [2026-03-02T22:29:23.654+0000] {dag.py:3096} INFO - Sync 3 DAGs
[2026-03-02T22:29:23.703+0000] {logging_mixin.py:188} INFO - [2026-03-02T22:29:23.703+0000] {dag.py:3954} INFO - Setting next_dagrun for data_quality to 2026-03-02 16:00:00+00:00, run_after=2026-03-03 16:00:00+00:00
[2026-03-02T22:29:23.711+0000] {logging_mixin.py:188} INFO - [2026-03-02T22:29:23.711+0000] {dag.py:3954} INFO - Setting next_dagrun for produce_json to 2026-03-02 14:00:00+00:00, run_after=2026-03-03 14:00:00+00:00
[2026-03-02T22:29:23.717+0000] {logging_mixin.py:188} INFO - [2026-03-02T22:29:23.716+0000] {dag.py:3954} INFO - Setting next_dagrun for update_db to 2026-03-02 15:00:00+00:00, run_after=2026-03-03 15:00:00+00:00
[2026-03-02T22:29:23.775+0000] {processor.py:183} INFO - Processing /opt/airflow/dags/main.py took 0.342 seconds
[2026-03-02T22:29:53.944+0000] {processor.py:161} INFO - Started process (PID=547) to work on /opt/airflow/dags/main.py
[2026-03-02T22:29:53.947+0000] {processor.py:830} INFO - Processing file /opt/airflow/dags/main.py for tasks to queue
[2026-03-02T22:29:53.953+0000] {logging_mixin.py:188} INFO - [2026-03-02T22:29:53.953+0000] {dagbag.py:545} INFO - Filling up the DagBag from /opt/airflow/dags/main.py
[2026-03-02T22:29:54.046+0000] {processor.py:840} INFO - DAG(s) 'produce_json', 'update_db', 'data_quality' retrieved from /opt/airflow/dags/main.py
[2026-03-02T22:29:54.159+0000] {logging_mixin.py:188} INFO - [2026-03-02T22:29:54.158+0000] {dag.py:3096} INFO - Sync 3 DAGs
[2026-03-02T22:29:54.213+0000] {logging_mixin.py:188} INFO - [2026-03-02T22:29:54.213+0000] {dag.py:3954} INFO - Setting next_dagrun for data_quality to 2026-03-02 16:00:00+00:00, run_after=2026-03-03 16:00:00+00:00
[2026-03-02T22:29:54.246+0000] {logging_mixin.py:188} INFO - [2026-03-02T22:29:54.245+0000] {dag.py:3954} INFO - Setting next_dagrun for produce_json to 2026-03-02 14:00:00+00:00, run_after=2026-03-03 14:00:00+00:00
[2026-03-02T22:29:54.273+0000] {logging_mixin.py:188} INFO - [2026-03-02T22:29:54.273+0000] {dag.py:3954} INFO - Setting next_dagrun for update_db to 2026-03-02 15:00:00+00:00, run_after=2026-03-03 15:00:00+00:00
[2026-03-02T22:29:54.361+0000] {processor.py:183} INFO - Processing /opt/airflow/dags/main.py took 0.434 seconds
[2026-03-02T22:30:25.131+0000] {processor.py:161} INFO - Started process (PID=554) to work on /opt/airflow/dags/main.py
[2026-03-02T22:30:25.133+0000] {processor.py:830} INFO - Processing file /opt/airflow/dags/main.py for tasks to queue
[2026-03-02T22:30:25.136+0000] {logging_mixin.py:188} INFO - [2026-03-02T22:30:25.135+0000] {dagbag.py:545} INFO - Filling up the DagBag from /opt/airflow/dags/main.py
[2026-03-02T22:30:25.212+0000] {processor.py:840} INFO - DAG(s) 'produce_json', 'update_db', 'data_quality' retrieved from /opt/airflow/dags/main.py
[2026-03-02T22:30:25.290+0000] {logging_mixin.py:188} INFO - [2026-03-02T22:30:25.289+0000] {dag.py:3096} INFO - Sync 3 DAGs
[2026-03-02T22:30:25.334+0000] {logging_mixin.py:188} INFO - [2026-03-02T22:30:25.334+0000] {dag.py:3954} INFO - Setting next_dagrun for data_quality to 2026-03-02 16:00:00+00:00, run_after=2026-03-03 16:00:00+00:00
[2026-03-02T22:30:25.350+0000] {logging_mixin.py:188} INFO - [2026-03-02T22:30:25.349+0000] {dag.py:3954} INFO - Setting next_dagrun for produce_json to 2026-03-02 14:00:00+00:00, run_after=2026-03-03 14:00:00+00:00
[2026-03-02T22:30:25.358+0000] {logging_mixin.py:188} INFO - [2026-03-02T22:30:25.357+0000] {dag.py:3954} INFO - Setting next_dagrun for update_db to 2026-03-02 15:00:00+00:00, run_after=2026-03-03 15:00:00+00:00
[2026-03-02T22:30:25.400+0000] {processor.py:183} INFO - Processing /opt/airflow/dags/main.py took 0.283 seconds
[2026-03-02T22:30:56.350+0000] {processor.py:161} INFO - Started process (PID=561) to work on /opt/airflow/dags/main.py
[2026-03-02T22:30:56.353+0000] {processor.py:830} INFO - Processing file /opt/airflow/dags/main.py for tasks to queue
[2026-03-02T22:30:56.357+0000] {logging_mixin.py:188} INFO - [2026-03-02T22:30:56.356+0000] {dagbag.py:545} INFO - Filling up the DagBag from /opt/airflow/dags/main.py
[2026-03-02T22:30:56.675+0000] {processor.py:840} INFO - DAG(s) 'update_db', 'data_quality', 'produce_json' retrieved from /opt/airflow/dags/main.py
[2026-03-02T22:30:56.884+0000] {logging_mixin.py:188} INFO - [2026-03-02T22:30:56.882+0000] {dag.py:3096} INFO - Sync 3 DAGs
[2026-03-02T22:30:57.028+0000] {logging_mixin.py:188} INFO - [2026-03-02T22:30:57.028+0000] {dag.py:3954} INFO - Setting next_dagrun for data_quality to 2026-03-02 16:00:00+00:00, run_after=2026-03-03 16:00:00+00:00
[2026-03-02T22:30:57.066+0000] {logging_mixin.py:188} INFO - [2026-03-02T22:30:57.065+0000] {dag.py:3954} INFO - Setting next_dagrun for produce_json to 2026-03-02 14:00:00+00:00, run_after=2026-03-03 14:00:00+00:00
[2026-03-02T22:30:57.071+0000] {logging_mixin.py:188} INFO - [2026-03-02T22:30:57.071+0000] {dag.py:3954} INFO - Setting next_dagrun for update_db to 2026-03-02 15:00:00+00:00, run_after=2026-03-03 15:00:00+00:00
[2026-03-02T22:30:57.096+0000] {processor.py:183} INFO - Processing /opt/airflow/dags/main.py took 0.768 seconds
[2026-03-02T22:31:27.226+0000] {processor.py:161} INFO - Started process (PID=568) to work on /opt/airflow/dags/main.py
[2026-03-02T22:31:27.229+0000] {processor.py:830} INFO - Processing file /opt/airflow/dags/main.py for tasks to queue
[2026-03-02T22:31:27.233+0000] {logging_mixin.py:188} INFO - [2026-03-02T22:31:27.233+0000] {dagbag.py:545} INFO - Filling up the DagBag from /opt/airflow/dags/main.py
[2026-03-02T22:31:27.336+0000] {processor.py:840} INFO - DAG(s) 'update_db', 'data_quality', 'produce_json' retrieved from /opt/airflow/dags/main.py
[2026-03-02T22:31:27.407+0000] {logging_mixin.py:188} INFO - [2026-03-02T22:31:27.406+0000] {dag.py:3096} INFO - Sync 3 DAGs
[2026-03-02T22:31:27.451+0000] {logging_mixin.py:188} INFO - [2026-03-02T22:31:27.451+0000] {dag.py:3954} INFO - Setting next_dagrun for data_quality to 2026-03-02 16:00:00+00:00, run_after=2026-03-03 16:00:00+00:00
[2026-03-02T22:31:27.461+0000] {logging_mixin.py:188} INFO - [2026-03-02T22:31:27.461+0000] {dag.py:3954} INFO - Setting next_dagrun for produce_json to 2026-03-02 14:00:00+00:00, run_after=2026-03-03 14:00:00+00:00
[2026-03-02T22:31:27.470+0000] {logging_mixin.py:188} INFO - [2026-03-02T22:31:27.470+0000] {dag.py:3954} INFO - Setting next_dagrun for update_db to 2026-03-02 15:00:00+00:00, run_after=2026-03-03 15:00:00+00:00
[2026-03-02T22:31:27.518+0000] {processor.py:183} INFO - Processing /opt/airflow/dags/main.py took 0.305 seconds
[2026-03-02T22:32:00.022+0000] {processor.py:161} INFO - Started process (PID=575) to work on /opt/airflow/dags/main.py
[2026-03-02T22:32:00.059+0000] {processor.py:830} INFO - Processing file /opt/airflow/dags/main.py for tasks to queue
[2026-03-02T22:32:00.066+0000] {logging_mixin.py:188} INFO - [2026-03-02T22:32:00.064+0000] {dagbag.py:545} INFO - Filling up the DagBag from /opt/airflow/dags/main.py
[2026-03-02T22:32:00.164+0000] {processor.py:840} INFO - DAG(s) 'produce_json', 'update_db', 'data_quality' retrieved from /opt/airflow/dags/main.py
[2026-03-02T22:32:00.371+0000] {logging_mixin.py:188} INFO - [2026-03-02T22:32:00.370+0000] {dag.py:3096} INFO - Sync 3 DAGs
[2026-03-02T22:32:00.458+0000] {logging_mixin.py:188} INFO - [2026-03-02T22:32:00.458+0000] {dag.py:3954} INFO - Setting next_dagrun for data_quality to 2026-03-02 16:00:00+00:00, run_after=2026-03-03 16:00:00+00:00
[2026-03-02T22:32:00.507+0000] {logging_mixin.py:188} INFO - [2026-03-02T22:32:00.507+0000] {dag.py:3954} INFO - Setting next_dagrun for produce_json to 2026-03-02 14:00:00+00:00, run_after=2026-03-03 14:00:00+00:00
[2026-03-02T22:32:00.544+0000] {logging_mixin.py:188} INFO - [2026-03-02T22:32:00.544+0000] {dag.py:3954} INFO - Setting next_dagrun for update_db to 2026-03-02 15:00:00+00:00, run_after=2026-03-03 15:00:00+00:00
[2026-03-02T22:32:00.738+0000] {processor.py:183} INFO - Processing /opt/airflow/dags/main.py took 0.730 seconds
[2026-03-02T22:32:31.109+0000] {processor.py:161} INFO - Started process (PID=582) to work on /opt/airflow/dags/main.py
[2026-03-02T22:32:31.115+0000] {processor.py:830} INFO - Processing file /opt/airflow/dags/main.py for tasks to queue
[2026-03-02T22:32:31.120+0000] {logging_mixin.py:188} INFO - [2026-03-02T22:32:31.119+0000] {dagbag.py:545} INFO - Filling up the DagBag from /opt/airflow/dags/main.py
[2026-03-02T22:32:31.260+0000] {processor.py:840} INFO - DAG(s) 'produce_json', 'update_db', 'data_quality' retrieved from /opt/airflow/dags/main.py
[2026-03-02T22:32:31.357+0000] {logging_mixin.py:188} INFO - [2026-03-02T22:32:31.356+0000] {dag.py:3096} INFO - Sync 3 DAGs
[2026-03-02T22:32:31.410+0000] {logging_mixin.py:188} INFO - [2026-03-02T22:32:31.410+0000] {dag.py:3954} INFO - Setting next_dagrun for data_quality to 2026-03-02 16:00:00+00:00, run_after=2026-03-03 16:00:00+00:00
[2026-03-02T22:32:31.424+0000] {logging_mixin.py:188} INFO - [2026-03-02T22:32:31.423+0000] {dag.py:3954} INFO - Setting next_dagrun for produce_json to 2026-03-02 14:00:00+00:00, run_after=2026-03-03 14:00:00+00:00
[2026-03-02T22:32:31.433+0000] {logging_mixin.py:188} INFO - [2026-03-02T22:32:31.433+0000] {dag.py:3954} INFO - Setting next_dagrun for update_db to 2026-03-02 15:00:00+00:00, run_after=2026-03-03 15:00:00+00:00
[2026-03-02T22:32:31.493+0000] {processor.py:183} INFO - Processing /opt/airflow/dags/main.py took 0.396 seconds
[2026-03-02T22:33:29.196+0000] {processor.py:161} INFO - Started process (PID=583) to work on /opt/airflow/dags/main.py
[2026-03-02T22:33:29.216+0000] {processor.py:830} INFO - Processing file /opt/airflow/dags/main.py for tasks to queue
[2026-03-02T22:33:29.260+0000] {logging_mixin.py:188} INFO - [2026-03-02T22:33:29.259+0000] {dagbag.py:545} INFO - Filling up the DagBag from /opt/airflow/dags/main.py
[2026-03-02T22:33:30.001+0000] {processor.py:840} INFO - DAG(s) 'produce_json', 'update_db', 'data_quality' retrieved from /opt/airflow/dags/main.py
[2026-03-02T22:33:30.352+0000] {logging_mixin.py:188} INFO - [2026-03-02T22:33:30.342+0000] {dag.py:3096} INFO - Sync 3 DAGs
[2026-03-02T22:33:31.061+0000] {logging_mixin.py:188} INFO - [2026-03-02T22:33:31.046+0000] {dag.py:3954} INFO - Setting next_dagrun for data_quality to 2026-03-02 16:00:00+00:00, run_after=2026-03-03 16:00:00+00:00
[2026-03-02T22:33:31.308+0000] {logging_mixin.py:188} INFO - [2026-03-02T22:33:31.308+0000] {dag.py:3954} INFO - Setting next_dagrun for produce_json to 2026-03-02 14:00:00+00:00, run_after=2026-03-03 14:00:00+00:00
[2026-03-02T22:33:31.477+0000] {logging_mixin.py:188} INFO - [2026-03-02T22:33:31.477+0000] {dag.py:3954} INFO - Setting next_dagrun for update_db to 2026-03-02 15:00:00+00:00, run_after=2026-03-03 15:00:00+00:00
[2026-03-02T22:33:31.661+0000] {processor.py:183} INFO - Processing /opt/airflow/dags/main.py took 2.528 seconds
[2026-03-02T22:34:02.231+0000] {processor.py:161} INFO - Started process (PID=597) to work on /opt/airflow/dags/main.py
[2026-03-02T22:34:02.234+0000] {processor.py:830} INFO - Processing file /opt/airflow/dags/main.py for tasks to queue
[2026-03-02T22:34:02.238+0000] {logging_mixin.py:188} INFO - [2026-03-02T22:34:02.238+0000] {dagbag.py:545} INFO - Filling up the DagBag from /opt/airflow/dags/main.py
[2026-03-02T22:34:02.315+0000] {processor.py:840} INFO - DAG(s) 'data_quality', 'update_db', 'produce_json' retrieved from /opt/airflow/dags/main.py
[2026-03-02T22:34:02.392+0000] {logging_mixin.py:188} INFO - [2026-03-02T22:34:02.392+0000] {dag.py:3096} INFO - Sync 3 DAGs
[2026-03-02T22:34:02.447+0000] {logging_mixin.py:188} INFO - [2026-03-02T22:34:02.446+0000] {dag.py:3954} INFO - Setting next_dagrun for data_quality to 2026-03-02 16:00:00+00:00, run_after=2026-03-03 16:00:00+00:00
[2026-03-02T22:34:02.466+0000] {logging_mixin.py:188} INFO - [2026-03-02T22:34:02.466+0000] {dag.py:3954} INFO - Setting next_dagrun for produce_json to 2026-03-02 14:00:00+00:00, run_after=2026-03-03 14:00:00+00:00
[2026-03-02T22:34:02.475+0000] {logging_mixin.py:188} INFO - [2026-03-02T22:34:02.475+0000] {dag.py:3954} INFO - Setting next_dagrun for update_db to 2026-03-02 15:00:00+00:00, run_after=2026-03-03 15:00:00+00:00
[2026-03-02T22:34:02.549+0000] {processor.py:183} INFO - Processing /opt/airflow/dags/main.py took 0.333 seconds
[2026-03-02T22:34:33.412+0000] {processor.py:161} INFO - Started process (PID=604) to work on /opt/airflow/dags/main.py
[2026-03-02T22:34:33.422+0000] {processor.py:830} INFO - Processing file /opt/airflow/dags/main.py for tasks to queue
[2026-03-02T22:34:33.429+0000] {logging_mixin.py:188} INFO - [2026-03-02T22:34:33.428+0000] {dagbag.py:545} INFO - Filling up the DagBag from /opt/airflow/dags/main.py
[2026-03-02T22:34:33.574+0000] {processor.py:840} INFO - DAG(s) 'data_quality', 'update_db', 'produce_json' retrieved from /opt/airflow/dags/main.py
[2026-03-02T22:34:33.634+0000] {logging_mixin.py:188} INFO - [2026-03-02T22:34:33.633+0000] {dag.py:3096} INFO - Sync 3 DAGs
[2026-03-02T22:34:33.707+0000] {logging_mixin.py:188} INFO - [2026-03-02T22:34:33.706+0000] {dag.py:3954} INFO - Setting next_dagrun for data_quality to 2026-03-02 16:00:00+00:00, run_after=2026-03-03 16:00:00+00:00
[2026-03-02T22:34:33.744+0000] {logging_mixin.py:188} INFO - [2026-03-02T22:34:33.742+0000] {dag.py:3954} INFO - Setting next_dagrun for produce_json to 2026-03-02 14:00:00+00:00, run_after=2026-03-03 14:00:00+00:00
[2026-03-02T22:34:33.751+0000] {logging_mixin.py:188} INFO - [2026-03-02T22:34:33.750+0000] {dag.py:3954} INFO - Setting next_dagrun for update_db to 2026-03-02 15:00:00+00:00, run_after=2026-03-03 15:00:00+00:00
[2026-03-02T22:34:33.802+0000] {processor.py:183} INFO - Processing /opt/airflow/dags/main.py took 0.423 seconds
[2026-03-02T22:35:04.075+0000] {processor.py:161} INFO - Started process (PID=611) to work on /opt/airflow/dags/main.py
[2026-03-02T22:35:04.077+0000] {processor.py:830} INFO - Processing file /opt/airflow/dags/main.py for tasks to queue
[2026-03-02T22:35:04.081+0000] {logging_mixin.py:188} INFO - [2026-03-02T22:35:04.081+0000] {dagbag.py:545} INFO - Filling up the DagBag from /opt/airflow/dags/main.py
[2026-03-02T22:35:04.172+0000] {processor.py:840} INFO - DAG(s) 'produce_json', 'data_quality', 'update_db' retrieved from /opt/airflow/dags/main.py
[2026-03-02T22:35:04.236+0000] {logging_mixin.py:188} INFO - [2026-03-02T22:35:04.236+0000] {dag.py:3096} INFO - Sync 3 DAGs
[2026-03-02T22:35:04.274+0000] {logging_mixin.py:188} INFO - [2026-03-02T22:35:04.273+0000] {dag.py:3954} INFO - Setting next_dagrun for data_quality to 2026-03-02 16:00:00+00:00, run_after=2026-03-03 16:00:00+00:00
[2026-03-02T22:35:04.283+0000] {logging_mixin.py:188} INFO - [2026-03-02T22:35:04.282+0000] {dag.py:3954} INFO - Setting next_dagrun for produce_json to 2026-03-02 14:00:00+00:00, run_after=2026-03-03 14:00:00+00:00
[2026-03-02T22:35:04.288+0000] {logging_mixin.py:188} INFO - [2026-03-02T22:35:04.288+0000] {dag.py:3954} INFO - Setting next_dagrun for update_db to 2026-03-02 15:00:00+00:00, run_after=2026-03-03 15:00:00+00:00
[2026-03-02T22:35:04.356+0000] {processor.py:183} INFO - Processing /opt/airflow/dags/main.py took 0.298 seconds
[2026-03-02T22:35:34.585+0000] {processor.py:161} INFO - Started process (PID=618) to work on /opt/airflow/dags/main.py
[2026-03-02T22:35:34.588+0000] {processor.py:830} INFO - Processing file /opt/airflow/dags/main.py for tasks to queue
[2026-03-02T22:35:34.593+0000] {logging_mixin.py:188} INFO - [2026-03-02T22:35:34.592+0000] {dagbag.py:545} INFO - Filling up the DagBag from /opt/airflow/dags/main.py
[2026-03-02T22:35:34.676+0000] {processor.py:840} INFO - DAG(s) 'produce_json', 'update_db', 'data_quality' retrieved from /opt/airflow/dags/main.py
[2026-03-02T22:35:34.947+0000] {logging_mixin.py:188} INFO - [2026-03-02T22:35:34.947+0000] {dag.py:3096} INFO - Sync 3 DAGs
[2026-03-02T22:35:35.071+0000] {logging_mixin.py:188} INFO - [2026-03-02T22:35:35.071+0000] {dag.py:3954} INFO - Setting next_dagrun for data_quality to 2026-03-02 16:00:00+00:00, run_after=2026-03-03 16:00:00+00:00
[2026-03-02T22:35:35.090+0000] {logging_mixin.py:188} INFO - [2026-03-02T22:35:35.089+0000] {dag.py:3954} INFO - Setting next_dagrun for produce_json to 2026-03-02 14:00:00+00:00, run_after=2026-03-03 14:00:00+00:00
[2026-03-02T22:35:35.100+0000] {logging_mixin.py:188} INFO - [2026-03-02T22:35:35.099+0000] {dag.py:3954} INFO - Setting next_dagrun for update_db to 2026-03-02 15:00:00+00:00, run_after=2026-03-03 15:00:00+00:00
[2026-03-02T22:35:35.144+0000] {processor.py:183} INFO - Processing /opt/airflow/dags/main.py took 0.572 seconds
[2026-03-02T22:36:05.892+0000] {processor.py:161} INFO - Started process (PID=625) to work on /opt/airflow/dags/main.py
[2026-03-02T22:36:05.895+0000] {processor.py:830} INFO - Processing file /opt/airflow/dags/main.py for tasks to queue
[2026-03-02T22:36:05.899+0000] {logging_mixin.py:188} INFO - [2026-03-02T22:36:05.899+0000] {dagbag.py:545} INFO - Filling up the DagBag from /opt/airflow/dags/main.py
[2026-03-02T22:36:05.988+0000] {processor.py:840} INFO - DAG(s) 'update_db', 'produce_json', 'data_quality' retrieved from /opt/airflow/dags/main.py
[2026-03-02T22:36:06.110+0000] {logging_mixin.py:188} INFO - [2026-03-02T22:36:06.110+0000] {dag.py:3096} INFO - Sync 3 DAGs
[2026-03-02T22:36:06.261+0000] {logging_mixin.py:188} INFO - [2026-03-02T22:36:06.261+0000] {dag.py:3954} INFO - Setting next_dagrun for data_quality to 2026-03-02 16:00:00+00:00, run_after=2026-03-03 16:00:00+00:00
[2026-03-02T22:36:06.303+0000] {logging_mixin.py:188} INFO - [2026-03-02T22:36:06.303+0000] {dag.py:3954} INFO - Setting next_dagrun for produce_json to 2026-03-02 14:00:00+00:00, run_after=2026-03-03 14:00:00+00:00
[2026-03-02T22:36:06.310+0000] {logging_mixin.py:188} INFO - [2026-03-02T22:36:06.309+0000] {dag.py:3954} INFO - Setting next_dagrun for update_db to 2026-03-02 15:00:00+00:00, run_after=2026-03-03 15:00:00+00:00
[2026-03-02T22:36:06.414+0000] {processor.py:183} INFO - Processing /opt/airflow/dags/main.py took 0.534 seconds
[2026-03-02T22:36:36.798+0000] {processor.py:161} INFO - Started process (PID=632) to work on /opt/airflow/dags/main.py
[2026-03-02T22:36:36.800+0000] {processor.py:830} INFO - Processing file /opt/airflow/dags/main.py for tasks to queue
[2026-03-02T22:36:36.805+0000] {logging_mixin.py:188} INFO - [2026-03-02T22:36:36.804+0000] {dagbag.py:545} INFO - Filling up the DagBag from /opt/airflow/dags/main.py
[2026-03-02T22:36:36.874+0000] {processor.py:840} INFO - DAG(s) 'produce_json', 'update_db', 'data_quality' retrieved from /opt/airflow/dags/main.py
[2026-03-02T22:36:36.984+0000] {logging_mixin.py:188} INFO - [2026-03-02T22:36:36.983+0000] {dag.py:3096} INFO - Sync 3 DAGs
[2026-03-02T22:36:37.051+0000] {logging_mixin.py:188} INFO - [2026-03-02T22:36:37.050+0000] {dag.py:3954} INFO - Setting next_dagrun for data_quality to 2026-03-02 16:00:00+00:00, run_after=2026-03-03 16:00:00+00:00
[2026-03-02T22:36:37.087+0000] {logging_mixin.py:188} INFO - [2026-03-02T22:36:37.087+0000] {dag.py:3954} INFO - Setting next_dagrun for produce_json to 2026-03-02 14:00:00+00:00, run_after=2026-03-03 14:00:00+00:00
[2026-03-02T22:36:37.101+0000] {logging_mixin.py:188} INFO - [2026-03-02T22:36:37.101+0000] {dag.py:3954} INFO - Setting next_dagrun for update_db to 2026-03-02 15:00:00+00:00, run_after=2026-03-03 15:00:00+00:00
[2026-03-02T22:36:37.141+0000] {processor.py:183} INFO - Processing /opt/airflow/dags/main.py took 0.356 seconds
[2026-03-02T22:37:07.705+0000] {processor.py:161} INFO - Started process (PID=639) to work on /opt/airflow/dags/main.py
[2026-03-02T22:37:07.715+0000] {processor.py:830} INFO - Processing file /opt/airflow/dags/main.py for tasks to queue
[2026-03-02T22:37:07.744+0000] {logging_mixin.py:188} INFO - [2026-03-02T22:37:07.743+0000] {dagbag.py:545} INFO - Filling up the DagBag from /opt/airflow/dags/main.py
[2026-03-02T22:37:08.070+0000] {processor.py:840} INFO - DAG(s) 'update_db', 'produce_json', 'data_quality' retrieved from /opt/airflow/dags/main.py
[2026-03-02T22:37:08.180+0000] {logging_mixin.py:188} INFO - [2026-03-02T22:37:08.180+0000] {dag.py:3096} INFO - Sync 3 DAGs
[2026-03-02T22:37:08.305+0000] {logging_mixin.py:188} INFO - [2026-03-02T22:37:08.305+0000] {dag.py:3954} INFO - Setting next_dagrun for data_quality to 2026-03-02 16:00:00+00:00, run_after=2026-03-03 16:00:00+00:00
[2026-03-02T22:37:08.347+0000] {logging_mixin.py:188} INFO - [2026-03-02T22:37:08.346+0000] {dag.py:3954} INFO - Setting next_dagrun for produce_json to 2026-03-02 14:00:00+00:00, run_after=2026-03-03 14:00:00+00:00
[2026-03-02T22:37:08.362+0000] {logging_mixin.py:188} INFO - [2026-03-02T22:37:08.361+0000] {dag.py:3954} INFO - Setting next_dagrun for update_db to 2026-03-02 15:00:00+00:00, run_after=2026-03-03 15:00:00+00:00
[2026-03-02T22:37:08.514+0000] {processor.py:183} INFO - Processing /opt/airflow/dags/main.py took 0.885 seconds
[2026-03-02T22:37:38.971+0000] {processor.py:161} INFO - Started process (PID=647) to work on /opt/airflow/dags/main.py
[2026-03-02T22:37:39.020+0000] {processor.py:830} INFO - Processing file /opt/airflow/dags/main.py for tasks to queue
[2026-03-02T22:37:39.036+0000] {logging_mixin.py:188} INFO - [2026-03-02T22:37:39.036+0000] {dagbag.py:545} INFO - Filling up the DagBag from /opt/airflow/dags/main.py
[2026-03-02T22:37:39.197+0000] {processor.py:840} INFO - DAG(s) 'data_quality', 'produce_json', 'update_db' retrieved from /opt/airflow/dags/main.py
[2026-03-02T22:37:39.303+0000] {logging_mixin.py:188} INFO - [2026-03-02T22:37:39.303+0000] {dag.py:3096} INFO - Sync 3 DAGs
[2026-03-02T22:37:39.397+0000] {logging_mixin.py:188} INFO - [2026-03-02T22:37:39.396+0000] {dag.py:3954} INFO - Setting next_dagrun for data_quality to 2026-03-02 16:00:00+00:00, run_after=2026-03-03 16:00:00+00:00
[2026-03-02T22:37:39.438+0000] {logging_mixin.py:188} INFO - [2026-03-02T22:37:39.438+0000] {dag.py:3954} INFO - Setting next_dagrun for produce_json to 2026-03-02 14:00:00+00:00, run_after=2026-03-03 14:00:00+00:00
[2026-03-02T22:37:39.524+0000] {logging_mixin.py:188} INFO - [2026-03-02T22:37:39.473+0000] {dag.py:3954} INFO - Setting next_dagrun for update_db to 2026-03-02 15:00:00+00:00, run_after=2026-03-03 15:00:00+00:00
[2026-03-02T22:37:39.809+0000] {processor.py:183} INFO - Processing /opt/airflow/dags/main.py took 0.856 seconds
[2026-03-02T22:38:10.875+0000] {processor.py:161} INFO - Started process (PID=654) to work on /opt/airflow/dags/main.py
[2026-03-02T22:38:10.879+0000] {processor.py:830} INFO - Processing file /opt/airflow/dags/main.py for tasks to queue
[2026-03-02T22:38:10.882+0000] {logging_mixin.py:188} INFO - [2026-03-02T22:38:10.881+0000] {dagbag.py:545} INFO - Filling up the DagBag from /opt/airflow/dags/main.py
[2026-03-02T22:38:11.226+0000] {processor.py:840} INFO - DAG(s) 'update_db', 'data_quality', 'produce_json' retrieved from /opt/airflow/dags/main.py
[2026-03-02T22:38:11.641+0000] {logging_mixin.py:188} INFO - [2026-03-02T22:38:11.640+0000] {dag.py:3096} INFO - Sync 3 DAGs
[2026-03-02T22:38:11.717+0000] {logging_mixin.py:188} INFO - [2026-03-02T22:38:11.717+0000] {dag.py:3954} INFO - Setting next_dagrun for data_quality to 2026-03-02 16:00:00+00:00, run_after=2026-03-03 16:00:00+00:00
[2026-03-02T22:38:11.730+0000] {logging_mixin.py:188} INFO - [2026-03-02T22:38:11.730+0000] {dag.py:3954} INFO - Setting next_dagrun for produce_json to 2026-03-02 14:00:00+00:00, run_after=2026-03-03 14:00:00+00:00
[2026-03-02T22:38:11.737+0000] {logging_mixin.py:188} INFO - [2026-03-02T22:38:11.737+0000] {dag.py:3954} INFO - Setting next_dagrun for update_db to 2026-03-02 15:00:00+00:00, run_after=2026-03-03 15:00:00+00:00
[2026-03-02T22:38:11.787+0000] {processor.py:183} INFO - Processing /opt/airflow/dags/main.py took 0.947 seconds
[2026-03-02T22:38:45.064+0000] {processor.py:161} INFO - Started process (PID=663) to work on /opt/airflow/dags/main.py
[2026-03-02T22:38:45.103+0000] {processor.py:830} INFO - Processing file /opt/airflow/dags/main.py for tasks to queue
[2026-03-02T22:38:45.114+0000] {logging_mixin.py:188} INFO - [2026-03-02T22:38:45.113+0000] {dagbag.py:545} INFO - Filling up the DagBag from /opt/airflow/dags/main.py
[2026-03-02T22:38:45.274+0000] {processor.py:840} INFO - DAG(s) 'data_quality', 'update_db', 'produce_json' retrieved from /opt/airflow/dags/main.py
[2026-03-02T22:38:45.388+0000] {logging_mixin.py:188} INFO - [2026-03-02T22:38:45.388+0000] {dag.py:3096} INFO - Sync 3 DAGs
[2026-03-02T22:38:45.466+0000] {logging_mixin.py:188} INFO - [2026-03-02T22:38:45.466+0000] {dag.py:3954} INFO - Setting next_dagrun for data_quality to 2026-03-02 16:00:00+00:00, run_after=2026-03-03 16:00:00+00:00
[2026-03-02T22:38:45.477+0000] {logging_mixin.py:188} INFO - [2026-03-02T22:38:45.477+0000] {dag.py:3954} INFO - Setting next_dagrun for produce_json to 2026-03-02 14:00:00+00:00, run_after=2026-03-03 14:00:00+00:00
[2026-03-02T22:38:45.482+0000] {logging_mixin.py:188} INFO - [2026-03-02T22:38:45.482+0000] {dag.py:3954} INFO - Setting next_dagrun for update_db to 2026-03-02 15:00:00+00:00, run_after=2026-03-03 15:00:00+00:00
[2026-03-02T22:38:45.517+0000] {processor.py:183} INFO - Processing /opt/airflow/dags/main.py took 0.496 seconds
[2026-03-02T22:39:18.057+0000] {processor.py:161} INFO - Started process (PID=671) to work on /opt/airflow/dags/main.py
[2026-03-02T22:39:18.060+0000] {processor.py:830} INFO - Processing file /opt/airflow/dags/main.py for tasks to queue
[2026-03-02T22:39:18.063+0000] {logging_mixin.py:188} INFO - [2026-03-02T22:39:18.062+0000] {dagbag.py:545} INFO - Filling up the DagBag from /opt/airflow/dags/main.py
[2026-03-02T22:39:18.137+0000] {processor.py:840} INFO - DAG(s) 'update_db', 'produce_json', 'data_quality' retrieved from /opt/airflow/dags/main.py
[2026-03-02T22:39:18.284+0000] {logging_mixin.py:188} INFO - [2026-03-02T22:39:18.279+0000] {dag.py:3096} INFO - Sync 3 DAGs
[2026-03-02T22:39:18.338+0000] {logging_mixin.py:188} INFO - [2026-03-02T22:39:18.337+0000] {dag.py:3954} INFO - Setting next_dagrun for data_quality to 2026-03-02 16:00:00+00:00, run_after=2026-03-03 16:00:00+00:00
[2026-03-02T22:39:18.350+0000] {logging_mixin.py:188} INFO - [2026-03-02T22:39:18.350+0000] {dag.py:3954} INFO - Setting next_dagrun for produce_json to 2026-03-02 14:00:00+00:00, run_after=2026-03-03 14:00:00+00:00
[2026-03-02T22:39:18.357+0000] {logging_mixin.py:188} INFO - [2026-03-02T22:39:18.357+0000] {dag.py:3954} INFO - Setting next_dagrun for update_db to 2026-03-02 15:00:00+00:00, run_after=2026-03-03 15:00:00+00:00
[2026-03-02T22:39:18.417+0000] {processor.py:183} INFO - Processing /opt/airflow/dags/main.py took 0.377 seconds
[2026-03-02T22:39:48.563+0000] {processor.py:161} INFO - Started process (PID=679) to work on /opt/airflow/dags/main.py
[2026-03-02T22:39:48.567+0000] {processor.py:830} INFO - Processing file /opt/airflow/dags/main.py for tasks to queue
[2026-03-02T22:39:48.571+0000] {logging_mixin.py:188} INFO - [2026-03-02T22:39:48.570+0000] {dagbag.py:545} INFO - Filling up the DagBag from /opt/airflow/dags/main.py
[2026-03-02T22:39:48.638+0000] {processor.py:840} INFO - DAG(s) 'data_quality', 'produce_json', 'update_db' retrieved from /opt/airflow/dags/main.py
[2026-03-02T22:39:48.719+0000] {logging_mixin.py:188} INFO - [2026-03-02T22:39:48.719+0000] {dag.py:3096} INFO - Sync 3 DAGs
[2026-03-02T22:39:48.762+0000] {logging_mixin.py:188} INFO - [2026-03-02T22:39:48.762+0000] {dag.py:3954} INFO - Setting next_dagrun for data_quality to 2026-03-02 16:00:00+00:00, run_after=2026-03-03 16:00:00+00:00
[2026-03-02T22:39:48.773+0000] {logging_mixin.py:188} INFO - [2026-03-02T22:39:48.773+0000] {dag.py:3954} INFO - Setting next_dagrun for produce_json to 2026-03-02 14:00:00+00:00, run_after=2026-03-03 14:00:00+00:00
[2026-03-02T22:39:48.780+0000] {logging_mixin.py:188} INFO - [2026-03-02T22:39:48.780+0000] {dag.py:3954} INFO - Setting next_dagrun for update_db to 2026-03-02 15:00:00+00:00, run_after=2026-03-03 15:00:00+00:00
[2026-03-02T22:39:48.830+0000] {processor.py:183} INFO - Processing /opt/airflow/dags/main.py took 0.278 seconds
[2026-03-02T22:40:19.619+0000] {processor.py:161} INFO - Started process (PID=689) to work on /opt/airflow/dags/main.py
[2026-03-02T22:40:19.622+0000] {processor.py:830} INFO - Processing file /opt/airflow/dags/main.py for tasks to queue
[2026-03-02T22:40:19.628+0000] {logging_mixin.py:188} INFO - [2026-03-02T22:40:19.627+0000] {dagbag.py:545} INFO - Filling up the DagBag from /opt/airflow/dags/main.py
[2026-03-02T22:40:19.699+0000] {processor.py:840} INFO - DAG(s) 'data_quality', 'update_db', 'produce_json' retrieved from /opt/airflow/dags/main.py
[2026-03-02T22:40:19.770+0000] {logging_mixin.py:188} INFO - [2026-03-02T22:40:19.769+0000] {dag.py:3096} INFO - Sync 3 DAGs
[2026-03-02T22:40:19.814+0000] {logging_mixin.py:188} INFO - [2026-03-02T22:40:19.814+0000] {dag.py:3954} INFO - Setting next_dagrun for data_quality to 2026-03-02 16:00:00+00:00, run_after=2026-03-03 16:00:00+00:00
[2026-03-02T22:40:19.823+0000] {logging_mixin.py:188} INFO - [2026-03-02T22:40:19.823+0000] {dag.py:3954} INFO - Setting next_dagrun for produce_json to 2026-03-02 14:00:00+00:00, run_after=2026-03-03 14:00:00+00:00
[2026-03-02T22:40:19.830+0000] {logging_mixin.py:188} INFO - [2026-03-02T22:40:19.830+0000] {dag.py:3954} INFO - Setting next_dagrun for update_db to 2026-03-02 15:00:00+00:00, run_after=2026-03-03 15:00:00+00:00
[2026-03-02T22:40:19.865+0000] {processor.py:183} INFO - Processing /opt/airflow/dags/main.py took 0.260 seconds
[2026-03-02T22:40:50.218+0000] {processor.py:161} INFO - Started process (PID=696) to work on /opt/airflow/dags/main.py
[2026-03-02T22:40:50.221+0000] {processor.py:830} INFO - Processing file /opt/airflow/dags/main.py for tasks to queue
[2026-03-02T22:40:50.228+0000] {logging_mixin.py:188} INFO - [2026-03-02T22:40:50.226+0000] {dagbag.py:545} INFO - Filling up the DagBag from /opt/airflow/dags/main.py
[2026-03-02T22:40:50.308+0000] {processor.py:840} INFO - DAG(s) 'produce_json', 'update_db', 'data_quality' retrieved from /opt/airflow/dags/main.py
[2026-03-02T22:40:50.398+0000] {logging_mixin.py:188} INFO - [2026-03-02T22:40:50.398+0000] {dag.py:3096} INFO - Sync 3 DAGs
[2026-03-02T22:40:50.503+0000] {logging_mixin.py:188} INFO - [2026-03-02T22:40:50.503+0000] {dag.py:3954} INFO - Setting next_dagrun for data_quality to 2026-03-02 16:00:00+00:00, run_after=2026-03-03 16:00:00+00:00
[2026-03-02T22:40:50.521+0000] {logging_mixin.py:188} INFO - [2026-03-02T22:40:50.520+0000] {dag.py:3954} INFO - Setting next_dagrun for produce_json to 2026-03-02 14:00:00+00:00, run_after=2026-03-03 14:00:00+00:00
[2026-03-02T22:40:50.528+0000] {logging_mixin.py:188} INFO - [2026-03-02T22:40:50.528+0000] {dag.py:3954} INFO - Setting next_dagrun for update_db to 2026-03-02 15:00:00+00:00, run_after=2026-03-03 15:00:00+00:00
[2026-03-02T22:40:50.573+0000] {processor.py:183} INFO - Processing /opt/airflow/dags/main.py took 0.373 seconds
[2026-03-02T22:41:21.570+0000] {processor.py:161} INFO - Started process (PID=703) to work on /opt/airflow/dags/main.py
[2026-03-02T22:41:21.574+0000] {processor.py:830} INFO - Processing file /opt/airflow/dags/main.py for tasks to queue
[2026-03-02T22:41:21.578+0000] {logging_mixin.py:188} INFO - [2026-03-02T22:41:21.578+0000] {dagbag.py:545} INFO - Filling up the DagBag from /opt/airflow/dags/main.py
[2026-03-02T22:41:21.652+0000] {processor.py:840} INFO - DAG(s) 'data_quality', 'update_db', 'produce_json' retrieved from /opt/airflow/dags/main.py
[2026-03-02T22:41:21.728+0000] {logging_mixin.py:188} INFO - [2026-03-02T22:41:21.727+0000] {dag.py:3096} INFO - Sync 3 DAGs
[2026-03-02T22:41:21.767+0000] {logging_mixin.py:188} INFO - [2026-03-02T22:41:21.766+0000] {dag.py:3954} INFO - Setting next_dagrun for data_quality to 2026-03-02 16:00:00+00:00, run_after=2026-03-03 16:00:00+00:00
[2026-03-02T22:41:21.776+0000] {logging_mixin.py:188} INFO - [2026-03-02T22:41:21.776+0000] {dag.py:3954} INFO - Setting next_dagrun for produce_json to 2026-03-02 14:00:00+00:00, run_after=2026-03-03 14:00:00+00:00
[2026-03-02T22:41:21.786+0000] {logging_mixin.py:188} INFO - [2026-03-02T22:41:21.783+0000] {dag.py:3954} INFO - Setting next_dagrun for update_db to 2026-03-02 15:00:00+00:00, run_after=2026-03-03 15:00:00+00:00
[2026-03-02T22:41:21.820+0000] {processor.py:183} INFO - Processing /opt/airflow/dags/main.py took 0.267 seconds
[2026-03-02T22:41:52.092+0000] {processor.py:161} INFO - Started process (PID=711) to work on /opt/airflow/dags/main.py
[2026-03-02T22:41:52.094+0000] {processor.py:830} INFO - Processing file /opt/airflow/dags/main.py for tasks to queue
[2026-03-02T22:41:52.100+0000] {logging_mixin.py:188} INFO - [2026-03-02T22:41:52.099+0000] {dagbag.py:545} INFO - Filling up the DagBag from /opt/airflow/dags/main.py
[2026-03-02T22:41:52.191+0000] {processor.py:840} INFO - DAG(s) 'update_db', 'data_quality', 'produce_json' retrieved from /opt/airflow/dags/main.py
[2026-03-02T22:41:52.257+0000] {logging_mixin.py:188} INFO - [2026-03-02T22:41:52.256+0000] {dag.py:3096} INFO - Sync 3 DAGs
[2026-03-02T22:41:52.296+0000] {logging_mixin.py:188} INFO - [2026-03-02T22:41:52.296+0000] {dag.py:3954} INFO - Setting next_dagrun for data_quality to 2026-03-02 16:00:00+00:00, run_after=2026-03-03 16:00:00+00:00
[2026-03-02T22:41:52.306+0000] {logging_mixin.py:188} INFO - [2026-03-02T22:41:52.306+0000] {dag.py:3954} INFO - Setting next_dagrun for produce_json to 2026-03-02 14:00:00+00:00, run_after=2026-03-03 14:00:00+00:00
[2026-03-02T22:41:52.312+0000] {logging_mixin.py:188} INFO - [2026-03-02T22:41:52.311+0000] {dag.py:3954} INFO - Setting next_dagrun for update_db to 2026-03-02 15:00:00+00:00, run_after=2026-03-03 15:00:00+00:00
[2026-03-02T22:41:52.357+0000] {processor.py:183} INFO - Processing /opt/airflow/dags/main.py took 0.277 seconds
[2026-03-02T22:42:24.398+0000] {processor.py:161} INFO - Started process (PID=717) to work on /opt/airflow/dags/main.py
[2026-03-02T22:42:24.403+0000] {processor.py:830} INFO - Processing file /opt/airflow/dags/main.py for tasks to queue
[2026-03-02T22:42:24.413+0000] {logging_mixin.py:188} INFO - [2026-03-02T22:42:24.407+0000] {dagbag.py:545} INFO - Filling up the DagBag from /opt/airflow/dags/main.py
[2026-03-02T22:42:24.551+0000] {processor.py:840} INFO - DAG(s) 'update_db', 'produce_json', 'data_quality' retrieved from /opt/airflow/dags/main.py
[2026-03-02T22:42:24.795+0000] {logging_mixin.py:188} INFO - [2026-03-02T22:42:24.794+0000] {dag.py:3096} INFO - Sync 3 DAGs
[2026-03-02T22:42:24.902+0000] {logging_mixin.py:188} INFO - [2026-03-02T22:42:24.901+0000] {dag.py:3954} INFO - Setting next_dagrun for data_quality to 2026-03-02 16:00:00+00:00, run_after=2026-03-03 16:00:00+00:00
[2026-03-02T22:42:24.915+0000] {logging_mixin.py:188} INFO - [2026-03-02T22:42:24.914+0000] {dag.py:3954} INFO - Setting next_dagrun for produce_json to 2026-03-02 14:00:00+00:00, run_after=2026-03-03 14:00:00+00:00
[2026-03-02T22:42:24.940+0000] {logging_mixin.py:188} INFO - [2026-03-02T22:42:24.940+0000] {dag.py:3954} INFO - Setting next_dagrun for update_db to 2026-03-02 15:00:00+00:00, run_after=2026-03-03 15:00:00+00:00
[2026-03-02T22:42:24.999+0000] {processor.py:183} INFO - Processing /opt/airflow/dags/main.py took 1.612 seconds
[2026-03-02T22:42:55.945+0000] {processor.py:161} INFO - Started process (PID=725) to work on /opt/airflow/dags/main.py
[2026-03-02T22:42:55.958+0000] {processor.py:830} INFO - Processing file /opt/airflow/dags/main.py for tasks to queue
[2026-03-02T22:42:55.960+0000] {logging_mixin.py:188} INFO - [2026-03-02T22:42:55.960+0000] {dagbag.py:545} INFO - Filling up the DagBag from /opt/airflow/dags/main.py
[2026-03-02T22:42:56.048+0000] {processor.py:840} INFO - DAG(s) 'produce_json', 'data_quality', 'update_db' retrieved from /opt/airflow/dags/main.py
[2026-03-02T22:42:56.109+0000] {logging_mixin.py:188} INFO - [2026-03-02T22:42:56.109+0000] {dag.py:3096} INFO - Sync 3 DAGs
[2026-03-02T22:42:56.145+0000] {logging_mixin.py:188} INFO - [2026-03-02T22:42:56.145+0000] {dag.py:3954} INFO - Setting next_dagrun for data_quality to 2026-03-02 16:00:00+00:00, run_after=2026-03-03 16:00:00+00:00
[2026-03-02T22:42:56.160+0000] {logging_mixin.py:188} INFO - [2026-03-02T22:42:56.159+0000] {dag.py:3954} INFO - Setting next_dagrun for produce_json to 2026-03-02 14:00:00+00:00, run_after=2026-03-03 14:00:00+00:00
[2026-03-02T22:42:56.165+0000] {logging_mixin.py:188} INFO - [2026-03-02T22:42:56.165+0000] {dag.py:3954} INFO - Setting next_dagrun for update_db to 2026-03-02 15:00:00+00:00, run_after=2026-03-03 15:00:00+00:00
[2026-03-02T22:42:56.192+0000] {processor.py:183} INFO - Processing /opt/airflow/dags/main.py took 0.259 seconds
[2026-03-02T22:43:26.642+0000] {processor.py:161} INFO - Started process (PID=734) to work on /opt/airflow/dags/main.py
[2026-03-02T22:43:26.645+0000] {processor.py:830} INFO - Processing file /opt/airflow/dags/main.py for tasks to queue
[2026-03-02T22:43:26.649+0000] {logging_mixin.py:188} INFO - [2026-03-02T22:43:26.648+0000] {dagbag.py:545} INFO - Filling up the DagBag from /opt/airflow/dags/main.py
[2026-03-02T22:43:26.730+0000] {processor.py:840} INFO - DAG(s) 'produce_json', 'data_quality', 'update_db' retrieved from /opt/airflow/dags/main.py
[2026-03-02T22:43:26.810+0000] {logging_mixin.py:188} INFO - [2026-03-02T22:43:26.809+0000] {dag.py:3096} INFO - Sync 3 DAGs
[2026-03-02T22:43:26.858+0000] {logging_mixin.py:188} INFO - [2026-03-02T22:43:26.857+0000] {dag.py:3954} INFO - Setting next_dagrun for data_quality to 2026-03-02 16:00:00+00:00, run_after=2026-03-03 16:00:00+00:00
[2026-03-02T22:43:26.872+0000] {logging_mixin.py:188} INFO - [2026-03-02T22:43:26.872+0000] {dag.py:3954} INFO - Setting next_dagrun for produce_json to 2026-03-02 14:00:00+00:00, run_after=2026-03-03 14:00:00+00:00
[2026-03-02T22:43:26.880+0000] {logging_mixin.py:188} INFO - [2026-03-02T22:43:26.880+0000] {dag.py:3954} INFO - Setting next_dagrun for update_db to 2026-03-02 15:00:00+00:00, run_after=2026-03-03 15:00:00+00:00
[2026-03-02T22:43:26.923+0000] {processor.py:183} INFO - Processing /opt/airflow/dags/main.py took 0.293 seconds
[2026-03-02T22:43:57.723+0000] {processor.py:161} INFO - Started process (PID=741) to work on /opt/airflow/dags/main.py
[2026-03-02T22:43:57.727+0000] {processor.py:830} INFO - Processing file /opt/airflow/dags/main.py for tasks to queue
[2026-03-02T22:43:57.733+0000] {logging_mixin.py:188} INFO - [2026-03-02T22:43:57.732+0000] {dagbag.py:545} INFO - Filling up the DagBag from /opt/airflow/dags/main.py
[2026-03-02T22:43:57.831+0000] {processor.py:840} INFO - DAG(s) 'data_quality', 'update_db', 'produce_json' retrieved from /opt/airflow/dags/main.py
[2026-03-02T22:43:57.887+0000] {logging_mixin.py:188} INFO - [2026-03-02T22:43:57.887+0000] {dag.py:3096} INFO - Sync 3 DAGs
[2026-03-02T22:43:57.931+0000] {logging_mixin.py:188} INFO - [2026-03-02T22:43:57.930+0000] {dag.py:3954} INFO - Setting next_dagrun for data_quality to 2026-03-02 16:00:00+00:00, run_after=2026-03-03 16:00:00+00:00
[2026-03-02T22:43:57.940+0000] {logging_mixin.py:188} INFO - [2026-03-02T22:43:57.940+0000] {dag.py:3954} INFO - Setting next_dagrun for produce_json to 2026-03-02 14:00:00+00:00, run_after=2026-03-03 14:00:00+00:00
[2026-03-02T22:43:57.947+0000] {logging_mixin.py:188} INFO - [2026-03-02T22:43:57.946+0000] {dag.py:3954} INFO - Setting next_dagrun for update_db to 2026-03-02 15:00:00+00:00, run_after=2026-03-03 15:00:00+00:00
[2026-03-02T22:43:57.998+0000] {processor.py:183} INFO - Processing /opt/airflow/dags/main.py took 0.293 seconds
[2026-03-02T22:44:28.204+0000] {processor.py:161} INFO - Started process (PID=749) to work on /opt/airflow/dags/main.py
[2026-03-02T22:44:28.212+0000] {processor.py:830} INFO - Processing file /opt/airflow/dags/main.py for tasks to queue
[2026-03-02T22:44:28.218+0000] {logging_mixin.py:188} INFO - [2026-03-02T22:44:28.218+0000] {dagbag.py:545} INFO - Filling up the DagBag from /opt/airflow/dags/main.py
[2026-03-02T22:44:28.307+0000] {processor.py:840} INFO - DAG(s) 'update_db', 'produce_json', 'data_quality' retrieved from /opt/airflow/dags/main.py
[2026-03-02T22:44:28.385+0000] {logging_mixin.py:188} INFO - [2026-03-02T22:44:28.385+0000] {dag.py:3096} INFO - Sync 3 DAGs
[2026-03-02T22:44:28.424+0000] {logging_mixin.py:188} INFO - [2026-03-02T22:44:28.423+0000] {dag.py:3954} INFO - Setting next_dagrun for data_quality to 2026-03-02 16:00:00+00:00, run_after=2026-03-03 16:00:00+00:00
[2026-03-02T22:44:28.433+0000] {logging_mixin.py:188} INFO - [2026-03-02T22:44:28.432+0000] {dag.py:3954} INFO - Setting next_dagrun for produce_json to 2026-03-02 14:00:00+00:00, run_after=2026-03-03 14:00:00+00:00
[2026-03-02T22:44:28.438+0000] {logging_mixin.py:188} INFO - [2026-03-02T22:44:28.438+0000] {dag.py:3954} INFO - Setting next_dagrun for update_db to 2026-03-02 15:00:00+00:00, run_after=2026-03-03 15:00:00+00:00
[2026-03-02T22:44:28.470+0000] {processor.py:183} INFO - Processing /opt/airflow/dags/main.py took 0.304 seconds
[2026-03-02T22:44:58.534+0000] {processor.py:161} INFO - Started process (PID=756) to work on /opt/airflow/dags/main.py
[2026-03-02T22:44:58.536+0000] {processor.py:830} INFO - Processing file /opt/airflow/dags/main.py for tasks to queue
[2026-03-02T22:44:58.546+0000] {logging_mixin.py:188} INFO - [2026-03-02T22:44:58.545+0000] {dagbag.py:545} INFO - Filling up the DagBag from /opt/airflow/dags/main.py
[2026-03-02T22:44:58.635+0000] {processor.py:840} INFO - DAG(s) 'update_db', 'produce_json', 'data_quality' retrieved from /opt/airflow/dags/main.py
[2026-03-02T22:44:58.744+0000] {logging_mixin.py:188} INFO - [2026-03-02T22:44:58.742+0000] {dag.py:3096} INFO - Sync 3 DAGs
[2026-03-02T22:44:58.800+0000] {logging_mixin.py:188} INFO - [2026-03-02T22:44:58.800+0000] {dag.py:3954} INFO - Setting next_dagrun for data_quality to 2026-03-02 16:00:00+00:00, run_after=2026-03-03 16:00:00+00:00
[2026-03-02T22:44:58.813+0000] {logging_mixin.py:188} INFO - [2026-03-02T22:44:58.813+0000] {dag.py:3954} INFO - Setting next_dagrun for produce_json to 2026-03-02 14:00:00+00:00, run_after=2026-03-03 14:00:00+00:00
[2026-03-02T22:44:58.820+0000] {logging_mixin.py:188} INFO - [2026-03-02T22:44:58.820+0000] {dag.py:3954} INFO - Setting next_dagrun for update_db to 2026-03-02 15:00:00+00:00, run_after=2026-03-03 15:00:00+00:00
[2026-03-02T22:44:58.867+0000] {processor.py:183} INFO - Processing /opt/airflow/dags/main.py took 0.348 seconds
[2026-03-02T22:45:29.803+0000] {processor.py:161} INFO - Started process (PID=764) to work on /opt/airflow/dags/main.py
[2026-03-02T22:45:29.806+0000] {processor.py:830} INFO - Processing file /opt/airflow/dags/main.py for tasks to queue
[2026-03-02T22:45:29.810+0000] {logging_mixin.py:188} INFO - [2026-03-02T22:45:29.810+0000] {dagbag.py:545} INFO - Filling up the DagBag from /opt/airflow/dags/main.py
[2026-03-02T22:45:29.907+0000] {processor.py:840} INFO - DAG(s) 'update_db', 'data_quality', 'produce_json' retrieved from /opt/airflow/dags/main.py
[2026-03-02T22:45:29.982+0000] {logging_mixin.py:188} INFO - [2026-03-02T22:45:29.982+0000] {dag.py:3096} INFO - Sync 3 DAGs
[2026-03-02T22:45:30.033+0000] {logging_mixin.py:188} INFO - [2026-03-02T22:45:30.033+0000] {dag.py:3954} INFO - Setting next_dagrun for data_quality to 2026-03-02 16:00:00+00:00, run_after=2026-03-03 16:00:00+00:00
[2026-03-02T22:45:30.045+0000] {logging_mixin.py:188} INFO - [2026-03-02T22:45:30.045+0000] {dag.py:3954} INFO - Setting next_dagrun for produce_json to 2026-03-02 14:00:00+00:00, run_after=2026-03-03 14:00:00+00:00
[2026-03-02T22:45:30.056+0000] {logging_mixin.py:188} INFO - [2026-03-02T22:45:30.055+0000] {dag.py:3954} INFO - Setting next_dagrun for update_db to 2026-03-02 15:00:00+00:00, run_after=2026-03-03 15:00:00+00:00
[2026-03-02T22:45:30.092+0000] {processor.py:183} INFO - Processing /opt/airflow/dags/main.py took 0.302 seconds
[2026-03-02T22:46:01.114+0000] {processor.py:161} INFO - Started process (PID=771) to work on /opt/airflow/dags/main.py
[2026-03-02T22:46:01.117+0000] {processor.py:830} INFO - Processing file /opt/airflow/dags/main.py for tasks to queue
[2026-03-02T22:46:01.121+0000] {logging_mixin.py:188} INFO - [2026-03-02T22:46:01.120+0000] {dagbag.py:545} INFO - Filling up the DagBag from /opt/airflow/dags/main.py
[2026-03-02T22:46:01.190+0000] {processor.py:840} INFO - DAG(s) 'update_db', 'data_quality', 'produce_json' retrieved from /opt/airflow/dags/main.py
[2026-03-02T22:46:01.262+0000] {logging_mixin.py:188} INFO - [2026-03-02T22:46:01.262+0000] {dag.py:3096} INFO - Sync 3 DAGs
[2026-03-02T22:46:01.324+0000] {logging_mixin.py:188} INFO - [2026-03-02T22:46:01.324+0000] {dag.py:3954} INFO - Setting next_dagrun for data_quality to 2026-03-02 16:00:00+00:00, run_after=2026-03-03 16:00:00+00:00
[2026-03-02T22:46:01.334+0000] {logging_mixin.py:188} INFO - [2026-03-02T22:46:01.333+0000] {dag.py:3954} INFO - Setting next_dagrun for produce_json to 2026-03-02 14:00:00+00:00, run_after=2026-03-03 14:00:00+00:00
[2026-03-02T22:46:01.339+0000] {logging_mixin.py:188} INFO - [2026-03-02T22:46:01.339+0000] {dag.py:3954} INFO - Setting next_dagrun for update_db to 2026-03-02 15:00:00+00:00, run_after=2026-03-03 15:00:00+00:00
[2026-03-02T22:46:01.365+0000] {processor.py:183} INFO - Processing /opt/airflow/dags/main.py took 0.261 seconds
[2026-03-02T22:46:31.725+0000] {processor.py:161} INFO - Started process (PID=778) to work on /opt/airflow/dags/main.py
[2026-03-02T22:46:31.728+0000] {processor.py:830} INFO - Processing file /opt/airflow/dags/main.py for tasks to queue
[2026-03-02T22:46:31.733+0000] {logging_mixin.py:188} INFO - [2026-03-02T22:46:31.732+0000] {dagbag.py:545} INFO - Filling up the DagBag from /opt/airflow/dags/main.py
[2026-03-02T22:46:31.823+0000] {processor.py:840} INFO - DAG(s) 'data_quality', 'produce_json', 'update_db' retrieved from /opt/airflow/dags/main.py
[2026-03-02T22:46:31.895+0000] {logging_mixin.py:188} INFO - [2026-03-02T22:46:31.895+0000] {dag.py:3096} INFO - Sync 3 DAGs
[2026-03-02T22:46:31.943+0000] {logging_mixin.py:188} INFO - [2026-03-02T22:46:31.943+0000] {dag.py:3954} INFO - Setting next_dagrun for data_quality to 2026-03-02 16:00:00+00:00, run_after=2026-03-03 16:00:00+00:00
[2026-03-02T22:46:31.954+0000] {logging_mixin.py:188} INFO - [2026-03-02T22:46:31.954+0000] {dag.py:3954} INFO - Setting next_dagrun for produce_json to 2026-03-02 14:00:00+00:00, run_after=2026-03-03 14:00:00+00:00
[2026-03-02T22:46:31.962+0000] {logging_mixin.py:188} INFO - [2026-03-02T22:46:31.961+0000] {dag.py:3954} INFO - Setting next_dagrun for update_db to 2026-03-02 15:00:00+00:00, run_after=2026-03-03 15:00:00+00:00
[2026-03-02T22:46:32.001+0000] {processor.py:183} INFO - Processing /opt/airflow/dags/main.py took 0.290 seconds
[2026-03-02T22:47:02.726+0000] {processor.py:161} INFO - Started process (PID=785) to work on /opt/airflow/dags/main.py
[2026-03-02T22:47:02.728+0000] {processor.py:830} INFO - Processing file /opt/airflow/dags/main.py for tasks to queue
[2026-03-02T22:47:02.732+0000] {logging_mixin.py:188} INFO - [2026-03-02T22:47:02.731+0000] {dagbag.py:545} INFO - Filling up the DagBag from /opt/airflow/dags/main.py
[2026-03-02T22:47:02.835+0000] {processor.py:840} INFO - DAG(s) 'data_quality', 'update_db', 'produce_json' retrieved from /opt/airflow/dags/main.py
[2026-03-02T22:47:02.921+0000] {logging_mixin.py:188} INFO - [2026-03-02T22:47:02.920+0000] {dag.py:3096} INFO - Sync 3 DAGs
[2026-03-02T22:47:02.984+0000] {logging_mixin.py:188} INFO - [2026-03-02T22:47:02.983+0000] {dag.py:3954} INFO - Setting next_dagrun for data_quality to 2026-03-02 16:00:00+00:00, run_after=2026-03-03 16:00:00+00:00
[2026-03-02T22:47:02.997+0000] {logging_mixin.py:188} INFO - [2026-03-02T22:47:02.997+0000] {dag.py:3954} INFO - Setting next_dagrun for produce_json to 2026-03-02 14:00:00+00:00, run_after=2026-03-03 14:00:00+00:00
[2026-03-02T22:47:03.008+0000] {logging_mixin.py:188} INFO - [2026-03-02T22:47:03.008+0000] {dag.py:3954} INFO - Setting next_dagrun for update_db to 2026-03-02 15:00:00+00:00, run_after=2026-03-03 15:00:00+00:00
[2026-03-02T22:47:03.061+0000] {processor.py:183} INFO - Processing /opt/airflow/dags/main.py took 0.349 seconds
[2026-03-02T22:47:33.908+0000] {processor.py:161} INFO - Started process (PID=792) to work on /opt/airflow/dags/main.py
[2026-03-02T22:47:33.912+0000] {processor.py:830} INFO - Processing file /opt/airflow/dags/main.py for tasks to queue
[2026-03-02T22:47:33.915+0000] {logging_mixin.py:188} INFO - [2026-03-02T22:47:33.915+0000] {dagbag.py:545} INFO - Filling up the DagBag from /opt/airflow/dags/main.py
[2026-03-02T22:47:34.003+0000] {processor.py:840} INFO - DAG(s) 'update_db', 'produce_json', 'data_quality' retrieved from /opt/airflow/dags/main.py
[2026-03-02T22:47:34.118+0000] {logging_mixin.py:188} INFO - [2026-03-02T22:47:34.117+0000] {dag.py:3096} INFO - Sync 3 DAGs
[2026-03-02T22:47:34.158+0000] {logging_mixin.py:188} INFO - [2026-03-02T22:47:34.157+0000] {dag.py:3954} INFO - Setting next_dagrun for data_quality to 2026-03-02 16:00:00+00:00, run_after=2026-03-03 16:00:00+00:00
[2026-03-02T22:47:34.167+0000] {logging_mixin.py:188} INFO - [2026-03-02T22:47:34.166+0000] {dag.py:3954} INFO - Setting next_dagrun for produce_json to 2026-03-02 14:00:00+00:00, run_after=2026-03-03 14:00:00+00:00
[2026-03-02T22:47:34.173+0000] {logging_mixin.py:188} INFO - [2026-03-02T22:47:34.172+0000] {dag.py:3954} INFO - Setting next_dagrun for update_db to 2026-03-02 15:00:00+00:00, run_after=2026-03-03 15:00:00+00:00
[2026-03-02T22:47:34.212+0000] {processor.py:183} INFO - Processing /opt/airflow/dags/main.py took 0.581 seconds
[2026-03-02T22:48:04.991+0000] {processor.py:161} INFO - Started process (PID=799) to work on /opt/airflow/dags/main.py
[2026-03-02T22:48:05.029+0000] {processor.py:830} INFO - Processing file /opt/airflow/dags/main.py for tasks to queue
[2026-03-02T22:48:05.041+0000] {logging_mixin.py:188} INFO - [2026-03-02T22:48:05.040+0000] {dagbag.py:545} INFO - Filling up the DagBag from /opt/airflow/dags/main.py
[2026-03-02T22:48:05.188+0000] {processor.py:840} INFO - DAG(s) 'produce_json', 'update_db', 'data_quality' retrieved from /opt/airflow/dags/main.py
[2026-03-02T22:48:05.337+0000] {logging_mixin.py:188} INFO - [2026-03-02T22:48:05.336+0000] {dag.py:3096} INFO - Sync 3 DAGs
[2026-03-02T22:48:05.425+0000] {logging_mixin.py:188} INFO - [2026-03-02T22:48:05.425+0000] {dag.py:3954} INFO - Setting next_dagrun for data_quality to 2026-03-02 16:00:00+00:00, run_after=2026-03-03 16:00:00+00:00
[2026-03-02T22:48:05.459+0000] {logging_mixin.py:188} INFO - [2026-03-02T22:48:05.458+0000] {dag.py:3954} INFO - Setting next_dagrun for produce_json to 2026-03-02 14:00:00+00:00, run_after=2026-03-03 14:00:00+00:00
[2026-03-02T22:48:05.464+0000] {logging_mixin.py:188} INFO - [2026-03-02T22:48:05.464+0000] {dag.py:3954} INFO - Setting next_dagrun for update_db to 2026-03-02 15:00:00+00:00, run_after=2026-03-03 15:00:00+00:00
[2026-03-02T22:48:05.509+0000] {processor.py:183} INFO - Processing /opt/airflow/dags/main.py took 0.538 seconds
[2026-03-02T22:48:36.547+0000] {processor.py:161} INFO - Started process (PID=807) to work on /opt/airflow/dags/main.py
[2026-03-02T22:48:36.551+0000] {processor.py:830} INFO - Processing file /opt/airflow/dags/main.py for tasks to queue
[2026-03-02T22:48:36.555+0000] {logging_mixin.py:188} INFO - [2026-03-02T22:48:36.554+0000] {dagbag.py:545} INFO - Filling up the DagBag from /opt/airflow/dags/main.py
[2026-03-02T22:48:36.631+0000] {processor.py:840} INFO - DAG(s) 'produce_json', 'update_db', 'data_quality' retrieved from /opt/airflow/dags/main.py
[2026-03-02T22:48:36.721+0000] {logging_mixin.py:188} INFO - [2026-03-02T22:48:36.720+0000] {dag.py:3096} INFO - Sync 3 DAGs
[2026-03-02T22:48:36.772+0000] {logging_mixin.py:188} INFO - [2026-03-02T22:48:36.772+0000] {dag.py:3954} INFO - Setting next_dagrun for data_quality to 2026-03-02 16:00:00+00:00, run_after=2026-03-03 16:00:00+00:00
[2026-03-02T22:48:36.785+0000] {logging_mixin.py:188} INFO - [2026-03-02T22:48:36.784+0000] {dag.py:3954} INFO - Setting next_dagrun for produce_json to 2026-03-02 14:00:00+00:00, run_after=2026-03-03 14:00:00+00:00
[2026-03-02T22:48:36.793+0000] {logging_mixin.py:188} INFO - [2026-03-02T22:48:36.793+0000] {dag.py:3954} INFO - Setting next_dagrun for update_db to 2026-03-02 15:00:00+00:00, run_after=2026-03-03 15:00:00+00:00
[2026-03-02T22:48:36.836+0000] {processor.py:183} INFO - Processing /opt/airflow/dags/main.py took 0.300 seconds
[2026-03-02T22:49:06.911+0000] {processor.py:161} INFO - Started process (PID=814) to work on /opt/airflow/dags/main.py
[2026-03-02T22:49:06.915+0000] {processor.py:830} INFO - Processing file /opt/airflow/dags/main.py for tasks to queue
[2026-03-02T22:49:06.924+0000] {logging_mixin.py:188} INFO - [2026-03-02T22:49:06.924+0000] {dagbag.py:545} INFO - Filling up the DagBag from /opt/airflow/dags/main.py
[2026-03-02T22:49:07.094+0000] {processor.py:840} INFO - DAG(s) 'data_quality', 'produce_json', 'update_db' retrieved from /opt/airflow/dags/main.py
[2026-03-02T22:49:07.188+0000] {logging_mixin.py:188} INFO - [2026-03-02T22:49:07.188+0000] {dag.py:3096} INFO - Sync 3 DAGs
[2026-03-02T22:49:07.258+0000] {logging_mixin.py:188} INFO - [2026-03-02T22:49:07.258+0000] {dag.py:3954} INFO - Setting next_dagrun for data_quality to 2026-03-02 16:00:00+00:00, run_after=2026-03-03 16:00:00+00:00
[2026-03-02T22:49:07.283+0000] {logging_mixin.py:188} INFO - [2026-03-02T22:49:07.283+0000] {dag.py:3954} INFO - Setting next_dagrun for produce_json to 2026-03-02 14:00:00+00:00, run_after=2026-03-03 14:00:00+00:00
[2026-03-02T22:49:07.293+0000] {logging_mixin.py:188} INFO - [2026-03-02T22:49:07.292+0000] {dag.py:3954} INFO - Setting next_dagrun for update_db to 2026-03-02 15:00:00+00:00, run_after=2026-03-03 15:00:00+00:00
[2026-03-02T22:49:07.344+0000] {processor.py:183} INFO - Processing /opt/airflow/dags/main.py took 0.446 seconds
[2026-03-02T22:49:38.320+0000] {processor.py:161} INFO - Started process (PID=824) to work on /opt/airflow/dags/main.py
[2026-03-02T22:49:38.322+0000] {processor.py:830} INFO - Processing file /opt/airflow/dags/main.py for tasks to queue
[2026-03-02T22:49:38.327+0000] {logging_mixin.py:188} INFO - [2026-03-02T22:49:38.326+0000] {dagbag.py:545} INFO - Filling up the DagBag from /opt/airflow/dags/main.py
[2026-03-02T22:49:38.441+0000] {processor.py:840} INFO - DAG(s) 'update_db', 'produce_json', 'data_quality' retrieved from /opt/airflow/dags/main.py
[2026-03-02T22:49:38.515+0000] {logging_mixin.py:188} INFO - [2026-03-02T22:49:38.515+0000] {dag.py:3096} INFO - Sync 3 DAGs
[2026-03-02T22:49:38.753+0000] {logging_mixin.py:188} INFO - [2026-03-02T22:49:38.752+0000] {dag.py:3954} INFO - Setting next_dagrun for data_quality to 2026-03-02 16:00:00+00:00, run_after=2026-03-03 16:00:00+00:00
[2026-03-02T22:49:38.790+0000] {logging_mixin.py:188} INFO - [2026-03-02T22:49:38.789+0000] {dag.py:3954} INFO - Setting next_dagrun for produce_json to 2026-03-02 14:00:00+00:00, run_after=2026-03-03 14:00:00+00:00
[2026-03-02T22:49:38.796+0000] {logging_mixin.py:188} INFO - [2026-03-02T22:49:38.796+0000] {dag.py:3954} INFO - Setting next_dagrun for update_db to 2026-03-02 15:00:00+00:00, run_after=2026-03-03 15:00:00+00:00
[2026-03-02T22:49:38.839+0000] {processor.py:183} INFO - Processing /opt/airflow/dags/main.py took 0.536 seconds
[2026-03-02T22:50:09.444+0000] {processor.py:161} INFO - Started process (PID=834) to work on /opt/airflow/dags/main.py
[2026-03-02T22:50:09.448+0000] {processor.py:830} INFO - Processing file /opt/airflow/dags/main.py for tasks to queue
[2026-03-02T22:50:09.451+0000] {logging_mixin.py:188} INFO - [2026-03-02T22:50:09.451+0000] {dagbag.py:545} INFO - Filling up the DagBag from /opt/airflow/dags/main.py
[2026-03-02T22:50:09.529+0000] {processor.py:840} INFO - DAG(s) 'data_quality', 'update_db', 'produce_json' retrieved from /opt/airflow/dags/main.py
[2026-03-02T22:50:09.631+0000] {logging_mixin.py:188} INFO - [2026-03-02T22:50:09.631+0000] {dag.py:3096} INFO - Sync 3 DAGs
[2026-03-02T22:50:09.675+0000] {logging_mixin.py:188} INFO - [2026-03-02T22:50:09.674+0000] {dag.py:3954} INFO - Setting next_dagrun for data_quality to 2026-03-02 16:00:00+00:00, run_after=2026-03-03 16:00:00+00:00
[2026-03-02T22:50:09.687+0000] {logging_mixin.py:188} INFO - [2026-03-02T22:50:09.686+0000] {dag.py:3954} INFO - Setting next_dagrun for produce_json to 2026-03-02 14:00:00+00:00, run_after=2026-03-03 14:00:00+00:00
[2026-03-02T22:50:09.693+0000] {logging_mixin.py:188} INFO - [2026-03-02T22:50:09.693+0000] {dag.py:3954} INFO - Setting next_dagrun for update_db to 2026-03-02 15:00:00+00:00, run_after=2026-03-03 15:00:00+00:00
[2026-03-02T22:50:09.737+0000] {processor.py:183} INFO - Processing /opt/airflow/dags/main.py took 0.303 seconds
[2026-03-02T22:50:40.139+0000] {processor.py:161} INFO - Started process (PID=843) to work on /opt/airflow/dags/main.py
[2026-03-02T22:50:40.166+0000] {processor.py:830} INFO - Processing file /opt/airflow/dags/main.py for tasks to queue
[2026-03-02T22:50:40.170+0000] {logging_mixin.py:188} INFO - [2026-03-02T22:50:40.169+0000] {dagbag.py:545} INFO - Filling up the DagBag from /opt/airflow/dags/main.py
[2026-03-02T22:50:40.260+0000] {processor.py:840} INFO - DAG(s) 'data_quality', 'produce_json', 'update_db' retrieved from /opt/airflow/dags/main.py
[2026-03-02T22:50:40.375+0000] {logging_mixin.py:188} INFO - [2026-03-02T22:50:40.375+0000] {dag.py:3096} INFO - Sync 3 DAGs
[2026-03-02T22:50:40.473+0000] {logging_mixin.py:188} INFO - [2026-03-02T22:50:40.472+0000] {dag.py:3954} INFO - Setting next_dagrun for data_quality to 2026-03-02 16:00:00+00:00, run_after=2026-03-03 16:00:00+00:00
[2026-03-02T22:50:40.489+0000] {logging_mixin.py:188} INFO - [2026-03-02T22:50:40.489+0000] {dag.py:3954} INFO - Setting next_dagrun for produce_json to 2026-03-02 14:00:00+00:00, run_after=2026-03-03 14:00:00+00:00
[2026-03-02T22:50:40.507+0000] {logging_mixin.py:188} INFO - [2026-03-02T22:50:40.507+0000] {dag.py:3954} INFO - Setting next_dagrun for update_db to 2026-03-02 15:00:00+00:00, run_after=2026-03-03 15:00:00+00:00
[2026-03-02T22:50:40.576+0000] {processor.py:183} INFO - Processing /opt/airflow/dags/main.py took 0.460 seconds
[2026-03-02T22:51:10.873+0000] {processor.py:161} INFO - Started process (PID=850) to work on /opt/airflow/dags/main.py
[2026-03-02T22:51:10.875+0000] {processor.py:830} INFO - Processing file /opt/airflow/dags/main.py for tasks to queue
[2026-03-02T22:51:10.879+0000] {logging_mixin.py:188} INFO - [2026-03-02T22:51:10.878+0000] {dagbag.py:545} INFO - Filling up the DagBag from /opt/airflow/dags/main.py
[2026-03-02T22:51:10.947+0000] {processor.py:840} INFO - DAG(s) 'data_quality', 'update_db', 'produce_json' retrieved from /opt/airflow/dags/main.py
[2026-03-02T22:51:11.019+0000] {logging_mixin.py:188} INFO - [2026-03-02T22:51:11.018+0000] {dag.py:3096} INFO - Sync 3 DAGs
[2026-03-02T22:51:11.053+0000] {logging_mixin.py:188} INFO - [2026-03-02T22:51:11.053+0000] {dag.py:3954} INFO - Setting next_dagrun for data_quality to 2026-03-02 16:00:00+00:00, run_after=2026-03-03 16:00:00+00:00
[2026-03-02T22:51:11.062+0000] {logging_mixin.py:188} INFO - [2026-03-02T22:51:11.062+0000] {dag.py:3954} INFO - Setting next_dagrun for produce_json to 2026-03-02 14:00:00+00:00, run_after=2026-03-03 14:00:00+00:00
[2026-03-02T22:51:11.070+0000] {logging_mixin.py:188} INFO - [2026-03-02T22:51:11.069+0000] {dag.py:3954} INFO - Setting next_dagrun for update_db to 2026-03-02 15:00:00+00:00, run_after=2026-03-03 15:00:00+00:00
[2026-03-02T22:51:11.095+0000] {processor.py:183} INFO - Processing /opt/airflow/dags/main.py took 0.233 seconds
[2026-03-02T22:51:41.766+0000] {processor.py:161} INFO - Started process (PID=858) to work on /opt/airflow/dags/main.py
[2026-03-02T22:51:41.769+0000] {processor.py:830} INFO - Processing file /opt/airflow/dags/main.py for tasks to queue
[2026-03-02T22:51:41.773+0000] {logging_mixin.py:188} INFO - [2026-03-02T22:51:41.772+0000] {dagbag.py:545} INFO - Filling up the DagBag from /opt/airflow/dags/main.py
[2026-03-02T22:51:41.868+0000] {processor.py:840} INFO - DAG(s) 'produce_json', 'update_db', 'data_quality' retrieved from /opt/airflow/dags/main.py
[2026-03-02T22:51:41.976+0000] {logging_mixin.py:188} INFO - [2026-03-02T22:51:41.975+0000] {dag.py:3096} INFO - Sync 3 DAGs
[2026-03-02T22:51:42.037+0000] {logging_mixin.py:188} INFO - [2026-03-02T22:51:42.036+0000] {dag.py:3954} INFO - Setting next_dagrun for data_quality to 2026-03-02 16:00:00+00:00, run_after=2026-03-03 16:00:00+00:00
[2026-03-02T22:51:42.048+0000] {logging_mixin.py:188} INFO - [2026-03-02T22:51:42.048+0000] {dag.py:3954} INFO - Setting next_dagrun for produce_json to 2026-03-02 14:00:00+00:00, run_after=2026-03-03 14:00:00+00:00
[2026-03-02T22:51:42.057+0000] {logging_mixin.py:188} INFO - [2026-03-02T22:51:42.056+0000] {dag.py:3954} INFO - Setting next_dagrun for update_db to 2026-03-02 15:00:00+00:00, run_after=2026-03-03 15:00:00+00:00
[2026-03-02T22:51:42.103+0000] {processor.py:183} INFO - Processing /opt/airflow/dags/main.py took 0.347 seconds
[2026-03-02T22:52:12.932+0000] {processor.py:161} INFO - Started process (PID=865) to work on /opt/airflow/dags/main.py
[2026-03-02T22:52:12.936+0000] {processor.py:830} INFO - Processing file /opt/airflow/dags/main.py for tasks to queue
[2026-03-02T22:52:12.941+0000] {logging_mixin.py:188} INFO - [2026-03-02T22:52:12.940+0000] {dagbag.py:545} INFO - Filling up the DagBag from /opt/airflow/dags/main.py
[2026-03-02T22:52:13.096+0000] {processor.py:840} INFO - DAG(s) 'update_db', 'data_quality', 'produce_json' retrieved from /opt/airflow/dags/main.py
[2026-03-02T22:52:13.238+0000] {logging_mixin.py:188} INFO - [2026-03-02T22:52:13.234+0000] {dag.py:3096} INFO - Sync 3 DAGs
[2026-03-02T22:52:13.283+0000] {logging_mixin.py:188} INFO - [2026-03-02T22:52:13.282+0000] {dag.py:3954} INFO - Setting next_dagrun for data_quality to 2026-03-02 16:00:00+00:00, run_after=2026-03-03 16:00:00+00:00
[2026-03-02T22:52:13.292+0000] {logging_mixin.py:188} INFO - [2026-03-02T22:52:13.292+0000] {dag.py:3954} INFO - Setting next_dagrun for produce_json to 2026-03-02 14:00:00+00:00, run_after=2026-03-03 14:00:00+00:00
[2026-03-02T22:52:13.299+0000] {logging_mixin.py:188} INFO - [2026-03-02T22:52:13.298+0000] {dag.py:3954} INFO - Setting next_dagrun for update_db to 2026-03-02 15:00:00+00:00, run_after=2026-03-03 15:00:00+00:00
[2026-03-02T22:52:13.363+0000] {processor.py:183} INFO - Processing /opt/airflow/dags/main.py took 0.464 seconds
[2026-03-02T22:52:44.424+0000] {processor.py:161} INFO - Started process (PID=872) to work on /opt/airflow/dags/main.py
[2026-03-02T22:52:44.428+0000] {processor.py:830} INFO - Processing file /opt/airflow/dags/main.py for tasks to queue
[2026-03-02T22:52:44.435+0000] {logging_mixin.py:188} INFO - [2026-03-02T22:52:44.435+0000] {dagbag.py:545} INFO - Filling up the DagBag from /opt/airflow/dags/main.py
[2026-03-02T22:52:44.529+0000] {processor.py:840} INFO - DAG(s) 'produce_json', 'data_quality', 'update_db' retrieved from /opt/airflow/dags/main.py
[2026-03-02T22:52:44.617+0000] {logging_mixin.py:188} INFO - [2026-03-02T22:52:44.617+0000] {dag.py:3096} INFO - Sync 3 DAGs
[2026-03-02T22:52:44.668+0000] {logging_mixin.py:188} INFO - [2026-03-02T22:52:44.668+0000] {dag.py:3954} INFO - Setting next_dagrun for data_quality to 2026-03-02 16:00:00+00:00, run_after=2026-03-03 16:00:00+00:00
[2026-03-02T22:52:44.681+0000] {logging_mixin.py:188} INFO - [2026-03-02T22:52:44.680+0000] {dag.py:3954} INFO - Setting next_dagrun for produce_json to 2026-03-02 14:00:00+00:00, run_after=2026-03-03 14:00:00+00:00
[2026-03-02T22:52:44.689+0000] {logging_mixin.py:188} INFO - [2026-03-02T22:52:44.688+0000] {dag.py:3954} INFO - Setting next_dagrun for update_db to 2026-03-02 15:00:00+00:00, run_after=2026-03-03 15:00:00+00:00
[2026-03-02T22:52:44.723+0000] {processor.py:183} INFO - Processing /opt/airflow/dags/main.py took 0.321 seconds
[2026-03-02T22:53:15.166+0000] {processor.py:161} INFO - Started process (PID=880) to work on /opt/airflow/dags/main.py
[2026-03-02T22:53:15.170+0000] {processor.py:830} INFO - Processing file /opt/airflow/dags/main.py for tasks to queue
[2026-03-02T22:53:15.178+0000] {logging_mixin.py:188} INFO - [2026-03-02T22:53:15.177+0000] {dagbag.py:545} INFO - Filling up the DagBag from /opt/airflow/dags/main.py
[2026-03-02T22:53:15.402+0000] {processor.py:840} INFO - DAG(s) 'update_db', 'produce_json', 'data_quality' retrieved from /opt/airflow/dags/main.py
[2026-03-02T22:53:15.514+0000] {logging_mixin.py:188} INFO - [2026-03-02T22:53:15.514+0000] {dag.py:3096} INFO - Sync 3 DAGs
[2026-03-02T22:53:15.616+0000] {logging_mixin.py:188} INFO - [2026-03-02T22:53:15.616+0000] {dag.py:3954} INFO - Setting next_dagrun for data_quality to 2026-03-02 16:00:00+00:00, run_after=2026-03-03 16:00:00+00:00
[2026-03-02T22:53:15.637+0000] {logging_mixin.py:188} INFO - [2026-03-02T22:53:15.637+0000] {dag.py:3954} INFO - Setting next_dagrun for produce_json to 2026-03-02 14:00:00+00:00, run_after=2026-03-03 14:00:00+00:00
[2026-03-02T22:53:15.652+0000] {logging_mixin.py:188} INFO - [2026-03-02T22:53:15.652+0000] {dag.py:3954} INFO - Setting next_dagrun for update_db to 2026-03-02 15:00:00+00:00, run_after=2026-03-03 15:00:00+00:00
[2026-03-02T22:53:15.746+0000] {processor.py:183} INFO - Processing /opt/airflow/dags/main.py took 0.630 seconds
[2026-03-02T22:53:46.150+0000] {processor.py:161} INFO - Started process (PID=887) to work on /opt/airflow/dags/main.py
[2026-03-02T22:53:46.154+0000] {processor.py:830} INFO - Processing file /opt/airflow/dags/main.py for tasks to queue
[2026-03-02T22:53:46.157+0000] {logging_mixin.py:188} INFO - [2026-03-02T22:53:46.157+0000] {dagbag.py:545} INFO - Filling up the DagBag from /opt/airflow/dags/main.py
[2026-03-02T22:53:46.219+0000] {processor.py:840} INFO - DAG(s) 'data_quality', 'produce_json', 'update_db' retrieved from /opt/airflow/dags/main.py
[2026-03-02T22:53:46.274+0000] {logging_mixin.py:188} INFO - [2026-03-02T22:53:46.274+0000] {dag.py:3096} INFO - Sync 3 DAGs
[2026-03-02T22:53:46.308+0000] {logging_mixin.py:188} INFO - [2026-03-02T22:53:46.308+0000] {dag.py:3954} INFO - Setting next_dagrun for data_quality to 2026-03-02 16:00:00+00:00, run_after=2026-03-03 16:00:00+00:00
[2026-03-02T22:53:46.316+0000] {logging_mixin.py:188} INFO - [2026-03-02T22:53:46.316+0000] {dag.py:3954} INFO - Setting next_dagrun for produce_json to 2026-03-02 14:00:00+00:00, run_after=2026-03-03 14:00:00+00:00
[2026-03-02T22:53:46.323+0000] {logging_mixin.py:188} INFO - [2026-03-02T22:53:46.322+0000] {dag.py:3954} INFO - Setting next_dagrun for update_db to 2026-03-02 15:00:00+00:00, run_after=2026-03-03 15:00:00+00:00
[2026-03-02T22:53:46.354+0000] {processor.py:183} INFO - Processing /opt/airflow/dags/main.py took 0.214 seconds
[2026-03-02T22:54:17.411+0000] {processor.py:161} INFO - Started process (PID=894) to work on /opt/airflow/dags/main.py
[2026-03-02T22:54:17.416+0000] {processor.py:830} INFO - Processing file /opt/airflow/dags/main.py for tasks to queue
[2026-03-02T22:54:17.420+0000] {logging_mixin.py:188} INFO - [2026-03-02T22:54:17.420+0000] {dagbag.py:545} INFO - Filling up the DagBag from /opt/airflow/dags/main.py
[2026-03-02T22:54:17.485+0000] {processor.py:840} INFO - DAG(s) 'produce_json', 'update_db', 'data_quality' retrieved from /opt/airflow/dags/main.py
[2026-03-02T22:54:17.563+0000] {logging_mixin.py:188} INFO - [2026-03-02T22:54:17.563+0000] {dag.py:3096} INFO - Sync 3 DAGs
[2026-03-02T22:54:17.611+0000] {logging_mixin.py:188} INFO - [2026-03-02T22:54:17.611+0000] {dag.py:3954} INFO - Setting next_dagrun for data_quality to 2026-03-02 16:00:00+00:00, run_after=2026-03-03 16:00:00+00:00
[2026-03-02T22:54:17.620+0000] {logging_mixin.py:188} INFO - [2026-03-02T22:54:17.620+0000] {dag.py:3954} INFO - Setting next_dagrun for produce_json to 2026-03-02 14:00:00+00:00, run_after=2026-03-03 14:00:00+00:00
[2026-03-02T22:54:17.625+0000] {logging_mixin.py:188} INFO - [2026-03-02T22:54:17.625+0000] {dag.py:3954} INFO - Setting next_dagrun for update_db to 2026-03-02 15:00:00+00:00, run_after=2026-03-03 15:00:00+00:00
[2026-03-02T22:54:17.653+0000] {processor.py:183} INFO - Processing /opt/airflow/dags/main.py took 0.261 seconds
[2026-03-02T22:54:47.734+0000] {processor.py:161} INFO - Started process (PID=902) to work on /opt/airflow/dags/main.py
[2026-03-02T22:54:47.744+0000] {processor.py:830} INFO - Processing file /opt/airflow/dags/main.py for tasks to queue
[2026-03-02T22:54:47.757+0000] {logging_mixin.py:188} INFO - [2026-03-02T22:54:47.756+0000] {dagbag.py:545} INFO - Filling up the DagBag from /opt/airflow/dags/main.py
[2026-03-02T22:54:47.958+0000] {processor.py:840} INFO - DAG(s) 'produce_json', 'update_db', 'data_quality' retrieved from /opt/airflow/dags/main.py
[2026-03-02T22:54:48.198+0000] {logging_mixin.py:188} INFO - [2026-03-02T22:54:48.197+0000] {dag.py:3096} INFO - Sync 3 DAGs
[2026-03-02T22:54:48.410+0000] {logging_mixin.py:188} INFO - [2026-03-02T22:54:48.409+0000] {dag.py:3954} INFO - Setting next_dagrun for data_quality to 2026-03-02 16:00:00+00:00, run_after=2026-03-03 16:00:00+00:00
[2026-03-02T22:54:48.528+0000] {logging_mixin.py:188} INFO - [2026-03-02T22:54:48.472+0000] {dag.py:3954} INFO - Setting next_dagrun for produce_json to 2026-03-02 14:00:00+00:00, run_after=2026-03-03 14:00:00+00:00
[2026-03-02T22:54:48.644+0000] {logging_mixin.py:188} INFO - [2026-03-02T22:54:48.644+0000] {dag.py:3954} INFO - Setting next_dagrun for update_db to 2026-03-02 15:00:00+00:00, run_after=2026-03-03 15:00:00+00:00
[2026-03-02T22:54:48.701+0000] {processor.py:183} INFO - Processing /opt/airflow/dags/main.py took 0.982 seconds
[2026-03-02T22:55:19.127+0000] {processor.py:161} INFO - Started process (PID=916) to work on /opt/airflow/dags/main.py
[2026-03-02T22:55:19.130+0000] {processor.py:830} INFO - Processing file /opt/airflow/dags/main.py for tasks to queue
[2026-03-02T22:55:19.134+0000] {logging_mixin.py:188} INFO - [2026-03-02T22:55:19.133+0000] {dagbag.py:545} INFO - Filling up the DagBag from /opt/airflow/dags/main.py
[2026-03-02T22:55:19.210+0000] {processor.py:840} INFO - DAG(s) 'update_db', 'produce_json', 'data_quality' retrieved from /opt/airflow/dags/main.py
[2026-03-02T22:55:19.288+0000] {logging_mixin.py:188} INFO - [2026-03-02T22:55:19.287+0000] {dag.py:3096} INFO - Sync 3 DAGs
[2026-03-02T22:55:19.333+0000] {logging_mixin.py:188} INFO - [2026-03-02T22:55:19.333+0000] {dag.py:3954} INFO - Setting next_dagrun for data_quality to 2026-03-02 16:00:00+00:00, run_after=2026-03-03 16:00:00+00:00
[2026-03-02T22:55:19.344+0000] {logging_mixin.py:188} INFO - [2026-03-02T22:55:19.344+0000] {dag.py:3954} INFO - Setting next_dagrun for produce_json to 2026-03-02 14:00:00+00:00, run_after=2026-03-03 14:00:00+00:00
[2026-03-02T22:55:19.355+0000] {logging_mixin.py:188} INFO - [2026-03-02T22:55:19.354+0000] {dag.py:3954} INFO - Setting next_dagrun for update_db to 2026-03-02 15:00:00+00:00, run_after=2026-03-03 15:00:00+00:00
[2026-03-02T22:55:19.400+0000] {processor.py:183} INFO - Processing /opt/airflow/dags/main.py took 0.285 seconds
[2026-03-02T22:55:49.859+0000] {processor.py:161} INFO - Started process (PID=923) to work on /opt/airflow/dags/main.py
[2026-03-02T22:55:49.862+0000] {processor.py:830} INFO - Processing file /opt/airflow/dags/main.py for tasks to queue
[2026-03-02T22:55:49.868+0000] {logging_mixin.py:188} INFO - [2026-03-02T22:55:49.867+0000] {dagbag.py:545} INFO - Filling up the DagBag from /opt/airflow/dags/main.py
[2026-03-02T22:55:49.947+0000] {processor.py:840} INFO - DAG(s) 'data_quality', 'produce_json', 'update_db' retrieved from /opt/airflow/dags/main.py
[2026-03-02T22:55:50.088+0000] {logging_mixin.py:188} INFO - [2026-03-02T22:55:50.087+0000] {dag.py:3096} INFO - Sync 3 DAGs
[2026-03-02T22:55:50.257+0000] {logging_mixin.py:188} INFO - [2026-03-02T22:55:50.256+0000] {dag.py:3954} INFO - Setting next_dagrun for data_quality to 2026-03-02 16:00:00+00:00, run_after=2026-03-03 16:00:00+00:00
[2026-03-02T22:55:50.294+0000] {logging_mixin.py:188} INFO - [2026-03-02T22:55:50.293+0000] {dag.py:3954} INFO - Setting next_dagrun for produce_json to 2026-03-02 14:00:00+00:00, run_after=2026-03-03 14:00:00+00:00
[2026-03-02T22:55:50.309+0000] {logging_mixin.py:188} INFO - [2026-03-02T22:55:50.308+0000] {dag.py:3954} INFO - Setting next_dagrun for update_db to 2026-03-02 15:00:00+00:00, run_after=2026-03-03 15:00:00+00:00
[2026-03-02T22:55:50.379+0000] {processor.py:183} INFO - Processing /opt/airflow/dags/main.py took 0.534 seconds
[2026-03-02T22:56:21.403+0000] {processor.py:161} INFO - Started process (PID=930) to work on /opt/airflow/dags/main.py
[2026-03-02T22:56:21.407+0000] {processor.py:830} INFO - Processing file /opt/airflow/dags/main.py for tasks to queue
[2026-03-02T22:56:21.411+0000] {logging_mixin.py:188} INFO - [2026-03-02T22:56:21.411+0000] {dagbag.py:545} INFO - Filling up the DagBag from /opt/airflow/dags/main.py
[2026-03-02T22:56:21.503+0000] {processor.py:840} INFO - DAG(s) 'produce_json', 'update_db', 'data_quality' retrieved from /opt/airflow/dags/main.py
[2026-03-02T22:56:21.566+0000] {logging_mixin.py:188} INFO - [2026-03-02T22:56:21.566+0000] {dag.py:3096} INFO - Sync 3 DAGs
[2026-03-02T22:56:21.610+0000] {logging_mixin.py:188} INFO - [2026-03-02T22:56:21.609+0000] {dag.py:3954} INFO - Setting next_dagrun for data_quality to 2026-03-02 16:00:00+00:00, run_after=2026-03-03 16:00:00+00:00
[2026-03-02T22:56:21.619+0000] {logging_mixin.py:188} INFO - [2026-03-02T22:56:21.618+0000] {dag.py:3954} INFO - Setting next_dagrun for produce_json to 2026-03-02 14:00:00+00:00, run_after=2026-03-03 14:00:00+00:00
[2026-03-02T22:56:21.625+0000] {logging_mixin.py:188} INFO - [2026-03-02T22:56:21.624+0000] {dag.py:3954} INFO - Setting next_dagrun for update_db to 2026-03-02 15:00:00+00:00, run_after=2026-03-03 15:00:00+00:00
[2026-03-02T22:56:21.668+0000] {processor.py:183} INFO - Processing /opt/airflow/dags/main.py took 0.281 seconds
[2026-03-02T22:56:52.213+0000] {processor.py:161} INFO - Started process (PID=937) to work on /opt/airflow/dags/main.py
[2026-03-02T22:56:52.217+0000] {processor.py:830} INFO - Processing file /opt/airflow/dags/main.py for tasks to queue
[2026-03-02T22:56:52.221+0000] {logging_mixin.py:188} INFO - [2026-03-02T22:56:52.220+0000] {dagbag.py:545} INFO - Filling up the DagBag from /opt/airflow/dags/main.py
[2026-03-02T22:56:52.302+0000] {processor.py:840} INFO - DAG(s) 'produce_json', 'update_db', 'data_quality' retrieved from /opt/airflow/dags/main.py
[2026-03-02T22:56:52.396+0000] {logging_mixin.py:188} INFO - [2026-03-02T22:56:52.395+0000] {dag.py:3096} INFO - Sync 3 DAGs
[2026-03-02T22:56:52.436+0000] {logging_mixin.py:188} INFO - [2026-03-02T22:56:52.436+0000] {dag.py:3954} INFO - Setting next_dagrun for data_quality to 2026-03-02 16:00:00+00:00, run_after=2026-03-03 16:00:00+00:00
[2026-03-02T22:56:52.444+0000] {logging_mixin.py:188} INFO - [2026-03-02T22:56:52.444+0000] {dag.py:3954} INFO - Setting next_dagrun for produce_json to 2026-03-02 14:00:00+00:00, run_after=2026-03-03 14:00:00+00:00
[2026-03-02T22:56:52.452+0000] {logging_mixin.py:188} INFO - [2026-03-02T22:56:52.451+0000] {dag.py:3954} INFO - Setting next_dagrun for update_db to 2026-03-02 15:00:00+00:00, run_after=2026-03-03 15:00:00+00:00
[2026-03-02T22:56:52.478+0000] {processor.py:183} INFO - Processing /opt/airflow/dags/main.py took 0.276 seconds
[2026-03-02T22:57:22.852+0000] {processor.py:161} INFO - Started process (PID=944) to work on /opt/airflow/dags/main.py
[2026-03-02T22:57:22.854+0000] {processor.py:830} INFO - Processing file /opt/airflow/dags/main.py for tasks to queue
[2026-03-02T22:57:22.857+0000] {logging_mixin.py:188} INFO - [2026-03-02T22:57:22.856+0000] {dagbag.py:545} INFO - Filling up the DagBag from /opt/airflow/dags/main.py
[2026-03-02T22:57:22.942+0000] {processor.py:840} INFO - DAG(s) 'data_quality', 'produce_json', 'update_db' retrieved from /opt/airflow/dags/main.py
[2026-03-02T22:57:23.018+0000] {logging_mixin.py:188} INFO - [2026-03-02T22:57:23.018+0000] {dag.py:3096} INFO - Sync 3 DAGs
[2026-03-02T22:57:23.067+0000] {logging_mixin.py:188} INFO - [2026-03-02T22:57:23.067+0000] {dag.py:3954} INFO - Setting next_dagrun for data_quality to 2026-03-02 16:00:00+00:00, run_after=2026-03-03 16:00:00+00:00
[2026-03-02T22:57:23.089+0000] {logging_mixin.py:188} INFO - [2026-03-02T22:57:23.089+0000] {dag.py:3954} INFO - Setting next_dagrun for produce_json to 2026-03-02 14:00:00+00:00, run_after=2026-03-03 14:00:00+00:00
[2026-03-02T22:57:23.096+0000] {logging_mixin.py:188} INFO - [2026-03-02T22:57:23.096+0000] {dag.py:3954} INFO - Setting next_dagrun for update_db to 2026-03-02 15:00:00+00:00, run_after=2026-03-03 15:00:00+00:00
[2026-03-02T22:57:23.138+0000] {processor.py:183} INFO - Processing /opt/airflow/dags/main.py took 0.300 seconds
[2026-03-02T22:57:54.121+0000] {processor.py:161} INFO - Started process (PID=951) to work on /opt/airflow/dags/main.py
[2026-03-02T22:57:54.124+0000] {processor.py:830} INFO - Processing file /opt/airflow/dags/main.py for tasks to queue
[2026-03-02T22:57:54.128+0000] {logging_mixin.py:188} INFO - [2026-03-02T22:57:54.128+0000] {dagbag.py:545} INFO - Filling up the DagBag from /opt/airflow/dags/main.py
[2026-03-02T22:57:54.208+0000] {processor.py:840} INFO - DAG(s) 'produce_json', 'data_quality', 'update_db' retrieved from /opt/airflow/dags/main.py
[2026-03-02T22:57:54.274+0000] {logging_mixin.py:188} INFO - [2026-03-02T22:57:54.274+0000] {dag.py:3096} INFO - Sync 3 DAGs
[2026-03-02T22:57:54.320+0000] {logging_mixin.py:188} INFO - [2026-03-02T22:57:54.320+0000] {dag.py:3954} INFO - Setting next_dagrun for data_quality to 2026-03-02 16:00:00+00:00, run_after=2026-03-03 16:00:00+00:00
[2026-03-02T22:57:54.328+0000] {logging_mixin.py:188} INFO - [2026-03-02T22:57:54.328+0000] {dag.py:3954} INFO - Setting next_dagrun for produce_json to 2026-03-02 14:00:00+00:00, run_after=2026-03-03 14:00:00+00:00
[2026-03-02T22:57:54.334+0000] {logging_mixin.py:188} INFO - [2026-03-02T22:57:54.334+0000] {dag.py:3954} INFO - Setting next_dagrun for update_db to 2026-03-02 15:00:00+00:00, run_after=2026-03-03 15:00:00+00:00
[2026-03-02T22:57:54.392+0000] {processor.py:183} INFO - Processing /opt/airflow/dags/main.py took 0.285 seconds
[2026-03-02T22:59:30.764+0000] {processor.py:161} INFO - Started process (PID=960) to work on /opt/airflow/dags/main.py
[2026-03-02T22:59:30.767+0000] {processor.py:830} INFO - Processing file /opt/airflow/dags/main.py for tasks to queue
[2026-03-02T22:59:30.768+0000] {logging_mixin.py:188} INFO - [2026-03-02T22:59:30.768+0000] {dagbag.py:545} INFO - Filling up the DagBag from /opt/airflow/dags/main.py
[2026-03-02T22:59:30.839+0000] {processor.py:840} INFO - DAG(s) 'data_quality', 'update_db', 'produce_json' retrieved from /opt/airflow/dags/main.py
[2026-03-02T22:59:30.924+0000] {logging_mixin.py:188} INFO - [2026-03-02T22:59:30.924+0000] {dag.py:3096} INFO - Sync 3 DAGs
[2026-03-02T22:59:30.961+0000] {logging_mixin.py:188} INFO - [2026-03-02T22:59:30.960+0000] {dag.py:3954} INFO - Setting next_dagrun for data_quality to 2026-03-02 16:00:00+00:00, run_after=2026-03-03 16:00:00+00:00
[2026-03-02T22:59:30.969+0000] {logging_mixin.py:188} INFO - [2026-03-02T22:59:30.968+0000] {dag.py:3954} INFO - Setting next_dagrun for produce_json to 2026-03-02 14:00:00+00:00, run_after=2026-03-03 14:00:00+00:00
[2026-03-02T22:59:30.976+0000] {logging_mixin.py:188} INFO - [2026-03-02T22:59:30.976+0000] {dag.py:3954} INFO - Setting next_dagrun for update_db to 2026-03-02 15:00:00+00:00, run_after=2026-03-03 15:00:00+00:00
[2026-03-02T22:59:31.005+0000] {processor.py:183} INFO - Processing /opt/airflow/dags/main.py took 0.259 seconds
[2026-03-02T23:00:01.149+0000] {processor.py:161} INFO - Started process (PID=968) to work on /opt/airflow/dags/main.py
[2026-03-02T23:00:01.155+0000] {processor.py:830} INFO - Processing file /opt/airflow/dags/main.py for tasks to queue
[2026-03-02T23:00:01.162+0000] {logging_mixin.py:188} INFO - [2026-03-02T23:00:01.161+0000] {dagbag.py:545} INFO - Filling up the DagBag from /opt/airflow/dags/main.py
[2026-03-02T23:00:01.262+0000] {processor.py:840} INFO - DAG(s) 'data_quality', 'produce_json', 'update_db' retrieved from /opt/airflow/dags/main.py
[2026-03-02T23:00:01.339+0000] {logging_mixin.py:188} INFO - [2026-03-02T23:00:01.339+0000] {dag.py:3096} INFO - Sync 3 DAGs
[2026-03-02T23:00:01.374+0000] {logging_mixin.py:188} INFO - [2026-03-02T23:00:01.374+0000] {dag.py:3954} INFO - Setting next_dagrun for data_quality to 2026-03-02 16:00:00+00:00, run_after=2026-03-03 16:00:00+00:00
[2026-03-02T23:00:01.384+0000] {logging_mixin.py:188} INFO - [2026-03-02T23:00:01.384+0000] {dag.py:3954} INFO - Setting next_dagrun for produce_json to 2026-03-02 14:00:00+00:00, run_after=2026-03-03 14:00:00+00:00
[2026-03-02T23:00:01.391+0000] {logging_mixin.py:188} INFO - [2026-03-02T23:00:01.390+0000] {dag.py:3954} INFO - Setting next_dagrun for update_db to 2026-03-02 15:00:00+00:00, run_after=2026-03-03 15:00:00+00:00
[2026-03-02T23:00:01.433+0000] {processor.py:183} INFO - Processing /opt/airflow/dags/main.py took 0.316 seconds
[2026-03-02T23:00:32.129+0000] {processor.py:161} INFO - Started process (PID=976) to work on /opt/airflow/dags/main.py
[2026-03-02T23:00:32.132+0000] {processor.py:830} INFO - Processing file /opt/airflow/dags/main.py for tasks to queue
[2026-03-02T23:00:32.133+0000] {logging_mixin.py:188} INFO - [2026-03-02T23:00:32.132+0000] {dagbag.py:545} INFO - Filling up the DagBag from /opt/airflow/dags/main.py
[2026-03-02T23:00:32.210+0000] {processor.py:840} INFO - DAG(s) 'produce_json', 'data_quality', 'update_db' retrieved from /opt/airflow/dags/main.py
[2026-03-02T23:00:32.275+0000] {logging_mixin.py:188} INFO - [2026-03-02T23:00:32.274+0000] {dag.py:3096} INFO - Sync 3 DAGs
[2026-03-02T23:00:32.310+0000] {logging_mixin.py:188} INFO - [2026-03-02T23:00:32.310+0000] {dag.py:3954} INFO - Setting next_dagrun for data_quality to 2026-03-02 16:00:00+00:00, run_after=2026-03-03 16:00:00+00:00
[2026-03-02T23:00:32.319+0000] {logging_mixin.py:188} INFO - [2026-03-02T23:00:32.319+0000] {dag.py:3954} INFO - Setting next_dagrun for produce_json to 2026-03-02 14:00:00+00:00, run_after=2026-03-03 14:00:00+00:00
[2026-03-02T23:00:32.328+0000] {logging_mixin.py:188} INFO - [2026-03-02T23:00:32.327+0000] {dag.py:3954} INFO - Setting next_dagrun for update_db to 2026-03-02 15:00:00+00:00, run_after=2026-03-03 15:00:00+00:00
[2026-03-02T23:00:32.370+0000] {processor.py:183} INFO - Processing /opt/airflow/dags/main.py took 0.252 seconds
[2026-03-02T23:01:02.491+0000] {processor.py:161} INFO - Started process (PID=983) to work on /opt/airflow/dags/main.py
[2026-03-02T23:01:02.494+0000] {processor.py:830} INFO - Processing file /opt/airflow/dags/main.py for tasks to queue
[2026-03-02T23:01:02.496+0000] {logging_mixin.py:188} INFO - [2026-03-02T23:01:02.496+0000] {dagbag.py:545} INFO - Filling up the DagBag from /opt/airflow/dags/main.py
[2026-03-02T23:01:02.568+0000] {processor.py:840} INFO - DAG(s) 'data_quality', 'update_db', 'produce_json' retrieved from /opt/airflow/dags/main.py
[2026-03-02T23:01:02.647+0000] {logging_mixin.py:188} INFO - [2026-03-02T23:01:02.647+0000] {dag.py:3096} INFO - Sync 3 DAGs
[2026-03-02T23:01:02.693+0000] {logging_mixin.py:188} INFO - [2026-03-02T23:01:02.692+0000] {dag.py:3954} INFO - Setting next_dagrun for data_quality to 2026-03-02 16:00:00+00:00, run_after=2026-03-03 16:00:00+00:00
[2026-03-02T23:01:02.707+0000] {logging_mixin.py:188} INFO - [2026-03-02T23:01:02.707+0000] {dag.py:3954} INFO - Setting next_dagrun for produce_json to 2026-03-02 14:00:00+00:00, run_after=2026-03-03 14:00:00+00:00
[2026-03-02T23:01:02.713+0000] {logging_mixin.py:188} INFO - [2026-03-02T23:01:02.713+0000] {dag.py:3954} INFO - Setting next_dagrun for update_db to 2026-03-02 15:00:00+00:00, run_after=2026-03-03 15:00:00+00:00
[2026-03-02T23:01:02.765+0000] {processor.py:183} INFO - Processing /opt/airflow/dags/main.py took 0.288 seconds
[2026-03-02T23:01:32.872+0000] {processor.py:161} INFO - Started process (PID=990) to work on /opt/airflow/dags/main.py
[2026-03-02T23:01:32.880+0000] {processor.py:830} INFO - Processing file /opt/airflow/dags/main.py for tasks to queue
[2026-03-02T23:01:32.883+0000] {logging_mixin.py:188} INFO - [2026-03-02T23:01:32.882+0000] {dagbag.py:545} INFO - Filling up the DagBag from /opt/airflow/dags/main.py
[2026-03-02T23:01:32.959+0000] {processor.py:840} INFO - DAG(s) 'data_quality', 'produce_json', 'update_db' retrieved from /opt/airflow/dags/main.py
[2026-03-02T23:01:33.129+0000] {logging_mixin.py:188} INFO - [2026-03-02T23:01:33.128+0000] {dag.py:3096} INFO - Sync 3 DAGs
[2026-03-02T23:01:33.169+0000] {logging_mixin.py:188} INFO - [2026-03-02T23:01:33.168+0000] {dag.py:3954} INFO - Setting next_dagrun for data_quality to 2026-03-02 16:00:00+00:00, run_after=2026-03-03 16:00:00+00:00
[2026-03-02T23:01:33.180+0000] {logging_mixin.py:188} INFO - [2026-03-02T23:01:33.179+0000] {dag.py:3954} INFO - Setting next_dagrun for produce_json to 2026-03-02 14:00:00+00:00, run_after=2026-03-03 14:00:00+00:00
[2026-03-02T23:01:33.187+0000] {logging_mixin.py:188} INFO - [2026-03-02T23:01:33.187+0000] {dag.py:3954} INFO - Setting next_dagrun for update_db to 2026-03-02 15:00:00+00:00, run_after=2026-03-03 15:00:00+00:00
[2026-03-02T23:01:33.217+0000] {processor.py:183} INFO - Processing /opt/airflow/dags/main.py took 0.381 seconds
[2026-03-02T23:02:04.456+0000] {processor.py:161} INFO - Started process (PID=998) to work on /opt/airflow/dags/main.py
[2026-03-02T23:02:04.466+0000] {processor.py:830} INFO - Processing file /opt/airflow/dags/main.py for tasks to queue
[2026-03-02T23:02:04.481+0000] {logging_mixin.py:188} INFO - [2026-03-02T23:02:04.479+0000] {dagbag.py:545} INFO - Filling up the DagBag from /opt/airflow/dags/main.py
[2026-03-02T23:02:04.659+0000] {processor.py:840} INFO - DAG(s) 'data_quality', 'produce_json', 'update_db' retrieved from /opt/airflow/dags/main.py
[2026-03-02T23:02:04.734+0000] {logging_mixin.py:188} INFO - [2026-03-02T23:02:04.733+0000] {dag.py:3096} INFO - Sync 3 DAGs
[2026-03-02T23:02:04.786+0000] {logging_mixin.py:188} INFO - [2026-03-02T23:02:04.785+0000] {dag.py:3954} INFO - Setting next_dagrun for data_quality to 2026-03-02 16:00:00+00:00, run_after=2026-03-03 16:00:00+00:00
[2026-03-02T23:02:04.797+0000] {logging_mixin.py:188} INFO - [2026-03-02T23:02:04.797+0000] {dag.py:3954} INFO - Setting next_dagrun for produce_json to 2026-03-02 14:00:00+00:00, run_after=2026-03-03 14:00:00+00:00
[2026-03-02T23:02:04.802+0000] {logging_mixin.py:188} INFO - [2026-03-02T23:02:04.802+0000] {dag.py:3954} INFO - Setting next_dagrun for update_db to 2026-03-02 15:00:00+00:00, run_after=2026-03-03 15:00:00+00:00
[2026-03-02T23:02:04.938+0000] {processor.py:183} INFO - Processing /opt/airflow/dags/main.py took 0.520 seconds
[2026-03-02T23:02:35.200+0000] {processor.py:161} INFO - Started process (PID=1016) to work on /opt/airflow/dags/main.py
[2026-03-02T23:02:35.203+0000] {processor.py:830} INFO - Processing file /opt/airflow/dags/main.py for tasks to queue
[2026-03-02T23:02:35.207+0000] {logging_mixin.py:188} INFO - [2026-03-02T23:02:35.207+0000] {dagbag.py:545} INFO - Filling up the DagBag from /opt/airflow/dags/main.py
[2026-03-02T23:02:35.324+0000] {processor.py:840} INFO - DAG(s) 'data_quality', 'update_db', 'produce_json' retrieved from /opt/airflow/dags/main.py
[2026-03-02T23:02:35.441+0000] {logging_mixin.py:188} INFO - [2026-03-02T23:02:35.440+0000] {dag.py:3096} INFO - Sync 3 DAGs
[2026-03-02T23:02:35.523+0000] {logging_mixin.py:188} INFO - [2026-03-02T23:02:35.523+0000] {dag.py:3954} INFO - Setting next_dagrun for data_quality to 2026-03-02 16:00:00+00:00, run_after=2026-03-03 16:00:00+00:00
[2026-03-02T23:02:35.547+0000] {logging_mixin.py:188} INFO - [2026-03-02T23:02:35.546+0000] {dag.py:3954} INFO - Setting next_dagrun for produce_json to 2026-03-02 14:00:00+00:00, run_after=2026-03-03 14:00:00+00:00
[2026-03-02T23:02:35.569+0000] {logging_mixin.py:188} INFO - [2026-03-02T23:02:35.569+0000] {dag.py:3954} INFO - Setting next_dagrun for update_db to 2026-03-02 15:00:00+00:00, run_after=2026-03-03 15:00:00+00:00
[2026-03-02T23:02:35.651+0000] {processor.py:183} INFO - Processing /opt/airflow/dags/main.py took 0.470 seconds
[2026-03-02T23:03:05.997+0000] {processor.py:161} INFO - Started process (PID=1023) to work on /opt/airflow/dags/main.py
[2026-03-02T23:03:06.002+0000] {processor.py:830} INFO - Processing file /opt/airflow/dags/main.py for tasks to queue
[2026-03-02T23:03:06.009+0000] {logging_mixin.py:188} INFO - [2026-03-02T23:03:06.007+0000] {dagbag.py:545} INFO - Filling up the DagBag from /opt/airflow/dags/main.py
[2026-03-02T23:03:06.105+0000] {processor.py:840} INFO - DAG(s) 'produce_json', 'update_db', 'data_quality' retrieved from /opt/airflow/dags/main.py
[2026-03-02T23:03:06.211+0000] {logging_mixin.py:188} INFO - [2026-03-02T23:03:06.210+0000] {dag.py:3096} INFO - Sync 3 DAGs
[2026-03-02T23:03:06.284+0000] {logging_mixin.py:188} INFO - [2026-03-02T23:03:06.284+0000] {dag.py:3954} INFO - Setting next_dagrun for data_quality to 2026-03-02 16:00:00+00:00, run_after=2026-03-03 16:00:00+00:00
[2026-03-02T23:03:06.312+0000] {logging_mixin.py:188} INFO - [2026-03-02T23:03:06.311+0000] {dag.py:3954} INFO - Setting next_dagrun for produce_json to 2026-03-02 14:00:00+00:00, run_after=2026-03-03 14:00:00+00:00
[2026-03-02T23:03:06.332+0000] {logging_mixin.py:188} INFO - [2026-03-02T23:03:06.332+0000] {dag.py:3954} INFO - Setting next_dagrun for update_db to 2026-03-02 15:00:00+00:00, run_after=2026-03-03 15:00:00+00:00
[2026-03-02T23:03:06.405+0000] {processor.py:183} INFO - Processing /opt/airflow/dags/main.py took 0.423 seconds
[2026-03-02T23:03:36.562+0000] {processor.py:161} INFO - Started process (PID=1030) to work on /opt/airflow/dags/main.py
[2026-03-02T23:03:36.565+0000] {processor.py:830} INFO - Processing file /opt/airflow/dags/main.py for tasks to queue
[2026-03-02T23:03:36.570+0000] {logging_mixin.py:188} INFO - [2026-03-02T23:03:36.569+0000] {dagbag.py:545} INFO - Filling up the DagBag from /opt/airflow/dags/main.py
[2026-03-02T23:03:36.638+0000] {processor.py:840} INFO - DAG(s) 'update_db', 'data_quality', 'produce_json' retrieved from /opt/airflow/dags/main.py
[2026-03-02T23:03:36.720+0000] {logging_mixin.py:188} INFO - [2026-03-02T23:03:36.720+0000] {dag.py:3096} INFO - Sync 3 DAGs
[2026-03-02T23:03:36.765+0000] {logging_mixin.py:188} INFO - [2026-03-02T23:03:36.764+0000] {dag.py:3954} INFO - Setting next_dagrun for data_quality to 2026-03-02 16:00:00+00:00, run_after=2026-03-03 16:00:00+00:00
[2026-03-02T23:03:36.776+0000] {logging_mixin.py:188} INFO - [2026-03-02T23:03:36.775+0000] {dag.py:3954} INFO - Setting next_dagrun for produce_json to 2026-03-02 14:00:00+00:00, run_after=2026-03-03 14:00:00+00:00
[2026-03-02T23:03:36.783+0000] {logging_mixin.py:188} INFO - [2026-03-02T23:03:36.782+0000] {dag.py:3954} INFO - Setting next_dagrun for update_db to 2026-03-02 15:00:00+00:00, run_after=2026-03-03 15:00:00+00:00
[2026-03-02T23:03:36.816+0000] {processor.py:183} INFO - Processing /opt/airflow/dags/main.py took 0.267 seconds
[2026-03-02T23:04:07.014+0000] {processor.py:161} INFO - Started process (PID=1036) to work on /opt/airflow/dags/main.py
[2026-03-02T23:04:07.018+0000] {processor.py:830} INFO - Processing file /opt/airflow/dags/main.py for tasks to queue
[2026-03-02T23:04:07.021+0000] {logging_mixin.py:188} INFO - [2026-03-02T23:04:07.020+0000] {dagbag.py:545} INFO - Filling up the DagBag from /opt/airflow/dags/main.py
[2026-03-02T23:04:07.097+0000] {processor.py:840} INFO - DAG(s) 'data_quality', 'produce_json', 'update_db' retrieved from /opt/airflow/dags/main.py
[2026-03-02T23:04:07.154+0000] {logging_mixin.py:188} INFO - [2026-03-02T23:04:07.154+0000] {dag.py:3096} INFO - Sync 3 DAGs
[2026-03-02T23:04:07.207+0000] {logging_mixin.py:188} INFO - [2026-03-02T23:04:07.207+0000] {dag.py:3954} INFO - Setting next_dagrun for data_quality to 2026-03-02 16:00:00+00:00, run_after=2026-03-03 16:00:00+00:00
[2026-03-02T23:04:07.220+0000] {logging_mixin.py:188} INFO - [2026-03-02T23:04:07.220+0000] {dag.py:3954} INFO - Setting next_dagrun for produce_json to 2026-03-02 14:00:00+00:00, run_after=2026-03-03 14:00:00+00:00
[2026-03-02T23:04:07.234+0000] {logging_mixin.py:188} INFO - [2026-03-02T23:04:07.234+0000] {dag.py:3954} INFO - Setting next_dagrun for update_db to 2026-03-02 15:00:00+00:00, run_after=2026-03-03 15:00:00+00:00
[2026-03-02T23:04:07.271+0000] {processor.py:183} INFO - Processing /opt/airflow/dags/main.py took 0.269 seconds
[2026-03-02T23:04:38.296+0000] {processor.py:161} INFO - Started process (PID=1043) to work on /opt/airflow/dags/main.py
[2026-03-02T23:04:38.299+0000] {processor.py:830} INFO - Processing file /opt/airflow/dags/main.py for tasks to queue
[2026-03-02T23:04:38.302+0000] {logging_mixin.py:188} INFO - [2026-03-02T23:04:38.301+0000] {dagbag.py:545} INFO - Filling up the DagBag from /opt/airflow/dags/main.py
[2026-03-02T23:04:38.375+0000] {processor.py:840} INFO - DAG(s) 'update_db', 'data_quality', 'produce_json' retrieved from /opt/airflow/dags/main.py
[2026-03-02T23:04:38.464+0000] {logging_mixin.py:188} INFO - [2026-03-02T23:04:38.464+0000] {dag.py:3096} INFO - Sync 3 DAGs
[2026-03-02T23:04:38.512+0000] {logging_mixin.py:188} INFO - [2026-03-02T23:04:38.512+0000] {dag.py:3954} INFO - Setting next_dagrun for data_quality to 2026-03-02 16:00:00+00:00, run_after=2026-03-03 16:00:00+00:00
[2026-03-02T23:04:38.523+0000] {logging_mixin.py:188} INFO - [2026-03-02T23:04:38.523+0000] {dag.py:3954} INFO - Setting next_dagrun for produce_json to 2026-03-02 14:00:00+00:00, run_after=2026-03-03 14:00:00+00:00
[2026-03-02T23:04:38.532+0000] {logging_mixin.py:188} INFO - [2026-03-02T23:04:38.532+0000] {dag.py:3954} INFO - Setting next_dagrun for update_db to 2026-03-02 15:00:00+00:00, run_after=2026-03-03 15:00:00+00:00
[2026-03-02T23:04:38.578+0000] {processor.py:183} INFO - Processing /opt/airflow/dags/main.py took 0.296 seconds
[2026-03-02T23:05:09.391+0000] {processor.py:161} INFO - Started process (PID=1050) to work on /opt/airflow/dags/main.py
[2026-03-02T23:05:09.395+0000] {processor.py:830} INFO - Processing file /opt/airflow/dags/main.py for tasks to queue
[2026-03-02T23:05:09.397+0000] {logging_mixin.py:188} INFO - [2026-03-02T23:05:09.396+0000] {dagbag.py:545} INFO - Filling up the DagBag from /opt/airflow/dags/main.py
[2026-03-02T23:05:09.491+0000] {processor.py:840} INFO - DAG(s) 'data_quality', 'update_db', 'produce_json' retrieved from /opt/airflow/dags/main.py
[2026-03-02T23:05:09.587+0000] {logging_mixin.py:188} INFO - [2026-03-02T23:05:09.587+0000] {dag.py:3096} INFO - Sync 3 DAGs
[2026-03-02T23:05:09.641+0000] {logging_mixin.py:188} INFO - [2026-03-02T23:05:09.641+0000] {dag.py:3954} INFO - Setting next_dagrun for data_quality to 2026-03-02 16:00:00+00:00, run_after=2026-03-03 16:00:00+00:00
[2026-03-02T23:05:09.655+0000] {logging_mixin.py:188} INFO - [2026-03-02T23:05:09.654+0000] {dag.py:3954} INFO - Setting next_dagrun for produce_json to 2026-03-02 14:00:00+00:00, run_after=2026-03-03 14:00:00+00:00
[2026-03-02T23:05:09.663+0000] {logging_mixin.py:188} INFO - [2026-03-02T23:05:09.662+0000] {dag.py:3954} INFO - Setting next_dagrun for update_db to 2026-03-02 15:00:00+00:00, run_after=2026-03-03 15:00:00+00:00
[2026-03-02T23:05:09.716+0000] {processor.py:183} INFO - Processing /opt/airflow/dags/main.py took 0.342 seconds
[2026-03-02T23:05:40.407+0000] {processor.py:161} INFO - Started process (PID=1057) to work on /opt/airflow/dags/main.py
[2026-03-02T23:05:40.411+0000] {processor.py:830} INFO - Processing file /opt/airflow/dags/main.py for tasks to queue
[2026-03-02T23:05:40.412+0000] {logging_mixin.py:188} INFO - [2026-03-02T23:05:40.411+0000] {dagbag.py:545} INFO - Filling up the DagBag from /opt/airflow/dags/main.py
[2026-03-02T23:05:40.492+0000] {processor.py:840} INFO - DAG(s) 'update_db', 'produce_json', 'data_quality' retrieved from /opt/airflow/dags/main.py
[2026-03-02T23:05:40.571+0000] {logging_mixin.py:188} INFO - [2026-03-02T23:05:40.571+0000] {dag.py:3096} INFO - Sync 3 DAGs
[2026-03-02T23:05:40.609+0000] {logging_mixin.py:188} INFO - [2026-03-02T23:05:40.608+0000] {dag.py:3954} INFO - Setting next_dagrun for data_quality to 2026-03-02 16:00:00+00:00, run_after=2026-03-03 16:00:00+00:00
[2026-03-02T23:05:40.619+0000] {logging_mixin.py:188} INFO - [2026-03-02T23:05:40.618+0000] {dag.py:3954} INFO - Setting next_dagrun for produce_json to 2026-03-02 14:00:00+00:00, run_after=2026-03-03 14:00:00+00:00
[2026-03-02T23:05:40.627+0000] {logging_mixin.py:188} INFO - [2026-03-02T23:05:40.627+0000] {dag.py:3954} INFO - Setting next_dagrun for update_db to 2026-03-02 15:00:00+00:00, run_after=2026-03-03 15:00:00+00:00
[2026-03-02T23:05:40.680+0000] {processor.py:183} INFO - Processing /opt/airflow/dags/main.py took 0.285 seconds
[2026-03-02T23:06:10.740+0000] {processor.py:161} INFO - Started process (PID=1064) to work on /opt/airflow/dags/main.py
[2026-03-02T23:06:10.743+0000] {processor.py:830} INFO - Processing file /opt/airflow/dags/main.py for tasks to queue
[2026-03-02T23:06:10.745+0000] {logging_mixin.py:188} INFO - [2026-03-02T23:06:10.744+0000] {dagbag.py:545} INFO - Filling up the DagBag from /opt/airflow/dags/main.py
[2026-03-02T23:06:10.822+0000] {processor.py:840} INFO - DAG(s) 'data_quality', 'update_db', 'produce_json' retrieved from /opt/airflow/dags/main.py
[2026-03-02T23:06:10.894+0000] {logging_mixin.py:188} INFO - [2026-03-02T23:06:10.894+0000] {dag.py:3096} INFO - Sync 3 DAGs
[2026-03-02T23:06:10.935+0000] {logging_mixin.py:188} INFO - [2026-03-02T23:06:10.935+0000] {dag.py:3954} INFO - Setting next_dagrun for data_quality to 2026-03-02 16:00:00+00:00, run_after=2026-03-03 16:00:00+00:00
[2026-03-02T23:06:10.943+0000] {logging_mixin.py:188} INFO - [2026-03-02T23:06:10.942+0000] {dag.py:3954} INFO - Setting next_dagrun for produce_json to 2026-03-02 14:00:00+00:00, run_after=2026-03-03 14:00:00+00:00
[2026-03-02T23:06:10.951+0000] {logging_mixin.py:188} INFO - [2026-03-02T23:06:10.950+0000] {dag.py:3954} INFO - Setting next_dagrun for update_db to 2026-03-02 15:00:00+00:00, run_after=2026-03-03 15:00:00+00:00
[2026-03-02T23:06:10.981+0000] {processor.py:183} INFO - Processing /opt/airflow/dags/main.py took 0.253 seconds
[2026-03-02T23:06:41.585+0000] {processor.py:161} INFO - Started process (PID=1071) to work on /opt/airflow/dags/main.py
[2026-03-02T23:06:41.588+0000] {processor.py:830} INFO - Processing file /opt/airflow/dags/main.py for tasks to queue
[2026-03-02T23:06:41.591+0000] {logging_mixin.py:188} INFO - [2026-03-02T23:06:41.590+0000] {dagbag.py:545} INFO - Filling up the DagBag from /opt/airflow/dags/main.py
[2026-03-02T23:06:41.672+0000] {processor.py:840} INFO - DAG(s) 'update_db', 'data_quality', 'produce_json' retrieved from /opt/airflow/dags/main.py
[2026-03-02T23:06:41.774+0000] {logging_mixin.py:188} INFO - [2026-03-02T23:06:41.774+0000] {dag.py:3096} INFO - Sync 3 DAGs
[2026-03-02T23:06:41.817+0000] {logging_mixin.py:188} INFO - [2026-03-02T23:06:41.817+0000] {dag.py:3954} INFO - Setting next_dagrun for data_quality to 2026-03-02 16:00:00+00:00, run_after=2026-03-03 16:00:00+00:00
[2026-03-02T23:06:41.825+0000] {logging_mixin.py:188} INFO - [2026-03-02T23:06:41.825+0000] {dag.py:3954} INFO - Setting next_dagrun for produce_json to 2026-03-02 14:00:00+00:00, run_after=2026-03-03 14:00:00+00:00
[2026-03-02T23:06:41.830+0000] {logging_mixin.py:188} INFO - [2026-03-02T23:06:41.830+0000] {dag.py:3954} INFO - Setting next_dagrun for update_db to 2026-03-02 15:00:00+00:00, run_after=2026-03-03 15:00:00+00:00
[2026-03-02T23:06:41.867+0000] {processor.py:183} INFO - Processing /opt/airflow/dags/main.py took 0.294 seconds
[2026-03-02T23:07:12.791+0000] {processor.py:161} INFO - Started process (PID=1078) to work on /opt/airflow/dags/main.py
[2026-03-02T23:07:12.811+0000] {processor.py:830} INFO - Processing file /opt/airflow/dags/main.py for tasks to queue
[2026-03-02T23:07:12.813+0000] {logging_mixin.py:188} INFO - [2026-03-02T23:07:12.812+0000] {dagbag.py:545} INFO - Filling up the DagBag from /opt/airflow/dags/main.py
[2026-03-02T23:07:12.908+0000] {processor.py:840} INFO - DAG(s) 'produce_json', 'data_quality', 'update_db' retrieved from /opt/airflow/dags/main.py
[2026-03-02T23:07:13.045+0000] {logging_mixin.py:188} INFO - [2026-03-02T23:07:13.045+0000] {dag.py:3096} INFO - Sync 3 DAGs
[2026-03-02T23:07:13.114+0000] {logging_mixin.py:188} INFO - [2026-03-02T23:07:13.113+0000] {dag.py:3954} INFO - Setting next_dagrun for data_quality to 2026-03-02 16:00:00+00:00, run_after=2026-03-03 16:00:00+00:00
[2026-03-02T23:07:13.128+0000] {logging_mixin.py:188} INFO - [2026-03-02T23:07:13.127+0000] {dag.py:3954} INFO - Setting next_dagrun for produce_json to 2026-03-02 14:00:00+00:00, run_after=2026-03-03 14:00:00+00:00
[2026-03-02T23:07:13.136+0000] {logging_mixin.py:188} INFO - [2026-03-02T23:07:13.135+0000] {dag.py:3954} INFO - Setting next_dagrun for update_db to 2026-03-02 15:00:00+00:00, run_after=2026-03-03 15:00:00+00:00
[2026-03-02T23:07:13.187+0000] {processor.py:183} INFO - Processing /opt/airflow/dags/main.py took 0.408 seconds
[2026-03-02T23:07:43.495+0000] {processor.py:161} INFO - Started process (PID=1085) to work on /opt/airflow/dags/main.py
[2026-03-02T23:07:43.498+0000] {processor.py:830} INFO - Processing file /opt/airflow/dags/main.py for tasks to queue
[2026-03-02T23:07:43.500+0000] {logging_mixin.py:188} INFO - [2026-03-02T23:07:43.500+0000] {dagbag.py:545} INFO - Filling up the DagBag from /opt/airflow/dags/main.py
[2026-03-02T23:07:43.568+0000] {processor.py:840} INFO - DAG(s) 'data_quality', 'produce_json', 'update_db' retrieved from /opt/airflow/dags/main.py
[2026-03-02T23:07:43.660+0000] {logging_mixin.py:188} INFO - [2026-03-02T23:07:43.659+0000] {dag.py:3096} INFO - Sync 3 DAGs
[2026-03-02T23:07:43.699+0000] {logging_mixin.py:188} INFO - [2026-03-02T23:07:43.698+0000] {dag.py:3954} INFO - Setting next_dagrun for data_quality to 2026-03-02 16:00:00+00:00, run_after=2026-03-03 16:00:00+00:00
[2026-03-02T23:07:43.713+0000] {logging_mixin.py:188} INFO - [2026-03-02T23:07:43.712+0000] {dag.py:3954} INFO - Setting next_dagrun for produce_json to 2026-03-02 14:00:00+00:00, run_after=2026-03-03 14:00:00+00:00
[2026-03-02T23:07:43.720+0000] {logging_mixin.py:188} INFO - [2026-03-02T23:07:43.720+0000] {dag.py:3954} INFO - Setting next_dagrun for update_db to 2026-03-02 15:00:00+00:00, run_after=2026-03-03 15:00:00+00:00
[2026-03-02T23:07:43.754+0000] {processor.py:183} INFO - Processing /opt/airflow/dags/main.py took 0.273 seconds
[2026-03-02T23:08:14.011+0000] {processor.py:161} INFO - Started process (PID=1092) to work on /opt/airflow/dags/main.py
[2026-03-02T23:08:14.014+0000] {processor.py:830} INFO - Processing file /opt/airflow/dags/main.py for tasks to queue
[2026-03-02T23:08:14.016+0000] {logging_mixin.py:188} INFO - [2026-03-02T23:08:14.015+0000] {dagbag.py:545} INFO - Filling up the DagBag from /opt/airflow/dags/main.py
[2026-03-02T23:08:14.120+0000] {processor.py:840} INFO - DAG(s) 'data_quality', 'update_db', 'produce_json' retrieved from /opt/airflow/dags/main.py
[2026-03-02T23:08:14.188+0000] {logging_mixin.py:188} INFO - [2026-03-02T23:08:14.187+0000] {dag.py:3096} INFO - Sync 3 DAGs
[2026-03-02T23:08:14.230+0000] {logging_mixin.py:188} INFO - [2026-03-02T23:08:14.230+0000] {dag.py:3954} INFO - Setting next_dagrun for data_quality to 2026-03-02 16:00:00+00:00, run_after=2026-03-03 16:00:00+00:00
[2026-03-02T23:08:14.239+0000] {logging_mixin.py:188} INFO - [2026-03-02T23:08:14.239+0000] {dag.py:3954} INFO - Setting next_dagrun for produce_json to 2026-03-02 14:00:00+00:00, run_after=2026-03-03 14:00:00+00:00
[2026-03-02T23:08:14.246+0000] {logging_mixin.py:188} INFO - [2026-03-02T23:08:14.246+0000] {dag.py:3954} INFO - Setting next_dagrun for update_db to 2026-03-02 15:00:00+00:00, run_after=2026-03-03 15:00:00+00:00
[2026-03-02T23:08:14.293+0000] {processor.py:183} INFO - Processing /opt/airflow/dags/main.py took 0.296 seconds
[2026-03-02T23:08:45.147+0000] {processor.py:161} INFO - Started process (PID=1099) to work on /opt/airflow/dags/main.py
[2026-03-02T23:08:45.149+0000] {processor.py:830} INFO - Processing file /opt/airflow/dags/main.py for tasks to queue
[2026-03-02T23:08:45.152+0000] {logging_mixin.py:188} INFO - [2026-03-02T23:08:45.151+0000] {dagbag.py:545} INFO - Filling up the DagBag from /opt/airflow/dags/main.py
[2026-03-02T23:08:45.258+0000] {processor.py:840} INFO - DAG(s) 'data_quality', 'update_db', 'produce_json' retrieved from /opt/airflow/dags/main.py
[2026-03-02T23:08:45.348+0000] {logging_mixin.py:188} INFO - [2026-03-02T23:08:45.347+0000] {dag.py:3096} INFO - Sync 3 DAGs
[2026-03-02T23:08:45.404+0000] {logging_mixin.py:188} INFO - [2026-03-02T23:08:45.404+0000] {dag.py:3954} INFO - Setting next_dagrun for data_quality to 2026-03-02 16:00:00+00:00, run_after=2026-03-03 16:00:00+00:00
[2026-03-02T23:08:45.414+0000] {logging_mixin.py:188} INFO - [2026-03-02T23:08:45.414+0000] {dag.py:3954} INFO - Setting next_dagrun for produce_json to 2026-03-02 14:00:00+00:00, run_after=2026-03-03 14:00:00+00:00
[2026-03-02T23:08:45.421+0000] {logging_mixin.py:188} INFO - [2026-03-02T23:08:45.421+0000] {dag.py:3954} INFO - Setting next_dagrun for update_db to 2026-03-02 15:00:00+00:00, run_after=2026-03-03 15:00:00+00:00
[2026-03-02T23:08:45.450+0000] {processor.py:183} INFO - Processing /opt/airflow/dags/main.py took 0.316 seconds
[2026-03-02T23:09:15.958+0000] {processor.py:161} INFO - Started process (PID=1105) to work on /opt/airflow/dags/main.py
[2026-03-02T23:09:15.960+0000] {processor.py:830} INFO - Processing file /opt/airflow/dags/main.py for tasks to queue
[2026-03-02T23:09:15.964+0000] {logging_mixin.py:188} INFO - [2026-03-02T23:09:15.963+0000] {dagbag.py:545} INFO - Filling up the DagBag from /opt/airflow/dags/main.py
[2026-03-02T23:09:16.072+0000] {processor.py:840} INFO - DAG(s) 'produce_json', 'data_quality', 'update_db' retrieved from /opt/airflow/dags/main.py
[2026-03-02T23:09:16.141+0000] {logging_mixin.py:188} INFO - [2026-03-02T23:09:16.141+0000] {dag.py:3096} INFO - Sync 3 DAGs
[2026-03-02T23:09:16.179+0000] {logging_mixin.py:188} INFO - [2026-03-02T23:09:16.179+0000] {dag.py:3954} INFO - Setting next_dagrun for data_quality to 2026-03-02 16:00:00+00:00, run_after=2026-03-03 16:00:00+00:00
[2026-03-02T23:09:16.191+0000] {logging_mixin.py:188} INFO - [2026-03-02T23:09:16.191+0000] {dag.py:3954} INFO - Setting next_dagrun for produce_json to 2026-03-02 14:00:00+00:00, run_after=2026-03-03 14:00:00+00:00
[2026-03-02T23:09:16.198+0000] {logging_mixin.py:188} INFO - [2026-03-02T23:09:16.198+0000] {dag.py:3954} INFO - Setting next_dagrun for update_db to 2026-03-02 15:00:00+00:00, run_after=2026-03-03 15:00:00+00:00
[2026-03-02T23:09:16.251+0000] {processor.py:183} INFO - Processing /opt/airflow/dags/main.py took 0.310 seconds
[2026-03-02T23:09:46.857+0000] {processor.py:161} INFO - Started process (PID=1112) to work on /opt/airflow/dags/main.py
[2026-03-02T23:09:46.860+0000] {processor.py:830} INFO - Processing file /opt/airflow/dags/main.py for tasks to queue
[2026-03-02T23:09:46.862+0000] {logging_mixin.py:188} INFO - [2026-03-02T23:09:46.861+0000] {dagbag.py:545} INFO - Filling up the DagBag from /opt/airflow/dags/main.py
[2026-03-02T23:09:46.958+0000] {processor.py:840} INFO - DAG(s) 'update_db', 'data_quality', 'produce_json' retrieved from /opt/airflow/dags/main.py
[2026-03-02T23:09:47.050+0000] {logging_mixin.py:188} INFO - [2026-03-02T23:09:47.049+0000] {dag.py:3096} INFO - Sync 3 DAGs
[2026-03-02T23:09:47.103+0000] {logging_mixin.py:188} INFO - [2026-03-02T23:09:47.102+0000] {dag.py:3954} INFO - Setting next_dagrun for data_quality to 2026-03-02 16:00:00+00:00, run_after=2026-03-03 16:00:00+00:00
[2026-03-02T23:09:47.115+0000] {logging_mixin.py:188} INFO - [2026-03-02T23:09:47.114+0000] {dag.py:3954} INFO - Setting next_dagrun for produce_json to 2026-03-02 14:00:00+00:00, run_after=2026-03-03 14:00:00+00:00
[2026-03-02T23:09:47.123+0000] {logging_mixin.py:188} INFO - [2026-03-02T23:09:47.123+0000] {dag.py:3954} INFO - Setting next_dagrun for update_db to 2026-03-02 15:00:00+00:00, run_after=2026-03-03 15:00:00+00:00
[2026-03-02T23:09:47.175+0000] {processor.py:183} INFO - Processing /opt/airflow/dags/main.py took 0.334 seconds
[2026-03-02T23:10:18.148+0000] {processor.py:161} INFO - Started process (PID=1119) to work on /opt/airflow/dags/main.py
[2026-03-02T23:10:18.154+0000] {processor.py:830} INFO - Processing file /opt/airflow/dags/main.py for tasks to queue
[2026-03-02T23:10:18.157+0000] {logging_mixin.py:188} INFO - [2026-03-02T23:10:18.156+0000] {dagbag.py:545} INFO - Filling up the DagBag from /opt/airflow/dags/main.py
[2026-03-02T23:10:18.225+0000] {processor.py:840} INFO - DAG(s) 'update_db', 'produce_json', 'data_quality' retrieved from /opt/airflow/dags/main.py
[2026-03-02T23:10:18.307+0000] {logging_mixin.py:188} INFO - [2026-03-02T23:10:18.307+0000] {dag.py:3096} INFO - Sync 3 DAGs
[2026-03-02T23:10:18.355+0000] {logging_mixin.py:188} INFO - [2026-03-02T23:10:18.354+0000] {dag.py:3954} INFO - Setting next_dagrun for data_quality to 2026-03-02 16:00:00+00:00, run_after=2026-03-03 16:00:00+00:00
[2026-03-02T23:10:18.365+0000] {logging_mixin.py:188} INFO - [2026-03-02T23:10:18.364+0000] {dag.py:3954} INFO - Setting next_dagrun for produce_json to 2026-03-02 14:00:00+00:00, run_after=2026-03-03 14:00:00+00:00
[2026-03-02T23:10:18.373+0000] {logging_mixin.py:188} INFO - [2026-03-02T23:10:18.373+0000] {dag.py:3954} INFO - Setting next_dagrun for update_db to 2026-03-02 15:00:00+00:00, run_after=2026-03-03 15:00:00+00:00
[2026-03-02T23:10:18.425+0000] {processor.py:183} INFO - Processing /opt/airflow/dags/main.py took 0.301 seconds
[2026-03-02T23:10:49.207+0000] {processor.py:161} INFO - Started process (PID=1125) to work on /opt/airflow/dags/main.py
[2026-03-02T23:10:49.210+0000] {processor.py:830} INFO - Processing file /opt/airflow/dags/main.py for tasks to queue
[2026-03-02T23:10:49.212+0000] {logging_mixin.py:188} INFO - [2026-03-02T23:10:49.211+0000] {dagbag.py:545} INFO - Filling up the DagBag from /opt/airflow/dags/main.py
[2026-03-02T23:10:49.373+0000] {processor.py:840} INFO - DAG(s) 'produce_json', 'update_db', 'data_quality' retrieved from /opt/airflow/dags/main.py
[2026-03-02T23:10:49.446+0000] {logging_mixin.py:188} INFO - [2026-03-02T23:10:49.445+0000] {dag.py:3096} INFO - Sync 3 DAGs
[2026-03-02T23:10:49.493+0000] {logging_mixin.py:188} INFO - [2026-03-02T23:10:49.492+0000] {dag.py:3954} INFO - Setting next_dagrun for data_quality to 2026-03-02 16:00:00+00:00, run_after=2026-03-03 16:00:00+00:00
[2026-03-02T23:10:49.503+0000] {logging_mixin.py:188} INFO - [2026-03-02T23:10:49.503+0000] {dag.py:3954} INFO - Setting next_dagrun for produce_json to 2026-03-02 14:00:00+00:00, run_after=2026-03-03 14:00:00+00:00
[2026-03-02T23:10:49.509+0000] {logging_mixin.py:188} INFO - [2026-03-02T23:10:49.508+0000] {dag.py:3954} INFO - Setting next_dagrun for update_db to 2026-03-02 15:00:00+00:00, run_after=2026-03-03 15:00:00+00:00
[2026-03-02T23:10:49.533+0000] {processor.py:183} INFO - Processing /opt/airflow/dags/main.py took 0.388 seconds
[2026-03-02T23:11:20.020+0000] {processor.py:161} INFO - Started process (PID=1132) to work on /opt/airflow/dags/main.py
[2026-03-02T23:11:20.023+0000] {processor.py:830} INFO - Processing file /opt/airflow/dags/main.py for tasks to queue
[2026-03-02T23:11:20.026+0000] {logging_mixin.py:188} INFO - [2026-03-02T23:11:20.025+0000] {dagbag.py:545} INFO - Filling up the DagBag from /opt/airflow/dags/main.py
[2026-03-02T23:11:20.110+0000] {processor.py:840} INFO - DAG(s) 'update_db', 'data_quality', 'produce_json' retrieved from /opt/airflow/dags/main.py
[2026-03-02T23:11:20.314+0000] {logging_mixin.py:188} INFO - [2026-03-02T23:11:20.313+0000] {dag.py:3096} INFO - Sync 3 DAGs
[2026-03-02T23:11:20.363+0000] {logging_mixin.py:188} INFO - [2026-03-02T23:11:20.363+0000] {dag.py:3954} INFO - Setting next_dagrun for data_quality to 2026-03-02 16:00:00+00:00, run_after=2026-03-03 16:00:00+00:00
[2026-03-02T23:11:20.377+0000] {logging_mixin.py:188} INFO - [2026-03-02T23:11:20.377+0000] {dag.py:3954} INFO - Setting next_dagrun for produce_json to 2026-03-02 14:00:00+00:00, run_after=2026-03-03 14:00:00+00:00
[2026-03-02T23:11:20.386+0000] {logging_mixin.py:188} INFO - [2026-03-02T23:11:20.386+0000] {dag.py:3954} INFO - Setting next_dagrun for update_db to 2026-03-02 15:00:00+00:00, run_after=2026-03-03 15:00:00+00:00
[2026-03-02T23:11:20.414+0000] {processor.py:183} INFO - Processing /opt/airflow/dags/main.py took 0.411 seconds
[2026-03-02T23:11:51.446+0000] {processor.py:161} INFO - Started process (PID=1140) to work on /opt/airflow/dags/main.py
[2026-03-02T23:11:51.450+0000] {processor.py:830} INFO - Processing file /opt/airflow/dags/main.py for tasks to queue
[2026-03-02T23:11:51.459+0000] {logging_mixin.py:188} INFO - [2026-03-02T23:11:51.457+0000] {dagbag.py:545} INFO - Filling up the DagBag from /opt/airflow/dags/main.py
[2026-03-02T23:11:51.628+0000] {processor.py:840} INFO - DAG(s) 'produce_json', 'update_db', 'data_quality' retrieved from /opt/airflow/dags/main.py
[2026-03-02T23:11:51.715+0000] {logging_mixin.py:188} INFO - [2026-03-02T23:11:51.714+0000] {dag.py:3096} INFO - Sync 3 DAGs
[2026-03-02T23:11:51.777+0000] {logging_mixin.py:188} INFO - [2026-03-02T23:11:51.777+0000] {dag.py:3954} INFO - Setting next_dagrun for data_quality to 2026-03-02 16:00:00+00:00, run_after=2026-03-03 16:00:00+00:00
[2026-03-02T23:11:51.787+0000] {logging_mixin.py:188} INFO - [2026-03-02T23:11:51.786+0000] {dag.py:3954} INFO - Setting next_dagrun for produce_json to 2026-03-02 14:00:00+00:00, run_after=2026-03-03 14:00:00+00:00
[2026-03-02T23:11:51.794+0000] {logging_mixin.py:188} INFO - [2026-03-02T23:11:51.794+0000] {dag.py:3954} INFO - Setting next_dagrun for update_db to 2026-03-02 15:00:00+00:00, run_after=2026-03-03 15:00:00+00:00
[2026-03-02T23:11:51.840+0000] {processor.py:183} INFO - Processing /opt/airflow/dags/main.py took 0.424 seconds
[2026-03-02T23:12:22.001+0000] {processor.py:161} INFO - Started process (PID=1147) to work on /opt/airflow/dags/main.py
[2026-03-02T23:12:22.004+0000] {processor.py:830} INFO - Processing file /opt/airflow/dags/main.py for tasks to queue
[2026-03-02T23:12:22.006+0000] {logging_mixin.py:188} INFO - [2026-03-02T23:12:22.005+0000] {dagbag.py:545} INFO - Filling up the DagBag from /opt/airflow/dags/main.py
[2026-03-02T23:12:22.080+0000] {processor.py:840} INFO - DAG(s) 'data_quality', 'produce_json', 'update_db' retrieved from /opt/airflow/dags/main.py
[2026-03-02T23:12:22.144+0000] {logging_mixin.py:188} INFO - [2026-03-02T23:12:22.144+0000] {dag.py:3096} INFO - Sync 3 DAGs
[2026-03-02T23:12:22.185+0000] {logging_mixin.py:188} INFO - [2026-03-02T23:12:22.184+0000] {dag.py:3954} INFO - Setting next_dagrun for data_quality to 2026-03-02 16:00:00+00:00, run_after=2026-03-03 16:00:00+00:00
[2026-03-02T23:12:22.194+0000] {logging_mixin.py:188} INFO - [2026-03-02T23:12:22.193+0000] {dag.py:3954} INFO - Setting next_dagrun for produce_json to 2026-03-02 14:00:00+00:00, run_after=2026-03-03 14:00:00+00:00
[2026-03-02T23:12:22.200+0000] {logging_mixin.py:188} INFO - [2026-03-02T23:12:22.200+0000] {dag.py:3954} INFO - Setting next_dagrun for update_db to 2026-03-02 15:00:00+00:00, run_after=2026-03-03 15:00:00+00:00
[2026-03-02T23:12:22.228+0000] {processor.py:183} INFO - Processing /opt/airflow/dags/main.py took 0.240 seconds
[2026-03-02T23:12:53.005+0000] {processor.py:161} INFO - Started process (PID=1154) to work on /opt/airflow/dags/main.py
[2026-03-02T23:12:53.007+0000] {processor.py:830} INFO - Processing file /opt/airflow/dags/main.py for tasks to queue
[2026-03-02T23:12:53.010+0000] {logging_mixin.py:188} INFO - [2026-03-02T23:12:53.009+0000] {dagbag.py:545} INFO - Filling up the DagBag from /opt/airflow/dags/main.py
[2026-03-02T23:12:53.124+0000] {processor.py:840} INFO - DAG(s) 'update_db', 'data_quality', 'produce_json' retrieved from /opt/airflow/dags/main.py
[2026-03-02T23:12:53.209+0000] {logging_mixin.py:188} INFO - [2026-03-02T23:12:53.208+0000] {dag.py:3096} INFO - Sync 3 DAGs
[2026-03-02T23:12:53.261+0000] {logging_mixin.py:188} INFO - [2026-03-02T23:12:53.260+0000] {dag.py:3954} INFO - Setting next_dagrun for data_quality to 2026-03-02 16:00:00+00:00, run_after=2026-03-03 16:00:00+00:00
[2026-03-02T23:12:53.275+0000] {logging_mixin.py:188} INFO - [2026-03-02T23:12:53.275+0000] {dag.py:3954} INFO - Setting next_dagrun for produce_json to 2026-03-02 14:00:00+00:00, run_after=2026-03-03 14:00:00+00:00
[2026-03-02T23:12:53.286+0000] {logging_mixin.py:188} INFO - [2026-03-02T23:12:53.286+0000] {dag.py:3954} INFO - Setting next_dagrun for update_db to 2026-03-02 15:00:00+00:00, run_after=2026-03-03 15:00:00+00:00
[2026-03-02T23:12:53.334+0000] {processor.py:183} INFO - Processing /opt/airflow/dags/main.py took 0.342 seconds
[2026-03-02T23:13:23.402+0000] {processor.py:161} INFO - Started process (PID=1161) to work on /opt/airflow/dags/main.py
[2026-03-02T23:13:23.405+0000] {processor.py:830} INFO - Processing file /opt/airflow/dags/main.py for tasks to queue
[2026-03-02T23:13:23.406+0000] {logging_mixin.py:188} INFO - [2026-03-02T23:13:23.406+0000] {dagbag.py:545} INFO - Filling up the DagBag from /opt/airflow/dags/main.py
[2026-03-02T23:13:23.481+0000] {processor.py:840} INFO - DAG(s) 'data_quality', 'produce_json', 'update_db' retrieved from /opt/airflow/dags/main.py
[2026-03-02T23:13:23.575+0000] {logging_mixin.py:188} INFO - [2026-03-02T23:13:23.574+0000] {dag.py:3096} INFO - Sync 3 DAGs
[2026-03-02T23:13:23.637+0000] {logging_mixin.py:188} INFO - [2026-03-02T23:13:23.636+0000] {dag.py:3954} INFO - Setting next_dagrun for data_quality to 2026-03-02 16:00:00+00:00, run_after=2026-03-03 16:00:00+00:00
[2026-03-02T23:13:23.649+0000] {logging_mixin.py:188} INFO - [2026-03-02T23:13:23.649+0000] {dag.py:3954} INFO - Setting next_dagrun for produce_json to 2026-03-02 14:00:00+00:00, run_after=2026-03-03 14:00:00+00:00
[2026-03-02T23:13:23.657+0000] {logging_mixin.py:188} INFO - [2026-03-02T23:13:23.656+0000] {dag.py:3954} INFO - Setting next_dagrun for update_db to 2026-03-02 15:00:00+00:00, run_after=2026-03-03 15:00:00+00:00
[2026-03-02T23:13:23.714+0000] {processor.py:183} INFO - Processing /opt/airflow/dags/main.py took 0.327 seconds
[2026-03-02T23:13:54.721+0000] {processor.py:161} INFO - Started process (PID=1168) to work on /opt/airflow/dags/main.py
[2026-03-02T23:13:54.723+0000] {processor.py:830} INFO - Processing file /opt/airflow/dags/main.py for tasks to queue
[2026-03-02T23:13:54.724+0000] {logging_mixin.py:188} INFO - [2026-03-02T23:13:54.724+0000] {dagbag.py:545} INFO - Filling up the DagBag from /opt/airflow/dags/main.py
[2026-03-02T23:13:54.805+0000] {processor.py:840} INFO - DAG(s) 'data_quality', 'update_db', 'produce_json' retrieved from /opt/airflow/dags/main.py
[2026-03-02T23:13:54.902+0000] {logging_mixin.py:188} INFO - [2026-03-02T23:13:54.901+0000] {dag.py:3096} INFO - Sync 3 DAGs
[2026-03-02T23:13:54.963+0000] {logging_mixin.py:188} INFO - [2026-03-02T23:13:54.960+0000] {dag.py:3954} INFO - Setting next_dagrun for data_quality to 2026-03-02 16:00:00+00:00, run_after=2026-03-03 16:00:00+00:00
[2026-03-02T23:13:54.974+0000] {logging_mixin.py:188} INFO - [2026-03-02T23:13:54.973+0000] {dag.py:3954} INFO - Setting next_dagrun for produce_json to 2026-03-02 14:00:00+00:00, run_after=2026-03-03 14:00:00+00:00
[2026-03-02T23:13:54.987+0000] {logging_mixin.py:188} INFO - [2026-03-02T23:13:54.987+0000] {dag.py:3954} INFO - Setting next_dagrun for update_db to 2026-03-02 15:00:00+00:00, run_after=2026-03-03 15:00:00+00:00
[2026-03-02T23:13:55.059+0000] {processor.py:183} INFO - Processing /opt/airflow/dags/main.py took 0.353 seconds
[2026-03-02T23:14:25.675+0000] {processor.py:161} INFO - Started process (PID=1175) to work on /opt/airflow/dags/main.py
[2026-03-02T23:14:25.678+0000] {processor.py:830} INFO - Processing file /opt/airflow/dags/main.py for tasks to queue
[2026-03-02T23:14:25.679+0000] {logging_mixin.py:188} INFO - [2026-03-02T23:14:25.679+0000] {dagbag.py:545} INFO - Filling up the DagBag from /opt/airflow/dags/main.py
[2026-03-02T23:14:25.757+0000] {processor.py:840} INFO - DAG(s) 'data_quality', 'update_db', 'produce_json' retrieved from /opt/airflow/dags/main.py
[2026-03-02T23:14:25.865+0000] {logging_mixin.py:188} INFO - [2026-03-02T23:14:25.863+0000] {dag.py:3096} INFO - Sync 3 DAGs
[2026-03-02T23:14:25.930+0000] {logging_mixin.py:188} INFO - [2026-03-02T23:14:25.930+0000] {dag.py:3954} INFO - Setting next_dagrun for data_quality to 2026-03-02 16:00:00+00:00, run_after=2026-03-03 16:00:00+00:00
[2026-03-02T23:14:25.942+0000] {logging_mixin.py:188} INFO - [2026-03-02T23:14:25.941+0000] {dag.py:3954} INFO - Setting next_dagrun for produce_json to 2026-03-02 14:00:00+00:00, run_after=2026-03-03 14:00:00+00:00
[2026-03-02T23:14:25.954+0000] {logging_mixin.py:188} INFO - [2026-03-02T23:14:25.954+0000] {dag.py:3954} INFO - Setting next_dagrun for update_db to 2026-03-02 15:00:00+00:00, run_after=2026-03-03 15:00:00+00:00
[2026-03-02T23:14:26.018+0000] {processor.py:183} INFO - Processing /opt/airflow/dags/main.py took 0.357 seconds
[2026-03-02T23:14:56.802+0000] {processor.py:161} INFO - Started process (PID=1182) to work on /opt/airflow/dags/main.py
[2026-03-02T23:14:56.804+0000] {processor.py:830} INFO - Processing file /opt/airflow/dags/main.py for tasks to queue
[2026-03-02T23:14:56.806+0000] {logging_mixin.py:188} INFO - [2026-03-02T23:14:56.805+0000] {dagbag.py:545} INFO - Filling up the DagBag from /opt/airflow/dags/main.py
[2026-03-02T23:14:56.880+0000] {processor.py:840} INFO - DAG(s) 'produce_json', 'data_quality', 'update_db' retrieved from /opt/airflow/dags/main.py
[2026-03-02T23:14:56.949+0000] {logging_mixin.py:188} INFO - [2026-03-02T23:14:56.948+0000] {dag.py:3096} INFO - Sync 3 DAGs
[2026-03-02T23:14:57.011+0000] {logging_mixin.py:188} INFO - [2026-03-02T23:14:57.011+0000] {dag.py:3954} INFO - Setting next_dagrun for data_quality to 2026-03-02 16:00:00+00:00, run_after=2026-03-03 16:00:00+00:00
[2026-03-02T23:14:57.023+0000] {logging_mixin.py:188} INFO - [2026-03-02T23:14:57.023+0000] {dag.py:3954} INFO - Setting next_dagrun for produce_json to 2026-03-02 14:00:00+00:00, run_after=2026-03-03 14:00:00+00:00
[2026-03-02T23:14:57.032+0000] {logging_mixin.py:188} INFO - [2026-03-02T23:14:57.032+0000] {dag.py:3954} INFO - Setting next_dagrun for update_db to 2026-03-02 15:00:00+00:00, run_after=2026-03-03 15:00:00+00:00
[2026-03-02T23:14:57.079+0000] {processor.py:183} INFO - Processing /opt/airflow/dags/main.py took 0.293 seconds
[2026-03-02T23:15:27.564+0000] {processor.py:161} INFO - Started process (PID=1190) to work on /opt/airflow/dags/main.py
[2026-03-02T23:15:27.568+0000] {processor.py:830} INFO - Processing file /opt/airflow/dags/main.py for tasks to queue
[2026-03-02T23:15:27.601+0000] {logging_mixin.py:188} INFO - [2026-03-02T23:15:27.598+0000] {dagbag.py:545} INFO - Filling up the DagBag from /opt/airflow/dags/main.py
[2026-03-02T23:15:27.683+0000] {processor.py:840} INFO - DAG(s) 'data_quality', 'produce_json', 'update_db' retrieved from /opt/airflow/dags/main.py
[2026-03-02T23:15:27.778+0000] {logging_mixin.py:188} INFO - [2026-03-02T23:15:27.777+0000] {dag.py:3096} INFO - Sync 3 DAGs
[2026-03-02T23:15:27.831+0000] {logging_mixin.py:188} INFO - [2026-03-02T23:15:27.830+0000] {dag.py:3954} INFO - Setting next_dagrun for data_quality to 2026-03-02 16:00:00+00:00, run_after=2026-03-03 16:00:00+00:00
[2026-03-02T23:15:27.840+0000] {logging_mixin.py:188} INFO - [2026-03-02T23:15:27.839+0000] {dag.py:3954} INFO - Setting next_dagrun for produce_json to 2026-03-02 14:00:00+00:00, run_after=2026-03-03 14:00:00+00:00
[2026-03-02T23:15:27.848+0000] {logging_mixin.py:188} INFO - [2026-03-02T23:15:27.848+0000] {dag.py:3954} INFO - Setting next_dagrun for update_db to 2026-03-02 15:00:00+00:00, run_after=2026-03-03 15:00:00+00:00
[2026-03-02T23:15:27.876+0000] {processor.py:183} INFO - Processing /opt/airflow/dags/main.py took 0.334 seconds
[2026-03-02T23:15:58.132+0000] {processor.py:161} INFO - Started process (PID=1197) to work on /opt/airflow/dags/main.py
[2026-03-02T23:15:58.134+0000] {processor.py:830} INFO - Processing file /opt/airflow/dags/main.py for tasks to queue
[2026-03-02T23:15:58.138+0000] {logging_mixin.py:188} INFO - [2026-03-02T23:15:58.137+0000] {dagbag.py:545} INFO - Filling up the DagBag from /opt/airflow/dags/main.py
[2026-03-02T23:15:58.269+0000] {processor.py:840} INFO - DAG(s) 'data_quality', 'update_db', 'produce_json' retrieved from /opt/airflow/dags/main.py
[2026-03-02T23:15:58.368+0000] {logging_mixin.py:188} INFO - [2026-03-02T23:15:58.368+0000] {dag.py:3096} INFO - Sync 3 DAGs
[2026-03-02T23:15:58.417+0000] {logging_mixin.py:188} INFO - [2026-03-02T23:15:58.417+0000] {dag.py:3954} INFO - Setting next_dagrun for data_quality to 2026-03-02 16:00:00+00:00, run_after=2026-03-03 16:00:00+00:00
[2026-03-02T23:15:58.429+0000] {logging_mixin.py:188} INFO - [2026-03-02T23:15:58.429+0000] {dag.py:3954} INFO - Setting next_dagrun for produce_json to 2026-03-02 14:00:00+00:00, run_after=2026-03-03 14:00:00+00:00
[2026-03-02T23:15:58.441+0000] {logging_mixin.py:188} INFO - [2026-03-02T23:15:58.440+0000] {dag.py:3954} INFO - Setting next_dagrun for update_db to 2026-03-02 15:00:00+00:00, run_after=2026-03-03 15:00:00+00:00
[2026-03-02T23:15:58.481+0000] {processor.py:183} INFO - Processing /opt/airflow/dags/main.py took 0.362 seconds
[2026-03-02T23:16:30.982+0000] {processor.py:161} INFO - Started process (PID=1204) to work on /opt/airflow/dags/main.py
[2026-03-02T23:16:31.009+0000] {processor.py:830} INFO - Processing file /opt/airflow/dags/main.py for tasks to queue
[2026-03-02T23:16:31.022+0000] {logging_mixin.py:188} INFO - [2026-03-02T23:16:31.014+0000] {dagbag.py:545} INFO - Filling up the DagBag from /opt/airflow/dags/main.py
[2026-03-02T23:16:31.247+0000] {processor.py:840} INFO - DAG(s) 'update_db', 'produce_json', 'data_quality' retrieved from /opt/airflow/dags/main.py
[2026-03-02T23:16:31.330+0000] {logging_mixin.py:188} INFO - [2026-03-02T23:16:31.330+0000] {dag.py:3096} INFO - Sync 3 DAGs
[2026-03-02T23:16:31.379+0000] {logging_mixin.py:188} INFO - [2026-03-02T23:16:31.379+0000] {dag.py:3954} INFO - Setting next_dagrun for data_quality to 2026-03-02 16:00:00+00:00, run_after=2026-03-03 16:00:00+00:00
[2026-03-02T23:16:31.388+0000] {logging_mixin.py:188} INFO - [2026-03-02T23:16:31.388+0000] {dag.py:3954} INFO - Setting next_dagrun for produce_json to 2026-03-02 14:00:00+00:00, run_after=2026-03-03 14:00:00+00:00
[2026-03-02T23:16:31.399+0000] {logging_mixin.py:188} INFO - [2026-03-02T23:16:31.399+0000] {dag.py:3954} INFO - Setting next_dagrun for update_db to 2026-03-02 15:00:00+00:00, run_after=2026-03-03 15:00:00+00:00
[2026-03-02T23:16:31.449+0000] {processor.py:183} INFO - Processing /opt/airflow/dags/main.py took 0.481 seconds
[2026-03-02T23:17:02.044+0000] {processor.py:161} INFO - Started process (PID=1211) to work on /opt/airflow/dags/main.py
[2026-03-02T23:17:02.047+0000] {processor.py:830} INFO - Processing file /opt/airflow/dags/main.py for tasks to queue
[2026-03-02T23:17:02.049+0000] {logging_mixin.py:188} INFO - [2026-03-02T23:17:02.048+0000] {dagbag.py:545} INFO - Filling up the DagBag from /opt/airflow/dags/main.py
[2026-03-02T23:17:02.147+0000] {processor.py:840} INFO - DAG(s) 'update_db', 'produce_json', 'data_quality' retrieved from /opt/airflow/dags/main.py
[2026-03-02T23:17:02.225+0000] {logging_mixin.py:188} INFO - [2026-03-02T23:17:02.225+0000] {dag.py:3096} INFO - Sync 3 DAGs
[2026-03-02T23:17:02.268+0000] {logging_mixin.py:188} INFO - [2026-03-02T23:17:02.267+0000] {dag.py:3954} INFO - Setting next_dagrun for data_quality to 2026-03-02 16:00:00+00:00, run_after=2026-03-03 16:00:00+00:00
[2026-03-02T23:17:02.278+0000] {logging_mixin.py:188} INFO - [2026-03-02T23:17:02.278+0000] {dag.py:3954} INFO - Setting next_dagrun for produce_json to 2026-03-02 14:00:00+00:00, run_after=2026-03-03 14:00:00+00:00
[2026-03-02T23:17:02.284+0000] {logging_mixin.py:188} INFO - [2026-03-02T23:17:02.284+0000] {dag.py:3954} INFO - Setting next_dagrun for update_db to 2026-03-02 15:00:00+00:00, run_after=2026-03-03 15:00:00+00:00
[2026-03-02T23:17:02.338+0000] {processor.py:183} INFO - Processing /opt/airflow/dags/main.py took 0.309 seconds
[2026-03-02T23:17:33.273+0000] {processor.py:161} INFO - Started process (PID=1218) to work on /opt/airflow/dags/main.py
[2026-03-02T23:17:33.278+0000] {processor.py:830} INFO - Processing file /opt/airflow/dags/main.py for tasks to queue
[2026-03-02T23:17:33.280+0000] {logging_mixin.py:188} INFO - [2026-03-02T23:17:33.280+0000] {dagbag.py:545} INFO - Filling up the DagBag from /opt/airflow/dags/main.py
[2026-03-02T23:17:33.360+0000] {processor.py:840} INFO - DAG(s) 'update_db', 'data_quality', 'produce_json' retrieved from /opt/airflow/dags/main.py
[2026-03-02T23:17:33.427+0000] {logging_mixin.py:188} INFO - [2026-03-02T23:17:33.427+0000] {dag.py:3096} INFO - Sync 3 DAGs
[2026-03-02T23:17:33.468+0000] {logging_mixin.py:188} INFO - [2026-03-02T23:17:33.468+0000] {dag.py:3954} INFO - Setting next_dagrun for data_quality to 2026-03-02 16:00:00+00:00, run_after=2026-03-03 16:00:00+00:00
[2026-03-02T23:17:33.478+0000] {logging_mixin.py:188} INFO - [2026-03-02T23:17:33.478+0000] {dag.py:3954} INFO - Setting next_dagrun for produce_json to 2026-03-02 14:00:00+00:00, run_after=2026-03-03 14:00:00+00:00
[2026-03-02T23:17:33.485+0000] {logging_mixin.py:188} INFO - [2026-03-02T23:17:33.485+0000] {dag.py:3954} INFO - Setting next_dagrun for update_db to 2026-03-02 15:00:00+00:00, run_after=2026-03-03 15:00:00+00:00
[2026-03-02T23:17:33.534+0000] {processor.py:183} INFO - Processing /opt/airflow/dags/main.py took 0.277 seconds
[2026-03-02T23:18:04.562+0000] {processor.py:161} INFO - Started process (PID=1225) to work on /opt/airflow/dags/main.py
[2026-03-02T23:18:04.565+0000] {processor.py:830} INFO - Processing file /opt/airflow/dags/main.py for tasks to queue
[2026-03-02T23:18:04.567+0000] {logging_mixin.py:188} INFO - [2026-03-02T23:18:04.566+0000] {dagbag.py:545} INFO - Filling up the DagBag from /opt/airflow/dags/main.py
[2026-03-02T23:18:04.629+0000] {processor.py:840} INFO - DAG(s) 'update_db', 'produce_json', 'data_quality' retrieved from /opt/airflow/dags/main.py
[2026-03-02T23:18:04.691+0000] {logging_mixin.py:188} INFO - [2026-03-02T23:18:04.691+0000] {dag.py:3096} INFO - Sync 3 DAGs
[2026-03-02T23:18:04.729+0000] {logging_mixin.py:188} INFO - [2026-03-02T23:18:04.729+0000] {dag.py:3954} INFO - Setting next_dagrun for data_quality to 2026-03-02 16:00:00+00:00, run_after=2026-03-03 16:00:00+00:00
[2026-03-02T23:18:04.737+0000] {logging_mixin.py:188} INFO - [2026-03-02T23:18:04.736+0000] {dag.py:3954} INFO - Setting next_dagrun for produce_json to 2026-03-02 14:00:00+00:00, run_after=2026-03-03 14:00:00+00:00
[2026-03-02T23:18:04.742+0000] {logging_mixin.py:188} INFO - [2026-03-02T23:18:04.742+0000] {dag.py:3954} INFO - Setting next_dagrun for update_db to 2026-03-02 15:00:00+00:00, run_after=2026-03-03 15:00:00+00:00
[2026-03-02T23:18:04.768+0000] {processor.py:183} INFO - Processing /opt/airflow/dags/main.py took 0.217 seconds
[2026-03-02T23:18:15.161+0000] {processor.py:161} INFO - Started process (PID=1226) to work on /opt/airflow/dags/main.py
[2026-03-02T23:18:15.169+0000] {processor.py:830} INFO - Processing file /opt/airflow/dags/main.py for tasks to queue
[2026-03-02T23:18:15.173+0000] {logging_mixin.py:188} INFO - [2026-03-02T23:18:15.172+0000] {dagbag.py:545} INFO - Filling up the DagBag from /opt/airflow/dags/main.py
[2026-03-02T23:18:15.285+0000] {processor.py:840} INFO - DAG(s) 'data_quality', 'produce_json', 'update_db' retrieved from /opt/airflow/dags/main.py
[2026-03-02T23:18:15.370+0000] {logging_mixin.py:188} INFO - [2026-03-02T23:18:15.370+0000] {dag.py:3096} INFO - Sync 3 DAGs
[2026-03-02T23:18:15.411+0000] {logging_mixin.py:188} INFO - [2026-03-02T23:18:15.410+0000] {dag.py:3954} INFO - Setting next_dagrun for data_quality to 2026-03-02 16:00:00+00:00, run_after=2026-03-03 16:00:00+00:00
[2026-03-02T23:18:15.427+0000] {logging_mixin.py:188} INFO - [2026-03-02T23:18:15.426+0000] {dag.py:3954} INFO - Setting next_dagrun for produce_json to 2026-03-02 14:00:00+00:00, run_after=2026-03-03 14:00:00+00:00
[2026-03-02T23:18:15.442+0000] {logging_mixin.py:188} INFO - [2026-03-02T23:18:15.442+0000] {dag.py:3954} INFO - Setting next_dagrun for update_db to 2026-03-02 15:00:00+00:00, run_after=2026-03-03 15:00:00+00:00
[2026-03-02T23:18:15.497+0000] {processor.py:183} INFO - Processing /opt/airflow/dags/main.py took 0.368 seconds
[2026-03-02T23:18:19.606+0000] {processor.py:161} INFO - Started process (PID=1234) to work on /opt/airflow/dags/main.py
[2026-03-02T23:18:19.613+0000] {processor.py:830} INFO - Processing file /opt/airflow/dags/main.py for tasks to queue
[2026-03-02T23:18:19.617+0000] {logging_mixin.py:188} INFO - [2026-03-02T23:18:19.616+0000] {dagbag.py:545} INFO - Filling up the DagBag from /opt/airflow/dags/main.py
[2026-03-02T23:18:19.746+0000] {processor.py:840} INFO - DAG(s) 'produce_json', 'update_db', 'data_quality' retrieved from /opt/airflow/dags/main.py
[2026-03-02T23:18:19.949+0000] {logging_mixin.py:188} INFO - [2026-03-02T23:18:19.945+0000] {dag.py:3096} INFO - Sync 3 DAGs
[2026-03-02T23:18:20.056+0000] {logging_mixin.py:188} INFO - [2026-03-02T23:18:20.052+0000] {dag.py:3954} INFO - Setting next_dagrun for data_quality to 2026-03-02 16:00:00+00:00, run_after=2026-03-03 16:00:00+00:00
[2026-03-02T23:18:20.080+0000] {logging_mixin.py:188} INFO - [2026-03-02T23:18:20.080+0000] {dag.py:3954} INFO - Setting next_dagrun for produce_json to 2026-03-02 14:00:00+00:00, run_after=2026-03-03 14:00:00+00:00
[2026-03-02T23:18:20.090+0000] {logging_mixin.py:188} INFO - [2026-03-02T23:18:20.088+0000] {dag.py:3954} INFO - Setting next_dagrun for update_db to 2026-03-02 15:00:00+00:00, run_after=2026-03-03 15:00:00+00:00
[2026-03-02T23:18:20.125+0000] {processor.py:183} INFO - Processing /opt/airflow/dags/main.py took 0.536 seconds
[2026-03-02T23:18:29.266+0000] {processor.py:161} INFO - Started process (PID=1235) to work on /opt/airflow/dags/main.py
[2026-03-02T23:18:29.269+0000] {processor.py:830} INFO - Processing file /opt/airflow/dags/main.py for tasks to queue
[2026-03-02T23:18:29.271+0000] {logging_mixin.py:188} INFO - [2026-03-02T23:18:29.271+0000] {dagbag.py:545} INFO - Filling up the DagBag from /opt/airflow/dags/main.py
[2026-03-02T23:18:29.350+0000] {processor.py:840} INFO - DAG(s) 'produce_json', 'data_quality', 'update_db' retrieved from /opt/airflow/dags/main.py
[2026-03-02T23:18:29.432+0000] {logging_mixin.py:188} INFO - [2026-03-02T23:18:29.431+0000] {dag.py:3096} INFO - Sync 3 DAGs
[2026-03-02T23:18:29.476+0000] {logging_mixin.py:188} INFO - [2026-03-02T23:18:29.475+0000] {dag.py:3954} INFO - Setting next_dagrun for data_quality to 2026-03-02 16:00:00+00:00, run_after=2026-03-03 16:00:00+00:00
[2026-03-02T23:18:29.486+0000] {logging_mixin.py:188} INFO - [2026-03-02T23:18:29.486+0000] {dag.py:3954} INFO - Setting next_dagrun for produce_json to 2026-03-02 14:00:00+00:00, run_after=2026-03-03 14:00:00+00:00
[2026-03-02T23:18:29.493+0000] {logging_mixin.py:188} INFO - [2026-03-02T23:18:29.493+0000] {dag.py:3954} INFO - Setting next_dagrun for update_db to 2026-03-02 15:00:00+00:00, run_after=2026-03-03 15:00:00+00:00
[2026-03-02T23:18:29.547+0000] {processor.py:183} INFO - Processing /opt/airflow/dags/main.py took 0.292 seconds
[2026-03-02T23:18:34.329+0000] {processor.py:161} INFO - Started process (PID=1236) to work on /opt/airflow/dags/main.py
[2026-03-02T23:18:34.330+0000] {processor.py:830} INFO - Processing file /opt/airflow/dags/main.py for tasks to queue
[2026-03-02T23:18:34.332+0000] {logging_mixin.py:188} INFO - [2026-03-02T23:18:34.331+0000] {dagbag.py:545} INFO - Filling up the DagBag from /opt/airflow/dags/main.py
[2026-03-02T23:18:34.341+0000] {logging_mixin.py:188} INFO - [2026-03-02T23:18:34.336+0000] {dagbag.py:355} ERROR - Failed to import: /opt/airflow/dags/main.py
Traceback (most recent call last):
  File "/home/airflow/.local/lib/python3.10/site-packages/airflow/models/dagbag.py", line 351, in parse
    loader.exec_module(new_module)
  File "<frozen importlib._bootstrap_external>", line 879, in exec_module
  File "<frozen importlib._bootstrap_external>", line 1017, in get_code
  File "<frozen importlib._bootstrap_external>", line 947, in source_to_code
  File "<frozen importlib._bootstrap>", line 241, in _call_with_frames_removed
  File "/opt/airflow/dags/main.py", line 4
    from au
           ^
SyntaxError: invalid syntax
[2026-03-02T23:18:34.342+0000] {processor.py:842} WARNING - No viable dags retrieved from /opt/airflow/dags/main.py
[2026-03-02T23:18:34.411+0000] {processor.py:183} INFO - Processing /opt/airflow/dags/main.py took 0.094 seconds
[2026-03-02T23:18:39.600+0000] {processor.py:161} INFO - Started process (PID=1237) to work on /opt/airflow/dags/main.py
[2026-03-02T23:18:39.603+0000] {processor.py:830} INFO - Processing file /opt/airflow/dags/main.py for tasks to queue
[2026-03-02T23:18:39.607+0000] {logging_mixin.py:188} INFO - [2026-03-02T23:18:39.606+0000] {dagbag.py:545} INFO - Filling up the DagBag from /opt/airflow/dags/main.py
[2026-03-02T23:18:39.617+0000] {logging_mixin.py:188} INFO - [2026-03-02T23:18:39.612+0000] {dagbag.py:355} ERROR - Failed to import: /opt/airflow/dags/main.py
Traceback (most recent call last):
  File "/home/airflow/.local/lib/python3.10/site-packages/airflow/models/dagbag.py", line 351, in parse
    loader.exec_module(new_module)
  File "<frozen importlib._bootstrap_external>", line 879, in exec_module
  File "<frozen importlib._bootstrap_external>", line 1017, in get_code
  File "<frozen importlib._bootstrap_external>", line 947, in source_to_code
  File "<frozen importlib._bootstrap>", line 241, in _call_with_frames_removed
  File "/opt/airflow/dags/main.py", line 4
    from airflow.
                 ^
SyntaxError: invalid syntax
[2026-03-02T23:18:39.618+0000] {processor.py:842} WARNING - No viable dags retrieved from /opt/airflow/dags/main.py
[2026-03-02T23:18:39.704+0000] {processor.py:183} INFO - Processing /opt/airflow/dags/main.py took 0.132 seconds
[2026-03-02T23:18:41.660+0000] {processor.py:161} INFO - Started process (PID=1238) to work on /opt/airflow/dags/main.py
[2026-03-02T23:18:41.663+0000] {processor.py:830} INFO - Processing file /opt/airflow/dags/main.py for tasks to queue
[2026-03-02T23:18:41.665+0000] {logging_mixin.py:188} INFO - [2026-03-02T23:18:41.664+0000] {dagbag.py:545} INFO - Filling up the DagBag from /opt/airflow/dags/main.py
[2026-03-02T23:18:41.671+0000] {logging_mixin.py:188} INFO - [2026-03-02T23:18:41.670+0000] {dagbag.py:355} ERROR - Failed to import: /opt/airflow/dags/main.py
Traceback (most recent call last):
  File "/home/airflow/.local/lib/python3.10/site-packages/airflow/models/dagbag.py", line 351, in parse
    loader.exec_module(new_module)
  File "<frozen importlib._bootstrap_external>", line 879, in exec_module
  File "<frozen importlib._bootstrap_external>", line 1017, in get_code
  File "<frozen importlib._bootstrap_external>", line 947, in source_to_code
  File "<frozen importlib._bootstrap>", line 241, in _call_with_frames_removed
  File "/opt/airflow/dags/main.py", line 4
    from airflow.op
                   ^
SyntaxError: invalid syntax
[2026-03-02T23:18:41.672+0000] {processor.py:842} WARNING - No viable dags retrieved from /opt/airflow/dags/main.py
[2026-03-02T23:18:41.709+0000] {processor.py:183} INFO - Processing /opt/airflow/dags/main.py took 0.060 seconds
[2026-03-02T23:18:45.760+0000] {processor.py:161} INFO - Started process (PID=1239) to work on /opt/airflow/dags/main.py
[2026-03-02T23:18:45.764+0000] {processor.py:830} INFO - Processing file /opt/airflow/dags/main.py for tasks to queue
[2026-03-02T23:18:45.768+0000] {logging_mixin.py:188} INFO - [2026-03-02T23:18:45.766+0000] {dagbag.py:545} INFO - Filling up the DagBag from /opt/airflow/dags/main.py
[2026-03-02T23:18:45.774+0000] {logging_mixin.py:188} INFO - [2026-03-02T23:18:45.773+0000] {dagbag.py:355} ERROR - Failed to import: /opt/airflow/dags/main.py
Traceback (most recent call last):
  File "/home/airflow/.local/lib/python3.10/site-packages/airflow/models/dagbag.py", line 351, in parse
    loader.exec_module(new_module)
  File "<frozen importlib._bootstrap_external>", line 879, in exec_module
  File "<frozen importlib._bootstrap_external>", line 1017, in get_code
  File "<frozen importlib._bootstrap_external>", line 947, in source_to_code
  File "<frozen importlib._bootstrap>", line 241, in _call_with_frames_removed
  File "/opt/airflow/dags/main.py", line 4
    from airflow.operators.
                           ^
SyntaxError: invalid syntax
[2026-03-02T23:18:45.775+0000] {processor.py:842} WARNING - No viable dags retrieved from /opt/airflow/dags/main.py
[2026-03-02T23:18:45.812+0000] {processor.py:183} INFO - Processing /opt/airflow/dags/main.py took 0.066 seconds
[2026-03-02T23:18:49.844+0000] {processor.py:161} INFO - Started process (PID=1245) to work on /opt/airflow/dags/main.py
[2026-03-02T23:18:49.846+0000] {processor.py:830} INFO - Processing file /opt/airflow/dags/main.py for tasks to queue
[2026-03-02T23:18:49.847+0000] {logging_mixin.py:188} INFO - [2026-03-02T23:18:49.847+0000] {dagbag.py:545} INFO - Filling up the DagBag from /opt/airflow/dags/main.py
[2026-03-02T23:18:49.852+0000] {logging_mixin.py:188} INFO - [2026-03-02T23:18:49.851+0000] {dagbag.py:355} ERROR - Failed to import: /opt/airflow/dags/main.py
Traceback (most recent call last):
  File "/home/airflow/.local/lib/python3.10/site-packages/airflow/models/dagbag.py", line 351, in parse
    loader.exec_module(new_module)
  File "<frozen importlib._bootstrap_external>", line 879, in exec_module
  File "<frozen importlib._bootstrap_external>", line 1017, in get_code
  File "<frozen importlib._bootstrap_external>", line 947, in source_to_code
  File "<frozen importlib._bootstrap>", line 241, in _call_with_frames_removed
  File "/opt/airflow/dags/main.py", line 4
    from airflow.operators.trigger
                                  ^
SyntaxError: invalid syntax
[2026-03-02T23:18:49.853+0000] {processor.py:842} WARNING - No viable dags retrieved from /opt/airflow/dags/main.py
[2026-03-02T23:18:49.892+0000] {processor.py:183} INFO - Processing /opt/airflow/dags/main.py took 0.059 seconds
[2026-03-02T23:18:59.141+0000] {processor.py:161} INFO - Started process (PID=1246) to work on /opt/airflow/dags/main.py
[2026-03-02T23:18:59.143+0000] {processor.py:830} INFO - Processing file /opt/airflow/dags/main.py for tasks to queue
[2026-03-02T23:18:59.148+0000] {logging_mixin.py:188} INFO - [2026-03-02T23:18:59.147+0000] {dagbag.py:545} INFO - Filling up the DagBag from /opt/airflow/dags/main.py
[2026-03-02T23:18:59.155+0000] {logging_mixin.py:188} INFO - [2026-03-02T23:18:59.154+0000] {dagbag.py:355} ERROR - Failed to import: /opt/airflow/dags/main.py
Traceback (most recent call last):
  File "/home/airflow/.local/lib/python3.10/site-packages/airflow/models/dagbag.py", line 351, in parse
    loader.exec_module(new_module)
  File "<frozen importlib._bootstrap_external>", line 879, in exec_module
  File "<frozen importlib._bootstrap_external>", line 1017, in get_code
  File "<frozen importlib._bootstrap_external>", line 947, in source_to_code
  File "<frozen importlib._bootstrap>", line 241, in _call_with_frames_removed
  File "/opt/airflow/dags/main.py", line 4
    from airflow.operators.trigger_dragrun
                                          ^
SyntaxError: invalid syntax
[2026-03-02T23:18:59.156+0000] {processor.py:842} WARNING - No viable dags retrieved from /opt/airflow/dags/main.py
[2026-03-02T23:18:59.690+0000] {processor.py:183} INFO - Processing /opt/airflow/dags/main.py took 0.566 seconds
[2026-03-02T23:19:04.710+0000] {processor.py:161} INFO - Started process (PID=1247) to work on /opt/airflow/dags/main.py
[2026-03-02T23:19:04.713+0000] {processor.py:830} INFO - Processing file /opt/airflow/dags/main.py for tasks to queue
[2026-03-02T23:19:04.715+0000] {logging_mixin.py:188} INFO - [2026-03-02T23:19:04.714+0000] {dagbag.py:545} INFO - Filling up the DagBag from /opt/airflow/dags/main.py
[2026-03-02T23:19:04.722+0000] {logging_mixin.py:188} INFO - [2026-03-02T23:19:04.720+0000] {dagbag.py:355} ERROR - Failed to import: /opt/airflow/dags/main.py
Traceback (most recent call last):
  File "/home/airflow/.local/lib/python3.10/site-packages/airflow/models/dagbag.py", line 351, in parse
    loader.exec_module(new_module)
  File "<frozen importlib._bootstrap_external>", line 879, in exec_module
  File "<frozen importlib._bootstrap_external>", line 1017, in get_code
  File "<frozen importlib._bootstrap_external>", line 947, in source_to_code
  File "<frozen importlib._bootstrap>", line 241, in _call_with_frames_removed
  File "/opt/airflow/dags/main.py", line 4
    from airflow.operators.trigger_dragrun import 
                                                  ^
SyntaxError: invalid syntax
[2026-03-02T23:19:04.722+0000] {processor.py:842} WARNING - No viable dags retrieved from /opt/airflow/dags/main.py
[2026-03-02T23:19:04.759+0000] {processor.py:183} INFO - Processing /opt/airflow/dags/main.py took 0.071 seconds
[2026-03-02T23:19:07.733+0000] {processor.py:161} INFO - Started process (PID=1248) to work on /opt/airflow/dags/main.py
[2026-03-02T23:19:07.735+0000] {processor.py:830} INFO - Processing file /opt/airflow/dags/main.py for tasks to queue
[2026-03-02T23:19:07.737+0000] {logging_mixin.py:188} INFO - [2026-03-02T23:19:07.737+0000] {dagbag.py:545} INFO - Filling up the DagBag from /opt/airflow/dags/main.py
[2026-03-02T23:19:07.747+0000] {logging_mixin.py:188} INFO - [2026-03-02T23:19:07.743+0000] {dagbag.py:355} ERROR - Failed to import: /opt/airflow/dags/main.py
Traceback (most recent call last):
  File "/home/airflow/.local/lib/python3.10/site-packages/airflow/models/dagbag.py", line 351, in parse
    loader.exec_module(new_module)
  File "<frozen importlib._bootstrap_external>", line 883, in exec_module
  File "<frozen importlib._bootstrap>", line 241, in _call_with_frames_removed
  File "/opt/airflow/dags/main.py", line 4, in <module>
    from airflow.operators.trigger_dragrun import Trigger
ModuleNotFoundError: No module named 'airflow.operators.trigger_dragrun'
[2026-03-02T23:19:07.748+0000] {processor.py:842} WARNING - No viable dags retrieved from /opt/airflow/dags/main.py
[2026-03-02T23:19:07.800+0000] {processor.py:183} INFO - Processing /opt/airflow/dags/main.py took 0.079 seconds
[2026-03-02T23:19:11.236+0000] {processor.py:161} INFO - Started process (PID=1249) to work on /opt/airflow/dags/main.py
[2026-03-02T23:19:11.239+0000] {processor.py:830} INFO - Processing file /opt/airflow/dags/main.py for tasks to queue
[2026-03-02T23:19:11.242+0000] {logging_mixin.py:188} INFO - [2026-03-02T23:19:11.242+0000] {dagbag.py:545} INFO - Filling up the DagBag from /opt/airflow/dags/main.py
[2026-03-02T23:19:11.251+0000] {logging_mixin.py:188} INFO - [2026-03-02T23:19:11.249+0000] {dagbag.py:355} ERROR - Failed to import: /opt/airflow/dags/main.py
Traceback (most recent call last):
  File "/home/airflow/.local/lib/python3.10/site-packages/airflow/models/dagbag.py", line 351, in parse
    loader.exec_module(new_module)
  File "<frozen importlib._bootstrap_external>", line 883, in exec_module
  File "<frozen importlib._bootstrap>", line 241, in _call_with_frames_removed
  File "/opt/airflow/dags/main.py", line 4, in <module>
    from airflow.operators.trigger_dragrun import TriggerDag
ModuleNotFoundError: No module named 'airflow.operators.trigger_dragrun'
[2026-03-02T23:19:11.252+0000] {processor.py:842} WARNING - No viable dags retrieved from /opt/airflow/dags/main.py
[2026-03-02T23:19:11.299+0000] {processor.py:183} INFO - Processing /opt/airflow/dags/main.py took 0.102 seconds
[2026-03-02T23:19:17.181+0000] {processor.py:161} INFO - Started process (PID=1250) to work on /opt/airflow/dags/main.py
[2026-03-02T23:19:17.185+0000] {processor.py:830} INFO - Processing file /opt/airflow/dags/main.py for tasks to queue
[2026-03-02T23:19:17.187+0000] {logging_mixin.py:188} INFO - [2026-03-02T23:19:17.186+0000] {dagbag.py:545} INFO - Filling up the DagBag from /opt/airflow/dags/main.py
[2026-03-02T23:19:17.196+0000] {logging_mixin.py:188} INFO - [2026-03-02T23:19:17.194+0000] {dagbag.py:355} ERROR - Failed to import: /opt/airflow/dags/main.py
Traceback (most recent call last):
  File "/home/airflow/.local/lib/python3.10/site-packages/airflow/models/dagbag.py", line 351, in parse
    loader.exec_module(new_module)
  File "<frozen importlib._bootstrap_external>", line 883, in exec_module
  File "<frozen importlib._bootstrap>", line 241, in _call_with_frames_removed
  File "/opt/airflow/dags/main.py", line 4, in <module>
    from airflow.operators.trigger_dagrun import TriggerDag
ImportError: cannot import name 'TriggerDag' from 'airflow.operators.trigger_dagrun' (/home/airflow/.local/lib/python3.10/site-packages/airflow/operators/trigger_dagrun.py)
[2026-03-02T23:19:17.197+0000] {processor.py:842} WARNING - No viable dags retrieved from /opt/airflow/dags/main.py
[2026-03-02T23:19:17.240+0000] {processor.py:183} INFO - Processing /opt/airflow/dags/main.py took 0.079 seconds
[2026-03-02T23:19:27.476+0000] {processor.py:161} INFO - Started process (PID=1257) to work on /opt/airflow/dags/main.py
[2026-03-02T23:19:27.482+0000] {processor.py:830} INFO - Processing file /opt/airflow/dags/main.py for tasks to queue
[2026-03-02T23:19:27.485+0000] {logging_mixin.py:188} INFO - [2026-03-02T23:19:27.484+0000] {dagbag.py:545} INFO - Filling up the DagBag from /opt/airflow/dags/main.py
[2026-03-02T23:19:27.498+0000] {logging_mixin.py:188} INFO - [2026-03-02T23:19:27.496+0000] {dagbag.py:355} ERROR - Failed to import: /opt/airflow/dags/main.py
Traceback (most recent call last):
  File "/home/airflow/.local/lib/python3.10/site-packages/airflow/models/dagbag.py", line 351, in parse
    loader.exec_module(new_module)
  File "<frozen importlib._bootstrap_external>", line 883, in exec_module
  File "<frozen importlib._bootstrap>", line 241, in _call_with_frames_removed
  File "/opt/airflow/dags/main.py", line 4, in <module>
    from airflow.operators.trigger_dagrun import TriggerDagRun
ImportError: cannot import name 'TriggerDagRun' from 'airflow.operators.trigger_dagrun' (/home/airflow/.local/lib/python3.10/site-packages/airflow/operators/trigger_dagrun.py)
[2026-03-02T23:19:27.499+0000] {processor.py:842} WARNING - No viable dags retrieved from /opt/airflow/dags/main.py
[2026-03-02T23:19:27.568+0000] {processor.py:183} INFO - Processing /opt/airflow/dags/main.py took 0.113 seconds
[2026-03-02T23:19:31.723+0000] {processor.py:161} INFO - Started process (PID=1258) to work on /opt/airflow/dags/main.py
[2026-03-02T23:19:31.725+0000] {processor.py:830} INFO - Processing file /opt/airflow/dags/main.py for tasks to queue
[2026-03-02T23:19:31.728+0000] {logging_mixin.py:188} INFO - [2026-03-02T23:19:31.727+0000] {dagbag.py:545} INFO - Filling up the DagBag from /opt/airflow/dags/main.py
[2026-03-02T23:19:31.835+0000] {processor.py:840} INFO - DAG(s) 'update_db', 'produce_json', 'data_quality' retrieved from /opt/airflow/dags/main.py
[2026-03-02T23:19:31.881+0000] {logging_mixin.py:188} INFO - [2026-03-02T23:19:31.881+0000] {dag.py:3096} INFO - Sync 3 DAGs
[2026-03-02T23:19:31.926+0000] {logging_mixin.py:188} INFO - [2026-03-02T23:19:31.925+0000] {dag.py:3954} INFO - Setting next_dagrun for data_quality to 2026-03-02 16:00:00+00:00, run_after=2026-03-03 16:00:00+00:00
[2026-03-02T23:19:31.935+0000] {logging_mixin.py:188} INFO - [2026-03-02T23:19:31.935+0000] {dag.py:3954} INFO - Setting next_dagrun for produce_json to 2026-03-02 14:00:00+00:00, run_after=2026-03-03 14:00:00+00:00
[2026-03-02T23:19:31.944+0000] {logging_mixin.py:188} INFO - [2026-03-02T23:19:31.943+0000] {dag.py:3954} INFO - Setting next_dagrun for update_db to 2026-03-02 15:00:00+00:00, run_after=2026-03-03 15:00:00+00:00
[2026-03-02T23:19:31.993+0000] {processor.py:183} INFO - Processing /opt/airflow/dags/main.py took 0.296 seconds
[2026-03-02T23:19:32.787+0000] {processor.py:161} INFO - Started process (PID=1259) to work on /opt/airflow/dags/main.py
[2026-03-02T23:19:32.790+0000] {processor.py:830} INFO - Processing file /opt/airflow/dags/main.py for tasks to queue
[2026-03-02T23:19:32.792+0000] {logging_mixin.py:188} INFO - [2026-03-02T23:19:32.792+0000] {dagbag.py:545} INFO - Filling up the DagBag from /opt/airflow/dags/main.py
[2026-03-02T23:19:32.867+0000] {processor.py:840} INFO - DAG(s) 'update_db', 'data_quality', 'produce_json' retrieved from /opt/airflow/dags/main.py
[2026-03-02T23:19:32.923+0000] {logging_mixin.py:188} INFO - [2026-03-02T23:19:32.923+0000] {dag.py:3096} INFO - Sync 3 DAGs
[2026-03-02T23:19:32.982+0000] {logging_mixin.py:188} INFO - [2026-03-02T23:19:32.982+0000] {dag.py:3954} INFO - Setting next_dagrun for data_quality to 2026-03-02 16:00:00+00:00, run_after=2026-03-03 16:00:00+00:00
[2026-03-02T23:19:32.992+0000] {logging_mixin.py:188} INFO - [2026-03-02T23:19:32.992+0000] {dag.py:3954} INFO - Setting next_dagrun for produce_json to 2026-03-02 14:00:00+00:00, run_after=2026-03-03 14:00:00+00:00
[2026-03-02T23:19:32.998+0000] {logging_mixin.py:188} INFO - [2026-03-02T23:19:32.997+0000] {dag.py:3954} INFO - Setting next_dagrun for update_db to 2026-03-02 15:00:00+00:00, run_after=2026-03-03 15:00:00+00:00
[2026-03-02T23:19:33.352+0000] {processor.py:183} INFO - Processing /opt/airflow/dags/main.py took 0.577 seconds
[2026-03-02T23:19:53.992+0000] {processor.py:161} INFO - Started process (PID=1266) to work on /opt/airflow/dags/main.py
[2026-03-02T23:19:54.005+0000] {processor.py:830} INFO - Processing file /opt/airflow/dags/main.py for tasks to queue
[2026-03-02T23:19:54.009+0000] {logging_mixin.py:188} INFO - [2026-03-02T23:19:54.007+0000] {dagbag.py:545} INFO - Filling up the DagBag from /opt/airflow/dags/main.py
[2026-03-02T23:19:54.089+0000] {processor.py:840} INFO - DAG(s) 'data_quality', 'update_db', 'produce_json' retrieved from /opt/airflow/dags/main.py
[2026-03-02T23:19:54.166+0000] {logging_mixin.py:188} INFO - [2026-03-02T23:19:54.166+0000] {dag.py:3096} INFO - Sync 3 DAGs
[2026-03-02T23:19:54.216+0000] {logging_mixin.py:188} INFO - [2026-03-02T23:19:54.216+0000] {dag.py:3954} INFO - Setting next_dagrun for data_quality to 2026-03-02 16:00:00+00:00, run_after=2026-03-03 16:00:00+00:00
[2026-03-02T23:19:54.226+0000] {logging_mixin.py:188} INFO - [2026-03-02T23:19:54.226+0000] {dag.py:3954} INFO - Setting next_dagrun for produce_json to 2026-03-02 14:00:00+00:00, run_after=2026-03-03 14:00:00+00:00
[2026-03-02T23:19:54.232+0000] {logging_mixin.py:188} INFO - [2026-03-02T23:19:54.232+0000] {dag.py:3954} INFO - Setting next_dagrun for update_db to 2026-03-02 15:00:00+00:00, run_after=2026-03-03 15:00:00+00:00
[2026-03-02T23:19:54.274+0000] {processor.py:183} INFO - Processing /opt/airflow/dags/main.py took 0.297 seconds
[2026-03-02T23:20:24.621+0000] {processor.py:161} INFO - Started process (PID=1274) to work on /opt/airflow/dags/main.py
[2026-03-02T23:20:24.628+0000] {processor.py:830} INFO - Processing file /opt/airflow/dags/main.py for tasks to queue
[2026-03-02T23:20:24.643+0000] {logging_mixin.py:188} INFO - [2026-03-02T23:20:24.642+0000] {dagbag.py:545} INFO - Filling up the DagBag from /opt/airflow/dags/main.py
[2026-03-02T23:20:24.761+0000] {processor.py:840} INFO - DAG(s) 'update_db', 'data_quality', 'produce_json' retrieved from /opt/airflow/dags/main.py
[2026-03-02T23:20:24.911+0000] {logging_mixin.py:188} INFO - [2026-03-02T23:20:24.910+0000] {dag.py:3096} INFO - Sync 3 DAGs
[2026-03-02T23:20:25.065+0000] {logging_mixin.py:188} INFO - [2026-03-02T23:20:25.064+0000] {dag.py:3954} INFO - Setting next_dagrun for data_quality to 2026-03-02 16:00:00+00:00, run_after=2026-03-03 16:00:00+00:00
[2026-03-02T23:20:25.115+0000] {logging_mixin.py:188} INFO - [2026-03-02T23:20:25.112+0000] {dag.py:3954} INFO - Setting next_dagrun for produce_json to 2026-03-02 14:00:00+00:00, run_after=2026-03-03 14:00:00+00:00
[2026-03-02T23:20:25.135+0000] {logging_mixin.py:188} INFO - [2026-03-02T23:20:25.135+0000] {dag.py:3954} INFO - Setting next_dagrun for update_db to 2026-03-02 15:00:00+00:00, run_after=2026-03-03 15:00:00+00:00
[2026-03-02T23:20:25.212+0000] {processor.py:183} INFO - Processing /opt/airflow/dags/main.py took 0.879 seconds
[2026-03-02T23:20:37.528+0000] {processor.py:161} INFO - Started process (PID=1275) to work on /opt/airflow/dags/main.py
[2026-03-02T23:20:37.533+0000] {processor.py:830} INFO - Processing file /opt/airflow/dags/main.py for tasks to queue
[2026-03-02T23:20:37.536+0000] {logging_mixin.py:188} INFO - [2026-03-02T23:20:37.535+0000] {dagbag.py:545} INFO - Filling up the DagBag from /opt/airflow/dags/main.py
[2026-03-02T23:20:37.659+0000] {processor.py:840} INFO - DAG(s) 'update_db', 'produce_json', 'data_quality' retrieved from /opt/airflow/dags/main.py
[2026-03-02T23:20:37.736+0000] {logging_mixin.py:188} INFO - [2026-03-02T23:20:37.736+0000] {dag.py:3096} INFO - Sync 3 DAGs
[2026-03-02T23:20:37.809+0000] {logging_mixin.py:188} INFO - [2026-03-02T23:20:37.809+0000] {dag.py:3954} INFO - Setting next_dagrun for data_quality to 2026-03-02 16:00:00+00:00, run_after=2026-03-03 16:00:00+00:00
[2026-03-02T23:20:37.839+0000] {logging_mixin.py:188} INFO - [2026-03-02T23:20:37.838+0000] {dag.py:3954} INFO - Setting next_dagrun for produce_json to 2026-03-02 14:00:00+00:00, run_after=2026-03-03 14:00:00+00:00
[2026-03-02T23:20:37.855+0000] {logging_mixin.py:188} INFO - [2026-03-02T23:20:37.855+0000] {dag.py:3954} INFO - Setting next_dagrun for update_db to 2026-03-02 15:00:00+00:00, run_after=2026-03-03 15:00:00+00:00
[2026-03-02T23:20:37.958+0000] {processor.py:183} INFO - Processing /opt/airflow/dags/main.py took 0.453 seconds
[2026-03-02T23:20:42.533+0000] {processor.py:161} INFO - Started process (PID=1276) to work on /opt/airflow/dags/main.py
[2026-03-02T23:20:42.535+0000] {processor.py:830} INFO - Processing file /opt/airflow/dags/main.py for tasks to queue
[2026-03-02T23:20:42.537+0000] {logging_mixin.py:188} INFO - [2026-03-02T23:20:42.536+0000] {dagbag.py:545} INFO - Filling up the DagBag from /opt/airflow/dags/main.py
[2026-03-02T23:20:42.614+0000] {processor.py:840} INFO - DAG(s) 'produce_json', 'data_quality', 'update_db' retrieved from /opt/airflow/dags/main.py
[2026-03-02T23:20:42.671+0000] {logging_mixin.py:188} INFO - [2026-03-02T23:20:42.671+0000] {dag.py:3096} INFO - Sync 3 DAGs
[2026-03-02T23:20:42.727+0000] {logging_mixin.py:188} INFO - [2026-03-02T23:20:42.727+0000] {dag.py:3954} INFO - Setting next_dagrun for data_quality to 2026-03-02 16:00:00+00:00, run_after=2026-03-03 16:00:00+00:00
[2026-03-02T23:20:42.752+0000] {logging_mixin.py:188} INFO - [2026-03-02T23:20:42.752+0000] {dag.py:3954} INFO - Setting next_dagrun for produce_json to 2026-03-02 14:00:00+00:00, run_after=2026-03-03 14:00:00+00:00
[2026-03-02T23:20:42.772+0000] {logging_mixin.py:188} INFO - [2026-03-02T23:20:42.771+0000] {dag.py:3954} INFO - Setting next_dagrun for update_db to 2026-03-02 15:00:00+00:00, run_after=2026-03-03 15:00:00+00:00
[2026-03-02T23:20:42.829+0000] {processor.py:183} INFO - Processing /opt/airflow/dags/main.py took 0.321 seconds
[2026-03-02T23:21:13.357+0000] {processor.py:161} INFO - Started process (PID=1283) to work on /opt/airflow/dags/main.py
[2026-03-02T23:21:13.360+0000] {processor.py:830} INFO - Processing file /opt/airflow/dags/main.py for tasks to queue
[2026-03-02T23:21:13.362+0000] {logging_mixin.py:188} INFO - [2026-03-02T23:21:13.362+0000] {dagbag.py:545} INFO - Filling up the DagBag from /opt/airflow/dags/main.py
[2026-03-02T23:21:13.431+0000] {processor.py:840} INFO - DAG(s) 'data_quality', 'produce_json', 'update_db' retrieved from /opt/airflow/dags/main.py
[2026-03-02T23:21:13.498+0000] {logging_mixin.py:188} INFO - [2026-03-02T23:21:13.498+0000] {dag.py:3096} INFO - Sync 3 DAGs
[2026-03-02T23:21:13.536+0000] {logging_mixin.py:188} INFO - [2026-03-02T23:21:13.536+0000] {dag.py:3954} INFO - Setting next_dagrun for data_quality to 2026-03-02 16:00:00+00:00, run_after=2026-03-03 16:00:00+00:00
[2026-03-02T23:21:13.545+0000] {logging_mixin.py:188} INFO - [2026-03-02T23:21:13.544+0000] {dag.py:3954} INFO - Setting next_dagrun for produce_json to 2026-03-02 14:00:00+00:00, run_after=2026-03-03 14:00:00+00:00
[2026-03-02T23:21:13.551+0000] {logging_mixin.py:188} INFO - [2026-03-02T23:21:13.551+0000] {dag.py:3954} INFO - Setting next_dagrun for update_db to 2026-03-02 15:00:00+00:00, run_after=2026-03-03 15:00:00+00:00
[2026-03-02T23:21:13.592+0000] {processor.py:183} INFO - Processing /opt/airflow/dags/main.py took 0.247 seconds
[2026-03-02T23:21:44.027+0000] {processor.py:161} INFO - Started process (PID=1290) to work on /opt/airflow/dags/main.py
[2026-03-02T23:21:44.030+0000] {processor.py:830} INFO - Processing file /opt/airflow/dags/main.py for tasks to queue
[2026-03-02T23:21:44.032+0000] {logging_mixin.py:188} INFO - [2026-03-02T23:21:44.031+0000] {dagbag.py:545} INFO - Filling up the DagBag from /opt/airflow/dags/main.py
[2026-03-02T23:21:44.109+0000] {processor.py:840} INFO - DAG(s) 'update_db', 'data_quality', 'produce_json' retrieved from /opt/airflow/dags/main.py
[2026-03-02T23:21:44.170+0000] {logging_mixin.py:188} INFO - [2026-03-02T23:21:44.169+0000] {dag.py:3096} INFO - Sync 3 DAGs
[2026-03-02T23:21:44.217+0000] {logging_mixin.py:188} INFO - [2026-03-02T23:21:44.217+0000] {dag.py:3954} INFO - Setting next_dagrun for data_quality to 2026-03-02 16:00:00+00:00, run_after=2026-03-03 16:00:00+00:00
[2026-03-02T23:21:44.228+0000] {logging_mixin.py:188} INFO - [2026-03-02T23:21:44.228+0000] {dag.py:3954} INFO - Setting next_dagrun for produce_json to 2026-03-02 14:00:00+00:00, run_after=2026-03-03 14:00:00+00:00
[2026-03-02T23:21:44.237+0000] {logging_mixin.py:188} INFO - [2026-03-02T23:21:44.236+0000] {dag.py:3954} INFO - Setting next_dagrun for update_db to 2026-03-02 15:00:00+00:00, run_after=2026-03-03 15:00:00+00:00
[2026-03-02T23:21:44.287+0000] {processor.py:183} INFO - Processing /opt/airflow/dags/main.py took 0.273 seconds
[2026-03-02T23:22:29.259+0000] {processor.py:161} INFO - Started process (PID=1297) to work on /opt/airflow/dags/main.py
[2026-03-02T23:22:29.267+0000] {processor.py:830} INFO - Processing file /opt/airflow/dags/main.py for tasks to queue
[2026-03-02T23:22:29.270+0000] {logging_mixin.py:188} INFO - [2026-03-02T23:22:29.269+0000] {dagbag.py:545} INFO - Filling up the DagBag from /opt/airflow/dags/main.py
[2026-03-02T23:22:29.527+0000] {processor.py:840} INFO - DAG(s) 'produce_json', 'data_quality', 'update_db' retrieved from /opt/airflow/dags/main.py
[2026-03-02T23:22:29.685+0000] {logging_mixin.py:188} INFO - [2026-03-02T23:22:29.684+0000] {dag.py:3096} INFO - Sync 3 DAGs
[2026-03-02T23:22:29.815+0000] {logging_mixin.py:188} INFO - [2026-03-02T23:22:29.815+0000] {dag.py:3954} INFO - Setting next_dagrun for data_quality to 2026-03-02 16:00:00+00:00, run_after=2026-03-03 16:00:00+00:00
[2026-03-02T23:22:29.863+0000] {logging_mixin.py:188} INFO - [2026-03-02T23:22:29.852+0000] {dag.py:3954} INFO - Setting next_dagrun for produce_json to 2026-03-02 14:00:00+00:00, run_after=2026-03-03 14:00:00+00:00
[2026-03-02T23:22:29.900+0000] {logging_mixin.py:188} INFO - [2026-03-02T23:22:29.900+0000] {dag.py:3954} INFO - Setting next_dagrun for update_db to 2026-03-02 15:00:00+00:00, run_after=2026-03-03 15:00:00+00:00
[2026-03-02T23:22:30.675+0000] {processor.py:183} INFO - Processing /opt/airflow/dags/main.py took 1.450 seconds
[2026-03-02T23:23:29.306+0000] {processor.py:161} INFO - Started process (PID=1304) to work on /opt/airflow/dags/main.py
[2026-03-02T23:23:29.323+0000] {processor.py:830} INFO - Processing file /opt/airflow/dags/main.py for tasks to queue
[2026-03-02T23:23:29.326+0000] {logging_mixin.py:188} INFO - [2026-03-02T23:23:29.325+0000] {dagbag.py:545} INFO - Filling up the DagBag from /opt/airflow/dags/main.py
[2026-03-02T23:23:29.556+0000] {processor.py:840} INFO - DAG(s) 'produce_json', 'update_db', 'data_quality' retrieved from /opt/airflow/dags/main.py
[2026-03-02T23:23:29.712+0000] {logging_mixin.py:188} INFO - [2026-03-02T23:23:29.711+0000] {dag.py:3096} INFO - Sync 3 DAGs
[2026-03-02T23:23:29.852+0000] {logging_mixin.py:188} INFO - [2026-03-02T23:23:29.851+0000] {dag.py:3954} INFO - Setting next_dagrun for data_quality to 2026-03-02 16:00:00+00:00, run_after=2026-03-03 16:00:00+00:00
[2026-03-02T23:23:29.930+0000] {logging_mixin.py:188} INFO - [2026-03-02T23:23:29.929+0000] {dag.py:3954} INFO - Setting next_dagrun for produce_json to 2026-03-02 14:00:00+00:00, run_after=2026-03-03 14:00:00+00:00
[2026-03-02T23:23:29.987+0000] {logging_mixin.py:188} INFO - [2026-03-02T23:23:29.987+0000] {dag.py:3954} INFO - Setting next_dagrun for update_db to 2026-03-02 15:00:00+00:00, run_after=2026-03-03 15:00:00+00:00
[2026-03-02T23:23:30.135+0000] {processor.py:183} INFO - Processing /opt/airflow/dags/main.py took 0.897 seconds
[2026-03-02T23:24:29.461+0000] {processor.py:161} INFO - Started process (PID=1311) to work on /opt/airflow/dags/main.py
[2026-03-02T23:24:29.473+0000] {processor.py:830} INFO - Processing file /opt/airflow/dags/main.py for tasks to queue
[2026-03-02T23:24:29.483+0000] {logging_mixin.py:188} INFO - [2026-03-02T23:24:29.482+0000] {dagbag.py:545} INFO - Filling up the DagBag from /opt/airflow/dags/main.py
[2026-03-02T23:24:29.969+0000] {processor.py:840} INFO - DAG(s) 'produce_json', 'update_db', 'data_quality' retrieved from /opt/airflow/dags/main.py
[2026-03-02T23:24:30.462+0000] {logging_mixin.py:188} INFO - [2026-03-02T23:24:30.461+0000] {dag.py:3096} INFO - Sync 3 DAGs
[2026-03-02T23:24:30.513+0000] {logging_mixin.py:188} INFO - [2026-03-02T23:24:30.513+0000] {dag.py:3954} INFO - Setting next_dagrun for data_quality to 2026-03-02 16:00:00+00:00, run_after=2026-03-03 16:00:00+00:00
[2026-03-02T23:24:30.528+0000] {logging_mixin.py:188} INFO - [2026-03-02T23:24:30.528+0000] {dag.py:3954} INFO - Setting next_dagrun for produce_json to 2026-03-02 14:00:00+00:00, run_after=2026-03-03 14:00:00+00:00
[2026-03-02T23:24:30.533+0000] {logging_mixin.py:188} INFO - [2026-03-02T23:24:30.533+0000] {dag.py:3954} INFO - Setting next_dagrun for update_db to 2026-03-02 15:00:00+00:00, run_after=2026-03-03 15:00:00+00:00
[2026-03-02T23:24:30.562+0000] {processor.py:183} INFO - Processing /opt/airflow/dags/main.py took 1.207 seconds
[2026-03-02T23:25:00.876+0000] {processor.py:161} INFO - Started process (PID=1323) to work on /opt/airflow/dags/main.py
[2026-03-02T23:25:00.879+0000] {processor.py:830} INFO - Processing file /opt/airflow/dags/main.py for tasks to queue
[2026-03-02T23:25:00.880+0000] {logging_mixin.py:188} INFO - [2026-03-02T23:25:00.880+0000] {dagbag.py:545} INFO - Filling up the DagBag from /opt/airflow/dags/main.py
[2026-03-02T23:25:00.938+0000] {processor.py:840} INFO - DAG(s) 'update_db', 'data_quality', 'produce_json' retrieved from /opt/airflow/dags/main.py
[2026-03-02T23:25:00.984+0000] {logging_mixin.py:188} INFO - [2026-03-02T23:25:00.983+0000] {dag.py:3096} INFO - Sync 3 DAGs
[2026-03-02T23:25:01.018+0000] {logging_mixin.py:188} INFO - [2026-03-02T23:25:01.018+0000] {dag.py:3954} INFO - Setting next_dagrun for data_quality to 2026-03-02 16:00:00+00:00, run_after=2026-03-03 16:00:00+00:00
[2026-03-02T23:25:01.027+0000] {logging_mixin.py:188} INFO - [2026-03-02T23:25:01.027+0000] {dag.py:3954} INFO - Setting next_dagrun for produce_json to 2026-03-02 14:00:00+00:00, run_after=2026-03-03 14:00:00+00:00
[2026-03-02T23:25:01.046+0000] {logging_mixin.py:188} INFO - [2026-03-02T23:25:01.045+0000] {dag.py:3954} INFO - Setting next_dagrun for update_db to 2026-03-02 15:00:00+00:00, run_after=2026-03-03 15:00:00+00:00
[2026-03-02T23:25:01.160+0000] {processor.py:183} INFO - Processing /opt/airflow/dags/main.py took 0.317 seconds
[2026-03-02T23:25:31.227+0000] {processor.py:161} INFO - Started process (PID=1331) to work on /opt/airflow/dags/main.py
[2026-03-02T23:25:31.229+0000] {processor.py:830} INFO - Processing file /opt/airflow/dags/main.py for tasks to queue
[2026-03-02T23:25:31.230+0000] {logging_mixin.py:188} INFO - [2026-03-02T23:25:31.230+0000] {dagbag.py:545} INFO - Filling up the DagBag from /opt/airflow/dags/main.py
[2026-03-02T23:25:31.296+0000] {processor.py:840} INFO - DAG(s) 'update_db', 'data_quality', 'produce_json' retrieved from /opt/airflow/dags/main.py
[2026-03-02T23:25:31.341+0000] {logging_mixin.py:188} INFO - [2026-03-02T23:25:31.341+0000] {dag.py:3096} INFO - Sync 3 DAGs
[2026-03-02T23:25:31.377+0000] {logging_mixin.py:188} INFO - [2026-03-02T23:25:31.377+0000] {dag.py:3954} INFO - Setting next_dagrun for data_quality to 2026-03-02 16:00:00+00:00, run_after=2026-03-03 16:00:00+00:00
[2026-03-02T23:25:31.390+0000] {logging_mixin.py:188} INFO - [2026-03-02T23:25:31.390+0000] {dag.py:3954} INFO - Setting next_dagrun for produce_json to 2026-03-02 14:00:00+00:00, run_after=2026-03-03 14:00:00+00:00
[2026-03-02T23:25:31.398+0000] {logging_mixin.py:188} INFO - [2026-03-02T23:25:31.398+0000] {dag.py:3954} INFO - Setting next_dagrun for update_db to 2026-03-02 15:00:00+00:00, run_after=2026-03-03 15:00:00+00:00
[2026-03-02T23:25:31.424+0000] {processor.py:183} INFO - Processing /opt/airflow/dags/main.py took 0.208 seconds
[2026-03-02T23:26:01.984+0000] {processor.py:161} INFO - Started process (PID=1338) to work on /opt/airflow/dags/main.py
[2026-03-02T23:26:01.987+0000] {processor.py:830} INFO - Processing file /opt/airflow/dags/main.py for tasks to queue
[2026-03-02T23:26:01.990+0000] {logging_mixin.py:188} INFO - [2026-03-02T23:26:01.989+0000] {dagbag.py:545} INFO - Filling up the DagBag from /opt/airflow/dags/main.py
[2026-03-02T23:26:02.069+0000] {processor.py:840} INFO - DAG(s) 'data_quality', 'update_db', 'produce_json' retrieved from /opt/airflow/dags/main.py
[2026-03-02T23:26:02.147+0000] {logging_mixin.py:188} INFO - [2026-03-02T23:26:02.146+0000] {dag.py:3096} INFO - Sync 3 DAGs
[2026-03-02T23:26:02.183+0000] {logging_mixin.py:188} INFO - [2026-03-02T23:26:02.183+0000] {dag.py:3954} INFO - Setting next_dagrun for data_quality to 2026-03-02 16:00:00+00:00, run_after=2026-03-03 16:00:00+00:00
[2026-03-02T23:26:02.196+0000] {logging_mixin.py:188} INFO - [2026-03-02T23:26:02.195+0000] {dag.py:3954} INFO - Setting next_dagrun for produce_json to 2026-03-02 14:00:00+00:00, run_after=2026-03-03 14:00:00+00:00
[2026-03-02T23:26:02.204+0000] {logging_mixin.py:188} INFO - [2026-03-02T23:26:02.204+0000] {dag.py:3954} INFO - Setting next_dagrun for update_db to 2026-03-02 15:00:00+00:00, run_after=2026-03-03 15:00:00+00:00
[2026-03-02T23:26:02.249+0000] {processor.py:183} INFO - Processing /opt/airflow/dags/main.py took 0.278 seconds
[2026-03-02T23:26:33.250+0000] {processor.py:161} INFO - Started process (PID=1345) to work on /opt/airflow/dags/main.py
[2026-03-02T23:26:33.253+0000] {processor.py:830} INFO - Processing file /opt/airflow/dags/main.py for tasks to queue
[2026-03-02T23:26:33.255+0000] {logging_mixin.py:188} INFO - [2026-03-02T23:26:33.255+0000] {dagbag.py:545} INFO - Filling up the DagBag from /opt/airflow/dags/main.py
[2026-03-02T23:26:33.357+0000] {processor.py:840} INFO - DAG(s) 'data_quality', 'produce_json', 'update_db' retrieved from /opt/airflow/dags/main.py
[2026-03-02T23:26:33.445+0000] {logging_mixin.py:188} INFO - [2026-03-02T23:26:33.445+0000] {dag.py:3096} INFO - Sync 3 DAGs
[2026-03-02T23:26:33.513+0000] {logging_mixin.py:188} INFO - [2026-03-02T23:26:33.513+0000] {dag.py:3954} INFO - Setting next_dagrun for data_quality to 2026-03-02 16:00:00+00:00, run_after=2026-03-03 16:00:00+00:00
[2026-03-02T23:26:33.527+0000] {logging_mixin.py:188} INFO - [2026-03-02T23:26:33.527+0000] {dag.py:3954} INFO - Setting next_dagrun for produce_json to 2026-03-02 14:00:00+00:00, run_after=2026-03-03 14:00:00+00:00
[2026-03-02T23:26:33.539+0000] {logging_mixin.py:188} INFO - [2026-03-02T23:26:33.538+0000] {dag.py:3954} INFO - Setting next_dagrun for update_db to 2026-03-02 15:00:00+00:00, run_after=2026-03-03 15:00:00+00:00
[2026-03-02T23:26:33.598+0000] {processor.py:183} INFO - Processing /opt/airflow/dags/main.py took 0.365 seconds
[2026-03-02T23:27:24.254+0000] {processor.py:161} INFO - Started process (PID=1346) to work on /opt/airflow/dags/main.py
[2026-03-02T23:27:24.270+0000] {processor.py:830} INFO - Processing file /opt/airflow/dags/main.py for tasks to queue
[2026-03-02T23:27:24.276+0000] {logging_mixin.py:188} INFO - [2026-03-02T23:27:24.273+0000] {dagbag.py:545} INFO - Filling up the DagBag from /opt/airflow/dags/main.py
[2026-03-02T23:27:24.761+0000] {processor.py:840} INFO - DAG(s) 'data_quality', 'produce_json', 'update_db' retrieved from /opt/airflow/dags/main.py
[2026-03-02T23:27:25.032+0000] {logging_mixin.py:188} INFO - [2026-03-02T23:27:25.027+0000] {dag.py:3096} INFO - Sync 3 DAGs
[2026-03-02T23:27:25.557+0000] {logging_mixin.py:188} INFO - [2026-03-02T23:27:25.557+0000] {dag.py:3954} INFO - Setting next_dagrun for data_quality to 2026-03-02 16:00:00+00:00, run_after=2026-03-03 16:00:00+00:00
[2026-03-02T23:27:25.634+0000] {logging_mixin.py:188} INFO - [2026-03-02T23:27:25.633+0000] {dag.py:3954} INFO - Setting next_dagrun for produce_json to 2026-03-02 14:00:00+00:00, run_after=2026-03-03 14:00:00+00:00
[2026-03-02T23:27:25.662+0000] {logging_mixin.py:188} INFO - [2026-03-02T23:27:25.661+0000] {dag.py:3954} INFO - Setting next_dagrun for update_db to 2026-03-02 15:00:00+00:00, run_after=2026-03-03 15:00:00+00:00
[2026-03-02T23:27:25.735+0000] {processor.py:183} INFO - Processing /opt/airflow/dags/main.py took 1.606 seconds
[2026-03-02T23:27:56.149+0000] {processor.py:161} INFO - Started process (PID=1357) to work on /opt/airflow/dags/main.py
[2026-03-02T23:27:56.152+0000] {processor.py:830} INFO - Processing file /opt/airflow/dags/main.py for tasks to queue
[2026-03-02T23:27:56.154+0000] {logging_mixin.py:188} INFO - [2026-03-02T23:27:56.154+0000] {dagbag.py:545} INFO - Filling up the DagBag from /opt/airflow/dags/main.py
[2026-03-02T23:27:56.216+0000] {processor.py:840} INFO - DAG(s) 'update_db', 'produce_json', 'data_quality' retrieved from /opt/airflow/dags/main.py
[2026-03-02T23:27:56.258+0000] {logging_mixin.py:188} INFO - [2026-03-02T23:27:56.258+0000] {dag.py:3096} INFO - Sync 3 DAGs
[2026-03-02T23:27:56.290+0000] {logging_mixin.py:188} INFO - [2026-03-02T23:27:56.290+0000] {dag.py:3954} INFO - Setting next_dagrun for data_quality to 2026-03-02 16:00:00+00:00, run_after=2026-03-03 16:00:00+00:00
[2026-03-02T23:27:56.301+0000] {logging_mixin.py:188} INFO - [2026-03-02T23:27:56.301+0000] {dag.py:3954} INFO - Setting next_dagrun for produce_json to 2026-03-02 14:00:00+00:00, run_after=2026-03-03 14:00:00+00:00
[2026-03-02T23:27:56.326+0000] {logging_mixin.py:188} INFO - [2026-03-02T23:27:56.323+0000] {dag.py:3954} INFO - Setting next_dagrun for update_db to 2026-03-02 15:00:00+00:00, run_after=2026-03-03 15:00:00+00:00
[2026-03-02T23:27:56.390+0000] {processor.py:183} INFO - Processing /opt/airflow/dags/main.py took 0.257 seconds
[2026-03-02T23:28:29.369+0000] {processor.py:161} INFO - Started process (PID=1358) to work on /opt/airflow/dags/main.py
[2026-03-02T23:28:29.386+0000] {processor.py:830} INFO - Processing file /opt/airflow/dags/main.py for tasks to queue
[2026-03-02T23:28:29.388+0000] {logging_mixin.py:188} INFO - [2026-03-02T23:28:29.388+0000] {dagbag.py:545} INFO - Filling up the DagBag from /opt/airflow/dags/main.py
[2026-03-02T23:28:29.681+0000] {processor.py:840} INFO - DAG(s) 'data_quality', 'update_db', 'produce_json' retrieved from /opt/airflow/dags/main.py
[2026-03-02T23:28:29.778+0000] {logging_mixin.py:188} INFO - [2026-03-02T23:28:29.778+0000] {dag.py:3096} INFO - Sync 3 DAGs
[2026-03-02T23:28:29.846+0000] {logging_mixin.py:188} INFO - [2026-03-02T23:28:29.846+0000] {dag.py:3954} INFO - Setting next_dagrun for data_quality to 2026-03-02 16:00:00+00:00, run_after=2026-03-03 16:00:00+00:00
[2026-03-02T23:28:29.858+0000] {logging_mixin.py:188} INFO - [2026-03-02T23:28:29.858+0000] {dag.py:3954} INFO - Setting next_dagrun for produce_json to 2026-03-02 14:00:00+00:00, run_after=2026-03-03 14:00:00+00:00
[2026-03-02T23:28:29.865+0000] {logging_mixin.py:188} INFO - [2026-03-02T23:28:29.865+0000] {dag.py:3954} INFO - Setting next_dagrun for update_db to 2026-03-02 15:00:00+00:00, run_after=2026-03-03 15:00:00+00:00
[2026-03-02T23:28:29.907+0000] {processor.py:183} INFO - Processing /opt/airflow/dags/main.py took 0.617 seconds
[2026-03-02T23:30:29.176+0000] {processor.py:161} INFO - Started process (PID=1364) to work on /opt/airflow/dags/main.py
[2026-03-02T23:30:29.181+0000] {processor.py:830} INFO - Processing file /opt/airflow/dags/main.py for tasks to queue
[2026-03-02T23:30:29.185+0000] {logging_mixin.py:188} INFO - [2026-03-02T23:30:29.182+0000] {dagbag.py:545} INFO - Filling up the DagBag from /opt/airflow/dags/main.py
[2026-03-02T23:30:29.348+0000] {processor.py:840} INFO - DAG(s) 'data_quality', 'produce_json', 'update_db' retrieved from /opt/airflow/dags/main.py
[2026-03-02T23:31:00.236+0000] {processor.py:161} INFO - Started process (PID=1376) to work on /opt/airflow/dags/main.py
[2026-03-02T23:31:00.242+0000] {processor.py:830} INFO - Processing file /opt/airflow/dags/main.py for tasks to queue
[2026-03-02T23:31:00.243+0000] {logging_mixin.py:188} INFO - [2026-03-02T23:31:00.243+0000] {dagbag.py:545} INFO - Filling up the DagBag from /opt/airflow/dags/main.py
[2026-03-02T23:31:00.373+0000] {processor.py:840} INFO - DAG(s) 'update_db', 'produce_json', 'data_quality' retrieved from /opt/airflow/dags/main.py
[2026-03-02T23:31:00.968+0000] {logging_mixin.py:188} INFO - [2026-03-02T23:31:00.966+0000] {dag.py:3096} INFO - Sync 3 DAGs
[2026-03-02T23:31:01.013+0000] {logging_mixin.py:188} INFO - [2026-03-02T23:31:01.012+0000] {dag.py:3954} INFO - Setting next_dagrun for data_quality to 2026-03-02 16:00:00+00:00, run_after=2026-03-03 16:00:00+00:00
[2026-03-02T23:31:01.029+0000] {logging_mixin.py:188} INFO - [2026-03-02T23:31:01.029+0000] {dag.py:3954} INFO - Setting next_dagrun for produce_json to 2026-03-02 14:00:00+00:00, run_after=2026-03-03 14:00:00+00:00
[2026-03-02T23:31:01.037+0000] {logging_mixin.py:188} INFO - [2026-03-02T23:31:01.037+0000] {dag.py:3954} INFO - Setting next_dagrun for update_db to 2026-03-02 15:00:00+00:00, run_after=2026-03-03 15:00:00+00:00
[2026-03-02T23:31:01.086+0000] {processor.py:183} INFO - Processing /opt/airflow/dags/main.py took 0.896 seconds
[2026-03-02T23:31:31.355+0000] {processor.py:161} INFO - Started process (PID=1383) to work on /opt/airflow/dags/main.py
[2026-03-02T23:31:31.357+0000] {processor.py:830} INFO - Processing file /opt/airflow/dags/main.py for tasks to queue
[2026-03-02T23:31:31.359+0000] {logging_mixin.py:188} INFO - [2026-03-02T23:31:31.359+0000] {dagbag.py:545} INFO - Filling up the DagBag from /opt/airflow/dags/main.py
[2026-03-02T23:31:31.419+0000] {processor.py:840} INFO - DAG(s) 'update_db', 'data_quality', 'produce_json' retrieved from /opt/airflow/dags/main.py
[2026-03-02T23:31:31.479+0000] {logging_mixin.py:188} INFO - [2026-03-02T23:31:31.479+0000] {dag.py:3096} INFO - Sync 3 DAGs
[2026-03-02T23:31:31.518+0000] {logging_mixin.py:188} INFO - [2026-03-02T23:31:31.518+0000] {dag.py:3954} INFO - Setting next_dagrun for data_quality to 2026-03-02 16:00:00+00:00, run_after=2026-03-03 16:00:00+00:00
[2026-03-02T23:31:31.527+0000] {logging_mixin.py:188} INFO - [2026-03-02T23:31:31.527+0000] {dag.py:3954} INFO - Setting next_dagrun for produce_json to 2026-03-02 14:00:00+00:00, run_after=2026-03-03 14:00:00+00:00
[2026-03-02T23:31:31.533+0000] {logging_mixin.py:188} INFO - [2026-03-02T23:31:31.533+0000] {dag.py:3954} INFO - Setting next_dagrun for update_db to 2026-03-02 15:00:00+00:00, run_after=2026-03-03 15:00:00+00:00
[2026-03-02T23:31:31.572+0000] {processor.py:183} INFO - Processing /opt/airflow/dags/main.py took 0.227 seconds
[2026-03-02T23:32:29.293+0000] {processor.py:161} INFO - Started process (PID=1384) to work on /opt/airflow/dags/main.py
[2026-03-02T23:32:29.326+0000] {processor.py:830} INFO - Processing file /opt/airflow/dags/main.py for tasks to queue
[2026-03-02T23:32:29.330+0000] {logging_mixin.py:188} INFO - [2026-03-02T23:32:29.329+0000] {dagbag.py:545} INFO - Filling up the DagBag from /opt/airflow/dags/main.py
[2026-03-02T23:32:29.723+0000] {processor.py:840} INFO - DAG(s) 'data_quality', 'update_db', 'produce_json' retrieved from /opt/airflow/dags/main.py
[2026-03-02T23:32:30.293+0000] {logging_mixin.py:188} INFO - [2026-03-02T23:32:30.292+0000] {dag.py:3096} INFO - Sync 3 DAGs
[2026-03-02T23:32:30.352+0000] {logging_mixin.py:188} INFO - [2026-03-02T23:32:30.352+0000] {dag.py:3954} INFO - Setting next_dagrun for data_quality to 2026-03-02 16:00:00+00:00, run_after=2026-03-03 16:00:00+00:00
[2026-03-02T23:32:30.361+0000] {logging_mixin.py:188} INFO - [2026-03-02T23:32:30.361+0000] {dag.py:3954} INFO - Setting next_dagrun for produce_json to 2026-03-02 14:00:00+00:00, run_after=2026-03-03 14:00:00+00:00
[2026-03-02T23:32:30.369+0000] {logging_mixin.py:188} INFO - [2026-03-02T23:32:30.368+0000] {dag.py:3954} INFO - Setting next_dagrun for update_db to 2026-03-02 15:00:00+00:00, run_after=2026-03-03 15:00:00+00:00
[2026-03-02T23:32:30.400+0000] {processor.py:183} INFO - Processing /opt/airflow/dags/main.py took 1.134 seconds
[2026-03-02T23:34:29.270+0000] {processor.py:161} INFO - Started process (PID=1391) to work on /opt/airflow/dags/main.py
[2026-03-02T23:34:29.272+0000] {processor.py:830} INFO - Processing file /opt/airflow/dags/main.py for tasks to queue
[2026-03-02T23:34:29.274+0000] {logging_mixin.py:188} INFO - [2026-03-02T23:34:29.274+0000] {dagbag.py:545} INFO - Filling up the DagBag from /opt/airflow/dags/main.py
[2026-03-02T23:34:29.349+0000] {processor.py:840} INFO - DAG(s) 'produce_json', 'update_db', 'data_quality' retrieved from /opt/airflow/dags/main.py
[2026-03-02T23:34:59.920+0000] {processor.py:161} INFO - Started process (PID=1398) to work on /opt/airflow/dags/main.py
[2026-03-02T23:34:59.931+0000] {processor.py:830} INFO - Processing file /opt/airflow/dags/main.py for tasks to queue
[2026-03-02T23:34:59.933+0000] {logging_mixin.py:188} INFO - [2026-03-02T23:34:59.932+0000] {dagbag.py:545} INFO - Filling up the DagBag from /opt/airflow/dags/main.py
[2026-03-02T23:35:00.016+0000] {processor.py:840} INFO - DAG(s) 'data_quality', 'produce_json', 'update_db' retrieved from /opt/airflow/dags/main.py
[2026-03-02T23:35:00.180+0000] {logging_mixin.py:188} INFO - [2026-03-02T23:35:00.179+0000] {dag.py:3096} INFO - Sync 3 DAGs
[2026-03-02T23:35:00.239+0000] {logging_mixin.py:188} INFO - [2026-03-02T23:35:00.239+0000] {dag.py:3954} INFO - Setting next_dagrun for data_quality to 2026-03-02 16:00:00+00:00, run_after=2026-03-03 16:00:00+00:00
[2026-03-02T23:35:00.250+0000] {logging_mixin.py:188} INFO - [2026-03-02T23:35:00.249+0000] {dag.py:3954} INFO - Setting next_dagrun for produce_json to 2026-03-02 14:00:00+00:00, run_after=2026-03-03 14:00:00+00:00
[2026-03-02T23:35:00.258+0000] {logging_mixin.py:188} INFO - [2026-03-02T23:35:00.258+0000] {dag.py:3954} INFO - Setting next_dagrun for update_db to 2026-03-02 15:00:00+00:00, run_after=2026-03-03 15:00:00+00:00
[2026-03-02T23:35:00.297+0000] {processor.py:183} INFO - Processing /opt/airflow/dags/main.py took 0.392 seconds
[2026-03-02T23:36:29.544+0000] {processor.py:161} INFO - Started process (PID=1405) to work on /opt/airflow/dags/main.py
[2026-03-02T23:36:29.547+0000] {processor.py:830} INFO - Processing file /opt/airflow/dags/main.py for tasks to queue
[2026-03-02T23:36:29.550+0000] {logging_mixin.py:188} INFO - [2026-03-02T23:36:29.549+0000] {dagbag.py:545} INFO - Filling up the DagBag from /opt/airflow/dags/main.py
[2026-03-02T23:36:30.051+0000] {processor.py:840} INFO - DAG(s) 'update_db', 'data_quality', 'produce_json' retrieved from /opt/airflow/dags/main.py
[2026-03-02T23:36:30.412+0000] {logging_mixin.py:188} INFO - [2026-03-02T23:36:30.406+0000] {dag.py:3096} INFO - Sync 3 DAGs
[2026-03-02T23:36:30.762+0000] {logging_mixin.py:188} INFO - [2026-03-02T23:36:30.762+0000] {dag.py:3954} INFO - Setting next_dagrun for data_quality to 2026-03-02 16:00:00+00:00, run_after=2026-03-03 16:00:00+00:00
[2026-03-02T23:36:30.775+0000] {logging_mixin.py:188} INFO - [2026-03-02T23:36:30.774+0000] {dag.py:3954} INFO - Setting next_dagrun for produce_json to 2026-03-02 14:00:00+00:00, run_after=2026-03-03 14:00:00+00:00
[2026-03-02T23:36:30.781+0000] {logging_mixin.py:188} INFO - [2026-03-02T23:36:30.780+0000] {dag.py:3954} INFO - Setting next_dagrun for update_db to 2026-03-02 15:00:00+00:00, run_after=2026-03-03 15:00:00+00:00
[2026-03-02T23:36:30.809+0000] {processor.py:183} INFO - Processing /opt/airflow/dags/main.py took 1.285 seconds
[2026-03-02T23:37:29.467+0000] {processor.py:161} INFO - Started process (PID=1412) to work on /opt/airflow/dags/main.py
[2026-03-02T23:37:29.482+0000] {processor.py:830} INFO - Processing file /opt/airflow/dags/main.py for tasks to queue
[2026-03-02T23:37:29.493+0000] {logging_mixin.py:188} INFO - [2026-03-02T23:37:29.493+0000] {dagbag.py:545} INFO - Filling up the DagBag from /opt/airflow/dags/main.py
[2026-03-02T23:37:29.872+0000] {processor.py:840} INFO - DAG(s) 'produce_json', 'update_db', 'data_quality' retrieved from /opt/airflow/dags/main.py
[2026-03-02T23:37:30.147+0000] {logging_mixin.py:188} INFO - [2026-03-02T23:37:30.147+0000] {dag.py:3096} INFO - Sync 3 DAGs
[2026-03-02T23:37:30.278+0000] {logging_mixin.py:188} INFO - [2026-03-02T23:37:30.278+0000] {dag.py:3954} INFO - Setting next_dagrun for data_quality to 2026-03-02 16:00:00+00:00, run_after=2026-03-03 16:00:00+00:00
[2026-03-02T23:37:30.340+0000] {logging_mixin.py:188} INFO - [2026-03-02T23:37:30.340+0000] {dag.py:3954} INFO - Setting next_dagrun for produce_json to 2026-03-02 14:00:00+00:00, run_after=2026-03-03 14:00:00+00:00
[2026-03-02T23:37:30.386+0000] {logging_mixin.py:188} INFO - [2026-03-02T23:37:30.386+0000] {dag.py:3954} INFO - Setting next_dagrun for update_db to 2026-03-02 15:00:00+00:00, run_after=2026-03-03 15:00:00+00:00
[2026-03-02T23:37:30.491+0000] {processor.py:183} INFO - Processing /opt/airflow/dags/main.py took 1.171 seconds
[2026-03-02T23:38:29.288+0000] {processor.py:161} INFO - Started process (PID=1419) to work on /opt/airflow/dags/main.py
[2026-03-02T23:38:29.331+0000] {processor.py:830} INFO - Processing file /opt/airflow/dags/main.py for tasks to queue
[2026-03-02T23:38:29.349+0000] {logging_mixin.py:188} INFO - [2026-03-02T23:38:29.342+0000] {dagbag.py:545} INFO - Filling up the DagBag from /opt/airflow/dags/main.py
[2026-03-02T23:38:29.719+0000] {processor.py:840} INFO - DAG(s) 'produce_json', 'update_db', 'data_quality' retrieved from /opt/airflow/dags/main.py
[2026-03-02T23:38:30.280+0000] {logging_mixin.py:188} INFO - [2026-03-02T23:38:30.279+0000] {dag.py:3096} INFO - Sync 3 DAGs
[2026-03-02T23:38:30.456+0000] {logging_mixin.py:188} INFO - [2026-03-02T23:38:30.455+0000] {dag.py:3954} INFO - Setting next_dagrun for data_quality to 2026-03-02 16:00:00+00:00, run_after=2026-03-03 16:00:00+00:00
[2026-03-02T23:38:30.468+0000] {logging_mixin.py:188} INFO - [2026-03-02T23:38:30.467+0000] {dag.py:3954} INFO - Setting next_dagrun for produce_json to 2026-03-02 14:00:00+00:00, run_after=2026-03-03 14:00:00+00:00
[2026-03-02T23:38:30.475+0000] {logging_mixin.py:188} INFO - [2026-03-02T23:38:30.475+0000] {dag.py:3954} INFO - Setting next_dagrun for update_db to 2026-03-02 15:00:00+00:00, run_after=2026-03-03 15:00:00+00:00
[2026-03-02T23:38:30.508+0000] {processor.py:183} INFO - Processing /opt/airflow/dags/main.py took 1.234 seconds
[2026-03-02T23:39:29.373+0000] {processor.py:161} INFO - Started process (PID=1427) to work on /opt/airflow/dags/main.py
[2026-03-02T23:39:29.385+0000] {processor.py:830} INFO - Processing file /opt/airflow/dags/main.py for tasks to queue
[2026-03-02T23:39:29.446+0000] {logging_mixin.py:188} INFO - [2026-03-02T23:39:29.439+0000] {dagbag.py:545} INFO - Filling up the DagBag from /opt/airflow/dags/main.py
[2026-03-02T23:39:29.898+0000] {processor.py:840} INFO - DAG(s) 'data_quality', 'produce_json', 'update_db' retrieved from /opt/airflow/dags/main.py
[2026-03-02T23:39:30.657+0000] {logging_mixin.py:188} INFO - [2026-03-02T23:39:30.656+0000] {dag.py:3096} INFO - Sync 3 DAGs
[2026-03-02T23:39:30.750+0000] {logging_mixin.py:188} INFO - [2026-03-02T23:39:30.749+0000] {dag.py:3954} INFO - Setting next_dagrun for data_quality to 2026-03-02 16:00:00+00:00, run_after=2026-03-03 16:00:00+00:00
[2026-03-02T23:39:30.772+0000] {logging_mixin.py:188} INFO - [2026-03-02T23:39:30.771+0000] {dag.py:3954} INFO - Setting next_dagrun for produce_json to 2026-03-02 14:00:00+00:00, run_after=2026-03-03 14:00:00+00:00
[2026-03-02T23:39:30.780+0000] {logging_mixin.py:188} INFO - [2026-03-02T23:39:30.780+0000] {dag.py:3954} INFO - Setting next_dagrun for update_db to 2026-03-02 15:00:00+00:00, run_after=2026-03-03 15:00:00+00:00
[2026-03-02T23:39:30.807+0000] {processor.py:183} INFO - Processing /opt/airflow/dags/main.py took 1.530 seconds
[2026-03-02T23:40:29.220+0000] {processor.py:161} INFO - Started process (PID=1435) to work on /opt/airflow/dags/main.py
[2026-03-02T23:40:29.244+0000] {processor.py:830} INFO - Processing file /opt/airflow/dags/main.py for tasks to queue
[2026-03-02T23:40:29.246+0000] {logging_mixin.py:188} INFO - [2026-03-02T23:40:29.245+0000] {dagbag.py:545} INFO - Filling up the DagBag from /opt/airflow/dags/main.py
[2026-03-02T23:40:29.558+0000] {processor.py:840} INFO - DAG(s) 'data_quality', 'update_db', 'produce_json' retrieved from /opt/airflow/dags/main.py
[2026-03-02T23:40:29.805+0000] {logging_mixin.py:188} INFO - [2026-03-02T23:40:29.804+0000] {dag.py:3096} INFO - Sync 3 DAGs
[2026-03-02T23:40:29.878+0000] {logging_mixin.py:188} INFO - [2026-03-02T23:40:29.878+0000] {dag.py:3954} INFO - Setting next_dagrun for data_quality to 2026-03-02 16:00:00+00:00, run_after=2026-03-03 16:00:00+00:00
[2026-03-02T23:40:29.889+0000] {logging_mixin.py:188} INFO - [2026-03-02T23:40:29.889+0000] {dag.py:3954} INFO - Setting next_dagrun for produce_json to 2026-03-02 14:00:00+00:00, run_after=2026-03-03 14:00:00+00:00
[2026-03-02T23:40:29.897+0000] {logging_mixin.py:188} INFO - [2026-03-02T23:40:29.897+0000] {dag.py:3954} INFO - Setting next_dagrun for update_db to 2026-03-02 15:00:00+00:00, run_after=2026-03-03 15:00:00+00:00
[2026-03-02T23:40:29.985+0000] {processor.py:183} INFO - Processing /opt/airflow/dags/main.py took 0.804 seconds
[2026-03-02T23:41:00.930+0000] {processor.py:161} INFO - Started process (PID=1447) to work on /opt/airflow/dags/main.py
[2026-03-02T23:41:00.935+0000] {processor.py:830} INFO - Processing file /opt/airflow/dags/main.py for tasks to queue
[2026-03-02T23:41:00.940+0000] {logging_mixin.py:188} INFO - [2026-03-02T23:41:00.938+0000] {dagbag.py:545} INFO - Filling up the DagBag from /opt/airflow/dags/main.py
[2026-03-02T23:41:01.035+0000] {processor.py:840} INFO - DAG(s) 'produce_json', 'update_db', 'data_quality' retrieved from /opt/airflow/dags/main.py
[2026-03-02T23:41:01.082+0000] {logging_mixin.py:188} INFO - [2026-03-02T23:41:01.082+0000] {dag.py:3096} INFO - Sync 3 DAGs
[2026-03-02T23:41:01.119+0000] {logging_mixin.py:188} INFO - [2026-03-02T23:41:01.119+0000] {dag.py:3954} INFO - Setting next_dagrun for data_quality to 2026-03-02 16:00:00+00:00, run_after=2026-03-03 16:00:00+00:00
[2026-03-02T23:41:01.128+0000] {logging_mixin.py:188} INFO - [2026-03-02T23:41:01.128+0000] {dag.py:3954} INFO - Setting next_dagrun for produce_json to 2026-03-02 14:00:00+00:00, run_after=2026-03-03 14:00:00+00:00
[2026-03-02T23:41:01.135+0000] {logging_mixin.py:188} INFO - [2026-03-02T23:41:01.135+0000] {dag.py:3954} INFO - Setting next_dagrun for update_db to 2026-03-02 15:00:00+00:00, run_after=2026-03-03 15:00:00+00:00
[2026-03-02T23:41:01.178+0000] {processor.py:183} INFO - Processing /opt/airflow/dags/main.py took 0.272 seconds
[2026-03-02T23:41:31.550+0000] {processor.py:161} INFO - Started process (PID=1454) to work on /opt/airflow/dags/main.py
[2026-03-02T23:41:31.555+0000] {processor.py:830} INFO - Processing file /opt/airflow/dags/main.py for tasks to queue
[2026-03-02T23:41:31.557+0000] {logging_mixin.py:188} INFO - [2026-03-02T23:41:31.556+0000] {dagbag.py:545} INFO - Filling up the DagBag from /opt/airflow/dags/main.py
[2026-03-02T23:41:31.658+0000] {processor.py:840} INFO - DAG(s) 'update_db', 'data_quality', 'produce_json' retrieved from /opt/airflow/dags/main.py
[2026-03-02T23:41:31.733+0000] {logging_mixin.py:188} INFO - [2026-03-02T23:41:31.732+0000] {dag.py:3096} INFO - Sync 3 DAGs
[2026-03-02T23:41:31.769+0000] {logging_mixin.py:188} INFO - [2026-03-02T23:41:31.769+0000] {dag.py:3954} INFO - Setting next_dagrun for data_quality to 2026-03-02 16:00:00+00:00, run_after=2026-03-03 16:00:00+00:00
[2026-03-02T23:41:31.778+0000] {logging_mixin.py:188} INFO - [2026-03-02T23:41:31.777+0000] {dag.py:3954} INFO - Setting next_dagrun for produce_json to 2026-03-02 14:00:00+00:00, run_after=2026-03-03 14:00:00+00:00
[2026-03-02T23:41:31.782+0000] {logging_mixin.py:188} INFO - [2026-03-02T23:41:31.782+0000] {dag.py:3954} INFO - Setting next_dagrun for update_db to 2026-03-02 15:00:00+00:00, run_after=2026-03-03 15:00:00+00:00
[2026-03-02T23:41:31.810+0000] {processor.py:183} INFO - Processing /opt/airflow/dags/main.py took 0.281 seconds
[2026-03-02T23:42:02.606+0000] {processor.py:161} INFO - Started process (PID=1461) to work on /opt/airflow/dags/main.py
[2026-03-02T23:42:02.616+0000] {processor.py:830} INFO - Processing file /opt/airflow/dags/main.py for tasks to queue
[2026-03-02T23:42:02.618+0000] {logging_mixin.py:188} INFO - [2026-03-02T23:42:02.618+0000] {dagbag.py:545} INFO - Filling up the DagBag from /opt/airflow/dags/main.py
[2026-03-02T23:42:02.714+0000] {processor.py:840} INFO - DAG(s) 'update_db', 'data_quality', 'produce_json' retrieved from /opt/airflow/dags/main.py
[2026-03-02T23:42:02.772+0000] {logging_mixin.py:188} INFO - [2026-03-02T23:42:02.772+0000] {dag.py:3096} INFO - Sync 3 DAGs
[2026-03-02T23:42:02.808+0000] {logging_mixin.py:188} INFO - [2026-03-02T23:42:02.808+0000] {dag.py:3954} INFO - Setting next_dagrun for data_quality to 2026-03-02 16:00:00+00:00, run_after=2026-03-03 16:00:00+00:00
[2026-03-02T23:42:02.816+0000] {logging_mixin.py:188} INFO - [2026-03-02T23:42:02.816+0000] {dag.py:3954} INFO - Setting next_dagrun for produce_json to 2026-03-02 14:00:00+00:00, run_after=2026-03-03 14:00:00+00:00
[2026-03-02T23:42:02.823+0000] {logging_mixin.py:188} INFO - [2026-03-02T23:42:02.822+0000] {dag.py:3954} INFO - Setting next_dagrun for update_db to 2026-03-02 15:00:00+00:00, run_after=2026-03-03 15:00:00+00:00
[2026-03-02T23:42:02.866+0000] {processor.py:183} INFO - Processing /opt/airflow/dags/main.py took 0.275 seconds
[2026-03-02T23:42:33.277+0000] {processor.py:161} INFO - Started process (PID=1468) to work on /opt/airflow/dags/main.py
[2026-03-02T23:42:33.285+0000] {processor.py:830} INFO - Processing file /opt/airflow/dags/main.py for tasks to queue
[2026-03-02T23:42:33.287+0000] {logging_mixin.py:188} INFO - [2026-03-02T23:42:33.286+0000] {dagbag.py:545} INFO - Filling up the DagBag from /opt/airflow/dags/main.py
[2026-03-02T23:42:33.381+0000] {processor.py:840} INFO - DAG(s) 'data_quality', 'update_db', 'produce_json' retrieved from /opt/airflow/dags/main.py
[2026-03-02T23:42:33.468+0000] {logging_mixin.py:188} INFO - [2026-03-02T23:42:33.468+0000] {dag.py:3096} INFO - Sync 3 DAGs
[2026-03-02T23:42:33.510+0000] {logging_mixin.py:188} INFO - [2026-03-02T23:42:33.510+0000] {dag.py:3954} INFO - Setting next_dagrun for data_quality to 2026-03-02 16:00:00+00:00, run_after=2026-03-03 16:00:00+00:00
[2026-03-02T23:42:33.521+0000] {logging_mixin.py:188} INFO - [2026-03-02T23:42:33.521+0000] {dag.py:3954} INFO - Setting next_dagrun for produce_json to 2026-03-02 14:00:00+00:00, run_after=2026-03-03 14:00:00+00:00
[2026-03-02T23:42:33.527+0000] {logging_mixin.py:188} INFO - [2026-03-02T23:42:33.527+0000] {dag.py:3954} INFO - Setting next_dagrun for update_db to 2026-03-02 15:00:00+00:00, run_after=2026-03-03 15:00:00+00:00
[2026-03-02T23:42:33.555+0000] {processor.py:183} INFO - Processing /opt/airflow/dags/main.py took 0.292 seconds
[2026-03-02T23:43:29.488+0000] {processor.py:161} INFO - Started process (PID=1469) to work on /opt/airflow/dags/main.py
[2026-03-02T23:43:29.510+0000] {processor.py:830} INFO - Processing file /opt/airflow/dags/main.py for tasks to queue
[2026-03-02T23:43:29.528+0000] {logging_mixin.py:188} INFO - [2026-03-02T23:43:29.522+0000] {dagbag.py:545} INFO - Filling up the DagBag from /opt/airflow/dags/main.py
[2026-03-02T23:43:30.190+0000] {processor.py:840} INFO - DAG(s) 'produce_json', 'update_db', 'data_quality' retrieved from /opt/airflow/dags/main.py
[2026-03-02T23:43:30.578+0000] {logging_mixin.py:188} INFO - [2026-03-02T23:43:30.574+0000] {dag.py:3096} INFO - Sync 3 DAGs
[2026-03-02T23:43:30.635+0000] {logging_mixin.py:188} INFO - [2026-03-02T23:43:30.635+0000] {dag.py:3954} INFO - Setting next_dagrun for data_quality to 2026-03-02 16:00:00+00:00, run_after=2026-03-03 16:00:00+00:00
[2026-03-02T23:43:30.649+0000] {logging_mixin.py:188} INFO - [2026-03-02T23:43:30.649+0000] {dag.py:3954} INFO - Setting next_dagrun for produce_json to 2026-03-02 14:00:00+00:00, run_after=2026-03-03 14:00:00+00:00
[2026-03-02T23:43:30.657+0000] {logging_mixin.py:188} INFO - [2026-03-02T23:43:30.657+0000] {dag.py:3954} INFO - Setting next_dagrun for update_db to 2026-03-02 15:00:00+00:00, run_after=2026-03-03 15:00:00+00:00
[2026-03-02T23:43:30.687+0000] {processor.py:183} INFO - Processing /opt/airflow/dags/main.py took 1.300 seconds
[2026-03-02T23:44:01.707+0000] {processor.py:161} INFO - Started process (PID=1482) to work on /opt/airflow/dags/main.py
[2026-03-02T23:44:01.709+0000] {processor.py:830} INFO - Processing file /opt/airflow/dags/main.py for tasks to queue
[2026-03-02T23:44:01.711+0000] {logging_mixin.py:188} INFO - [2026-03-02T23:44:01.710+0000] {dagbag.py:545} INFO - Filling up the DagBag from /opt/airflow/dags/main.py
[2026-03-02T23:44:01.776+0000] {processor.py:840} INFO - DAG(s) 'data_quality', 'update_db', 'produce_json' retrieved from /opt/airflow/dags/main.py
[2026-03-02T23:44:01.843+0000] {logging_mixin.py:188} INFO - [2026-03-02T23:44:01.842+0000] {dag.py:3096} INFO - Sync 3 DAGs
[2026-03-02T23:44:01.885+0000] {logging_mixin.py:188} INFO - [2026-03-02T23:44:01.884+0000] {dag.py:3954} INFO - Setting next_dagrun for data_quality to 2026-03-02 16:00:00+00:00, run_after=2026-03-03 16:00:00+00:00
[2026-03-02T23:44:01.893+0000] {logging_mixin.py:188} INFO - [2026-03-02T23:44:01.893+0000] {dag.py:3954} INFO - Setting next_dagrun for produce_json to 2026-03-02 14:00:00+00:00, run_after=2026-03-03 14:00:00+00:00
[2026-03-02T23:44:01.900+0000] {logging_mixin.py:188} INFO - [2026-03-02T23:44:01.900+0000] {dag.py:3954} INFO - Setting next_dagrun for update_db to 2026-03-02 15:00:00+00:00, run_after=2026-03-03 15:00:00+00:00
[2026-03-02T23:44:01.941+0000] {processor.py:183} INFO - Processing /opt/airflow/dags/main.py took 0.247 seconds
[2026-03-02T23:44:32.241+0000] {processor.py:161} INFO - Started process (PID=1489) to work on /opt/airflow/dags/main.py
[2026-03-02T23:44:32.245+0000] {processor.py:830} INFO - Processing file /opt/airflow/dags/main.py for tasks to queue
[2026-03-02T23:44:32.246+0000] {logging_mixin.py:188} INFO - [2026-03-02T23:44:32.246+0000] {dagbag.py:545} INFO - Filling up the DagBag from /opt/airflow/dags/main.py
[2026-03-02T23:44:32.321+0000] {processor.py:840} INFO - DAG(s) 'update_db', 'data_quality', 'produce_json' retrieved from /opt/airflow/dags/main.py
[2026-03-02T23:44:32.397+0000] {logging_mixin.py:188} INFO - [2026-03-02T23:44:32.397+0000] {dag.py:3096} INFO - Sync 3 DAGs
[2026-03-02T23:44:32.447+0000] {logging_mixin.py:188} INFO - [2026-03-02T23:44:32.447+0000] {dag.py:3954} INFO - Setting next_dagrun for data_quality to 2026-03-02 16:00:00+00:00, run_after=2026-03-03 16:00:00+00:00
[2026-03-02T23:44:32.464+0000] {logging_mixin.py:188} INFO - [2026-03-02T23:44:32.464+0000] {dag.py:3954} INFO - Setting next_dagrun for produce_json to 2026-03-02 14:00:00+00:00, run_after=2026-03-03 14:00:00+00:00
[2026-03-02T23:44:32.472+0000] {logging_mixin.py:188} INFO - [2026-03-02T23:44:32.472+0000] {dag.py:3954} INFO - Setting next_dagrun for update_db to 2026-03-02 15:00:00+00:00, run_after=2026-03-03 15:00:00+00:00
[2026-03-02T23:44:32.523+0000] {processor.py:183} INFO - Processing /opt/airflow/dags/main.py took 0.302 seconds
[2026-03-02T23:45:03.433+0000] {processor.py:161} INFO - Started process (PID=1496) to work on /opt/airflow/dags/main.py
[2026-03-02T23:45:03.437+0000] {processor.py:830} INFO - Processing file /opt/airflow/dags/main.py for tasks to queue
[2026-03-02T23:45:03.439+0000] {logging_mixin.py:188} INFO - [2026-03-02T23:45:03.439+0000] {dagbag.py:545} INFO - Filling up the DagBag from /opt/airflow/dags/main.py
[2026-03-02T23:45:03.519+0000] {processor.py:840} INFO - DAG(s) 'produce_json', 'data_quality', 'update_db' retrieved from /opt/airflow/dags/main.py
[2026-03-02T23:45:03.594+0000] {logging_mixin.py:188} INFO - [2026-03-02T23:45:03.594+0000] {dag.py:3096} INFO - Sync 3 DAGs
[2026-03-02T23:45:03.636+0000] {logging_mixin.py:188} INFO - [2026-03-02T23:45:03.635+0000] {dag.py:3954} INFO - Setting next_dagrun for data_quality to 2026-03-02 16:00:00+00:00, run_after=2026-03-03 16:00:00+00:00
[2026-03-02T23:45:03.652+0000] {logging_mixin.py:188} INFO - [2026-03-02T23:45:03.651+0000] {dag.py:3954} INFO - Setting next_dagrun for produce_json to 2026-03-02 14:00:00+00:00, run_after=2026-03-03 14:00:00+00:00
[2026-03-02T23:45:03.659+0000] {logging_mixin.py:188} INFO - [2026-03-02T23:45:03.659+0000] {dag.py:3954} INFO - Setting next_dagrun for update_db to 2026-03-02 15:00:00+00:00, run_after=2026-03-03 15:00:00+00:00
[2026-03-02T23:45:03.701+0000] {processor.py:183} INFO - Processing /opt/airflow/dags/main.py took 0.280 seconds
[2026-03-02T23:45:33.988+0000] {processor.py:161} INFO - Started process (PID=1503) to work on /opt/airflow/dags/main.py
[2026-03-02T23:45:33.992+0000] {processor.py:830} INFO - Processing file /opt/airflow/dags/main.py for tasks to queue
[2026-03-02T23:45:33.993+0000] {logging_mixin.py:188} INFO - [2026-03-02T23:45:33.992+0000] {dagbag.py:545} INFO - Filling up the DagBag from /opt/airflow/dags/main.py
[2026-03-02T23:45:34.058+0000] {processor.py:840} INFO - DAG(s) 'produce_json', 'update_db', 'data_quality' retrieved from /opt/airflow/dags/main.py
[2026-03-02T23:45:34.119+0000] {logging_mixin.py:188} INFO - [2026-03-02T23:45:34.119+0000] {dag.py:3096} INFO - Sync 3 DAGs
[2026-03-02T23:45:34.164+0000] {logging_mixin.py:188} INFO - [2026-03-02T23:45:34.164+0000] {dag.py:3954} INFO - Setting next_dagrun for data_quality to 2026-03-02 16:00:00+00:00, run_after=2026-03-03 16:00:00+00:00
[2026-03-02T23:45:34.174+0000] {logging_mixin.py:188} INFO - [2026-03-02T23:45:34.173+0000] {dag.py:3954} INFO - Setting next_dagrun for produce_json to 2026-03-02 14:00:00+00:00, run_after=2026-03-03 14:00:00+00:00
[2026-03-02T23:45:34.180+0000] {logging_mixin.py:188} INFO - [2026-03-02T23:45:34.180+0000] {dag.py:3954} INFO - Setting next_dagrun for update_db to 2026-03-02 15:00:00+00:00, run_after=2026-03-03 15:00:00+00:00
[2026-03-02T23:45:34.228+0000] {processor.py:183} INFO - Processing /opt/airflow/dags/main.py took 0.252 seconds
[2026-03-02T23:46:04.419+0000] {processor.py:161} INFO - Started process (PID=1510) to work on /opt/airflow/dags/main.py
[2026-03-02T23:46:04.422+0000] {processor.py:830} INFO - Processing file /opt/airflow/dags/main.py for tasks to queue
[2026-03-02T23:46:04.425+0000] {logging_mixin.py:188} INFO - [2026-03-02T23:46:04.424+0000] {dagbag.py:545} INFO - Filling up the DagBag from /opt/airflow/dags/main.py
[2026-03-02T23:46:04.522+0000] {processor.py:840} INFO - DAG(s) 'update_db', 'produce_json', 'data_quality' retrieved from /opt/airflow/dags/main.py
[2026-03-02T23:46:04.590+0000] {logging_mixin.py:188} INFO - [2026-03-02T23:46:04.590+0000] {dag.py:3096} INFO - Sync 3 DAGs
[2026-03-02T23:46:04.639+0000] {logging_mixin.py:188} INFO - [2026-03-02T23:46:04.638+0000] {dag.py:3954} INFO - Setting next_dagrun for data_quality to 2026-03-02 16:00:00+00:00, run_after=2026-03-03 16:00:00+00:00
[2026-03-02T23:46:04.651+0000] {logging_mixin.py:188} INFO - [2026-03-02T23:46:04.651+0000] {dag.py:3954} INFO - Setting next_dagrun for produce_json to 2026-03-02 14:00:00+00:00, run_after=2026-03-03 14:00:00+00:00
[2026-03-02T23:46:04.660+0000] {logging_mixin.py:188} INFO - [2026-03-02T23:46:04.660+0000] {dag.py:3954} INFO - Setting next_dagrun for update_db to 2026-03-02 15:00:00+00:00, run_after=2026-03-03 15:00:00+00:00
[2026-03-02T23:46:04.690+0000] {processor.py:183} INFO - Processing /opt/airflow/dags/main.py took 0.289 seconds
[2026-03-02T23:46:34.770+0000] {processor.py:161} INFO - Started process (PID=1516) to work on /opt/airflow/dags/main.py
[2026-03-02T23:46:34.773+0000] {processor.py:830} INFO - Processing file /opt/airflow/dags/main.py for tasks to queue
[2026-03-02T23:46:34.777+0000] {logging_mixin.py:188} INFO - [2026-03-02T23:46:34.776+0000] {dagbag.py:545} INFO - Filling up the DagBag from /opt/airflow/dags/main.py
[2026-03-02T23:46:34.916+0000] {processor.py:840} INFO - DAG(s) 'produce_json', 'data_quality', 'update_db' retrieved from /opt/airflow/dags/main.py
[2026-03-02T23:46:35.041+0000] {logging_mixin.py:188} INFO - [2026-03-02T23:46:35.040+0000] {dag.py:3096} INFO - Sync 3 DAGs
[2026-03-02T23:46:35.123+0000] {logging_mixin.py:188} INFO - [2026-03-02T23:46:35.122+0000] {dag.py:3954} INFO - Setting next_dagrun for data_quality to 2026-03-02 16:00:00+00:00, run_after=2026-03-03 16:00:00+00:00
[2026-03-02T23:46:35.140+0000] {logging_mixin.py:188} INFO - [2026-03-02T23:46:35.140+0000] {dag.py:3954} INFO - Setting next_dagrun for produce_json to 2026-03-02 14:00:00+00:00, run_after=2026-03-03 14:00:00+00:00
[2026-03-02T23:46:35.152+0000] {logging_mixin.py:188} INFO - [2026-03-02T23:46:35.151+0000] {dag.py:3954} INFO - Setting next_dagrun for update_db to 2026-03-02 15:00:00+00:00, run_after=2026-03-03 15:00:00+00:00
[2026-03-02T23:46:35.212+0000] {processor.py:183} INFO - Processing /opt/airflow/dags/main.py took 0.473 seconds
[2026-03-02T23:47:05.779+0000] {processor.py:161} INFO - Started process (PID=1523) to work on /opt/airflow/dags/main.py
[2026-03-02T23:47:05.786+0000] {processor.py:830} INFO - Processing file /opt/airflow/dags/main.py for tasks to queue
[2026-03-02T23:47:05.789+0000] {logging_mixin.py:188} INFO - [2026-03-02T23:47:05.788+0000] {dagbag.py:545} INFO - Filling up the DagBag from /opt/airflow/dags/main.py
[2026-03-02T23:47:05.968+0000] {processor.py:840} INFO - DAG(s) 'produce_json', 'data_quality', 'update_db' retrieved from /opt/airflow/dags/main.py
[2026-03-02T23:47:06.161+0000] {logging_mixin.py:188} INFO - [2026-03-02T23:47:06.161+0000] {dag.py:3096} INFO - Sync 3 DAGs
[2026-03-02T23:47:06.261+0000] {logging_mixin.py:188} INFO - [2026-03-02T23:47:06.260+0000] {dag.py:3954} INFO - Setting next_dagrun for data_quality to 2026-03-02 16:00:00+00:00, run_after=2026-03-03 16:00:00+00:00
[2026-03-02T23:47:06.279+0000] {logging_mixin.py:188} INFO - [2026-03-02T23:47:06.279+0000] {dag.py:3954} INFO - Setting next_dagrun for produce_json to 2026-03-02 14:00:00+00:00, run_after=2026-03-03 14:00:00+00:00
[2026-03-02T23:47:06.292+0000] {logging_mixin.py:188} INFO - [2026-03-02T23:47:06.291+0000] {dag.py:3954} INFO - Setting next_dagrun for update_db to 2026-03-02 15:00:00+00:00, run_after=2026-03-03 15:00:00+00:00
[2026-03-02T23:47:06.342+0000] {processor.py:183} INFO - Processing /opt/airflow/dags/main.py took 0.588 seconds
[2026-03-02T23:47:37.042+0000] {processor.py:161} INFO - Started process (PID=1530) to work on /opt/airflow/dags/main.py
[2026-03-02T23:47:37.045+0000] {processor.py:830} INFO - Processing file /opt/airflow/dags/main.py for tasks to queue
[2026-03-02T23:47:37.048+0000] {logging_mixin.py:188} INFO - [2026-03-02T23:47:37.047+0000] {dagbag.py:545} INFO - Filling up the DagBag from /opt/airflow/dags/main.py
[2026-03-02T23:47:37.188+0000] {processor.py:840} INFO - DAG(s) 'data_quality', 'update_db', 'produce_json' retrieved from /opt/airflow/dags/main.py
[2026-03-02T23:47:37.291+0000] {logging_mixin.py:188} INFO - [2026-03-02T23:47:37.291+0000] {dag.py:3096} INFO - Sync 3 DAGs
[2026-03-02T23:47:37.362+0000] {logging_mixin.py:188} INFO - [2026-03-02T23:47:37.361+0000] {dag.py:3954} INFO - Setting next_dagrun for data_quality to 2026-03-02 16:00:00+00:00, run_after=2026-03-03 16:00:00+00:00
[2026-03-02T23:47:37.381+0000] {logging_mixin.py:188} INFO - [2026-03-02T23:47:37.380+0000] {dag.py:3954} INFO - Setting next_dagrun for produce_json to 2026-03-02 14:00:00+00:00, run_after=2026-03-03 14:00:00+00:00
[2026-03-02T23:47:37.389+0000] {logging_mixin.py:188} INFO - [2026-03-02T23:47:37.389+0000] {dag.py:3954} INFO - Setting next_dagrun for update_db to 2026-03-02 15:00:00+00:00, run_after=2026-03-03 15:00:00+00:00
[2026-03-02T23:47:37.443+0000] {processor.py:183} INFO - Processing /opt/airflow/dags/main.py took 0.418 seconds
[2026-03-02T23:48:19.698+0000] {processor.py:161} INFO - Started process (PID=1531) to work on /opt/airflow/dags/main.py
[2026-03-02T23:48:19.702+0000] {processor.py:830} INFO - Processing file /opt/airflow/dags/main.py for tasks to queue
[2026-03-02T23:48:19.703+0000] {logging_mixin.py:188} INFO - [2026-03-02T23:48:19.703+0000] {dagbag.py:545} INFO - Filling up the DagBag from /opt/airflow/dags/main.py
[2026-03-02T23:48:19.949+0000] {processor.py:840} INFO - DAG(s) 'data_quality', 'update_db', 'produce_json' retrieved from /opt/airflow/dags/main.py
[2026-03-02T23:48:20.089+0000] {logging_mixin.py:188} INFO - [2026-03-02T23:48:20.088+0000] {dag.py:3096} INFO - Sync 3 DAGs
[2026-03-02T23:48:20.168+0000] {logging_mixin.py:188} INFO - [2026-03-02T23:48:20.168+0000] {dag.py:3954} INFO - Setting next_dagrun for data_quality to 2026-03-02 16:00:00+00:00, run_after=2026-03-03 16:00:00+00:00
[2026-03-02T23:48:20.183+0000] {logging_mixin.py:188} INFO - [2026-03-02T23:48:20.182+0000] {dag.py:3954} INFO - Setting next_dagrun for produce_json to 2026-03-02 14:00:00+00:00, run_after=2026-03-03 14:00:00+00:00
[2026-03-02T23:48:20.192+0000] {logging_mixin.py:188} INFO - [2026-03-02T23:48:20.192+0000] {dag.py:3954} INFO - Setting next_dagrun for update_db to 2026-03-02 15:00:00+00:00, run_after=2026-03-03 15:00:00+00:00
[2026-03-02T23:48:20.247+0000] {processor.py:183} INFO - Processing /opt/airflow/dags/main.py took 0.580 seconds
[2026-03-02T23:48:50.760+0000] {processor.py:161} INFO - Started process (PID=1544) to work on /opt/airflow/dags/main.py
[2026-03-02T23:48:50.762+0000] {processor.py:830} INFO - Processing file /opt/airflow/dags/main.py for tasks to queue
[2026-03-02T23:48:50.764+0000] {logging_mixin.py:188} INFO - [2026-03-02T23:48:50.763+0000] {dagbag.py:545} INFO - Filling up the DagBag from /opt/airflow/dags/main.py
[2026-03-02T23:48:50.825+0000] {processor.py:840} INFO - DAG(s) 'data_quality', 'produce_json', 'update_db' retrieved from /opt/airflow/dags/main.py
[2026-03-02T23:48:50.939+0000] {logging_mixin.py:188} INFO - [2026-03-02T23:48:50.939+0000] {dag.py:3096} INFO - Sync 3 DAGs
[2026-03-02T23:48:51.018+0000] {logging_mixin.py:188} INFO - [2026-03-02T23:48:51.017+0000] {dag.py:3954} INFO - Setting next_dagrun for data_quality to 2026-03-02 16:00:00+00:00, run_after=2026-03-03 16:00:00+00:00
[2026-03-02T23:48:51.035+0000] {logging_mixin.py:188} INFO - [2026-03-02T23:48:51.034+0000] {dag.py:3954} INFO - Setting next_dagrun for produce_json to 2026-03-02 14:00:00+00:00, run_after=2026-03-03 14:00:00+00:00
[2026-03-02T23:48:51.056+0000] {logging_mixin.py:188} INFO - [2026-03-02T23:48:51.055+0000] {dag.py:3954} INFO - Setting next_dagrun for update_db to 2026-03-02 15:00:00+00:00, run_after=2026-03-03 15:00:00+00:00
[2026-03-02T23:48:51.084+0000] {processor.py:183} INFO - Processing /opt/airflow/dags/main.py took 0.352 seconds
[2026-03-02T23:49:21.411+0000] {processor.py:161} INFO - Started process (PID=1550) to work on /opt/airflow/dags/main.py
[2026-03-02T23:49:21.423+0000] {processor.py:830} INFO - Processing file /opt/airflow/dags/main.py for tasks to queue
[2026-03-02T23:49:21.436+0000] {logging_mixin.py:188} INFO - [2026-03-02T23:49:21.435+0000] {dagbag.py:545} INFO - Filling up the DagBag from /opt/airflow/dags/main.py
[2026-03-02T23:49:21.550+0000] {processor.py:840} INFO - DAG(s) 'data_quality', 'update_db', 'produce_json' retrieved from /opt/airflow/dags/main.py
[2026-03-02T23:49:21.627+0000] {logging_mixin.py:188} INFO - [2026-03-02T23:49:21.627+0000] {dag.py:3096} INFO - Sync 3 DAGs
[2026-03-02T23:49:21.715+0000] {logging_mixin.py:188} INFO - [2026-03-02T23:49:21.714+0000] {dag.py:3954} INFO - Setting next_dagrun for data_quality to 2026-03-02 16:00:00+00:00, run_after=2026-03-03 16:00:00+00:00
[2026-03-02T23:49:21.725+0000] {logging_mixin.py:188} INFO - [2026-03-02T23:49:21.725+0000] {dag.py:3954} INFO - Setting next_dagrun for produce_json to 2026-03-02 14:00:00+00:00, run_after=2026-03-03 14:00:00+00:00
[2026-03-02T23:49:21.730+0000] {logging_mixin.py:188} INFO - [2026-03-02T23:49:21.730+0000] {dag.py:3954} INFO - Setting next_dagrun for update_db to 2026-03-02 15:00:00+00:00, run_after=2026-03-03 15:00:00+00:00
[2026-03-02T23:49:21.780+0000] {processor.py:183} INFO - Processing /opt/airflow/dags/main.py took 0.407 seconds
[2026-03-02T23:50:14.845+0000] {processor.py:161} INFO - Started process (PID=1551) to work on /opt/airflow/dags/main.py
[2026-03-02T23:50:14.875+0000] {processor.py:830} INFO - Processing file /opt/airflow/dags/main.py for tasks to queue
[2026-03-02T23:50:14.884+0000] {logging_mixin.py:188} INFO - [2026-03-02T23:50:14.884+0000] {dagbag.py:545} INFO - Filling up the DagBag from /opt/airflow/dags/main.py
[2026-03-02T23:50:15.207+0000] {processor.py:840} INFO - DAG(s) 'data_quality', 'produce_json', 'update_db' retrieved from /opt/airflow/dags/main.py
[2026-03-02T23:50:15.450+0000] {logging_mixin.py:188} INFO - [2026-03-02T23:50:15.448+0000] {dag.py:3096} INFO - Sync 3 DAGs
[2026-03-02T23:50:15.625+0000] {logging_mixin.py:188} INFO - [2026-03-02T23:50:15.611+0000] {dag.py:3954} INFO - Setting next_dagrun for data_quality to 2026-03-02 16:00:00+00:00, run_after=2026-03-03 16:00:00+00:00
[2026-03-02T23:50:15.657+0000] {logging_mixin.py:188} INFO - [2026-03-02T23:50:15.657+0000] {dag.py:3954} INFO - Setting next_dagrun for produce_json to 2026-03-02 14:00:00+00:00, run_after=2026-03-03 14:00:00+00:00
[2026-03-02T23:50:15.827+0000] {logging_mixin.py:188} INFO - [2026-03-02T23:50:15.826+0000] {dag.py:3954} INFO - Setting next_dagrun for update_db to 2026-03-02 15:00:00+00:00, run_after=2026-03-03 15:00:00+00:00
[2026-03-02T23:50:16.047+0000] {processor.py:183} INFO - Processing /opt/airflow/dags/main.py took 1.268 seconds
[2026-03-02T23:51:29.383+0000] {processor.py:161} INFO - Started process (PID=1559) to work on /opt/airflow/dags/main.py
[2026-03-02T23:51:29.394+0000] {processor.py:830} INFO - Processing file /opt/airflow/dags/main.py for tasks to queue
[2026-03-02T23:53:29.359+0000] {processor.py:161} INFO - Started process (PID=1560) to work on /opt/airflow/dags/main.py
[2026-03-02T23:53:29.367+0000] {processor.py:830} INFO - Processing file /opt/airflow/dags/main.py for tasks to queue
[2026-03-02T23:53:29.375+0000] {logging_mixin.py:188} INFO - [2026-03-02T23:53:29.375+0000] {dagbag.py:545} INFO - Filling up the DagBag from /opt/airflow/dags/main.py
[2026-03-02T23:53:29.675+0000] {processor.py:840} INFO - DAG(s) 'data_quality', 'produce_json', 'update_db' retrieved from /opt/airflow/dags/main.py
[2026-03-02T23:53:30.191+0000] {logging_mixin.py:188} INFO - [2026-03-02T23:53:30.191+0000] {dag.py:3096} INFO - Sync 3 DAGs
[2026-03-02T23:53:30.220+0000] {logging_mixin.py:188} INFO - [2026-03-02T23:53:30.220+0000] {dag.py:3954} INFO - Setting next_dagrun for data_quality to 2026-03-02 16:00:00+00:00, run_after=2026-03-03 16:00:00+00:00
[2026-03-02T23:53:30.227+0000] {logging_mixin.py:188} INFO - [2026-03-02T23:53:30.227+0000] {dag.py:3954} INFO - Setting next_dagrun for produce_json to 2026-03-02 14:00:00+00:00, run_after=2026-03-03 14:00:00+00:00
[2026-03-02T23:53:30.234+0000] {logging_mixin.py:188} INFO - [2026-03-02T23:53:30.234+0000] {dag.py:3954} INFO - Setting next_dagrun for update_db to 2026-03-02 15:00:00+00:00, run_after=2026-03-03 15:00:00+00:00
[2026-03-02T23:53:30.265+0000] {processor.py:183} INFO - Processing /opt/airflow/dags/main.py took 0.928 seconds
[2026-03-02T23:54:01.320+0000] {processor.py:161} INFO - Started process (PID=1575) to work on /opt/airflow/dags/main.py
[2026-03-02T23:54:01.323+0000] {processor.py:830} INFO - Processing file /opt/airflow/dags/main.py for tasks to queue
[2026-03-02T23:54:01.324+0000] {logging_mixin.py:188} INFO - [2026-03-02T23:54:01.324+0000] {dagbag.py:545} INFO - Filling up the DagBag from /opt/airflow/dags/main.py
[2026-03-02T23:54:01.394+0000] {processor.py:840} INFO - DAG(s) 'data_quality', 'update_db', 'produce_json' retrieved from /opt/airflow/dags/main.py
[2026-03-02T23:54:01.444+0000] {logging_mixin.py:188} INFO - [2026-03-02T23:54:01.443+0000] {dag.py:3096} INFO - Sync 3 DAGs
[2026-03-02T23:54:01.479+0000] {logging_mixin.py:188} INFO - [2026-03-02T23:54:01.479+0000] {dag.py:3954} INFO - Setting next_dagrun for data_quality to 2026-03-02 16:00:00+00:00, run_after=2026-03-03 16:00:00+00:00
[2026-03-02T23:54:01.489+0000] {logging_mixin.py:188} INFO - [2026-03-02T23:54:01.489+0000] {dag.py:3954} INFO - Setting next_dagrun for produce_json to 2026-03-02 14:00:00+00:00, run_after=2026-03-03 14:00:00+00:00
[2026-03-02T23:54:01.497+0000] {logging_mixin.py:188} INFO - [2026-03-02T23:54:01.496+0000] {dag.py:3954} INFO - Setting next_dagrun for update_db to 2026-03-02 15:00:00+00:00, run_after=2026-03-03 15:00:00+00:00
[2026-03-02T23:54:01.538+0000] {processor.py:183} INFO - Processing /opt/airflow/dags/main.py took 0.233 seconds
[2026-03-02T23:54:32.294+0000] {processor.py:161} INFO - Started process (PID=1582) to work on /opt/airflow/dags/main.py
[2026-03-02T23:54:32.297+0000] {processor.py:830} INFO - Processing file /opt/airflow/dags/main.py for tasks to queue
[2026-03-02T23:54:32.299+0000] {logging_mixin.py:188} INFO - [2026-03-02T23:54:32.298+0000] {dagbag.py:545} INFO - Filling up the DagBag from /opt/airflow/dags/main.py
[2026-03-02T23:54:32.375+0000] {processor.py:840} INFO - DAG(s) 'produce_json', 'update_db', 'data_quality' retrieved from /opt/airflow/dags/main.py
[2026-03-02T23:54:32.440+0000] {logging_mixin.py:188} INFO - [2026-03-02T23:54:32.440+0000] {dag.py:3096} INFO - Sync 3 DAGs
[2026-03-02T23:54:32.484+0000] {logging_mixin.py:188} INFO - [2026-03-02T23:54:32.483+0000] {dag.py:3954} INFO - Setting next_dagrun for data_quality to 2026-03-02 16:00:00+00:00, run_after=2026-03-03 16:00:00+00:00
[2026-03-02T23:54:32.493+0000] {logging_mixin.py:188} INFO - [2026-03-02T23:54:32.493+0000] {dag.py:3954} INFO - Setting next_dagrun for produce_json to 2026-03-02 14:00:00+00:00, run_after=2026-03-03 14:00:00+00:00
[2026-03-02T23:54:32.500+0000] {logging_mixin.py:188} INFO - [2026-03-02T23:54:32.500+0000] {dag.py:3954} INFO - Setting next_dagrun for update_db to 2026-03-02 15:00:00+00:00, run_after=2026-03-03 15:00:00+00:00
[2026-03-02T23:54:32.547+0000] {processor.py:183} INFO - Processing /opt/airflow/dags/main.py took 0.276 seconds
[2026-03-02T23:55:02.600+0000] {processor.py:161} INFO - Started process (PID=1588) to work on /opt/airflow/dags/main.py
[2026-03-02T23:55:02.602+0000] {processor.py:830} INFO - Processing file /opt/airflow/dags/main.py for tasks to queue
[2026-03-02T23:55:02.605+0000] {logging_mixin.py:188} INFO - [2026-03-02T23:55:02.604+0000] {dagbag.py:545} INFO - Filling up the DagBag from /opt/airflow/dags/main.py
[2026-03-02T23:55:02.670+0000] {processor.py:840} INFO - DAG(s) 'update_db', 'data_quality', 'produce_json' retrieved from /opt/airflow/dags/main.py
[2026-03-02T23:55:02.722+0000] {logging_mixin.py:188} INFO - [2026-03-02T23:55:02.722+0000] {dag.py:3096} INFO - Sync 3 DAGs
[2026-03-02T23:55:02.757+0000] {logging_mixin.py:188} INFO - [2026-03-02T23:55:02.757+0000] {dag.py:3954} INFO - Setting next_dagrun for data_quality to 2026-03-02 16:00:00+00:00, run_after=2026-03-03 16:00:00+00:00
[2026-03-02T23:55:02.767+0000] {logging_mixin.py:188} INFO - [2026-03-02T23:55:02.766+0000] {dag.py:3954} INFO - Setting next_dagrun for produce_json to 2026-03-02 14:00:00+00:00, run_after=2026-03-03 14:00:00+00:00
[2026-03-02T23:55:02.774+0000] {logging_mixin.py:188} INFO - [2026-03-02T23:55:02.774+0000] {dag.py:3954} INFO - Setting next_dagrun for update_db to 2026-03-02 15:00:00+00:00, run_after=2026-03-03 15:00:00+00:00
[2026-03-02T23:55:02.814+0000] {processor.py:183} INFO - Processing /opt/airflow/dags/main.py took 0.225 seconds
[2026-03-02T23:55:33.080+0000] {processor.py:161} INFO - Started process (PID=1595) to work on /opt/airflow/dags/main.py
[2026-03-02T23:55:33.082+0000] {processor.py:830} INFO - Processing file /opt/airflow/dags/main.py for tasks to queue
[2026-03-02T23:55:33.083+0000] {logging_mixin.py:188} INFO - [2026-03-02T23:55:33.083+0000] {dagbag.py:545} INFO - Filling up the DagBag from /opt/airflow/dags/main.py
[2026-03-02T23:55:33.145+0000] {processor.py:840} INFO - DAG(s) 'produce_json', 'update_db', 'data_quality' retrieved from /opt/airflow/dags/main.py
[2026-03-02T23:55:33.194+0000] {logging_mixin.py:188} INFO - [2026-03-02T23:55:33.194+0000] {dag.py:3096} INFO - Sync 3 DAGs
[2026-03-02T23:55:33.245+0000] {logging_mixin.py:188} INFO - [2026-03-02T23:55:33.245+0000] {dag.py:3954} INFO - Setting next_dagrun for data_quality to 2026-03-02 16:00:00+00:00, run_after=2026-03-03 16:00:00+00:00
[2026-03-02T23:55:33.255+0000] {logging_mixin.py:188} INFO - [2026-03-02T23:55:33.255+0000] {dag.py:3954} INFO - Setting next_dagrun for produce_json to 2026-03-02 14:00:00+00:00, run_after=2026-03-03 14:00:00+00:00
[2026-03-02T23:55:33.262+0000] {logging_mixin.py:188} INFO - [2026-03-02T23:55:33.262+0000] {dag.py:3954} INFO - Setting next_dagrun for update_db to 2026-03-02 15:00:00+00:00, run_after=2026-03-03 15:00:00+00:00
[2026-03-02T23:55:33.306+0000] {processor.py:183} INFO - Processing /opt/airflow/dags/main.py took 0.238 seconds
[2026-03-02T23:56:03.388+0000] {processor.py:161} INFO - Started process (PID=1603) to work on /opt/airflow/dags/main.py
[2026-03-02T23:56:03.391+0000] {processor.py:830} INFO - Processing file /opt/airflow/dags/main.py for tasks to queue
[2026-03-02T23:56:03.393+0000] {logging_mixin.py:188} INFO - [2026-03-02T23:56:03.392+0000] {dagbag.py:545} INFO - Filling up the DagBag from /opt/airflow/dags/main.py
[2026-03-02T23:56:03.460+0000] {processor.py:840} INFO - DAG(s) 'produce_json', 'update_db', 'data_quality' retrieved from /opt/airflow/dags/main.py
[2026-03-02T23:56:03.507+0000] {logging_mixin.py:188} INFO - [2026-03-02T23:56:03.506+0000] {dag.py:3096} INFO - Sync 3 DAGs
[2026-03-02T23:56:03.541+0000] {logging_mixin.py:188} INFO - [2026-03-02T23:56:03.541+0000] {dag.py:3954} INFO - Setting next_dagrun for data_quality to 2026-03-02 16:00:00+00:00, run_after=2026-03-03 16:00:00+00:00
[2026-03-02T23:56:03.552+0000] {logging_mixin.py:188} INFO - [2026-03-02T23:56:03.552+0000] {dag.py:3954} INFO - Setting next_dagrun for produce_json to 2026-03-02 14:00:00+00:00, run_after=2026-03-03 14:00:00+00:00
[2026-03-02T23:56:03.559+0000] {logging_mixin.py:188} INFO - [2026-03-02T23:56:03.559+0000] {dag.py:3954} INFO - Setting next_dagrun for update_db to 2026-03-02 15:00:00+00:00, run_after=2026-03-03 15:00:00+00:00
[2026-03-02T23:56:03.601+0000] {processor.py:183} INFO - Processing /opt/airflow/dags/main.py took 0.224 seconds
[2026-03-02T23:56:34.464+0000] {processor.py:161} INFO - Started process (PID=1610) to work on /opt/airflow/dags/main.py
[2026-03-02T23:56:34.467+0000] {processor.py:830} INFO - Processing file /opt/airflow/dags/main.py for tasks to queue
[2026-03-02T23:56:34.469+0000] {logging_mixin.py:188} INFO - [2026-03-02T23:56:34.468+0000] {dagbag.py:545} INFO - Filling up the DagBag from /opt/airflow/dags/main.py
[2026-03-02T23:56:34.529+0000] {processor.py:840} INFO - DAG(s) 'produce_json', 'update_db', 'data_quality' retrieved from /opt/airflow/dags/main.py
[2026-03-02T23:56:34.577+0000] {logging_mixin.py:188} INFO - [2026-03-02T23:56:34.576+0000] {dag.py:3096} INFO - Sync 3 DAGs
[2026-03-02T23:56:34.619+0000] {logging_mixin.py:188} INFO - [2026-03-02T23:56:34.619+0000] {dag.py:3954} INFO - Setting next_dagrun for data_quality to 2026-03-02 16:00:00+00:00, run_after=2026-03-03 16:00:00+00:00
[2026-03-02T23:56:34.629+0000] {logging_mixin.py:188} INFO - [2026-03-02T23:56:34.629+0000] {dag.py:3954} INFO - Setting next_dagrun for produce_json to 2026-03-02 14:00:00+00:00, run_after=2026-03-03 14:00:00+00:00
[2026-03-02T23:56:34.636+0000] {logging_mixin.py:188} INFO - [2026-03-02T23:56:34.636+0000] {dag.py:3954} INFO - Setting next_dagrun for update_db to 2026-03-02 15:00:00+00:00, run_after=2026-03-03 15:00:00+00:00
[2026-03-02T23:56:34.676+0000] {processor.py:183} INFO - Processing /opt/airflow/dags/main.py took 0.224 seconds
[2026-03-02T23:57:29.389+0000] {processor.py:161} INFO - Started process (PID=1611) to work on /opt/airflow/dags/main.py
[2026-03-02T23:57:29.437+0000] {processor.py:830} INFO - Processing file /opt/airflow/dags/main.py for tasks to queue
[2026-03-02T23:57:29.475+0000] {logging_mixin.py:188} INFO - [2026-03-02T23:57:29.463+0000] {dagbag.py:545} INFO - Filling up the DagBag from /opt/airflow/dags/main.py
[2026-03-02T23:57:30.091+0000] {processor.py:840} INFO - DAG(s) 'produce_json', 'data_quality', 'update_db' retrieved from /opt/airflow/dags/main.py
[2026-03-02T23:57:30.618+0000] {logging_mixin.py:188} INFO - [2026-03-02T23:57:30.612+0000] {dag.py:3096} INFO - Sync 3 DAGs
[2026-03-02T23:57:30.922+0000] {logging_mixin.py:188} INFO - [2026-03-02T23:57:30.921+0000] {dag.py:3954} INFO - Setting next_dagrun for data_quality to 2026-03-02 16:00:00+00:00, run_after=2026-03-03 16:00:00+00:00
[2026-03-02T23:57:30.960+0000] {logging_mixin.py:188} INFO - [2026-03-02T23:57:30.958+0000] {dag.py:3954} INFO - Setting next_dagrun for produce_json to 2026-03-02 14:00:00+00:00, run_after=2026-03-03 14:00:00+00:00
[2026-03-02T23:57:30.977+0000] {logging_mixin.py:188} INFO - [2026-03-02T23:57:30.977+0000] {dag.py:3954} INFO - Setting next_dagrun for update_db to 2026-03-02 15:00:00+00:00, run_after=2026-03-03 15:00:00+00:00
[2026-03-02T23:57:31.055+0000] {processor.py:183} INFO - Processing /opt/airflow/dags/main.py took 1.676 seconds
[2026-03-02T23:58:01.619+0000] {processor.py:161} INFO - Started process (PID=1624) to work on /opt/airflow/dags/main.py
[2026-03-02T23:58:01.624+0000] {processor.py:830} INFO - Processing file /opt/airflow/dags/main.py for tasks to queue
[2026-03-02T23:58:01.627+0000] {logging_mixin.py:188} INFO - [2026-03-02T23:58:01.627+0000] {dagbag.py:545} INFO - Filling up the DagBag from /opt/airflow/dags/main.py
[2026-03-02T23:58:01.717+0000] {processor.py:840} INFO - DAG(s) 'update_db', 'produce_json', 'data_quality' retrieved from /opt/airflow/dags/main.py
[2026-03-02T23:58:01.773+0000] {logging_mixin.py:188} INFO - [2026-03-02T23:58:01.773+0000] {dag.py:3096} INFO - Sync 3 DAGs
[2026-03-02T23:58:01.824+0000] {logging_mixin.py:188} INFO - [2026-03-02T23:58:01.824+0000] {dag.py:3954} INFO - Setting next_dagrun for data_quality to 2026-03-02 16:00:00+00:00, run_after=2026-03-03 16:00:00+00:00
[2026-03-02T23:58:01.833+0000] {logging_mixin.py:188} INFO - [2026-03-02T23:58:01.833+0000] {dag.py:3954} INFO - Setting next_dagrun for produce_json to 2026-03-02 14:00:00+00:00, run_after=2026-03-03 14:00:00+00:00
[2026-03-02T23:58:01.839+0000] {logging_mixin.py:188} INFO - [2026-03-02T23:58:01.838+0000] {dag.py:3954} INFO - Setting next_dagrun for update_db to 2026-03-02 15:00:00+00:00, run_after=2026-03-03 15:00:00+00:00
[2026-03-02T23:58:01.862+0000] {processor.py:183} INFO - Processing /opt/airflow/dags/main.py took 0.273 seconds
[2026-03-02T23:58:32.724+0000] {processor.py:161} INFO - Started process (PID=1631) to work on /opt/airflow/dags/main.py
[2026-03-02T23:58:32.726+0000] {processor.py:830} INFO - Processing file /opt/airflow/dags/main.py for tasks to queue
[2026-03-02T23:58:32.728+0000] {logging_mixin.py:188} INFO - [2026-03-02T23:58:32.727+0000] {dagbag.py:545} INFO - Filling up the DagBag from /opt/airflow/dags/main.py
[2026-03-02T23:58:32.793+0000] {processor.py:840} INFO - DAG(s) 'data_quality', 'update_db', 'produce_json' retrieved from /opt/airflow/dags/main.py
[2026-03-02T23:58:32.856+0000] {logging_mixin.py:188} INFO - [2026-03-02T23:58:32.855+0000] {dag.py:3096} INFO - Sync 3 DAGs
[2026-03-02T23:58:32.896+0000] {logging_mixin.py:188} INFO - [2026-03-02T23:58:32.896+0000] {dag.py:3954} INFO - Setting next_dagrun for data_quality to 2026-03-02 16:00:00+00:00, run_after=2026-03-03 16:00:00+00:00
[2026-03-02T23:58:32.912+0000] {logging_mixin.py:188} INFO - [2026-03-02T23:58:32.911+0000] {dag.py:3954} INFO - Setting next_dagrun for produce_json to 2026-03-02 14:00:00+00:00, run_after=2026-03-03 14:00:00+00:00
[2026-03-02T23:58:32.919+0000] {logging_mixin.py:188} INFO - [2026-03-02T23:58:32.919+0000] {dag.py:3954} INFO - Setting next_dagrun for update_db to 2026-03-02 15:00:00+00:00, run_after=2026-03-03 15:00:00+00:00
[2026-03-02T23:58:32.965+0000] {processor.py:183} INFO - Processing /opt/airflow/dags/main.py took 0.261 seconds
[2026-03-02T23:59:03.252+0000] {processor.py:161} INFO - Started process (PID=1638) to work on /opt/airflow/dags/main.py
[2026-03-02T23:59:03.255+0000] {processor.py:830} INFO - Processing file /opt/airflow/dags/main.py for tasks to queue
[2026-03-02T23:59:03.256+0000] {logging_mixin.py:188} INFO - [2026-03-02T23:59:03.256+0000] {dagbag.py:545} INFO - Filling up the DagBag from /opt/airflow/dags/main.py
[2026-03-02T23:59:03.324+0000] {processor.py:840} INFO - DAG(s) 'update_db', 'produce_json', 'data_quality' retrieved from /opt/airflow/dags/main.py
[2026-03-02T23:59:03.390+0000] {logging_mixin.py:188} INFO - [2026-03-02T23:59:03.390+0000] {dag.py:3096} INFO - Sync 3 DAGs
[2026-03-02T23:59:03.438+0000] {logging_mixin.py:188} INFO - [2026-03-02T23:59:03.437+0000] {dag.py:3954} INFO - Setting next_dagrun for data_quality to 2026-03-02 16:00:00+00:00, run_after=2026-03-03 16:00:00+00:00
[2026-03-02T23:59:03.449+0000] {logging_mixin.py:188} INFO - [2026-03-02T23:59:03.448+0000] {dag.py:3954} INFO - Setting next_dagrun for produce_json to 2026-03-02 14:00:00+00:00, run_after=2026-03-03 14:00:00+00:00
[2026-03-02T23:59:03.459+0000] {logging_mixin.py:188} INFO - [2026-03-02T23:59:03.459+0000] {dag.py:3954} INFO - Setting next_dagrun for update_db to 2026-03-02 15:00:00+00:00, run_after=2026-03-03 15:00:00+00:00
[2026-03-02T23:59:03.492+0000] {processor.py:183} INFO - Processing /opt/airflow/dags/main.py took 0.253 seconds
[2026-03-02T23:59:34.482+0000] {processor.py:161} INFO - Started process (PID=1645) to work on /opt/airflow/dags/main.py
[2026-03-02T23:59:34.485+0000] {processor.py:830} INFO - Processing file /opt/airflow/dags/main.py for tasks to queue
[2026-03-02T23:59:34.488+0000] {logging_mixin.py:188} INFO - [2026-03-02T23:59:34.487+0000] {dagbag.py:545} INFO - Filling up the DagBag from /opt/airflow/dags/main.py
[2026-03-02T23:59:34.549+0000] {processor.py:840} INFO - DAG(s) 'produce_json', 'data_quality', 'update_db' retrieved from /opt/airflow/dags/main.py
[2026-03-02T23:59:34.613+0000] {logging_mixin.py:188} INFO - [2026-03-02T23:59:34.613+0000] {dag.py:3096} INFO - Sync 3 DAGs
[2026-03-02T23:59:34.649+0000] {logging_mixin.py:188} INFO - [2026-03-02T23:59:34.648+0000] {dag.py:3954} INFO - Setting next_dagrun for data_quality to 2026-03-02 16:00:00+00:00, run_after=2026-03-03 16:00:00+00:00
[2026-03-02T23:59:34.657+0000] {logging_mixin.py:188} INFO - [2026-03-02T23:59:34.656+0000] {dag.py:3954} INFO - Setting next_dagrun for produce_json to 2026-03-02 14:00:00+00:00, run_after=2026-03-03 14:00:00+00:00
[2026-03-02T23:59:34.663+0000] {logging_mixin.py:188} INFO - [2026-03-02T23:59:34.663+0000] {dag.py:3954} INFO - Setting next_dagrun for update_db to 2026-03-02 15:00:00+00:00, run_after=2026-03-03 15:00:00+00:00
[2026-03-02T23:59:34.687+0000] {processor.py:183} INFO - Processing /opt/airflow/dags/main.py took 0.242 seconds
