[2026-03-05T21:54:42.477+0000] {processor.py:161} INFO - Started process (PID=53) to work on /opt/airflow/dags/main.py
[2026-03-05T21:54:42.479+0000] {processor.py:830} INFO - Processing file /opt/airflow/dags/main.py for tasks to queue
[2026-03-05T21:54:42.482+0000] {logging_mixin.py:188} INFO - [2026-03-05T21:54:42.482+0000] {dagbag.py:545} INFO - Filling up the DagBag from /opt/airflow/dags/main.py
[2026-03-05T21:54:46.467+0000] {processor.py:840} INFO - DAG(s) 'update_db', 'produce_json', 'data_quality' retrieved from /opt/airflow/dags/main.py
[2026-03-05T21:54:50.749+0000] {logging_mixin.py:188} INFO - [2026-03-05T21:54:50.748+0000] {dag.py:3096} INFO - Sync 3 DAGs
[2026-03-05T21:54:51.300+0000] {logging_mixin.py:188} INFO - [2026-03-05T21:54:51.299+0000] {dag.py:3954} INFO - Setting next_dagrun for data_quality to None, run_after=None
[2026-03-05T21:54:51.349+0000] {logging_mixin.py:188} INFO - [2026-03-05T21:54:51.348+0000] {dag.py:3954} INFO - Setting next_dagrun for produce_json to 2026-03-05 14:00:00+00:00, run_after=2026-03-06 14:00:00+00:00
[2026-03-05T21:54:51.941+0000] {logging_mixin.py:188} INFO - [2026-03-05T21:54:51.941+0000] {dag.py:3954} INFO - Setting next_dagrun for update_db to None, run_after=None
[2026-03-05T21:54:52.177+0000] {processor.py:183} INFO - Processing /opt/airflow/dags/main.py took 9.712 seconds
[2026-03-05T21:54:57.376+0000] {processor.py:161} INFO - Started process (PID=54) to work on /opt/airflow/dags/main.py
[2026-03-05T21:54:57.404+0000] {processor.py:830} INFO - Processing file /opt/airflow/dags/main.py for tasks to queue
[2026-03-05T21:54:57.411+0000] {logging_mixin.py:188} INFO - [2026-03-05T21:54:57.411+0000] {dagbag.py:545} INFO - Filling up the DagBag from /opt/airflow/dags/main.py
[2026-03-05T21:54:57.649+0000] {processor.py:840} INFO - DAG(s) 'produce_json', 'data_quality', 'update_db' retrieved from /opt/airflow/dags/main.py
[2026-03-05T21:54:57.954+0000] {logging_mixin.py:188} INFO - [2026-03-05T21:54:57.954+0000] {taskinstance.py:2907} ERROR - {'DAG Id': 'data_quality', 'Task Id': 'soda_test_core', 'Run Id': 'manual__2026-03-04T17:07:21.558917+00:00', 'Hostname': '30532672bc03', 'External Executor Id': 'd9153bfa-266c-45b6-8aaf-ba4b2ad55a25'}
[2026-03-05T21:54:58.320+0000] {logging_mixin.py:188} INFO - [2026-03-05T21:54:58.320+0000] {taskinstance.py:1206} INFO - Marking task as FAILED. dag_id=data_quality, task_id=soda_test_core, run_id=manual__2026-03-04T17:07:21.558917+00:00, execution_date=20260304T170721, start_date=20260304T170738, end_date=20260305T215457
[2026-03-05T21:54:58.561+0000] {processor.py:791} INFO - Executed failure callback for <TaskInstance: data_quality.soda_test_core manual__2026-03-04T17:07:21.558917+00:00 [failed]> in state failed
[2026-03-05T21:54:58.864+0000] {logging_mixin.py:188} INFO - [2026-03-05T21:54:58.864+0000] {dag.py:3096} INFO - Sync 3 DAGs
[2026-03-05T21:54:58.935+0000] {logging_mixin.py:188} INFO - [2026-03-05T21:54:58.935+0000] {dag.py:3954} INFO - Setting next_dagrun for data_quality to None, run_after=None
[2026-03-05T21:54:58.950+0000] {logging_mixin.py:188} INFO - [2026-03-05T21:54:58.950+0000] {dag.py:3954} INFO - Setting next_dagrun for produce_json to 2026-03-05 14:00:00+00:00, run_after=2026-03-06 14:00:00+00:00
[2026-03-05T21:54:58.967+0000] {logging_mixin.py:188} INFO - [2026-03-05T21:54:58.966+0000] {dag.py:3954} INFO - Setting next_dagrun for update_db to None, run_after=None
[2026-03-05T21:54:59.051+0000] {processor.py:183} INFO - Processing /opt/airflow/dags/main.py took 1.692 seconds
[2026-03-05T21:55:29.892+0000] {processor.py:161} INFO - Started process (PID=62) to work on /opt/airflow/dags/main.py
[2026-03-05T21:55:29.898+0000] {processor.py:830} INFO - Processing file /opt/airflow/dags/main.py for tasks to queue
[2026-03-05T21:55:29.909+0000] {logging_mixin.py:188} INFO - [2026-03-05T21:55:29.908+0000] {dagbag.py:545} INFO - Filling up the DagBag from /opt/airflow/dags/main.py
[2026-03-05T21:55:30.565+0000] {processor.py:840} INFO - DAG(s) 'produce_json', 'data_quality', 'update_db' retrieved from /opt/airflow/dags/main.py
[2026-03-05T21:55:31.076+0000] {logging_mixin.py:188} INFO - [2026-03-05T21:55:31.075+0000] {dag.py:3096} INFO - Sync 3 DAGs
[2026-03-05T21:55:31.180+0000] {logging_mixin.py:188} INFO - [2026-03-05T21:55:31.178+0000] {dag.py:3954} INFO - Setting next_dagrun for data_quality to None, run_after=None
[2026-03-05T21:55:31.219+0000] {logging_mixin.py:188} INFO - [2026-03-05T21:55:31.219+0000] {dag.py:3954} INFO - Setting next_dagrun for produce_json to 2026-03-05 14:00:00+00:00, run_after=2026-03-06 14:00:00+00:00
[2026-03-05T21:55:31.255+0000] {logging_mixin.py:188} INFO - [2026-03-05T21:55:31.248+0000] {dag.py:3954} INFO - Setting next_dagrun for update_db to None, run_after=None
[2026-03-05T21:55:32.105+0000] {processor.py:183} INFO - Processing /opt/airflow/dags/main.py took 2.237 seconds
[2026-03-05T21:56:04.223+0000] {processor.py:161} INFO - Started process (PID=69) to work on /opt/airflow/dags/main.py
[2026-03-05T21:56:04.298+0000] {processor.py:830} INFO - Processing file /opt/airflow/dags/main.py for tasks to queue
[2026-03-05T21:56:04.350+0000] {logging_mixin.py:188} INFO - [2026-03-05T21:56:04.349+0000] {dagbag.py:545} INFO - Filling up the DagBag from /opt/airflow/dags/main.py
[2026-03-05T21:56:04.594+0000] {processor.py:840} INFO - DAG(s) 'produce_json', 'update_db', 'data_quality' retrieved from /opt/airflow/dags/main.py
[2026-03-05T21:56:05.879+0000] {logging_mixin.py:188} INFO - [2026-03-05T21:56:05.879+0000] {dag.py:3096} INFO - Sync 3 DAGs
[2026-03-05T21:56:06.944+0000] {logging_mixin.py:188} INFO - [2026-03-05T21:56:06.944+0000] {dag.py:3954} INFO - Setting next_dagrun for data_quality to None, run_after=None
[2026-03-05T21:56:06.955+0000] {logging_mixin.py:188} INFO - [2026-03-05T21:56:06.954+0000] {dag.py:3954} INFO - Setting next_dagrun for produce_json to 2026-03-05 14:00:00+00:00, run_after=2026-03-06 14:00:00+00:00
[2026-03-05T21:56:06.959+0000] {logging_mixin.py:188} INFO - [2026-03-05T21:56:06.958+0000] {dag.py:3954} INFO - Setting next_dagrun for update_db to None, run_after=None
[2026-03-05T21:56:08.861+0000] {processor.py:183} INFO - Processing /opt/airflow/dags/main.py took 5.541 seconds
[2026-03-05T21:56:39.900+0000] {processor.py:161} INFO - Started process (PID=76) to work on /opt/airflow/dags/main.py
[2026-03-05T21:56:39.940+0000] {processor.py:830} INFO - Processing file /opt/airflow/dags/main.py for tasks to queue
[2026-03-05T21:56:41.078+0000] {logging_mixin.py:188} INFO - [2026-03-05T21:56:41.068+0000] {dagbag.py:545} INFO - Filling up the DagBag from /opt/airflow/dags/main.py
[2026-03-05T21:56:41.288+0000] {processor.py:840} INFO - DAG(s) 'update_db', 'data_quality', 'produce_json' retrieved from /opt/airflow/dags/main.py
[2026-03-05T21:56:43.232+0000] {logging_mixin.py:188} INFO - [2026-03-05T21:56:43.232+0000] {dag.py:3096} INFO - Sync 3 DAGs
[2026-03-05T21:56:43.522+0000] {logging_mixin.py:188} INFO - [2026-03-05T21:56:43.522+0000] {dag.py:3954} INFO - Setting next_dagrun for data_quality to None, run_after=None
[2026-03-05T21:56:43.664+0000] {logging_mixin.py:188} INFO - [2026-03-05T21:56:43.663+0000] {dag.py:3954} INFO - Setting next_dagrun for produce_json to 2026-03-05 14:00:00+00:00, run_after=2026-03-06 14:00:00+00:00
[2026-03-05T21:56:43.714+0000] {logging_mixin.py:188} INFO - [2026-03-05T21:56:43.698+0000] {dag.py:3954} INFO - Setting next_dagrun for update_db to None, run_after=None
[2026-03-05T21:56:44.131+0000] {processor.py:183} INFO - Processing /opt/airflow/dags/main.py took 4.241 seconds
[2026-03-05T21:57:15.464+0000] {processor.py:161} INFO - Started process (PID=83) to work on /opt/airflow/dags/main.py
[2026-03-05T21:57:15.527+0000] {processor.py:830} INFO - Processing file /opt/airflow/dags/main.py for tasks to queue
[2026-03-05T21:57:15.549+0000] {logging_mixin.py:188} INFO - [2026-03-05T21:57:15.548+0000] {dagbag.py:545} INFO - Filling up the DagBag from /opt/airflow/dags/main.py
[2026-03-05T21:57:15.980+0000] {processor.py:840} INFO - DAG(s) 'produce_json', 'update_db', 'data_quality' retrieved from /opt/airflow/dags/main.py
[2026-03-05T21:57:17.188+0000] {logging_mixin.py:188} INFO - [2026-03-05T21:57:17.187+0000] {dag.py:3096} INFO - Sync 3 DAGs
[2026-03-05T21:57:17.822+0000] {logging_mixin.py:188} INFO - [2026-03-05T21:57:17.822+0000] {dag.py:3954} INFO - Setting next_dagrun for data_quality to None, run_after=None
[2026-03-05T21:57:18.050+0000] {logging_mixin.py:188} INFO - [2026-03-05T21:57:18.049+0000] {dag.py:3954} INFO - Setting next_dagrun for produce_json to 2026-03-05 14:00:00+00:00, run_after=2026-03-06 14:00:00+00:00
[2026-03-05T21:57:18.118+0000] {logging_mixin.py:188} INFO - [2026-03-05T21:57:18.117+0000] {dag.py:3954} INFO - Setting next_dagrun for update_db to None, run_after=None
[2026-03-05T21:57:18.571+0000] {processor.py:183} INFO - Processing /opt/airflow/dags/main.py took 3.188 seconds
[2026-03-05T21:57:49.214+0000] {processor.py:161} INFO - Started process (PID=90) to work on /opt/airflow/dags/main.py
[2026-03-05T21:57:49.216+0000] {processor.py:830} INFO - Processing file /opt/airflow/dags/main.py for tasks to queue
[2026-03-05T21:57:49.219+0000] {logging_mixin.py:188} INFO - [2026-03-05T21:57:49.218+0000] {dagbag.py:545} INFO - Filling up the DagBag from /opt/airflow/dags/main.py
[2026-03-05T21:57:49.305+0000] {processor.py:840} INFO - DAG(s) 'update_db', 'data_quality', 'produce_json' retrieved from /opt/airflow/dags/main.py
[2026-03-05T21:57:49.373+0000] {logging_mixin.py:188} INFO - [2026-03-05T21:57:49.373+0000] {dag.py:3096} INFO - Sync 3 DAGs
[2026-03-05T21:57:49.430+0000] {logging_mixin.py:188} INFO - [2026-03-05T21:57:49.430+0000] {dag.py:3954} INFO - Setting next_dagrun for data_quality to None, run_after=None
[2026-03-05T21:57:49.440+0000] {logging_mixin.py:188} INFO - [2026-03-05T21:57:49.440+0000] {dag.py:3954} INFO - Setting next_dagrun for produce_json to 2026-03-05 14:00:00+00:00, run_after=2026-03-06 14:00:00+00:00
[2026-03-05T21:57:49.443+0000] {logging_mixin.py:188} INFO - [2026-03-05T21:57:49.442+0000] {dag.py:3954} INFO - Setting next_dagrun for update_db to None, run_after=None
[2026-03-05T21:57:49.482+0000] {processor.py:183} INFO - Processing /opt/airflow/dags/main.py took 0.285 seconds
[2026-03-05T21:58:19.671+0000] {processor.py:161} INFO - Started process (PID=97) to work on /opt/airflow/dags/main.py
[2026-03-05T21:58:19.674+0000] {processor.py:830} INFO - Processing file /opt/airflow/dags/main.py for tasks to queue
[2026-03-05T21:58:19.682+0000] {logging_mixin.py:188} INFO - [2026-03-05T21:58:19.681+0000] {dagbag.py:545} INFO - Filling up the DagBag from /opt/airflow/dags/main.py
[2026-03-05T21:58:19.782+0000] {processor.py:840} INFO - DAG(s) 'data_quality', 'produce_json', 'update_db' retrieved from /opt/airflow/dags/main.py
[2026-03-05T21:58:19.940+0000] {logging_mixin.py:188} INFO - [2026-03-05T21:58:19.940+0000] {dag.py:3096} INFO - Sync 3 DAGs
[2026-03-05T21:58:19.981+0000] {logging_mixin.py:188} INFO - [2026-03-05T21:58:19.980+0000] {dag.py:3954} INFO - Setting next_dagrun for data_quality to None, run_after=None
[2026-03-05T21:58:19.991+0000] {logging_mixin.py:188} INFO - [2026-03-05T21:58:19.991+0000] {dag.py:3954} INFO - Setting next_dagrun for produce_json to 2026-03-05 14:00:00+00:00, run_after=2026-03-06 14:00:00+00:00
[2026-03-05T21:58:19.995+0000] {logging_mixin.py:188} INFO - [2026-03-05T21:58:19.994+0000] {dag.py:3954} INFO - Setting next_dagrun for update_db to None, run_after=None
[2026-03-05T21:58:20.020+0000] {processor.py:183} INFO - Processing /opt/airflow/dags/main.py took 0.382 seconds
[2026-03-05T21:58:50.662+0000] {processor.py:161} INFO - Started process (PID=104) to work on /opt/airflow/dags/main.py
[2026-03-05T21:58:50.681+0000] {processor.py:830} INFO - Processing file /opt/airflow/dags/main.py for tasks to queue
[2026-03-05T21:58:50.697+0000] {logging_mixin.py:188} INFO - [2026-03-05T21:58:50.697+0000] {dagbag.py:545} INFO - Filling up the DagBag from /opt/airflow/dags/main.py
[2026-03-05T21:58:50.848+0000] {processor.py:840} INFO - DAG(s) 'produce_json', 'data_quality', 'update_db' retrieved from /opt/airflow/dags/main.py
[2026-03-05T21:58:51.040+0000] {logging_mixin.py:188} INFO - [2026-03-05T21:58:51.039+0000] {dag.py:3096} INFO - Sync 3 DAGs
[2026-03-05T21:58:51.126+0000] {logging_mixin.py:188} INFO - [2026-03-05T21:58:51.125+0000] {dag.py:3954} INFO - Setting next_dagrun for data_quality to None, run_after=None
[2026-03-05T21:58:51.185+0000] {logging_mixin.py:188} INFO - [2026-03-05T21:58:51.185+0000] {dag.py:3954} INFO - Setting next_dagrun for produce_json to 2026-03-05 14:00:00+00:00, run_after=2026-03-06 14:00:00+00:00
[2026-03-05T21:58:51.223+0000] {logging_mixin.py:188} INFO - [2026-03-05T21:58:51.223+0000] {dag.py:3954} INFO - Setting next_dagrun for update_db to None, run_after=None
[2026-03-05T21:58:51.506+0000] {processor.py:183} INFO - Processing /opt/airflow/dags/main.py took 0.871 seconds
[2026-03-05T21:59:21.992+0000] {processor.py:161} INFO - Started process (PID=111) to work on /opt/airflow/dags/main.py
[2026-03-05T21:59:22.011+0000] {processor.py:830} INFO - Processing file /opt/airflow/dags/main.py for tasks to queue
[2026-03-05T21:59:22.015+0000] {logging_mixin.py:188} INFO - [2026-03-05T21:59:22.015+0000] {dagbag.py:545} INFO - Filling up the DagBag from /opt/airflow/dags/main.py
[2026-03-05T21:59:22.089+0000] {processor.py:840} INFO - DAG(s) 'produce_json', 'data_quality', 'update_db' retrieved from /opt/airflow/dags/main.py
[2026-03-05T21:59:23.743+0000] {logging_mixin.py:188} INFO - [2026-03-05T21:59:23.742+0000] {dag.py:3096} INFO - Sync 3 DAGs
[2026-03-05T21:59:24.947+0000] {logging_mixin.py:188} INFO - [2026-03-05T21:59:24.947+0000] {dag.py:3954} INFO - Setting next_dagrun for data_quality to None, run_after=None
[2026-03-05T21:59:25.624+0000] {logging_mixin.py:188} INFO - [2026-03-05T21:59:25.623+0000] {dag.py:3954} INFO - Setting next_dagrun for produce_json to 2026-03-05 14:00:00+00:00, run_after=2026-03-06 14:00:00+00:00
[2026-03-05T21:59:25.650+0000] {logging_mixin.py:188} INFO - [2026-03-05T21:59:25.650+0000] {dag.py:3954} INFO - Setting next_dagrun for update_db to None, run_after=None
[2026-03-05T21:59:27.573+0000] {processor.py:183} INFO - Processing /opt/airflow/dags/main.py took 5.865 seconds
[2026-03-05T21:59:58.637+0000] {processor.py:161} INFO - Started process (PID=124) to work on /opt/airflow/dags/main.py
[2026-03-05T21:59:58.658+0000] {processor.py:830} INFO - Processing file /opt/airflow/dags/main.py for tasks to queue
[2026-03-05T21:59:58.716+0000] {logging_mixin.py:188} INFO - [2026-03-05T21:59:58.706+0000] {dagbag.py:545} INFO - Filling up the DagBag from /opt/airflow/dags/main.py
[2026-03-05T21:59:58.920+0000] {processor.py:840} INFO - DAG(s) 'produce_json', 'update_db', 'data_quality' retrieved from /opt/airflow/dags/main.py
[2026-03-05T21:59:59.083+0000] {logging_mixin.py:188} INFO - [2026-03-05T21:59:59.082+0000] {dag.py:3096} INFO - Sync 3 DAGs
[2026-03-05T21:59:59.208+0000] {logging_mixin.py:188} INFO - [2026-03-05T21:59:59.207+0000] {dag.py:3954} INFO - Setting next_dagrun for data_quality to None, run_after=None
[2026-03-05T21:59:59.263+0000] {logging_mixin.py:188} INFO - [2026-03-05T21:59:59.262+0000] {dag.py:3954} INFO - Setting next_dagrun for produce_json to 2026-03-05 14:00:00+00:00, run_after=2026-03-06 14:00:00+00:00
[2026-03-05T21:59:59.342+0000] {logging_mixin.py:188} INFO - [2026-03-05T21:59:59.342+0000] {dag.py:3954} INFO - Setting next_dagrun for update_db to None, run_after=None
[2026-03-05T22:00:00.459+0000] {processor.py:183} INFO - Processing /opt/airflow/dags/main.py took 1.831 seconds
[2026-03-05T22:00:30.943+0000] {processor.py:161} INFO - Started process (PID=131) to work on /opt/airflow/dags/main.py
[2026-03-05T22:00:30.971+0000] {processor.py:830} INFO - Processing file /opt/airflow/dags/main.py for tasks to queue
[2026-03-05T22:00:30.977+0000] {logging_mixin.py:188} INFO - [2026-03-05T22:00:30.977+0000] {dagbag.py:545} INFO - Filling up the DagBag from /opt/airflow/dags/main.py
[2026-03-05T22:00:31.177+0000] {processor.py:840} INFO - DAG(s) 'data_quality', 'produce_json', 'update_db' retrieved from /opt/airflow/dags/main.py
[2026-03-05T22:00:31.426+0000] {logging_mixin.py:188} INFO - [2026-03-05T22:00:31.425+0000] {dag.py:3096} INFO - Sync 3 DAGs
[2026-03-05T22:00:31.476+0000] {logging_mixin.py:188} INFO - [2026-03-05T22:00:31.476+0000] {dag.py:3954} INFO - Setting next_dagrun for data_quality to None, run_after=None
[2026-03-05T22:00:31.493+0000] {logging_mixin.py:188} INFO - [2026-03-05T22:00:31.493+0000] {dag.py:3954} INFO - Setting next_dagrun for produce_json to 2026-03-05 14:00:00+00:00, run_after=2026-03-06 14:00:00+00:00
[2026-03-05T22:00:31.500+0000] {logging_mixin.py:188} INFO - [2026-03-05T22:00:31.499+0000] {dag.py:3954} INFO - Setting next_dagrun for update_db to None, run_after=None
[2026-03-05T22:00:31.792+0000] {processor.py:183} INFO - Processing /opt/airflow/dags/main.py took 0.861 seconds
[2026-03-05T22:01:02.427+0000] {processor.py:161} INFO - Started process (PID=138) to work on /opt/airflow/dags/main.py
[2026-03-05T22:01:02.432+0000] {processor.py:830} INFO - Processing file /opt/airflow/dags/main.py for tasks to queue
[2026-03-05T22:01:02.443+0000] {logging_mixin.py:188} INFO - [2026-03-05T22:01:02.442+0000] {dagbag.py:545} INFO - Filling up the DagBag from /opt/airflow/dags/main.py
[2026-03-05T22:01:02.675+0000] {processor.py:840} INFO - DAG(s) 'produce_json', 'data_quality', 'update_db' retrieved from /opt/airflow/dags/main.py
[2026-03-05T22:01:02.814+0000] {logging_mixin.py:188} INFO - [2026-03-05T22:01:02.813+0000] {dag.py:3096} INFO - Sync 3 DAGs
[2026-03-05T22:01:02.909+0000] {logging_mixin.py:188} INFO - [2026-03-05T22:01:02.909+0000] {dag.py:3954} INFO - Setting next_dagrun for data_quality to None, run_after=None
[2026-03-05T22:01:02.923+0000] {logging_mixin.py:188} INFO - [2026-03-05T22:01:02.923+0000] {dag.py:3954} INFO - Setting next_dagrun for produce_json to 2026-03-05 14:00:00+00:00, run_after=2026-03-06 14:00:00+00:00
[2026-03-05T22:01:02.926+0000] {logging_mixin.py:188} INFO - [2026-03-05T22:01:02.926+0000] {dag.py:3954} INFO - Setting next_dagrun for update_db to None, run_after=None
[2026-03-05T22:01:03.018+0000] {processor.py:183} INFO - Processing /opt/airflow/dags/main.py took 0.601 seconds
[2026-03-05T22:01:33.376+0000] {processor.py:161} INFO - Started process (PID=145) to work on /opt/airflow/dags/main.py
[2026-03-05T22:01:33.380+0000] {processor.py:830} INFO - Processing file /opt/airflow/dags/main.py for tasks to queue
[2026-03-05T22:01:33.382+0000] {logging_mixin.py:188} INFO - [2026-03-05T22:01:33.382+0000] {dagbag.py:545} INFO - Filling up the DagBag from /opt/airflow/dags/main.py
[2026-03-05T22:01:33.459+0000] {processor.py:840} INFO - DAG(s) 'data_quality', 'update_db', 'produce_json' retrieved from /opt/airflow/dags/main.py
[2026-03-05T22:01:33.564+0000] {logging_mixin.py:188} INFO - [2026-03-05T22:01:33.563+0000] {dag.py:3096} INFO - Sync 3 DAGs
[2026-03-05T22:01:33.619+0000] {logging_mixin.py:188} INFO - [2026-03-05T22:01:33.619+0000] {dag.py:3954} INFO - Setting next_dagrun for data_quality to None, run_after=None
[2026-03-05T22:01:33.647+0000] {logging_mixin.py:188} INFO - [2026-03-05T22:01:33.642+0000] {dag.py:3954} INFO - Setting next_dagrun for produce_json to 2026-03-05 14:00:00+00:00, run_after=2026-03-06 14:00:00+00:00
[2026-03-05T22:01:33.654+0000] {logging_mixin.py:188} INFO - [2026-03-05T22:01:33.653+0000] {dag.py:3954} INFO - Setting next_dagrun for update_db to None, run_after=None
[2026-03-05T22:01:33.839+0000] {processor.py:183} INFO - Processing /opt/airflow/dags/main.py took 0.474 seconds
[2026-03-05T22:02:04.494+0000] {processor.py:161} INFO - Started process (PID=152) to work on /opt/airflow/dags/main.py
[2026-03-05T22:02:04.500+0000] {processor.py:830} INFO - Processing file /opt/airflow/dags/main.py for tasks to queue
[2026-03-05T22:02:04.503+0000] {logging_mixin.py:188} INFO - [2026-03-05T22:02:04.503+0000] {dagbag.py:545} INFO - Filling up the DagBag from /opt/airflow/dags/main.py
[2026-03-05T22:02:04.580+0000] {processor.py:840} INFO - DAG(s) 'update_db', 'data_quality', 'produce_json' retrieved from /opt/airflow/dags/main.py
[2026-03-05T22:02:04.685+0000] {logging_mixin.py:188} INFO - [2026-03-05T22:02:04.684+0000] {dag.py:3096} INFO - Sync 3 DAGs
[2026-03-05T22:02:04.743+0000] {logging_mixin.py:188} INFO - [2026-03-05T22:02:04.743+0000] {dag.py:3954} INFO - Setting next_dagrun for data_quality to None, run_after=None
[2026-03-05T22:02:04.761+0000] {logging_mixin.py:188} INFO - [2026-03-05T22:02:04.760+0000] {dag.py:3954} INFO - Setting next_dagrun for produce_json to 2026-03-05 14:00:00+00:00, run_after=2026-03-06 14:00:00+00:00
[2026-03-05T22:02:04.767+0000] {logging_mixin.py:188} INFO - [2026-03-05T22:02:04.766+0000] {dag.py:3954} INFO - Setting next_dagrun for update_db to None, run_after=None
[2026-03-05T22:02:04.814+0000] {processor.py:183} INFO - Processing /opt/airflow/dags/main.py took 0.341 seconds
[2026-03-05T22:02:35.544+0000] {processor.py:161} INFO - Started process (PID=159) to work on /opt/airflow/dags/main.py
[2026-03-05T22:02:35.564+0000] {processor.py:830} INFO - Processing file /opt/airflow/dags/main.py for tasks to queue
[2026-03-05T22:02:35.568+0000] {logging_mixin.py:188} INFO - [2026-03-05T22:02:35.567+0000] {dagbag.py:545} INFO - Filling up the DagBag from /opt/airflow/dags/main.py
[2026-03-05T22:02:35.683+0000] {processor.py:840} INFO - DAG(s) 'update_db', 'data_quality', 'produce_json' retrieved from /opt/airflow/dags/main.py
[2026-03-05T22:02:35.786+0000] {logging_mixin.py:188} INFO - [2026-03-05T22:02:35.786+0000] {dag.py:3096} INFO - Sync 3 DAGs
[2026-03-05T22:02:35.840+0000] {logging_mixin.py:188} INFO - [2026-03-05T22:02:35.840+0000] {dag.py:3954} INFO - Setting next_dagrun for data_quality to None, run_after=None
[2026-03-05T22:02:35.856+0000] {logging_mixin.py:188} INFO - [2026-03-05T22:02:35.856+0000] {dag.py:3954} INFO - Setting next_dagrun for produce_json to 2026-03-05 14:00:00+00:00, run_after=2026-03-06 14:00:00+00:00
[2026-03-05T22:02:35.881+0000] {logging_mixin.py:188} INFO - [2026-03-05T22:02:35.880+0000] {dag.py:3954} INFO - Setting next_dagrun for update_db to None, run_after=None
[2026-03-05T22:02:35.932+0000] {processor.py:183} INFO - Processing /opt/airflow/dags/main.py took 0.408 seconds
[2026-03-05T22:03:06.927+0000] {processor.py:161} INFO - Started process (PID=166) to work on /opt/airflow/dags/main.py
[2026-03-05T22:03:07.955+0000] {processor.py:830} INFO - Processing file /opt/airflow/dags/main.py for tasks to queue
[2026-03-05T22:03:07.972+0000] {logging_mixin.py:188} INFO - [2026-03-05T22:03:07.971+0000] {dagbag.py:545} INFO - Filling up the DagBag from /opt/airflow/dags/main.py
[2026-03-05T22:03:08.046+0000] {processor.py:840} INFO - DAG(s) 'produce_json', 'data_quality', 'update_db' retrieved from /opt/airflow/dags/main.py
[2026-03-05T22:03:08.744+0000] {logging_mixin.py:188} INFO - [2026-03-05T22:03:08.744+0000] {dag.py:3096} INFO - Sync 3 DAGs
[2026-03-05T22:03:08.798+0000] {logging_mixin.py:188} INFO - [2026-03-05T22:03:08.798+0000] {dag.py:3954} INFO - Setting next_dagrun for data_quality to None, run_after=None
[2026-03-05T22:03:08.808+0000] {logging_mixin.py:188} INFO - [2026-03-05T22:03:08.807+0000] {dag.py:3954} INFO - Setting next_dagrun for produce_json to 2026-03-05 14:00:00+00:00, run_after=2026-03-06 14:00:00+00:00
[2026-03-05T22:03:08.811+0000] {logging_mixin.py:188} INFO - [2026-03-05T22:03:08.810+0000] {dag.py:3954} INFO - Setting next_dagrun for update_db to None, run_after=None
[2026-03-05T22:03:08.840+0000] {processor.py:183} INFO - Processing /opt/airflow/dags/main.py took 1.925 seconds
[2026-03-05T22:03:38.937+0000] {processor.py:161} INFO - Started process (PID=174) to work on /opt/airflow/dags/main.py
[2026-03-05T22:03:38.939+0000] {processor.py:830} INFO - Processing file /opt/airflow/dags/main.py for tasks to queue
[2026-03-05T22:03:38.943+0000] {logging_mixin.py:188} INFO - [2026-03-05T22:03:38.943+0000] {dagbag.py:545} INFO - Filling up the DagBag from /opt/airflow/dags/main.py
[2026-03-05T22:03:39.022+0000] {processor.py:840} INFO - DAG(s) 'update_db', 'data_quality', 'produce_json' retrieved from /opt/airflow/dags/main.py
[2026-03-05T22:03:39.437+0000] {logging_mixin.py:188} INFO - [2026-03-05T22:03:39.436+0000] {dag.py:3096} INFO - Sync 3 DAGs
[2026-03-05T22:03:39.557+0000] {logging_mixin.py:188} INFO - [2026-03-05T22:03:39.557+0000] {dag.py:3954} INFO - Setting next_dagrun for data_quality to None, run_after=None
[2026-03-05T22:03:39.573+0000] {logging_mixin.py:188} INFO - [2026-03-05T22:03:39.572+0000] {dag.py:3954} INFO - Setting next_dagrun for produce_json to 2026-03-05 14:00:00+00:00, run_after=2026-03-06 14:00:00+00:00
[2026-03-05T22:03:39.575+0000] {logging_mixin.py:188} INFO - [2026-03-05T22:03:39.575+0000] {dag.py:3954} INFO - Setting next_dagrun for update_db to None, run_after=None
[2026-03-05T22:03:39.608+0000] {processor.py:183} INFO - Processing /opt/airflow/dags/main.py took 0.682 seconds
[2026-03-05T22:04:10.374+0000] {processor.py:161} INFO - Started process (PID=181) to work on /opt/airflow/dags/main.py
[2026-03-05T22:04:10.396+0000] {processor.py:830} INFO - Processing file /opt/airflow/dags/main.py for tasks to queue
[2026-03-05T22:04:10.401+0000] {logging_mixin.py:188} INFO - [2026-03-05T22:04:10.400+0000] {dagbag.py:545} INFO - Filling up the DagBag from /opt/airflow/dags/main.py
[2026-03-05T22:04:10.505+0000] {processor.py:840} INFO - DAG(s) 'produce_json', 'data_quality', 'update_db' retrieved from /opt/airflow/dags/main.py
[2026-03-05T22:04:10.819+0000] {logging_mixin.py:188} INFO - [2026-03-05T22:04:10.813+0000] {dag.py:3096} INFO - Sync 3 DAGs
[2026-03-05T22:04:11.015+0000] {logging_mixin.py:188} INFO - [2026-03-05T22:04:11.015+0000] {dag.py:3954} INFO - Setting next_dagrun for data_quality to None, run_after=None
[2026-03-05T22:04:11.068+0000] {logging_mixin.py:188} INFO - [2026-03-05T22:04:11.068+0000] {dag.py:3954} INFO - Setting next_dagrun for produce_json to 2026-03-05 14:00:00+00:00, run_after=2026-03-06 14:00:00+00:00
[2026-03-05T22:04:11.082+0000] {logging_mixin.py:188} INFO - [2026-03-05T22:04:11.082+0000] {dag.py:3954} INFO - Setting next_dagrun for update_db to None, run_after=None
[2026-03-05T22:04:11.195+0000] {processor.py:183} INFO - Processing /opt/airflow/dags/main.py took 0.849 seconds
[2026-03-05T22:04:41.946+0000] {processor.py:161} INFO - Started process (PID=188) to work on /opt/airflow/dags/main.py
[2026-03-05T22:04:41.951+0000] {processor.py:830} INFO - Processing file /opt/airflow/dags/main.py for tasks to queue
[2026-03-05T22:04:41.954+0000] {logging_mixin.py:188} INFO - [2026-03-05T22:04:41.953+0000] {dagbag.py:545} INFO - Filling up the DagBag from /opt/airflow/dags/main.py
[2026-03-05T22:04:42.044+0000] {processor.py:840} INFO - DAG(s) 'data_quality', 'produce_json', 'update_db' retrieved from /opt/airflow/dags/main.py
[2026-03-05T22:04:42.150+0000] {logging_mixin.py:188} INFO - [2026-03-05T22:04:42.149+0000] {dag.py:3096} INFO - Sync 3 DAGs
[2026-03-05T22:04:42.189+0000] {logging_mixin.py:188} INFO - [2026-03-05T22:04:42.189+0000] {dag.py:3954} INFO - Setting next_dagrun for data_quality to None, run_after=None
[2026-03-05T22:04:42.200+0000] {logging_mixin.py:188} INFO - [2026-03-05T22:04:42.199+0000] {dag.py:3954} INFO - Setting next_dagrun for produce_json to 2026-03-05 14:00:00+00:00, run_after=2026-03-06 14:00:00+00:00
[2026-03-05T22:04:42.203+0000] {logging_mixin.py:188} INFO - [2026-03-05T22:04:42.203+0000] {dag.py:3954} INFO - Setting next_dagrun for update_db to None, run_after=None
[2026-03-05T22:04:42.440+0000] {processor.py:183} INFO - Processing /opt/airflow/dags/main.py took 0.508 seconds
[2026-03-05T22:05:13.185+0000] {processor.py:161} INFO - Started process (PID=195) to work on /opt/airflow/dags/main.py
[2026-03-05T22:05:13.338+0000] {processor.py:830} INFO - Processing file /opt/airflow/dags/main.py for tasks to queue
[2026-03-05T22:05:13.347+0000] {logging_mixin.py:188} INFO - [2026-03-05T22:05:13.347+0000] {dagbag.py:545} INFO - Filling up the DagBag from /opt/airflow/dags/main.py
[2026-03-05T22:05:13.434+0000] {processor.py:840} INFO - DAG(s) 'update_db', 'produce_json', 'data_quality' retrieved from /opt/airflow/dags/main.py
[2026-03-05T22:05:13.579+0000] {logging_mixin.py:188} INFO - [2026-03-05T22:05:13.579+0000] {dag.py:3096} INFO - Sync 3 DAGs
[2026-03-05T22:05:13.677+0000] {logging_mixin.py:188} INFO - [2026-03-05T22:05:13.677+0000] {dag.py:3954} INFO - Setting next_dagrun for data_quality to None, run_after=None
[2026-03-05T22:05:13.696+0000] {logging_mixin.py:188} INFO - [2026-03-05T22:05:13.696+0000] {dag.py:3954} INFO - Setting next_dagrun for produce_json to 2026-03-05 14:00:00+00:00, run_after=2026-03-06 14:00:00+00:00
[2026-03-05T22:05:13.700+0000] {logging_mixin.py:188} INFO - [2026-03-05T22:05:13.700+0000] {dag.py:3954} INFO - Setting next_dagrun for update_db to None, run_after=None
[2026-03-05T22:05:13.759+0000] {processor.py:183} INFO - Processing /opt/airflow/dags/main.py took 0.585 seconds
[2026-03-05T22:05:44.760+0000] {processor.py:161} INFO - Started process (PID=202) to work on /opt/airflow/dags/main.py
[2026-03-05T22:05:44.764+0000] {processor.py:830} INFO - Processing file /opt/airflow/dags/main.py for tasks to queue
[2026-03-05T22:05:44.769+0000] {logging_mixin.py:188} INFO - [2026-03-05T22:05:44.768+0000] {dagbag.py:545} INFO - Filling up the DagBag from /opt/airflow/dags/main.py
[2026-03-05T22:05:44.848+0000] {processor.py:840} INFO - DAG(s) 'produce_json', 'data_quality', 'update_db' retrieved from /opt/airflow/dags/main.py
[2026-03-05T22:05:44.952+0000] {logging_mixin.py:188} INFO - [2026-03-05T22:05:44.952+0000] {dag.py:3096} INFO - Sync 3 DAGs
[2026-03-05T22:05:44.996+0000] {logging_mixin.py:188} INFO - [2026-03-05T22:05:44.996+0000] {dag.py:3954} INFO - Setting next_dagrun for data_quality to None, run_after=None
[2026-03-05T22:05:45.011+0000] {logging_mixin.py:188} INFO - [2026-03-05T22:05:45.010+0000] {dag.py:3954} INFO - Setting next_dagrun for produce_json to 2026-03-05 14:00:00+00:00, run_after=2026-03-06 14:00:00+00:00
[2026-03-05T22:05:45.018+0000] {logging_mixin.py:188} INFO - [2026-03-05T22:05:45.017+0000] {dag.py:3954} INFO - Setting next_dagrun for update_db to None, run_after=None
[2026-03-05T22:05:45.061+0000] {processor.py:183} INFO - Processing /opt/airflow/dags/main.py took 0.314 seconds
[2026-03-05T22:06:15.551+0000] {processor.py:161} INFO - Started process (PID=211) to work on /opt/airflow/dags/main.py
[2026-03-05T22:06:15.554+0000] {processor.py:830} INFO - Processing file /opt/airflow/dags/main.py for tasks to queue
[2026-03-05T22:06:15.559+0000] {logging_mixin.py:188} INFO - [2026-03-05T22:06:15.558+0000] {dagbag.py:545} INFO - Filling up the DagBag from /opt/airflow/dags/main.py
[2026-03-05T22:06:15.641+0000] {processor.py:840} INFO - DAG(s) 'produce_json', 'update_db', 'data_quality' retrieved from /opt/airflow/dags/main.py
[2026-03-05T22:06:15.750+0000] {logging_mixin.py:188} INFO - [2026-03-05T22:06:15.750+0000] {dag.py:3096} INFO - Sync 3 DAGs
[2026-03-05T22:06:15.782+0000] {logging_mixin.py:188} INFO - [2026-03-05T22:06:15.781+0000] {dag.py:3954} INFO - Setting next_dagrun for data_quality to None, run_after=None
[2026-03-05T22:06:15.791+0000] {logging_mixin.py:188} INFO - [2026-03-05T22:06:15.791+0000] {dag.py:3954} INFO - Setting next_dagrun for produce_json to 2026-03-05 14:00:00+00:00, run_after=2026-03-06 14:00:00+00:00
[2026-03-05T22:06:15.794+0000] {logging_mixin.py:188} INFO - [2026-03-05T22:06:15.793+0000] {dag.py:3954} INFO - Setting next_dagrun for update_db to None, run_after=None
[2026-03-05T22:06:15.819+0000] {processor.py:183} INFO - Processing /opt/airflow/dags/main.py took 0.288 seconds
[2026-03-05T22:07:40.683+0000] {processor.py:161} INFO - Started process (PID=212) to work on /opt/airflow/dags/main.py
[2026-03-05T22:07:40.709+0000] {processor.py:830} INFO - Processing file /opt/airflow/dags/main.py for tasks to queue
[2026-03-05T22:07:40.789+0000] {logging_mixin.py:188} INFO - [2026-03-05T22:07:40.788+0000] {dagbag.py:545} INFO - Filling up the DagBag from /opt/airflow/dags/main.py
[2026-03-05T22:07:41.769+0000] {processor.py:840} INFO - DAG(s) 'update_db', 'data_quality', 'produce_json' retrieved from /opt/airflow/dags/main.py
[2026-03-05T22:07:42.223+0000] {logging_mixin.py:188} INFO - [2026-03-05T22:07:42.222+0000] {dag.py:3096} INFO - Sync 3 DAGs
[2026-03-05T22:07:42.594+0000] {logging_mixin.py:188} INFO - [2026-03-05T22:07:42.593+0000] {dag.py:3954} INFO - Setting next_dagrun for data_quality to None, run_after=None
[2026-03-05T22:07:42.774+0000] {logging_mixin.py:188} INFO - [2026-03-05T22:07:42.761+0000] {dag.py:3954} INFO - Setting next_dagrun for produce_json to 2026-03-05 14:00:00+00:00, run_after=2026-03-06 14:00:00+00:00
[2026-03-05T22:07:42.841+0000] {logging_mixin.py:188} INFO - [2026-03-05T22:07:42.840+0000] {dag.py:3954} INFO - Setting next_dagrun for update_db to None, run_after=None
[2026-03-05T22:07:43.245+0000] {processor.py:183} INFO - Processing /opt/airflow/dags/main.py took 2.806 seconds
[2026-03-05T22:08:14.263+0000] {processor.py:161} INFO - Started process (PID=225) to work on /opt/airflow/dags/main.py
[2026-03-05T22:08:14.265+0000] {processor.py:830} INFO - Processing file /opt/airflow/dags/main.py for tasks to queue
[2026-03-05T22:08:14.269+0000] {logging_mixin.py:188} INFO - [2026-03-05T22:08:14.268+0000] {dagbag.py:545} INFO - Filling up the DagBag from /opt/airflow/dags/main.py
[2026-03-05T22:08:14.441+0000] {processor.py:840} INFO - DAG(s) 'produce_json', 'data_quality', 'update_db' retrieved from /opt/airflow/dags/main.py
[2026-03-05T22:08:14.507+0000] {logging_mixin.py:188} INFO - [2026-03-05T22:08:14.507+0000] {dag.py:3096} INFO - Sync 3 DAGs
[2026-03-05T22:08:14.550+0000] {logging_mixin.py:188} INFO - [2026-03-05T22:08:14.550+0000] {dag.py:3954} INFO - Setting next_dagrun for data_quality to None, run_after=None
[2026-03-05T22:08:14.561+0000] {logging_mixin.py:188} INFO - [2026-03-05T22:08:14.561+0000] {dag.py:3954} INFO - Setting next_dagrun for produce_json to 2026-03-05 14:00:00+00:00, run_after=2026-03-06 14:00:00+00:00
[2026-03-05T22:08:14.566+0000] {logging_mixin.py:188} INFO - [2026-03-05T22:08:14.565+0000] {dag.py:3954} INFO - Setting next_dagrun for update_db to None, run_after=None
[2026-03-05T22:08:14.607+0000] {processor.py:183} INFO - Processing /opt/airflow/dags/main.py took 0.396 seconds
[2026-03-05T22:08:45.385+0000] {processor.py:161} INFO - Started process (PID=232) to work on /opt/airflow/dags/main.py
[2026-03-05T22:08:45.389+0000] {processor.py:830} INFO - Processing file /opt/airflow/dags/main.py for tasks to queue
[2026-03-05T22:08:45.393+0000] {logging_mixin.py:188} INFO - [2026-03-05T22:08:45.393+0000] {dagbag.py:545} INFO - Filling up the DagBag from /opt/airflow/dags/main.py
[2026-03-05T22:08:45.465+0000] {processor.py:840} INFO - DAG(s) 'data_quality', 'produce_json', 'update_db' retrieved from /opt/airflow/dags/main.py
[2026-03-05T22:08:45.537+0000] {logging_mixin.py:188} INFO - [2026-03-05T22:08:45.536+0000] {dag.py:3096} INFO - Sync 3 DAGs
[2026-03-05T22:08:45.573+0000] {logging_mixin.py:188} INFO - [2026-03-05T22:08:45.573+0000] {dag.py:3954} INFO - Setting next_dagrun for data_quality to None, run_after=None
[2026-03-05T22:08:45.584+0000] {logging_mixin.py:188} INFO - [2026-03-05T22:08:45.583+0000] {dag.py:3954} INFO - Setting next_dagrun for produce_json to 2026-03-05 14:00:00+00:00, run_after=2026-03-06 14:00:00+00:00
[2026-03-05T22:08:45.588+0000] {logging_mixin.py:188} INFO - [2026-03-05T22:08:45.587+0000] {dag.py:3954} INFO - Setting next_dagrun for update_db to None, run_after=None
[2026-03-05T22:08:45.631+0000] {processor.py:183} INFO - Processing /opt/airflow/dags/main.py took 0.257 seconds
[2026-03-05T22:09:16.956+0000] {processor.py:161} INFO - Started process (PID=239) to work on /opt/airflow/dags/main.py
[2026-03-05T22:09:16.961+0000] {processor.py:830} INFO - Processing file /opt/airflow/dags/main.py for tasks to queue
[2026-03-05T22:09:16.977+0000] {logging_mixin.py:188} INFO - [2026-03-05T22:09:16.972+0000] {dagbag.py:545} INFO - Filling up the DagBag from /opt/airflow/dags/main.py
[2026-03-05T22:09:17.113+0000] {processor.py:840} INFO - DAG(s) 'produce_json', 'update_db', 'data_quality' retrieved from /opt/airflow/dags/main.py
[2026-03-05T22:09:17.256+0000] {logging_mixin.py:188} INFO - [2026-03-05T22:09:17.255+0000] {dag.py:3096} INFO - Sync 3 DAGs
[2026-03-05T22:09:17.311+0000] {logging_mixin.py:188} INFO - [2026-03-05T22:09:17.311+0000] {dag.py:3954} INFO - Setting next_dagrun for data_quality to None, run_after=None
[2026-03-05T22:09:17.324+0000] {logging_mixin.py:188} INFO - [2026-03-05T22:09:17.324+0000] {dag.py:3954} INFO - Setting next_dagrun for produce_json to 2026-03-05 14:00:00+00:00, run_after=2026-03-06 14:00:00+00:00
[2026-03-05T22:09:17.328+0000] {logging_mixin.py:188} INFO - [2026-03-05T22:09:17.327+0000] {dag.py:3954} INFO - Setting next_dagrun for update_db to None, run_after=None
[2026-03-05T22:09:17.374+0000] {processor.py:183} INFO - Processing /opt/airflow/dags/main.py took 0.441 seconds
[2026-03-05T22:09:48.074+0000] {processor.py:161} INFO - Started process (PID=246) to work on /opt/airflow/dags/main.py
[2026-03-05T22:09:48.081+0000] {processor.py:830} INFO - Processing file /opt/airflow/dags/main.py for tasks to queue
[2026-03-05T22:09:48.093+0000] {logging_mixin.py:188} INFO - [2026-03-05T22:09:48.091+0000] {dagbag.py:545} INFO - Filling up the DagBag from /opt/airflow/dags/main.py
[2026-03-05T22:09:48.177+0000] {processor.py:840} INFO - DAG(s) 'data_quality', 'update_db', 'produce_json' retrieved from /opt/airflow/dags/main.py
[2026-03-05T22:09:48.252+0000] {logging_mixin.py:188} INFO - [2026-03-05T22:09:48.252+0000] {dag.py:3096} INFO - Sync 3 DAGs
[2026-03-05T22:09:48.301+0000] {logging_mixin.py:188} INFO - [2026-03-05T22:09:48.300+0000] {dag.py:3954} INFO - Setting next_dagrun for data_quality to None, run_after=None
[2026-03-05T22:09:48.310+0000] {logging_mixin.py:188} INFO - [2026-03-05T22:09:48.310+0000] {dag.py:3954} INFO - Setting next_dagrun for produce_json to 2026-03-05 14:00:00+00:00, run_after=2026-03-06 14:00:00+00:00
[2026-03-05T22:09:48.313+0000] {logging_mixin.py:188} INFO - [2026-03-05T22:09:48.312+0000] {dag.py:3954} INFO - Setting next_dagrun for update_db to None, run_after=None
[2026-03-05T22:09:48.343+0000] {processor.py:183} INFO - Processing /opt/airflow/dags/main.py took 0.305 seconds
[2026-03-05T22:10:18.391+0000] {processor.py:161} INFO - Started process (PID=254) to work on /opt/airflow/dags/main.py
[2026-03-05T22:10:18.394+0000] {processor.py:830} INFO - Processing file /opt/airflow/dags/main.py for tasks to queue
[2026-03-05T22:10:18.398+0000] {logging_mixin.py:188} INFO - [2026-03-05T22:10:18.398+0000] {dagbag.py:545} INFO - Filling up the DagBag from /opt/airflow/dags/main.py
[2026-03-05T22:10:18.472+0000] {processor.py:840} INFO - DAG(s) 'update_db', 'produce_json', 'data_quality' retrieved from /opt/airflow/dags/main.py
[2026-03-05T22:10:18.531+0000] {logging_mixin.py:188} INFO - [2026-03-05T22:10:18.531+0000] {dag.py:3096} INFO - Sync 3 DAGs
[2026-03-05T22:10:18.584+0000] {logging_mixin.py:188} INFO - [2026-03-05T22:10:18.583+0000] {dag.py:3954} INFO - Setting next_dagrun for data_quality to None, run_after=None
[2026-03-05T22:10:18.597+0000] {logging_mixin.py:188} INFO - [2026-03-05T22:10:18.597+0000] {dag.py:3954} INFO - Setting next_dagrun for produce_json to 2026-03-05 14:00:00+00:00, run_after=2026-03-06 14:00:00+00:00
[2026-03-05T22:10:18.600+0000] {logging_mixin.py:188} INFO - [2026-03-05T22:10:18.599+0000] {dag.py:3954} INFO - Setting next_dagrun for update_db to None, run_after=None
[2026-03-05T22:10:18.625+0000] {processor.py:183} INFO - Processing /opt/airflow/dags/main.py took 0.245 seconds
[2026-03-05T22:10:48.947+0000] {processor.py:161} INFO - Started process (PID=261) to work on /opt/airflow/dags/main.py
[2026-03-05T22:10:48.951+0000] {processor.py:830} INFO - Processing file /opt/airflow/dags/main.py for tasks to queue
[2026-03-05T22:10:48.954+0000] {logging_mixin.py:188} INFO - [2026-03-05T22:10:48.954+0000] {dagbag.py:545} INFO - Filling up the DagBag from /opt/airflow/dags/main.py
[2026-03-05T22:10:49.030+0000] {processor.py:840} INFO - DAG(s) 'update_db', 'produce_json', 'data_quality' retrieved from /opt/airflow/dags/main.py
[2026-03-05T22:10:49.104+0000] {logging_mixin.py:188} INFO - [2026-03-05T22:10:49.103+0000] {dag.py:3096} INFO - Sync 3 DAGs
[2026-03-05T22:10:49.152+0000] {logging_mixin.py:188} INFO - [2026-03-05T22:10:49.152+0000] {dag.py:3954} INFO - Setting next_dagrun for data_quality to None, run_after=None
[2026-03-05T22:10:49.174+0000] {logging_mixin.py:188} INFO - [2026-03-05T22:10:49.174+0000] {dag.py:3954} INFO - Setting next_dagrun for produce_json to 2026-03-05 14:00:00+00:00, run_after=2026-03-06 14:00:00+00:00
[2026-03-05T22:10:49.178+0000] {logging_mixin.py:188} INFO - [2026-03-05T22:10:49.178+0000] {dag.py:3954} INFO - Setting next_dagrun for update_db to None, run_after=None
[2026-03-05T22:10:49.228+0000] {processor.py:183} INFO - Processing /opt/airflow/dags/main.py took 0.293 seconds
[2026-03-05T22:11:19.714+0000] {processor.py:161} INFO - Started process (PID=268) to work on /opt/airflow/dags/main.py
[2026-03-05T22:11:19.721+0000] {processor.py:830} INFO - Processing file /opt/airflow/dags/main.py for tasks to queue
[2026-03-05T22:11:19.732+0000] {logging_mixin.py:188} INFO - [2026-03-05T22:11:19.730+0000] {dagbag.py:545} INFO - Filling up the DagBag from /opt/airflow/dags/main.py
[2026-03-05T22:11:19.995+0000] {processor.py:840} INFO - DAG(s) 'produce_json', 'data_quality', 'update_db' retrieved from /opt/airflow/dags/main.py
[2026-03-05T22:11:20.182+0000] {logging_mixin.py:188} INFO - [2026-03-05T22:11:20.181+0000] {dag.py:3096} INFO - Sync 3 DAGs
[2026-03-05T22:11:20.224+0000] {logging_mixin.py:188} INFO - [2026-03-05T22:11:20.224+0000] {dag.py:3954} INFO - Setting next_dagrun for data_quality to None, run_after=None
[2026-03-05T22:11:20.235+0000] {logging_mixin.py:188} INFO - [2026-03-05T22:11:20.235+0000] {dag.py:3954} INFO - Setting next_dagrun for produce_json to 2026-03-05 14:00:00+00:00, run_after=2026-03-06 14:00:00+00:00
[2026-03-05T22:11:20.239+0000] {logging_mixin.py:188} INFO - [2026-03-05T22:11:20.239+0000] {dag.py:3954} INFO - Setting next_dagrun for update_db to None, run_after=None
[2026-03-05T22:11:20.284+0000] {processor.py:183} INFO - Processing /opt/airflow/dags/main.py took 0.634 seconds
[2026-03-05T22:11:50.693+0000] {processor.py:161} INFO - Started process (PID=275) to work on /opt/airflow/dags/main.py
[2026-03-05T22:11:50.696+0000] {processor.py:830} INFO - Processing file /opt/airflow/dags/main.py for tasks to queue
[2026-03-05T22:11:50.703+0000] {logging_mixin.py:188} INFO - [2026-03-05T22:11:50.701+0000] {dagbag.py:545} INFO - Filling up the DagBag from /opt/airflow/dags/main.py
[2026-03-05T22:11:50.794+0000] {processor.py:840} INFO - DAG(s) 'data_quality', 'update_db', 'produce_json' retrieved from /opt/airflow/dags/main.py
[2026-03-05T22:11:50.864+0000] {logging_mixin.py:188} INFO - [2026-03-05T22:11:50.863+0000] {dag.py:3096} INFO - Sync 3 DAGs
[2026-03-05T22:11:50.906+0000] {logging_mixin.py:188} INFO - [2026-03-05T22:11:50.906+0000] {dag.py:3954} INFO - Setting next_dagrun for data_quality to None, run_after=None
[2026-03-05T22:11:50.916+0000] {logging_mixin.py:188} INFO - [2026-03-05T22:11:50.915+0000] {dag.py:3954} INFO - Setting next_dagrun for produce_json to 2026-03-05 14:00:00+00:00, run_after=2026-03-06 14:00:00+00:00
[2026-03-05T22:11:50.918+0000] {logging_mixin.py:188} INFO - [2026-03-05T22:11:50.918+0000] {dag.py:3954} INFO - Setting next_dagrun for update_db to None, run_after=None
[2026-03-05T22:11:50.958+0000] {processor.py:183} INFO - Processing /opt/airflow/dags/main.py took 0.293 seconds
[2026-03-05T22:12:21.401+0000] {processor.py:161} INFO - Started process (PID=282) to work on /opt/airflow/dags/main.py
[2026-03-05T22:12:21.408+0000] {processor.py:830} INFO - Processing file /opt/airflow/dags/main.py for tasks to queue
[2026-03-05T22:12:21.413+0000] {logging_mixin.py:188} INFO - [2026-03-05T22:12:21.413+0000] {dagbag.py:545} INFO - Filling up the DagBag from /opt/airflow/dags/main.py
[2026-03-05T22:12:21.511+0000] {processor.py:840} INFO - DAG(s) 'produce_json', 'data_quality', 'update_db' retrieved from /opt/airflow/dags/main.py
[2026-03-05T22:12:21.568+0000] {logging_mixin.py:188} INFO - [2026-03-05T22:12:21.568+0000] {dag.py:3096} INFO - Sync 3 DAGs
[2026-03-05T22:12:21.608+0000] {logging_mixin.py:188} INFO - [2026-03-05T22:12:21.608+0000] {dag.py:3954} INFO - Setting next_dagrun for data_quality to None, run_after=None
[2026-03-05T22:12:21.622+0000] {logging_mixin.py:188} INFO - [2026-03-05T22:12:21.622+0000] {dag.py:3954} INFO - Setting next_dagrun for produce_json to 2026-03-05 14:00:00+00:00, run_after=2026-03-06 14:00:00+00:00
[2026-03-05T22:12:21.625+0000] {logging_mixin.py:188} INFO - [2026-03-05T22:12:21.625+0000] {dag.py:3954} INFO - Setting next_dagrun for update_db to None, run_after=None
[2026-03-05T22:12:21.658+0000] {processor.py:183} INFO - Processing /opt/airflow/dags/main.py took 0.274 seconds
[2026-03-05T22:12:51.810+0000] {processor.py:161} INFO - Started process (PID=289) to work on /opt/airflow/dags/main.py
[2026-03-05T22:12:51.813+0000] {processor.py:830} INFO - Processing file /opt/airflow/dags/main.py for tasks to queue
[2026-03-05T22:12:51.816+0000] {logging_mixin.py:188} INFO - [2026-03-05T22:12:51.815+0000] {dagbag.py:545} INFO - Filling up the DagBag from /opt/airflow/dags/main.py
[2026-03-05T22:12:51.894+0000] {processor.py:840} INFO - DAG(s) 'update_db', 'data_quality', 'produce_json' retrieved from /opt/airflow/dags/main.py
[2026-03-05T22:12:51.982+0000] {logging_mixin.py:188} INFO - [2026-03-05T22:12:51.981+0000] {dag.py:3096} INFO - Sync 3 DAGs
[2026-03-05T22:12:52.047+0000] {logging_mixin.py:188} INFO - [2026-03-05T22:12:52.046+0000] {dag.py:3954} INFO - Setting next_dagrun for data_quality to None, run_after=None
[2026-03-05T22:12:52.061+0000] {logging_mixin.py:188} INFO - [2026-03-05T22:12:52.060+0000] {dag.py:3954} INFO - Setting next_dagrun for produce_json to 2026-03-05 14:00:00+00:00, run_after=2026-03-06 14:00:00+00:00
[2026-03-05T22:12:52.065+0000] {logging_mixin.py:188} INFO - [2026-03-05T22:12:52.065+0000] {dag.py:3954} INFO - Setting next_dagrun for update_db to None, run_after=None
[2026-03-05T22:12:52.122+0000] {processor.py:183} INFO - Processing /opt/airflow/dags/main.py took 0.325 seconds
[2026-03-05T22:13:22.741+0000] {processor.py:161} INFO - Started process (PID=295) to work on /opt/airflow/dags/main.py
[2026-03-05T22:13:22.744+0000] {processor.py:830} INFO - Processing file /opt/airflow/dags/main.py for tasks to queue
[2026-03-05T22:13:22.748+0000] {logging_mixin.py:188} INFO - [2026-03-05T22:13:22.748+0000] {dagbag.py:545} INFO - Filling up the DagBag from /opt/airflow/dags/main.py
[2026-03-05T22:13:22.811+0000] {processor.py:840} INFO - DAG(s) 'produce_json', 'update_db', 'data_quality' retrieved from /opt/airflow/dags/main.py
[2026-03-05T22:13:22.861+0000] {logging_mixin.py:188} INFO - [2026-03-05T22:13:22.860+0000] {dag.py:3096} INFO - Sync 3 DAGs
[2026-03-05T22:13:22.896+0000] {logging_mixin.py:188} INFO - [2026-03-05T22:13:22.896+0000] {dag.py:3954} INFO - Setting next_dagrun for data_quality to None, run_after=None
[2026-03-05T22:13:22.908+0000] {logging_mixin.py:188} INFO - [2026-03-05T22:13:22.908+0000] {dag.py:3954} INFO - Setting next_dagrun for produce_json to 2026-03-05 14:00:00+00:00, run_after=2026-03-06 14:00:00+00:00
[2026-03-05T22:13:22.911+0000] {logging_mixin.py:188} INFO - [2026-03-05T22:13:22.910+0000] {dag.py:3954} INFO - Setting next_dagrun for update_db to None, run_after=None
[2026-03-05T22:13:22.940+0000] {processor.py:183} INFO - Processing /opt/airflow/dags/main.py took 0.210 seconds
[2026-03-05T22:13:53.157+0000] {processor.py:161} INFO - Started process (PID=302) to work on /opt/airflow/dags/main.py
[2026-03-05T22:13:53.160+0000] {processor.py:830} INFO - Processing file /opt/airflow/dags/main.py for tasks to queue
[2026-03-05T22:13:53.167+0000] {logging_mixin.py:188} INFO - [2026-03-05T22:13:53.166+0000] {dagbag.py:545} INFO - Filling up the DagBag from /opt/airflow/dags/main.py
[2026-03-05T22:13:53.245+0000] {processor.py:840} INFO - DAG(s) 'data_quality', 'update_db', 'produce_json' retrieved from /opt/airflow/dags/main.py
[2026-03-05T22:13:53.307+0000] {logging_mixin.py:188} INFO - [2026-03-05T22:13:53.307+0000] {dag.py:3096} INFO - Sync 3 DAGs
[2026-03-05T22:13:53.353+0000] {logging_mixin.py:188} INFO - [2026-03-05T22:13:53.352+0000] {dag.py:3954} INFO - Setting next_dagrun for data_quality to None, run_after=None
[2026-03-05T22:13:53.362+0000] {logging_mixin.py:188} INFO - [2026-03-05T22:13:53.362+0000] {dag.py:3954} INFO - Setting next_dagrun for produce_json to 2026-03-05 14:00:00+00:00, run_after=2026-03-06 14:00:00+00:00
[2026-03-05T22:13:53.365+0000] {logging_mixin.py:188} INFO - [2026-03-05T22:13:53.365+0000] {dag.py:3954} INFO - Setting next_dagrun for update_db to None, run_after=None
[2026-03-05T22:13:53.411+0000] {processor.py:183} INFO - Processing /opt/airflow/dags/main.py took 0.286 seconds
[2026-03-05T22:14:23.608+0000] {processor.py:161} INFO - Started process (PID=309) to work on /opt/airflow/dags/main.py
[2026-03-05T22:14:23.611+0000] {processor.py:830} INFO - Processing file /opt/airflow/dags/main.py for tasks to queue
[2026-03-05T22:14:23.616+0000] {logging_mixin.py:188} INFO - [2026-03-05T22:14:23.615+0000] {dagbag.py:545} INFO - Filling up the DagBag from /opt/airflow/dags/main.py
[2026-03-05T22:14:23.717+0000] {processor.py:840} INFO - DAG(s) 'update_db', 'produce_json', 'data_quality' retrieved from /opt/airflow/dags/main.py
[2026-03-05T22:14:23.780+0000] {logging_mixin.py:188} INFO - [2026-03-05T22:14:23.779+0000] {dag.py:3096} INFO - Sync 3 DAGs
[2026-03-05T22:14:23.819+0000] {logging_mixin.py:188} INFO - [2026-03-05T22:14:23.818+0000] {dag.py:3954} INFO - Setting next_dagrun for data_quality to None, run_after=None
[2026-03-05T22:14:23.833+0000] {logging_mixin.py:188} INFO - [2026-03-05T22:14:23.832+0000] {dag.py:3954} INFO - Setting next_dagrun for produce_json to 2026-03-05 14:00:00+00:00, run_after=2026-03-06 14:00:00+00:00
[2026-03-05T22:14:23.836+0000] {logging_mixin.py:188} INFO - [2026-03-05T22:14:23.836+0000] {dag.py:3954} INFO - Setting next_dagrun for update_db to None, run_after=None
[2026-03-05T22:14:23.891+0000] {processor.py:183} INFO - Processing /opt/airflow/dags/main.py took 0.294 seconds
[2026-03-05T22:14:54.681+0000] {processor.py:161} INFO - Started process (PID=316) to work on /opt/airflow/dags/main.py
[2026-03-05T22:14:54.684+0000] {processor.py:830} INFO - Processing file /opt/airflow/dags/main.py for tasks to queue
[2026-03-05T22:14:54.687+0000] {logging_mixin.py:188} INFO - [2026-03-05T22:14:54.686+0000] {dagbag.py:545} INFO - Filling up the DagBag from /opt/airflow/dags/main.py
[2026-03-05T22:14:54.770+0000] {processor.py:840} INFO - DAG(s) 'produce_json', 'data_quality', 'update_db' retrieved from /opt/airflow/dags/main.py
[2026-03-05T22:14:54.836+0000] {logging_mixin.py:188} INFO - [2026-03-05T22:14:54.835+0000] {dag.py:3096} INFO - Sync 3 DAGs
[2026-03-05T22:14:54.874+0000] {logging_mixin.py:188} INFO - [2026-03-05T22:14:54.874+0000] {dag.py:3954} INFO - Setting next_dagrun for data_quality to None, run_after=None
[2026-03-05T22:14:54.885+0000] {logging_mixin.py:188} INFO - [2026-03-05T22:14:54.884+0000] {dag.py:3954} INFO - Setting next_dagrun for produce_json to 2026-03-05 14:00:00+00:00, run_after=2026-03-06 14:00:00+00:00
[2026-03-05T22:14:54.888+0000] {logging_mixin.py:188} INFO - [2026-03-05T22:14:54.887+0000] {dag.py:3954} INFO - Setting next_dagrun for update_db to None, run_after=None
[2026-03-05T22:14:54.936+0000] {processor.py:183} INFO - Processing /opt/airflow/dags/main.py took 0.266 seconds
[2026-03-05T22:15:25.003+0000] {processor.py:161} INFO - Started process (PID=323) to work on /opt/airflow/dags/main.py
[2026-03-05T22:15:25.007+0000] {processor.py:830} INFO - Processing file /opt/airflow/dags/main.py for tasks to queue
[2026-03-05T22:15:25.010+0000] {logging_mixin.py:188} INFO - [2026-03-05T22:15:25.010+0000] {dagbag.py:545} INFO - Filling up the DagBag from /opt/airflow/dags/main.py
[2026-03-05T22:15:25.078+0000] {processor.py:840} INFO - DAG(s) 'produce_json', 'update_db', 'data_quality' retrieved from /opt/airflow/dags/main.py
[2026-03-05T22:15:25.149+0000] {logging_mixin.py:188} INFO - [2026-03-05T22:15:25.148+0000] {dag.py:3096} INFO - Sync 3 DAGs
[2026-03-05T22:15:25.184+0000] {logging_mixin.py:188} INFO - [2026-03-05T22:15:25.184+0000] {dag.py:3954} INFO - Setting next_dagrun for data_quality to None, run_after=None
[2026-03-05T22:15:25.195+0000] {logging_mixin.py:188} INFO - [2026-03-05T22:15:25.194+0000] {dag.py:3954} INFO - Setting next_dagrun for produce_json to 2026-03-05 14:00:00+00:00, run_after=2026-03-06 14:00:00+00:00
[2026-03-05T22:15:25.199+0000] {logging_mixin.py:188} INFO - [2026-03-05T22:15:25.198+0000] {dag.py:3954} INFO - Setting next_dagrun for update_db to None, run_after=None
[2026-03-05T22:15:25.238+0000] {processor.py:183} INFO - Processing /opt/airflow/dags/main.py took 0.245 seconds
[2026-03-05T22:15:55.617+0000] {processor.py:161} INFO - Started process (PID=330) to work on /opt/airflow/dags/main.py
[2026-03-05T22:15:55.631+0000] {processor.py:830} INFO - Processing file /opt/airflow/dags/main.py for tasks to queue
[2026-03-05T22:15:55.671+0000] {logging_mixin.py:188} INFO - [2026-03-05T22:15:55.652+0000] {dagbag.py:545} INFO - Filling up the DagBag from /opt/airflow/dags/main.py
[2026-03-05T22:15:56.212+0000] {processor.py:840} INFO - DAG(s) 'update_db', 'data_quality', 'produce_json' retrieved from /opt/airflow/dags/main.py
[2026-03-05T22:15:56.269+0000] {logging_mixin.py:188} INFO - [2026-03-05T22:15:56.268+0000] {dag.py:3096} INFO - Sync 3 DAGs
[2026-03-05T22:15:56.331+0000] {logging_mixin.py:188} INFO - [2026-03-05T22:15:56.331+0000] {dag.py:3954} INFO - Setting next_dagrun for data_quality to None, run_after=None
[2026-03-05T22:15:56.369+0000] {logging_mixin.py:188} INFO - [2026-03-05T22:15:56.368+0000] {dag.py:3954} INFO - Setting next_dagrun for produce_json to 2026-03-05 14:00:00+00:00, run_after=2026-03-06 14:00:00+00:00
[2026-03-05T22:15:56.378+0000] {logging_mixin.py:188} INFO - [2026-03-05T22:15:56.378+0000] {dag.py:3954} INFO - Setting next_dagrun for update_db to None, run_after=None
[2026-03-05T22:15:56.403+0000] {processor.py:183} INFO - Processing /opt/airflow/dags/main.py took 0.870 seconds
[2026-03-05T22:16:26.939+0000] {processor.py:161} INFO - Started process (PID=337) to work on /opt/airflow/dags/main.py
[2026-03-05T22:16:26.943+0000] {processor.py:830} INFO - Processing file /opt/airflow/dags/main.py for tasks to queue
[2026-03-05T22:16:26.947+0000] {logging_mixin.py:188} INFO - [2026-03-05T22:16:26.946+0000] {dagbag.py:545} INFO - Filling up the DagBag from /opt/airflow/dags/main.py
[2026-03-05T22:16:27.021+0000] {processor.py:840} INFO - DAG(s) 'data_quality', 'produce_json', 'update_db' retrieved from /opt/airflow/dags/main.py
[2026-03-05T22:16:27.085+0000] {logging_mixin.py:188} INFO - [2026-03-05T22:16:27.085+0000] {dag.py:3096} INFO - Sync 3 DAGs
[2026-03-05T22:16:27.119+0000] {logging_mixin.py:188} INFO - [2026-03-05T22:16:27.118+0000] {dag.py:3954} INFO - Setting next_dagrun for data_quality to None, run_after=None
[2026-03-05T22:16:27.128+0000] {logging_mixin.py:188} INFO - [2026-03-05T22:16:27.127+0000] {dag.py:3954} INFO - Setting next_dagrun for produce_json to 2026-03-05 14:00:00+00:00, run_after=2026-03-06 14:00:00+00:00
[2026-03-05T22:16:27.130+0000] {logging_mixin.py:188} INFO - [2026-03-05T22:16:27.130+0000] {dag.py:3954} INFO - Setting next_dagrun for update_db to None, run_after=None
[2026-03-05T22:16:27.170+0000] {processor.py:183} INFO - Processing /opt/airflow/dags/main.py took 0.242 seconds
[2026-03-05T22:16:58.124+0000] {processor.py:161} INFO - Started process (PID=344) to work on /opt/airflow/dags/main.py
[2026-03-05T22:16:58.127+0000] {processor.py:830} INFO - Processing file /opt/airflow/dags/main.py for tasks to queue
[2026-03-05T22:16:58.130+0000] {logging_mixin.py:188} INFO - [2026-03-05T22:16:58.130+0000] {dagbag.py:545} INFO - Filling up the DagBag from /opt/airflow/dags/main.py
[2026-03-05T22:16:58.215+0000] {processor.py:840} INFO - DAG(s) 'produce_json', 'update_db', 'data_quality' retrieved from /opt/airflow/dags/main.py
[2026-03-05T22:16:58.271+0000] {logging_mixin.py:188} INFO - [2026-03-05T22:16:58.270+0000] {dag.py:3096} INFO - Sync 3 DAGs
[2026-03-05T22:16:58.305+0000] {logging_mixin.py:188} INFO - [2026-03-05T22:16:58.305+0000] {dag.py:3954} INFO - Setting next_dagrun for data_quality to None, run_after=None
[2026-03-05T22:16:58.321+0000] {logging_mixin.py:188} INFO - [2026-03-05T22:16:58.321+0000] {dag.py:3954} INFO - Setting next_dagrun for produce_json to 2026-03-05 14:00:00+00:00, run_after=2026-03-06 14:00:00+00:00
[2026-03-05T22:16:58.324+0000] {logging_mixin.py:188} INFO - [2026-03-05T22:16:58.323+0000] {dag.py:3954} INFO - Setting next_dagrun for update_db to None, run_after=None
[2026-03-05T22:16:58.372+0000] {processor.py:183} INFO - Processing /opt/airflow/dags/main.py took 0.264 seconds
[2026-03-05T22:17:29.073+0000] {processor.py:161} INFO - Started process (PID=351) to work on /opt/airflow/dags/main.py
[2026-03-05T22:17:29.076+0000] {processor.py:830} INFO - Processing file /opt/airflow/dags/main.py for tasks to queue
[2026-03-05T22:17:29.079+0000] {logging_mixin.py:188} INFO - [2026-03-05T22:17:29.078+0000] {dagbag.py:545} INFO - Filling up the DagBag from /opt/airflow/dags/main.py
[2026-03-05T22:17:29.221+0000] {processor.py:840} INFO - DAG(s) 'data_quality', 'update_db', 'produce_json' retrieved from /opt/airflow/dags/main.py
[2026-03-05T22:17:29.328+0000] {logging_mixin.py:188} INFO - [2026-03-05T22:17:29.328+0000] {dag.py:3096} INFO - Sync 3 DAGs
[2026-03-05T22:17:29.368+0000] {logging_mixin.py:188} INFO - [2026-03-05T22:17:29.367+0000] {dag.py:3954} INFO - Setting next_dagrun for data_quality to None, run_after=None
[2026-03-05T22:17:29.378+0000] {logging_mixin.py:188} INFO - [2026-03-05T22:17:29.378+0000] {dag.py:3954} INFO - Setting next_dagrun for produce_json to 2026-03-05 14:00:00+00:00, run_after=2026-03-06 14:00:00+00:00
[2026-03-05T22:17:29.382+0000] {logging_mixin.py:188} INFO - [2026-03-05T22:17:29.381+0000] {dag.py:3954} INFO - Setting next_dagrun for update_db to None, run_after=None
[2026-03-05T22:17:29.419+0000] {processor.py:183} INFO - Processing /opt/airflow/dags/main.py took 0.373 seconds
[2026-03-05T22:18:00.157+0000] {processor.py:161} INFO - Started process (PID=358) to work on /opt/airflow/dags/main.py
[2026-03-05T22:18:00.160+0000] {processor.py:830} INFO - Processing file /opt/airflow/dags/main.py for tasks to queue
[2026-03-05T22:18:00.164+0000] {logging_mixin.py:188} INFO - [2026-03-05T22:18:00.163+0000] {dagbag.py:545} INFO - Filling up the DagBag from /opt/airflow/dags/main.py
[2026-03-05T22:18:00.228+0000] {processor.py:840} INFO - DAG(s) 'data_quality', 'produce_json', 'update_db' retrieved from /opt/airflow/dags/main.py
[2026-03-05T22:18:00.275+0000] {logging_mixin.py:188} INFO - [2026-03-05T22:18:00.275+0000] {dag.py:3096} INFO - Sync 3 DAGs
[2026-03-05T22:18:00.329+0000] {logging_mixin.py:188} INFO - [2026-03-05T22:18:00.329+0000] {dag.py:3954} INFO - Setting next_dagrun for data_quality to None, run_after=None
[2026-03-05T22:18:00.341+0000] {logging_mixin.py:188} INFO - [2026-03-05T22:18:00.340+0000] {dag.py:3954} INFO - Setting next_dagrun for produce_json to 2026-03-05 14:00:00+00:00, run_after=2026-03-06 14:00:00+00:00
[2026-03-05T22:18:00.344+0000] {logging_mixin.py:188} INFO - [2026-03-05T22:18:00.344+0000] {dag.py:3954} INFO - Setting next_dagrun for update_db to None, run_after=None
[2026-03-05T22:18:00.394+0000] {processor.py:183} INFO - Processing /opt/airflow/dags/main.py took 0.249 seconds
[2026-03-05T22:18:31.086+0000] {processor.py:161} INFO - Started process (PID=364) to work on /opt/airflow/dags/main.py
[2026-03-05T22:18:31.088+0000] {processor.py:830} INFO - Processing file /opt/airflow/dags/main.py for tasks to queue
[2026-03-05T22:18:31.093+0000] {logging_mixin.py:188} INFO - [2026-03-05T22:18:31.092+0000] {dagbag.py:545} INFO - Filling up the DagBag from /opt/airflow/dags/main.py
[2026-03-05T22:18:31.180+0000] {processor.py:840} INFO - DAG(s) 'produce_json', 'update_db', 'data_quality' retrieved from /opt/airflow/dags/main.py
[2026-03-05T22:18:31.236+0000] {logging_mixin.py:188} INFO - [2026-03-05T22:18:31.236+0000] {dag.py:3096} INFO - Sync 3 DAGs
[2026-03-05T22:18:31.271+0000] {logging_mixin.py:188} INFO - [2026-03-05T22:18:31.271+0000] {dag.py:3954} INFO - Setting next_dagrun for data_quality to None, run_after=None
[2026-03-05T22:18:31.282+0000] {logging_mixin.py:188} INFO - [2026-03-05T22:18:31.281+0000] {dag.py:3954} INFO - Setting next_dagrun for produce_json to 2026-03-05 14:00:00+00:00, run_after=2026-03-06 14:00:00+00:00
[2026-03-05T22:18:31.291+0000] {logging_mixin.py:188} INFO - [2026-03-05T22:18:31.291+0000] {dag.py:3954} INFO - Setting next_dagrun for update_db to None, run_after=None
[2026-03-05T22:18:31.332+0000] {processor.py:183} INFO - Processing /opt/airflow/dags/main.py took 0.257 seconds
[2026-03-05T22:19:01.784+0000] {processor.py:161} INFO - Started process (PID=371) to work on /opt/airflow/dags/main.py
[2026-03-05T22:19:01.787+0000] {processor.py:830} INFO - Processing file /opt/airflow/dags/main.py for tasks to queue
[2026-03-05T22:19:01.791+0000] {logging_mixin.py:188} INFO - [2026-03-05T22:19:01.790+0000] {dagbag.py:545} INFO - Filling up the DagBag from /opt/airflow/dags/main.py
[2026-03-05T22:19:01.860+0000] {processor.py:840} INFO - DAG(s) 'update_db', 'data_quality', 'produce_json' retrieved from /opt/airflow/dags/main.py
[2026-03-05T22:19:01.972+0000] {logging_mixin.py:188} INFO - [2026-03-05T22:19:01.972+0000] {dag.py:3096} INFO - Sync 3 DAGs
[2026-03-05T22:19:02.016+0000] {logging_mixin.py:188} INFO - [2026-03-05T22:19:02.013+0000] {dag.py:3954} INFO - Setting next_dagrun for data_quality to None, run_after=None
[2026-03-05T22:19:02.037+0000] {logging_mixin.py:188} INFO - [2026-03-05T22:19:02.037+0000] {dag.py:3954} INFO - Setting next_dagrun for produce_json to 2026-03-05 14:00:00+00:00, run_after=2026-03-06 14:00:00+00:00
[2026-03-05T22:19:02.045+0000] {logging_mixin.py:188} INFO - [2026-03-05T22:19:02.044+0000] {dag.py:3954} INFO - Setting next_dagrun for update_db to None, run_after=None
[2026-03-05T22:19:02.129+0000] {processor.py:183} INFO - Processing /opt/airflow/dags/main.py took 0.361 seconds
[2026-03-05T22:19:32.727+0000] {processor.py:161} INFO - Started process (PID=378) to work on /opt/airflow/dags/main.py
[2026-03-05T22:19:32.730+0000] {processor.py:830} INFO - Processing file /opt/airflow/dags/main.py for tasks to queue
[2026-03-05T22:19:32.734+0000] {logging_mixin.py:188} INFO - [2026-03-05T22:19:32.733+0000] {dagbag.py:545} INFO - Filling up the DagBag from /opt/airflow/dags/main.py
[2026-03-05T22:19:32.800+0000] {processor.py:840} INFO - DAG(s) 'produce_json', 'data_quality', 'update_db' retrieved from /opt/airflow/dags/main.py
[2026-03-05T22:19:32.892+0000] {logging_mixin.py:188} INFO - [2026-03-05T22:19:32.892+0000] {dag.py:3096} INFO - Sync 3 DAGs
[2026-03-05T22:19:32.925+0000] {logging_mixin.py:188} INFO - [2026-03-05T22:19:32.925+0000] {dag.py:3954} INFO - Setting next_dagrun for data_quality to None, run_after=None
[2026-03-05T22:19:32.940+0000] {logging_mixin.py:188} INFO - [2026-03-05T22:19:32.939+0000] {dag.py:3954} INFO - Setting next_dagrun for produce_json to 2026-03-05 14:00:00+00:00, run_after=2026-03-06 14:00:00+00:00
[2026-03-05T22:19:32.942+0000] {logging_mixin.py:188} INFO - [2026-03-05T22:19:32.942+0000] {dag.py:3954} INFO - Setting next_dagrun for update_db to None, run_after=None
[2026-03-05T22:19:32.981+0000] {processor.py:183} INFO - Processing /opt/airflow/dags/main.py took 0.265 seconds
[2026-03-05T22:20:03.446+0000] {processor.py:161} INFO - Started process (PID=385) to work on /opt/airflow/dags/main.py
[2026-03-05T22:20:03.450+0000] {processor.py:830} INFO - Processing file /opt/airflow/dags/main.py for tasks to queue
[2026-03-05T22:20:03.455+0000] {logging_mixin.py:188} INFO - [2026-03-05T22:20:03.455+0000] {dagbag.py:545} INFO - Filling up the DagBag from /opt/airflow/dags/main.py
[2026-03-05T22:20:03.527+0000] {processor.py:840} INFO - DAG(s) 'update_db', 'produce_json', 'data_quality' retrieved from /opt/airflow/dags/main.py
[2026-03-05T22:20:03.609+0000] {logging_mixin.py:188} INFO - [2026-03-05T22:20:03.608+0000] {dag.py:3096} INFO - Sync 3 DAGs
[2026-03-05T22:20:03.676+0000] {logging_mixin.py:188} INFO - [2026-03-05T22:20:03.675+0000] {dag.py:3954} INFO - Setting next_dagrun for data_quality to None, run_after=None
[2026-03-05T22:20:03.687+0000] {logging_mixin.py:188} INFO - [2026-03-05T22:20:03.686+0000] {dag.py:3954} INFO - Setting next_dagrun for produce_json to 2026-03-05 14:00:00+00:00, run_after=2026-03-06 14:00:00+00:00
[2026-03-05T22:20:03.690+0000] {logging_mixin.py:188} INFO - [2026-03-05T22:20:03.690+0000] {dag.py:3954} INFO - Setting next_dagrun for update_db to None, run_after=None
[2026-03-05T22:20:03.734+0000] {processor.py:183} INFO - Processing /opt/airflow/dags/main.py took 0.299 seconds
[2026-03-05T22:20:34.278+0000] {processor.py:161} INFO - Started process (PID=392) to work on /opt/airflow/dags/main.py
[2026-03-05T22:20:34.284+0000] {processor.py:830} INFO - Processing file /opt/airflow/dags/main.py for tasks to queue
[2026-03-05T22:20:34.298+0000] {logging_mixin.py:188} INFO - [2026-03-05T22:20:34.296+0000] {dagbag.py:545} INFO - Filling up the DagBag from /opt/airflow/dags/main.py
[2026-03-05T22:20:34.405+0000] {processor.py:840} INFO - DAG(s) 'produce_json', 'update_db', 'data_quality' retrieved from /opt/airflow/dags/main.py
[2026-03-05T22:20:34.491+0000] {logging_mixin.py:188} INFO - [2026-03-05T22:20:34.490+0000] {dag.py:3096} INFO - Sync 3 DAGs
[2026-03-05T22:20:34.537+0000] {logging_mixin.py:188} INFO - [2026-03-05T22:20:34.537+0000] {dag.py:3954} INFO - Setting next_dagrun for data_quality to None, run_after=None
[2026-03-05T22:20:34.559+0000] {logging_mixin.py:188} INFO - [2026-03-05T22:20:34.559+0000] {dag.py:3954} INFO - Setting next_dagrun for produce_json to 2026-03-05 14:00:00+00:00, run_after=2026-03-06 14:00:00+00:00
[2026-03-05T22:20:34.562+0000] {logging_mixin.py:188} INFO - [2026-03-05T22:20:34.561+0000] {dag.py:3954} INFO - Setting next_dagrun for update_db to None, run_after=None
[2026-03-05T22:20:34.592+0000] {processor.py:183} INFO - Processing /opt/airflow/dags/main.py took 0.347 seconds
[2026-03-05T22:21:05.018+0000] {processor.py:161} INFO - Started process (PID=399) to work on /opt/airflow/dags/main.py
[2026-03-05T22:21:05.020+0000] {processor.py:830} INFO - Processing file /opt/airflow/dags/main.py for tasks to queue
[2026-03-05T22:21:05.026+0000] {logging_mixin.py:188} INFO - [2026-03-05T22:21:05.025+0000] {dagbag.py:545} INFO - Filling up the DagBag from /opt/airflow/dags/main.py
[2026-03-05T22:21:05.094+0000] {processor.py:840} INFO - DAG(s) 'data_quality', 'produce_json', 'update_db' retrieved from /opt/airflow/dags/main.py
[2026-03-05T22:21:05.152+0000] {logging_mixin.py:188} INFO - [2026-03-05T22:21:05.152+0000] {dag.py:3096} INFO - Sync 3 DAGs
[2026-03-05T22:21:05.189+0000] {logging_mixin.py:188} INFO - [2026-03-05T22:21:05.189+0000] {dag.py:3954} INFO - Setting next_dagrun for data_quality to None, run_after=None
[2026-03-05T22:21:05.201+0000] {logging_mixin.py:188} INFO - [2026-03-05T22:21:05.200+0000] {dag.py:3954} INFO - Setting next_dagrun for produce_json to 2026-03-05 14:00:00+00:00, run_after=2026-03-06 14:00:00+00:00
[2026-03-05T22:21:05.204+0000] {logging_mixin.py:188} INFO - [2026-03-05T22:21:05.203+0000] {dag.py:3954} INFO - Setting next_dagrun for update_db to None, run_after=None
[2026-03-05T22:21:05.248+0000] {processor.py:183} INFO - Processing /opt/airflow/dags/main.py took 0.241 seconds
[2026-03-05T22:21:36.020+0000] {processor.py:161} INFO - Started process (PID=406) to work on /opt/airflow/dags/main.py
[2026-03-05T22:21:36.026+0000] {processor.py:830} INFO - Processing file /opt/airflow/dags/main.py for tasks to queue
[2026-03-05T22:21:36.032+0000] {logging_mixin.py:188} INFO - [2026-03-05T22:21:36.031+0000] {dagbag.py:545} INFO - Filling up the DagBag from /opt/airflow/dags/main.py
[2026-03-05T22:21:36.105+0000] {processor.py:840} INFO - DAG(s) 'update_db', 'data_quality', 'produce_json' retrieved from /opt/airflow/dags/main.py
[2026-03-05T22:21:36.158+0000] {logging_mixin.py:188} INFO - [2026-03-05T22:21:36.157+0000] {dag.py:3096} INFO - Sync 3 DAGs
[2026-03-05T22:21:36.196+0000] {logging_mixin.py:188} INFO - [2026-03-05T22:21:36.196+0000] {dag.py:3954} INFO - Setting next_dagrun for data_quality to None, run_after=None
[2026-03-05T22:21:36.205+0000] {logging_mixin.py:188} INFO - [2026-03-05T22:21:36.204+0000] {dag.py:3954} INFO - Setting next_dagrun for produce_json to 2026-03-05 14:00:00+00:00, run_after=2026-03-06 14:00:00+00:00
[2026-03-05T22:21:36.207+0000] {logging_mixin.py:188} INFO - [2026-03-05T22:21:36.207+0000] {dag.py:3954} INFO - Setting next_dagrun for update_db to None, run_after=None
[2026-03-05T22:21:36.251+0000] {processor.py:183} INFO - Processing /opt/airflow/dags/main.py took 0.261 seconds
[2026-03-05T22:22:07.156+0000] {processor.py:161} INFO - Started process (PID=412) to work on /opt/airflow/dags/main.py
[2026-03-05T22:22:07.161+0000] {processor.py:830} INFO - Processing file /opt/airflow/dags/main.py for tasks to queue
[2026-03-05T22:22:07.164+0000] {logging_mixin.py:188} INFO - [2026-03-05T22:22:07.164+0000] {dagbag.py:545} INFO - Filling up the DagBag from /opt/airflow/dags/main.py
[2026-03-05T22:22:07.240+0000] {processor.py:840} INFO - DAG(s) 'update_db', 'produce_json', 'data_quality' retrieved from /opt/airflow/dags/main.py
[2026-03-05T22:22:07.314+0000] {logging_mixin.py:188} INFO - [2026-03-05T22:22:07.314+0000] {dag.py:3096} INFO - Sync 3 DAGs
[2026-03-05T22:22:07.353+0000] {logging_mixin.py:188} INFO - [2026-03-05T22:22:07.352+0000] {dag.py:3954} INFO - Setting next_dagrun for data_quality to None, run_after=None
[2026-03-05T22:22:07.363+0000] {logging_mixin.py:188} INFO - [2026-03-05T22:22:07.362+0000] {dag.py:3954} INFO - Setting next_dagrun for produce_json to 2026-03-05 14:00:00+00:00, run_after=2026-03-06 14:00:00+00:00
[2026-03-05T22:22:07.367+0000] {logging_mixin.py:188} INFO - [2026-03-05T22:22:07.366+0000] {dag.py:3954} INFO - Setting next_dagrun for update_db to None, run_after=None
[2026-03-05T22:22:07.411+0000] {processor.py:183} INFO - Processing /opt/airflow/dags/main.py took 0.268 seconds
[2026-03-05T22:22:38.150+0000] {processor.py:161} INFO - Started process (PID=419) to work on /opt/airflow/dags/main.py
[2026-03-05T22:22:38.156+0000] {processor.py:830} INFO - Processing file /opt/airflow/dags/main.py for tasks to queue
[2026-03-05T22:22:38.174+0000] {logging_mixin.py:188} INFO - [2026-03-05T22:22:38.172+0000] {dagbag.py:545} INFO - Filling up the DagBag from /opt/airflow/dags/main.py
[2026-03-05T22:22:38.297+0000] {processor.py:840} INFO - DAG(s) 'data_quality', 'update_db', 'produce_json' retrieved from /opt/airflow/dags/main.py
[2026-03-05T22:22:38.416+0000] {logging_mixin.py:188} INFO - [2026-03-05T22:22:38.415+0000] {dag.py:3096} INFO - Sync 3 DAGs
[2026-03-05T22:22:38.473+0000] {logging_mixin.py:188} INFO - [2026-03-05T22:22:38.468+0000] {dag.py:3954} INFO - Setting next_dagrun for data_quality to None, run_after=None
[2026-03-05T22:22:38.493+0000] {logging_mixin.py:188} INFO - [2026-03-05T22:22:38.493+0000] {dag.py:3954} INFO - Setting next_dagrun for produce_json to 2026-03-05 14:00:00+00:00, run_after=2026-03-06 14:00:00+00:00
[2026-03-05T22:22:38.496+0000] {logging_mixin.py:188} INFO - [2026-03-05T22:22:38.496+0000] {dag.py:3954} INFO - Setting next_dagrun for update_db to None, run_after=None
[2026-03-05T22:22:38.535+0000] {processor.py:183} INFO - Processing /opt/airflow/dags/main.py took 0.426 seconds
[2026-03-05T22:23:08.598+0000] {processor.py:161} INFO - Started process (PID=426) to work on /opt/airflow/dags/main.py
[2026-03-05T22:23:08.600+0000] {processor.py:830} INFO - Processing file /opt/airflow/dags/main.py for tasks to queue
[2026-03-05T22:23:08.603+0000] {logging_mixin.py:188} INFO - [2026-03-05T22:23:08.602+0000] {dagbag.py:545} INFO - Filling up the DagBag from /opt/airflow/dags/main.py
[2026-03-05T22:23:08.669+0000] {processor.py:840} INFO - DAG(s) 'data_quality', 'produce_json', 'update_db' retrieved from /opt/airflow/dags/main.py
[2026-03-05T22:23:08.720+0000] {logging_mixin.py:188} INFO - [2026-03-05T22:23:08.720+0000] {dag.py:3096} INFO - Sync 3 DAGs
[2026-03-05T22:23:08.763+0000] {logging_mixin.py:188} INFO - [2026-03-05T22:23:08.762+0000] {dag.py:3954} INFO - Setting next_dagrun for data_quality to None, run_after=None
[2026-03-05T22:23:08.774+0000] {logging_mixin.py:188} INFO - [2026-03-05T22:23:08.773+0000] {dag.py:3954} INFO - Setting next_dagrun for produce_json to 2026-03-05 14:00:00+00:00, run_after=2026-03-06 14:00:00+00:00
[2026-03-05T22:23:08.778+0000] {logging_mixin.py:188} INFO - [2026-03-05T22:23:08.778+0000] {dag.py:3954} INFO - Setting next_dagrun for update_db to None, run_after=None
[2026-03-05T22:23:09.046+0000] {processor.py:183} INFO - Processing /opt/airflow/dags/main.py took 0.460 seconds
[2026-03-05T22:23:39.253+0000] {processor.py:161} INFO - Started process (PID=433) to work on /opt/airflow/dags/main.py
[2026-03-05T22:23:39.257+0000] {processor.py:830} INFO - Processing file /opt/airflow/dags/main.py for tasks to queue
[2026-03-05T22:23:39.265+0000] {logging_mixin.py:188} INFO - [2026-03-05T22:23:39.264+0000] {dagbag.py:545} INFO - Filling up the DagBag from /opt/airflow/dags/main.py
[2026-03-05T22:23:39.376+0000] {processor.py:840} INFO - DAG(s) 'update_db', 'produce_json', 'data_quality' retrieved from /opt/airflow/dags/main.py
[2026-03-05T22:23:39.451+0000] {logging_mixin.py:188} INFO - [2026-03-05T22:23:39.449+0000] {dag.py:3096} INFO - Sync 3 DAGs
[2026-03-05T22:23:39.496+0000] {logging_mixin.py:188} INFO - [2026-03-05T22:23:39.495+0000] {dag.py:3954} INFO - Setting next_dagrun for data_quality to None, run_after=None
[2026-03-05T22:23:39.513+0000] {logging_mixin.py:188} INFO - [2026-03-05T22:23:39.512+0000] {dag.py:3954} INFO - Setting next_dagrun for produce_json to 2026-03-05 14:00:00+00:00, run_after=2026-03-06 14:00:00+00:00
[2026-03-05T22:23:39.521+0000] {logging_mixin.py:188} INFO - [2026-03-05T22:23:39.521+0000] {dag.py:3954} INFO - Setting next_dagrun for update_db to None, run_after=None
[2026-03-05T22:23:39.572+0000] {processor.py:183} INFO - Processing /opt/airflow/dags/main.py took 0.337 seconds
[2026-03-05T22:24:09.676+0000] {processor.py:161} INFO - Started process (PID=440) to work on /opt/airflow/dags/main.py
[2026-03-05T22:24:09.693+0000] {processor.py:830} INFO - Processing file /opt/airflow/dags/main.py for tasks to queue
[2026-03-05T22:24:09.705+0000] {logging_mixin.py:188} INFO - [2026-03-05T22:24:09.703+0000] {dagbag.py:545} INFO - Filling up the DagBag from /opt/airflow/dags/main.py
[2026-03-05T22:24:09.918+0000] {processor.py:840} INFO - DAG(s) 'produce_json', 'data_quality', 'update_db' retrieved from /opt/airflow/dags/main.py
[2026-03-05T22:24:10.112+0000] {logging_mixin.py:188} INFO - [2026-03-05T22:24:10.111+0000] {dag.py:3096} INFO - Sync 3 DAGs
[2026-03-05T22:24:10.155+0000] {logging_mixin.py:188} INFO - [2026-03-05T22:24:10.154+0000] {dag.py:3954} INFO - Setting next_dagrun for data_quality to None, run_after=None
[2026-03-05T22:24:10.166+0000] {logging_mixin.py:188} INFO - [2026-03-05T22:24:10.166+0000] {dag.py:3954} INFO - Setting next_dagrun for produce_json to 2026-03-05 14:00:00+00:00, run_after=2026-03-06 14:00:00+00:00
[2026-03-05T22:24:10.172+0000] {logging_mixin.py:188} INFO - [2026-03-05T22:24:10.170+0000] {dag.py:3954} INFO - Setting next_dagrun for update_db to None, run_after=None
[2026-03-05T22:24:10.220+0000] {processor.py:183} INFO - Processing /opt/airflow/dags/main.py took 0.567 seconds
[2026-03-05T22:24:40.473+0000] {processor.py:161} INFO - Started process (PID=447) to work on /opt/airflow/dags/main.py
[2026-03-05T22:24:40.491+0000] {processor.py:830} INFO - Processing file /opt/airflow/dags/main.py for tasks to queue
[2026-03-05T22:24:40.520+0000] {logging_mixin.py:188} INFO - [2026-03-05T22:24:40.518+0000] {dagbag.py:545} INFO - Filling up the DagBag from /opt/airflow/dags/main.py
[2026-03-05T22:24:40.895+0000] {processor.py:840} INFO - DAG(s) 'produce_json', 'update_db', 'data_quality' retrieved from /opt/airflow/dags/main.py
[2026-03-05T22:24:41.036+0000] {logging_mixin.py:188} INFO - [2026-03-05T22:24:41.036+0000] {dag.py:3096} INFO - Sync 3 DAGs
[2026-03-05T22:24:41.099+0000] {logging_mixin.py:188} INFO - [2026-03-05T22:24:41.098+0000] {dag.py:3954} INFO - Setting next_dagrun for data_quality to None, run_after=None
[2026-03-05T22:24:41.117+0000] {logging_mixin.py:188} INFO - [2026-03-05T22:24:41.117+0000] {dag.py:3954} INFO - Setting next_dagrun for produce_json to 2026-03-05 14:00:00+00:00, run_after=2026-03-06 14:00:00+00:00
[2026-03-05T22:24:41.123+0000] {logging_mixin.py:188} INFO - [2026-03-05T22:24:41.122+0000] {dag.py:3954} INFO - Setting next_dagrun for update_db to None, run_after=None
[2026-03-05T22:24:41.187+0000] {processor.py:183} INFO - Processing /opt/airflow/dags/main.py took 0.776 seconds
[2026-03-05T22:25:11.578+0000] {processor.py:161} INFO - Started process (PID=454) to work on /opt/airflow/dags/main.py
[2026-03-05T22:25:11.581+0000] {processor.py:830} INFO - Processing file /opt/airflow/dags/main.py for tasks to queue
[2026-03-05T22:25:11.586+0000] {logging_mixin.py:188} INFO - [2026-03-05T22:25:11.585+0000] {dagbag.py:545} INFO - Filling up the DagBag from /opt/airflow/dags/main.py
[2026-03-05T22:25:11.674+0000] {processor.py:840} INFO - DAG(s) 'data_quality', 'update_db', 'produce_json' retrieved from /opt/airflow/dags/main.py
[2026-03-05T22:25:11.743+0000] {logging_mixin.py:188} INFO - [2026-03-05T22:25:11.742+0000] {dag.py:3096} INFO - Sync 3 DAGs
[2026-03-05T22:25:11.790+0000] {logging_mixin.py:188} INFO - [2026-03-05T22:25:11.790+0000] {dag.py:3954} INFO - Setting next_dagrun for data_quality to None, run_after=None
[2026-03-05T22:25:11.808+0000] {logging_mixin.py:188} INFO - [2026-03-05T22:25:11.807+0000] {dag.py:3954} INFO - Setting next_dagrun for produce_json to 2026-03-05 14:00:00+00:00, run_after=2026-03-06 14:00:00+00:00
[2026-03-05T22:25:11.811+0000] {logging_mixin.py:188} INFO - [2026-03-05T22:25:11.811+0000] {dag.py:3954} INFO - Setting next_dagrun for update_db to None, run_after=None
[2026-03-05T22:25:11.860+0000] {processor.py:183} INFO - Processing /opt/airflow/dags/main.py took 0.293 seconds
[2026-03-05T22:25:42.110+0000] {processor.py:161} INFO - Started process (PID=461) to work on /opt/airflow/dags/main.py
[2026-03-05T22:25:42.114+0000] {processor.py:830} INFO - Processing file /opt/airflow/dags/main.py for tasks to queue
[2026-03-05T22:25:42.121+0000] {logging_mixin.py:188} INFO - [2026-03-05T22:25:42.120+0000] {dagbag.py:545} INFO - Filling up the DagBag from /opt/airflow/dags/main.py
[2026-03-05T22:25:42.237+0000] {processor.py:840} INFO - DAG(s) 'data_quality', 'produce_json', 'update_db' retrieved from /opt/airflow/dags/main.py
[2026-03-05T22:25:42.307+0000] {logging_mixin.py:188} INFO - [2026-03-05T22:25:42.307+0000] {dag.py:3096} INFO - Sync 3 DAGs
[2026-03-05T22:25:42.356+0000] {logging_mixin.py:188} INFO - [2026-03-05T22:25:42.355+0000] {dag.py:3954} INFO - Setting next_dagrun for data_quality to None, run_after=None
[2026-03-05T22:25:42.374+0000] {logging_mixin.py:188} INFO - [2026-03-05T22:25:42.374+0000] {dag.py:3954} INFO - Setting next_dagrun for produce_json to 2026-03-05 14:00:00+00:00, run_after=2026-03-06 14:00:00+00:00
[2026-03-05T22:25:42.381+0000] {logging_mixin.py:188} INFO - [2026-03-05T22:25:42.380+0000] {dag.py:3954} INFO - Setting next_dagrun for update_db to None, run_after=None
[2026-03-05T22:25:42.430+0000] {processor.py:183} INFO - Processing /opt/airflow/dags/main.py took 0.340 seconds
[2026-03-05T22:26:12.835+0000] {processor.py:161} INFO - Started process (PID=468) to work on /opt/airflow/dags/main.py
[2026-03-05T22:26:12.847+0000] {processor.py:830} INFO - Processing file /opt/airflow/dags/main.py for tasks to queue
[2026-03-05T22:26:12.852+0000] {logging_mixin.py:188} INFO - [2026-03-05T22:26:12.851+0000] {dagbag.py:545} INFO - Filling up the DagBag from /opt/airflow/dags/main.py
[2026-03-05T22:26:12.978+0000] {processor.py:840} INFO - DAG(s) 'produce_json', 'update_db', 'data_quality' retrieved from /opt/airflow/dags/main.py
[2026-03-05T22:26:13.061+0000] {logging_mixin.py:188} INFO - [2026-03-05T22:26:13.058+0000] {dag.py:3096} INFO - Sync 3 DAGs
[2026-03-05T22:26:13.121+0000] {logging_mixin.py:188} INFO - [2026-03-05T22:26:13.120+0000] {dag.py:3954} INFO - Setting next_dagrun for data_quality to None, run_after=None
[2026-03-05T22:26:13.136+0000] {logging_mixin.py:188} INFO - [2026-03-05T22:26:13.135+0000] {dag.py:3954} INFO - Setting next_dagrun for produce_json to 2026-03-05 14:00:00+00:00, run_after=2026-03-06 14:00:00+00:00
[2026-03-05T22:26:13.145+0000] {logging_mixin.py:188} INFO - [2026-03-05T22:26:13.145+0000] {dag.py:3954} INFO - Setting next_dagrun for update_db to None, run_after=None
[2026-03-05T22:26:13.188+0000] {processor.py:183} INFO - Processing /opt/airflow/dags/main.py took 0.432 seconds
[2026-03-05T22:26:43.667+0000] {processor.py:161} INFO - Started process (PID=475) to work on /opt/airflow/dags/main.py
[2026-03-05T22:26:43.669+0000] {processor.py:830} INFO - Processing file /opt/airflow/dags/main.py for tasks to queue
[2026-03-05T22:26:43.672+0000] {logging_mixin.py:188} INFO - [2026-03-05T22:26:43.671+0000] {dagbag.py:545} INFO - Filling up the DagBag from /opt/airflow/dags/main.py
[2026-03-05T22:26:43.777+0000] {processor.py:840} INFO - DAG(s) 'produce_json', 'update_db', 'data_quality' retrieved from /opt/airflow/dags/main.py
[2026-03-05T22:26:43.845+0000] {logging_mixin.py:188} INFO - [2026-03-05T22:26:43.845+0000] {dag.py:3096} INFO - Sync 3 DAGs
[2026-03-05T22:26:43.890+0000] {logging_mixin.py:188} INFO - [2026-03-05T22:26:43.890+0000] {dag.py:3954} INFO - Setting next_dagrun for data_quality to None, run_after=None
[2026-03-05T22:26:43.904+0000] {logging_mixin.py:188} INFO - [2026-03-05T22:26:43.904+0000] {dag.py:3954} INFO - Setting next_dagrun for produce_json to 2026-03-05 14:00:00+00:00, run_after=2026-03-06 14:00:00+00:00
[2026-03-05T22:26:43.913+0000] {logging_mixin.py:188} INFO - [2026-03-05T22:26:43.912+0000] {dag.py:3954} INFO - Setting next_dagrun for update_db to None, run_after=None
[2026-03-05T22:26:43.963+0000] {processor.py:183} INFO - Processing /opt/airflow/dags/main.py took 0.309 seconds
[2026-03-05T22:27:14.780+0000] {processor.py:161} INFO - Started process (PID=482) to work on /opt/airflow/dags/main.py
[2026-03-05T22:27:14.788+0000] {processor.py:830} INFO - Processing file /opt/airflow/dags/main.py for tasks to queue
[2026-03-05T22:27:14.799+0000] {logging_mixin.py:188} INFO - [2026-03-05T22:27:14.796+0000] {dagbag.py:545} INFO - Filling up the DagBag from /opt/airflow/dags/main.py
[2026-03-05T22:27:14.890+0000] {processor.py:840} INFO - DAG(s) 'data_quality', 'produce_json', 'update_db' retrieved from /opt/airflow/dags/main.py
[2026-03-05T22:27:14.959+0000] {logging_mixin.py:188} INFO - [2026-03-05T22:27:14.959+0000] {dag.py:3096} INFO - Sync 3 DAGs
[2026-03-05T22:27:15.003+0000] {logging_mixin.py:188} INFO - [2026-03-05T22:27:15.002+0000] {dag.py:3954} INFO - Setting next_dagrun for data_quality to None, run_after=None
[2026-03-05T22:27:15.014+0000] {logging_mixin.py:188} INFO - [2026-03-05T22:27:15.014+0000] {dag.py:3954} INFO - Setting next_dagrun for produce_json to 2026-03-05 14:00:00+00:00, run_after=2026-03-06 14:00:00+00:00
[2026-03-05T22:27:15.019+0000] {logging_mixin.py:188} INFO - [2026-03-05T22:27:15.019+0000] {dag.py:3954} INFO - Setting next_dagrun for update_db to None, run_after=None
[2026-03-05T22:27:15.073+0000] {processor.py:183} INFO - Processing /opt/airflow/dags/main.py took 0.317 seconds
[2026-03-05T22:27:45.796+0000] {processor.py:161} INFO - Started process (PID=489) to work on /opt/airflow/dags/main.py
[2026-03-05T22:27:45.799+0000] {processor.py:830} INFO - Processing file /opt/airflow/dags/main.py for tasks to queue
[2026-03-05T22:27:45.802+0000] {logging_mixin.py:188} INFO - [2026-03-05T22:27:45.802+0000] {dagbag.py:545} INFO - Filling up the DagBag from /opt/airflow/dags/main.py
[2026-03-05T22:27:45.881+0000] {processor.py:840} INFO - DAG(s) 'data_quality', 'update_db', 'produce_json' retrieved from /opt/airflow/dags/main.py
[2026-03-05T22:27:45.958+0000] {logging_mixin.py:188} INFO - [2026-03-05T22:27:45.958+0000] {dag.py:3096} INFO - Sync 3 DAGs
[2026-03-05T22:27:46.001+0000] {logging_mixin.py:188} INFO - [2026-03-05T22:27:46.001+0000] {dag.py:3954} INFO - Setting next_dagrun for data_quality to None, run_after=None
[2026-03-05T22:27:46.019+0000] {logging_mixin.py:188} INFO - [2026-03-05T22:27:46.018+0000] {dag.py:3954} INFO - Setting next_dagrun for produce_json to 2026-03-05 14:00:00+00:00, run_after=2026-03-06 14:00:00+00:00
[2026-03-05T22:27:46.022+0000] {logging_mixin.py:188} INFO - [2026-03-05T22:27:46.022+0000] {dag.py:3954} INFO - Setting next_dagrun for update_db to None, run_after=None
[2026-03-05T22:27:46.076+0000] {processor.py:183} INFO - Processing /opt/airflow/dags/main.py took 0.291 seconds
[2026-03-05T22:28:16.314+0000] {processor.py:161} INFO - Started process (PID=497) to work on /opt/airflow/dags/main.py
[2026-03-05T22:28:16.319+0000] {processor.py:830} INFO - Processing file /opt/airflow/dags/main.py for tasks to queue
[2026-03-05T22:28:16.321+0000] {logging_mixin.py:188} INFO - [2026-03-05T22:28:16.321+0000] {dagbag.py:545} INFO - Filling up the DagBag from /opt/airflow/dags/main.py
[2026-03-05T22:28:16.390+0000] {processor.py:840} INFO - DAG(s) 'produce_json', 'update_db', 'data_quality' retrieved from /opt/airflow/dags/main.py
[2026-03-05T22:28:16.483+0000] {logging_mixin.py:188} INFO - [2026-03-05T22:28:16.483+0000] {dag.py:3096} INFO - Sync 3 DAGs
[2026-03-05T22:28:16.523+0000] {logging_mixin.py:188} INFO - [2026-03-05T22:28:16.523+0000] {dag.py:3954} INFO - Setting next_dagrun for data_quality to None, run_after=None
[2026-03-05T22:28:16.536+0000] {logging_mixin.py:188} INFO - [2026-03-05T22:28:16.536+0000] {dag.py:3954} INFO - Setting next_dagrun for produce_json to 2026-03-05 14:00:00+00:00, run_after=2026-03-06 14:00:00+00:00
[2026-03-05T22:28:16.543+0000] {logging_mixin.py:188} INFO - [2026-03-05T22:28:16.543+0000] {dag.py:3954} INFO - Setting next_dagrun for update_db to None, run_after=None
[2026-03-05T22:28:16.584+0000] {processor.py:183} INFO - Processing /opt/airflow/dags/main.py took 0.281 seconds
[2026-03-05T22:28:48.028+0000] {processor.py:161} INFO - Started process (PID=504) to work on /opt/airflow/dags/main.py
[2026-03-05T22:28:48.030+0000] {processor.py:830} INFO - Processing file /opt/airflow/dags/main.py for tasks to queue
[2026-03-05T22:28:48.034+0000] {logging_mixin.py:188} INFO - [2026-03-05T22:28:48.033+0000] {dagbag.py:545} INFO - Filling up the DagBag from /opt/airflow/dags/main.py
[2026-03-05T22:28:48.111+0000] {processor.py:840} INFO - DAG(s) 'produce_json', 'data_quality', 'update_db' retrieved from /opt/airflow/dags/main.py
[2026-03-05T22:28:48.177+0000] {logging_mixin.py:188} INFO - [2026-03-05T22:28:48.177+0000] {dag.py:3096} INFO - Sync 3 DAGs
[2026-03-05T22:28:48.218+0000] {logging_mixin.py:188} INFO - [2026-03-05T22:28:48.217+0000] {dag.py:3954} INFO - Setting next_dagrun for data_quality to None, run_after=None
[2026-03-05T22:28:48.229+0000] {logging_mixin.py:188} INFO - [2026-03-05T22:28:48.228+0000] {dag.py:3954} INFO - Setting next_dagrun for produce_json to 2026-03-05 14:00:00+00:00, run_after=2026-03-06 14:00:00+00:00
[2026-03-05T22:28:48.232+0000] {logging_mixin.py:188} INFO - [2026-03-05T22:28:48.231+0000] {dag.py:3954} INFO - Setting next_dagrun for update_db to None, run_after=None
[2026-03-05T22:28:48.273+0000] {processor.py:183} INFO - Processing /opt/airflow/dags/main.py took 0.265 seconds
[2026-03-05T22:29:18.963+0000] {processor.py:161} INFO - Started process (PID=511) to work on /opt/airflow/dags/main.py
[2026-03-05T22:29:18.966+0000] {processor.py:830} INFO - Processing file /opt/airflow/dags/main.py for tasks to queue
[2026-03-05T22:29:18.972+0000] {logging_mixin.py:188} INFO - [2026-03-05T22:29:18.970+0000] {dagbag.py:545} INFO - Filling up the DagBag from /opt/airflow/dags/main.py
[2026-03-05T22:29:19.067+0000] {processor.py:840} INFO - DAG(s) 'data_quality', 'produce_json', 'update_db' retrieved from /opt/airflow/dags/main.py
[2026-03-05T22:29:19.153+0000] {logging_mixin.py:188} INFO - [2026-03-05T22:29:19.152+0000] {dag.py:3096} INFO - Sync 3 DAGs
[2026-03-05T22:29:19.224+0000] {logging_mixin.py:188} INFO - [2026-03-05T22:29:19.224+0000] {dag.py:3954} INFO - Setting next_dagrun for data_quality to None, run_after=None
[2026-03-05T22:29:19.242+0000] {logging_mixin.py:188} INFO - [2026-03-05T22:29:19.242+0000] {dag.py:3954} INFO - Setting next_dagrun for produce_json to 2026-03-05 14:00:00+00:00, run_after=2026-03-06 14:00:00+00:00
[2026-03-05T22:29:19.246+0000] {logging_mixin.py:188} INFO - [2026-03-05T22:29:19.245+0000] {dag.py:3954} INFO - Setting next_dagrun for update_db to None, run_after=None
[2026-03-05T22:29:19.338+0000] {processor.py:183} INFO - Processing /opt/airflow/dags/main.py took 0.399 seconds
[2026-03-05T22:29:49.623+0000] {processor.py:161} INFO - Started process (PID=518) to work on /opt/airflow/dags/main.py
[2026-03-05T22:29:49.627+0000] {processor.py:830} INFO - Processing file /opt/airflow/dags/main.py for tasks to queue
[2026-03-05T22:29:49.630+0000] {logging_mixin.py:188} INFO - [2026-03-05T22:29:49.630+0000] {dagbag.py:545} INFO - Filling up the DagBag from /opt/airflow/dags/main.py
[2026-03-05T22:29:49.704+0000] {processor.py:840} INFO - DAG(s) 'produce_json', 'update_db', 'data_quality' retrieved from /opt/airflow/dags/main.py
[2026-03-05T22:29:49.774+0000] {logging_mixin.py:188} INFO - [2026-03-05T22:29:49.773+0000] {dag.py:3096} INFO - Sync 3 DAGs
[2026-03-05T22:29:49.816+0000] {logging_mixin.py:188} INFO - [2026-03-05T22:29:49.816+0000] {dag.py:3954} INFO - Setting next_dagrun for data_quality to None, run_after=None
[2026-03-05T22:29:49.827+0000] {logging_mixin.py:188} INFO - [2026-03-05T22:29:49.827+0000] {dag.py:3954} INFO - Setting next_dagrun for produce_json to 2026-03-05 14:00:00+00:00, run_after=2026-03-06 14:00:00+00:00
[2026-03-05T22:29:49.831+0000] {logging_mixin.py:188} INFO - [2026-03-05T22:29:49.830+0000] {dag.py:3954} INFO - Setting next_dagrun for update_db to None, run_after=None
[2026-03-05T22:29:49.874+0000] {processor.py:183} INFO - Processing /opt/airflow/dags/main.py took 0.262 seconds
[2026-03-05T22:30:20.055+0000] {processor.py:161} INFO - Started process (PID=525) to work on /opt/airflow/dags/main.py
[2026-03-05T22:30:20.060+0000] {processor.py:830} INFO - Processing file /opt/airflow/dags/main.py for tasks to queue
[2026-03-05T22:30:20.064+0000] {logging_mixin.py:188} INFO - [2026-03-05T22:30:20.063+0000] {dagbag.py:545} INFO - Filling up the DagBag from /opt/airflow/dags/main.py
[2026-03-05T22:30:20.138+0000] {processor.py:840} INFO - DAG(s) 'produce_json', 'update_db', 'data_quality' retrieved from /opt/airflow/dags/main.py
[2026-03-05T22:30:20.218+0000] {logging_mixin.py:188} INFO - [2026-03-05T22:30:20.218+0000] {dag.py:3096} INFO - Sync 3 DAGs
[2026-03-05T22:30:20.269+0000] {logging_mixin.py:188} INFO - [2026-03-05T22:30:20.269+0000] {dag.py:3954} INFO - Setting next_dagrun for data_quality to None, run_after=None
[2026-03-05T22:30:20.283+0000] {logging_mixin.py:188} INFO - [2026-03-05T22:30:20.282+0000] {dag.py:3954} INFO - Setting next_dagrun for produce_json to 2026-03-05 14:00:00+00:00, run_after=2026-03-06 14:00:00+00:00
[2026-03-05T22:30:20.287+0000] {logging_mixin.py:188} INFO - [2026-03-05T22:30:20.287+0000] {dag.py:3954} INFO - Setting next_dagrun for update_db to None, run_after=None
[2026-03-05T22:30:20.338+0000] {processor.py:183} INFO - Processing /opt/airflow/dags/main.py took 0.294 seconds
[2026-03-05T22:30:51.166+0000] {processor.py:161} INFO - Started process (PID=532) to work on /opt/airflow/dags/main.py
[2026-03-05T22:30:51.169+0000] {processor.py:830} INFO - Processing file /opt/airflow/dags/main.py for tasks to queue
[2026-03-05T22:30:51.174+0000] {logging_mixin.py:188} INFO - [2026-03-05T22:30:51.172+0000] {dagbag.py:545} INFO - Filling up the DagBag from /opt/airflow/dags/main.py
[2026-03-05T22:30:51.249+0000] {processor.py:840} INFO - DAG(s) 'produce_json', 'update_db', 'data_quality' retrieved from /opt/airflow/dags/main.py
[2026-03-05T22:30:51.317+0000] {logging_mixin.py:188} INFO - [2026-03-05T22:30:51.316+0000] {dag.py:3096} INFO - Sync 3 DAGs
[2026-03-05T22:30:51.354+0000] {logging_mixin.py:188} INFO - [2026-03-05T22:30:51.353+0000] {dag.py:3954} INFO - Setting next_dagrun for data_quality to None, run_after=None
[2026-03-05T22:30:51.367+0000] {logging_mixin.py:188} INFO - [2026-03-05T22:30:51.367+0000] {dag.py:3954} INFO - Setting next_dagrun for produce_json to 2026-03-05 14:00:00+00:00, run_after=2026-03-06 14:00:00+00:00
[2026-03-05T22:30:51.370+0000] {logging_mixin.py:188} INFO - [2026-03-05T22:30:51.370+0000] {dag.py:3954} INFO - Setting next_dagrun for update_db to None, run_after=None
[2026-03-05T22:30:51.413+0000] {processor.py:183} INFO - Processing /opt/airflow/dags/main.py took 0.276 seconds
[2026-03-05T22:31:22.966+0000] {processor.py:161} INFO - Started process (PID=538) to work on /opt/airflow/dags/main.py
[2026-03-05T22:31:22.970+0000] {processor.py:830} INFO - Processing file /opt/airflow/dags/main.py for tasks to queue
[2026-03-05T22:31:22.975+0000] {logging_mixin.py:188} INFO - [2026-03-05T22:31:22.975+0000] {dagbag.py:545} INFO - Filling up the DagBag from /opt/airflow/dags/main.py
[2026-03-05T22:31:23.049+0000] {processor.py:840} INFO - DAG(s) 'update_db', 'data_quality', 'produce_json' retrieved from /opt/airflow/dags/main.py
[2026-03-05T22:31:23.117+0000] {logging_mixin.py:188} INFO - [2026-03-05T22:31:23.116+0000] {dag.py:3096} INFO - Sync 3 DAGs
[2026-03-05T22:31:23.161+0000] {logging_mixin.py:188} INFO - [2026-03-05T22:31:23.160+0000] {dag.py:3954} INFO - Setting next_dagrun for data_quality to None, run_after=None
[2026-03-05T22:31:23.173+0000] {logging_mixin.py:188} INFO - [2026-03-05T22:31:23.173+0000] {dag.py:3954} INFO - Setting next_dagrun for produce_json to 2026-03-05 14:00:00+00:00, run_after=2026-03-06 14:00:00+00:00
[2026-03-05T22:31:23.178+0000] {logging_mixin.py:188} INFO - [2026-03-05T22:31:23.177+0000] {dag.py:3954} INFO - Setting next_dagrun for update_db to None, run_after=None
[2026-03-05T22:31:23.207+0000] {processor.py:183} INFO - Processing /opt/airflow/dags/main.py took 0.251 seconds
[2026-03-05T22:31:53.465+0000] {processor.py:161} INFO - Started process (PID=544) to work on /opt/airflow/dags/main.py
[2026-03-05T22:31:53.469+0000] {processor.py:830} INFO - Processing file /opt/airflow/dags/main.py for tasks to queue
[2026-03-05T22:31:53.474+0000] {logging_mixin.py:188} INFO - [2026-03-05T22:31:53.473+0000] {dagbag.py:545} INFO - Filling up the DagBag from /opt/airflow/dags/main.py
[2026-03-05T22:31:53.563+0000] {processor.py:840} INFO - DAG(s) 'produce_json', 'update_db', 'data_quality' retrieved from /opt/airflow/dags/main.py
[2026-03-05T22:31:53.640+0000] {logging_mixin.py:188} INFO - [2026-03-05T22:31:53.640+0000] {dag.py:3096} INFO - Sync 3 DAGs
[2026-03-05T22:31:53.686+0000] {logging_mixin.py:188} INFO - [2026-03-05T22:31:53.686+0000] {dag.py:3954} INFO - Setting next_dagrun for data_quality to None, run_after=None
[2026-03-05T22:31:53.708+0000] {logging_mixin.py:188} INFO - [2026-03-05T22:31:53.707+0000] {dag.py:3954} INFO - Setting next_dagrun for produce_json to 2026-03-05 14:00:00+00:00, run_after=2026-03-06 14:00:00+00:00
[2026-03-05T22:31:53.714+0000] {logging_mixin.py:188} INFO - [2026-03-05T22:31:53.713+0000] {dag.py:3954} INFO - Setting next_dagrun for update_db to None, run_after=None
[2026-03-05T22:31:53.745+0000] {processor.py:183} INFO - Processing /opt/airflow/dags/main.py took 0.295 seconds
[2026-03-05T22:32:24.048+0000] {processor.py:161} INFO - Started process (PID=551) to work on /opt/airflow/dags/main.py
[2026-03-05T22:32:24.050+0000] {processor.py:830} INFO - Processing file /opt/airflow/dags/main.py for tasks to queue
[2026-03-05T22:32:24.056+0000] {logging_mixin.py:188} INFO - [2026-03-05T22:32:24.055+0000] {dagbag.py:545} INFO - Filling up the DagBag from /opt/airflow/dags/main.py
[2026-03-05T22:32:24.178+0000] {processor.py:840} INFO - DAG(s) 'data_quality', 'update_db', 'produce_json' retrieved from /opt/airflow/dags/main.py
[2026-03-05T22:32:24.267+0000] {logging_mixin.py:188} INFO - [2026-03-05T22:32:24.267+0000] {dag.py:3096} INFO - Sync 3 DAGs
[2026-03-05T22:32:24.315+0000] {logging_mixin.py:188} INFO - [2026-03-05T22:32:24.315+0000] {dag.py:3954} INFO - Setting next_dagrun for data_quality to None, run_after=None
[2026-03-05T22:32:24.333+0000] {logging_mixin.py:188} INFO - [2026-03-05T22:32:24.333+0000] {dag.py:3954} INFO - Setting next_dagrun for produce_json to 2026-03-05 14:00:00+00:00, run_after=2026-03-06 14:00:00+00:00
[2026-03-05T22:32:24.338+0000] {logging_mixin.py:188} INFO - [2026-03-05T22:32:24.338+0000] {dag.py:3954} INFO - Setting next_dagrun for update_db to None, run_after=None
[2026-03-05T22:32:24.382+0000] {processor.py:183} INFO - Processing /opt/airflow/dags/main.py took 0.349 seconds
[2026-03-05T22:32:55.373+0000] {processor.py:161} INFO - Started process (PID=557) to work on /opt/airflow/dags/main.py
[2026-03-05T22:32:55.376+0000] {processor.py:830} INFO - Processing file /opt/airflow/dags/main.py for tasks to queue
[2026-03-05T22:32:55.380+0000] {logging_mixin.py:188} INFO - [2026-03-05T22:32:55.380+0000] {dagbag.py:545} INFO - Filling up the DagBag from /opt/airflow/dags/main.py
[2026-03-05T22:32:55.495+0000] {processor.py:840} INFO - DAG(s) 'produce_json', 'update_db', 'data_quality' retrieved from /opt/airflow/dags/main.py
[2026-03-05T22:32:55.564+0000] {logging_mixin.py:188} INFO - [2026-03-05T22:32:55.564+0000] {dag.py:3096} INFO - Sync 3 DAGs
[2026-03-05T22:32:55.621+0000] {logging_mixin.py:188} INFO - [2026-03-05T22:32:55.620+0000] {dag.py:3954} INFO - Setting next_dagrun for data_quality to None, run_after=None
[2026-03-05T22:32:55.644+0000] {logging_mixin.py:188} INFO - [2026-03-05T22:32:55.644+0000] {dag.py:3954} INFO - Setting next_dagrun for produce_json to 2026-03-05 14:00:00+00:00, run_after=2026-03-06 14:00:00+00:00
[2026-03-05T22:32:55.652+0000] {logging_mixin.py:188} INFO - [2026-03-05T22:32:55.651+0000] {dag.py:3954} INFO - Setting next_dagrun for update_db to None, run_after=None
[2026-03-05T22:32:55.708+0000] {processor.py:183} INFO - Processing /opt/airflow/dags/main.py took 0.382 seconds
[2026-03-05T22:33:26.142+0000] {processor.py:161} INFO - Started process (PID=564) to work on /opt/airflow/dags/main.py
[2026-03-05T22:33:26.182+0000] {processor.py:830} INFO - Processing file /opt/airflow/dags/main.py for tasks to queue
[2026-03-05T22:33:26.189+0000] {logging_mixin.py:188} INFO - [2026-03-05T22:33:26.188+0000] {dagbag.py:545} INFO - Filling up the DagBag from /opt/airflow/dags/main.py
[2026-03-05T22:33:26.314+0000] {processor.py:840} INFO - DAG(s) 'update_db', 'data_quality', 'produce_json' retrieved from /opt/airflow/dags/main.py
[2026-03-05T22:33:26.379+0000] {logging_mixin.py:188} INFO - [2026-03-05T22:33:26.378+0000] {dag.py:3096} INFO - Sync 3 DAGs
[2026-03-05T22:33:26.417+0000] {logging_mixin.py:188} INFO - [2026-03-05T22:33:26.416+0000] {dag.py:3954} INFO - Setting next_dagrun for data_quality to None, run_after=None
[2026-03-05T22:33:26.432+0000] {logging_mixin.py:188} INFO - [2026-03-05T22:33:26.431+0000] {dag.py:3954} INFO - Setting next_dagrun for produce_json to 2026-03-05 14:00:00+00:00, run_after=2026-03-06 14:00:00+00:00
[2026-03-05T22:33:26.436+0000] {logging_mixin.py:188} INFO - [2026-03-05T22:33:26.435+0000] {dag.py:3954} INFO - Setting next_dagrun for update_db to None, run_after=None
[2026-03-05T22:33:26.476+0000] {processor.py:183} INFO - Processing /opt/airflow/dags/main.py took 0.376 seconds
[2026-03-05T22:33:56.734+0000] {processor.py:161} INFO - Started process (PID=571) to work on /opt/airflow/dags/main.py
[2026-03-05T22:33:56.739+0000] {processor.py:830} INFO - Processing file /opt/airflow/dags/main.py for tasks to queue
[2026-03-05T22:33:56.758+0000] {logging_mixin.py:188} INFO - [2026-03-05T22:33:56.745+0000] {dagbag.py:545} INFO - Filling up the DagBag from /opt/airflow/dags/main.py
[2026-03-05T22:33:57.038+0000] {processor.py:840} INFO - DAG(s) 'update_db', 'produce_json', 'data_quality' retrieved from /opt/airflow/dags/main.py
[2026-03-05T22:33:57.138+0000] {logging_mixin.py:188} INFO - [2026-03-05T22:33:57.138+0000] {dag.py:3096} INFO - Sync 3 DAGs
[2026-03-05T22:33:57.211+0000] {logging_mixin.py:188} INFO - [2026-03-05T22:33:57.210+0000] {dag.py:3954} INFO - Setting next_dagrun for data_quality to None, run_after=None
[2026-03-05T22:33:57.230+0000] {logging_mixin.py:188} INFO - [2026-03-05T22:33:57.230+0000] {dag.py:3954} INFO - Setting next_dagrun for produce_json to 2026-03-05 14:00:00+00:00, run_after=2026-03-06 14:00:00+00:00
[2026-03-05T22:33:57.238+0000] {logging_mixin.py:188} INFO - [2026-03-05T22:33:57.236+0000] {dag.py:3954} INFO - Setting next_dagrun for update_db to None, run_after=None
[2026-03-05T22:33:57.307+0000] {processor.py:183} INFO - Processing /opt/airflow/dags/main.py took 0.595 seconds
[2026-03-05T22:34:28.086+0000] {processor.py:161} INFO - Started process (PID=584) to work on /opt/airflow/dags/main.py
[2026-03-05T22:34:28.089+0000] {processor.py:830} INFO - Processing file /opt/airflow/dags/main.py for tasks to queue
[2026-03-05T22:34:28.093+0000] {logging_mixin.py:188} INFO - [2026-03-05T22:34:28.092+0000] {dagbag.py:545} INFO - Filling up the DagBag from /opt/airflow/dags/main.py
[2026-03-05T22:34:28.163+0000] {processor.py:840} INFO - DAG(s) 'produce_json', 'update_db', 'data_quality' retrieved from /opt/airflow/dags/main.py
[2026-03-05T22:34:28.214+0000] {logging_mixin.py:188} INFO - [2026-03-05T22:34:28.213+0000] {dag.py:3096} INFO - Sync 3 DAGs
[2026-03-05T22:34:28.258+0000] {logging_mixin.py:188} INFO - [2026-03-05T22:34:28.257+0000] {dag.py:3954} INFO - Setting next_dagrun for data_quality to None, run_after=None
[2026-03-05T22:34:28.269+0000] {logging_mixin.py:188} INFO - [2026-03-05T22:34:28.269+0000] {dag.py:3954} INFO - Setting next_dagrun for produce_json to 2026-03-05 14:00:00+00:00, run_after=2026-03-06 14:00:00+00:00
[2026-03-05T22:34:28.273+0000] {logging_mixin.py:188} INFO - [2026-03-05T22:34:28.273+0000] {dag.py:3954} INFO - Setting next_dagrun for update_db to None, run_after=None
[2026-03-05T22:34:28.315+0000] {processor.py:183} INFO - Processing /opt/airflow/dags/main.py took 0.241 seconds
[2026-03-05T22:34:58.493+0000] {processor.py:161} INFO - Started process (PID=591) to work on /opt/airflow/dags/main.py
[2026-03-05T22:34:58.499+0000] {processor.py:830} INFO - Processing file /opt/airflow/dags/main.py for tasks to queue
[2026-03-05T22:34:58.506+0000] {logging_mixin.py:188} INFO - [2026-03-05T22:34:58.505+0000] {dagbag.py:545} INFO - Filling up the DagBag from /opt/airflow/dags/main.py
[2026-03-05T22:34:58.594+0000] {processor.py:840} INFO - DAG(s) 'produce_json', 'data_quality', 'update_db' retrieved from /opt/airflow/dags/main.py
[2026-03-05T22:34:58.717+0000] {logging_mixin.py:188} INFO - [2026-03-05T22:34:58.717+0000] {dag.py:3096} INFO - Sync 3 DAGs
[2026-03-05T22:34:58.763+0000] {logging_mixin.py:188} INFO - [2026-03-05T22:34:58.762+0000] {dag.py:3954} INFO - Setting next_dagrun for data_quality to None, run_after=None
[2026-03-05T22:34:58.778+0000] {logging_mixin.py:188} INFO - [2026-03-05T22:34:58.777+0000] {dag.py:3954} INFO - Setting next_dagrun for produce_json to 2026-03-05 14:00:00+00:00, run_after=2026-03-06 14:00:00+00:00
[2026-03-05T22:34:58.782+0000] {logging_mixin.py:188} INFO - [2026-03-05T22:34:58.781+0000] {dag.py:3954} INFO - Setting next_dagrun for update_db to None, run_after=None
[2026-03-05T22:34:58.839+0000] {processor.py:183} INFO - Processing /opt/airflow/dags/main.py took 0.367 seconds
[2026-03-05T22:35:29.033+0000] {processor.py:161} INFO - Started process (PID=599) to work on /opt/airflow/dags/main.py
[2026-03-05T22:35:29.035+0000] {processor.py:830} INFO - Processing file /opt/airflow/dags/main.py for tasks to queue
[2026-03-05T22:35:29.040+0000] {logging_mixin.py:188} INFO - [2026-03-05T22:35:29.039+0000] {dagbag.py:545} INFO - Filling up the DagBag from /opt/airflow/dags/main.py
[2026-03-05T22:35:29.102+0000] {processor.py:840} INFO - DAG(s) 'produce_json', 'update_db', 'data_quality' retrieved from /opt/airflow/dags/main.py
[2026-03-05T22:35:29.158+0000] {logging_mixin.py:188} INFO - [2026-03-05T22:35:29.157+0000] {dag.py:3096} INFO - Sync 3 DAGs
[2026-03-05T22:35:29.198+0000] {logging_mixin.py:188} INFO - [2026-03-05T22:35:29.198+0000] {dag.py:3954} INFO - Setting next_dagrun for data_quality to None, run_after=None
[2026-03-05T22:35:29.207+0000] {logging_mixin.py:188} INFO - [2026-03-05T22:35:29.207+0000] {dag.py:3954} INFO - Setting next_dagrun for produce_json to 2026-03-05 14:00:00+00:00, run_after=2026-03-06 14:00:00+00:00
[2026-03-05T22:35:29.209+0000] {logging_mixin.py:188} INFO - [2026-03-05T22:35:29.209+0000] {dag.py:3954} INFO - Setting next_dagrun for update_db to None, run_after=None
[2026-03-05T22:35:29.237+0000] {processor.py:183} INFO - Processing /opt/airflow/dags/main.py took 0.214 seconds
[2026-03-05T22:35:59.805+0000] {processor.py:161} INFO - Started process (PID=606) to work on /opt/airflow/dags/main.py
[2026-03-05T22:35:59.815+0000] {processor.py:830} INFO - Processing file /opt/airflow/dags/main.py for tasks to queue
[2026-03-05T22:35:59.830+0000] {logging_mixin.py:188} INFO - [2026-03-05T22:35:59.828+0000] {dagbag.py:545} INFO - Filling up the DagBag from /opt/airflow/dags/main.py
[2026-03-05T22:36:00.042+0000] {processor.py:840} INFO - DAG(s) 'produce_json', 'update_db', 'data_quality' retrieved from /opt/airflow/dags/main.py
[2026-03-05T22:36:00.285+0000] {logging_mixin.py:188} INFO - [2026-03-05T22:36:00.283+0000] {dag.py:3096} INFO - Sync 3 DAGs
[2026-03-05T22:36:00.338+0000] {logging_mixin.py:188} INFO - [2026-03-05T22:36:00.337+0000] {dag.py:3954} INFO - Setting next_dagrun for data_quality to None, run_after=None
[2026-03-05T22:36:00.354+0000] {logging_mixin.py:188} INFO - [2026-03-05T22:36:00.354+0000] {dag.py:3954} INFO - Setting next_dagrun for produce_json to 2026-03-05 14:00:00+00:00, run_after=2026-03-06 14:00:00+00:00
[2026-03-05T22:36:00.357+0000] {logging_mixin.py:188} INFO - [2026-03-05T22:36:00.356+0000] {dag.py:3954} INFO - Setting next_dagrun for update_db to None, run_after=None
[2026-03-05T22:36:00.394+0000] {processor.py:183} INFO - Processing /opt/airflow/dags/main.py took 0.620 seconds
[2026-03-05T22:36:30.799+0000] {processor.py:161} INFO - Started process (PID=612) to work on /opt/airflow/dags/main.py
[2026-03-05T22:36:30.803+0000] {processor.py:830} INFO - Processing file /opt/airflow/dags/main.py for tasks to queue
[2026-03-05T22:36:30.807+0000] {logging_mixin.py:188} INFO - [2026-03-05T22:36:30.806+0000] {dagbag.py:545} INFO - Filling up the DagBag from /opt/airflow/dags/main.py
[2026-03-05T22:36:30.928+0000] {processor.py:840} INFO - DAG(s) 'data_quality', 'produce_json', 'update_db' retrieved from /opt/airflow/dags/main.py
[2026-03-05T22:36:30.994+0000] {logging_mixin.py:188} INFO - [2026-03-05T22:36:30.994+0000] {dag.py:3096} INFO - Sync 3 DAGs
[2026-03-05T22:36:31.026+0000] {logging_mixin.py:188} INFO - [2026-03-05T22:36:31.026+0000] {dag.py:3954} INFO - Setting next_dagrun for data_quality to None, run_after=None
[2026-03-05T22:36:31.036+0000] {logging_mixin.py:188} INFO - [2026-03-05T22:36:31.035+0000] {dag.py:3954} INFO - Setting next_dagrun for produce_json to 2026-03-05 14:00:00+00:00, run_after=2026-03-06 14:00:00+00:00
[2026-03-05T22:36:31.039+0000] {logging_mixin.py:188} INFO - [2026-03-05T22:36:31.038+0000] {dag.py:3954} INFO - Setting next_dagrun for update_db to None, run_after=None
[2026-03-05T22:36:31.099+0000] {processor.py:183} INFO - Processing /opt/airflow/dags/main.py took 0.312 seconds
[2026-03-05T22:37:01.480+0000] {processor.py:161} INFO - Started process (PID=618) to work on /opt/airflow/dags/main.py
[2026-03-05T22:37:01.483+0000] {processor.py:830} INFO - Processing file /opt/airflow/dags/main.py for tasks to queue
[2026-03-05T22:37:01.486+0000] {logging_mixin.py:188} INFO - [2026-03-05T22:37:01.485+0000] {dagbag.py:545} INFO - Filling up the DagBag from /opt/airflow/dags/main.py
[2026-03-05T22:37:01.559+0000] {processor.py:840} INFO - DAG(s) 'update_db', 'produce_json', 'data_quality' retrieved from /opt/airflow/dags/main.py
[2026-03-05T22:37:01.637+0000] {logging_mixin.py:188} INFO - [2026-03-05T22:37:01.636+0000] {dag.py:3096} INFO - Sync 3 DAGs
[2026-03-05T22:37:01.683+0000] {logging_mixin.py:188} INFO - [2026-03-05T22:37:01.683+0000] {dag.py:3954} INFO - Setting next_dagrun for data_quality to None, run_after=None
[2026-03-05T22:37:01.694+0000] {logging_mixin.py:188} INFO - [2026-03-05T22:37:01.694+0000] {dag.py:3954} INFO - Setting next_dagrun for produce_json to 2026-03-05 14:00:00+00:00, run_after=2026-03-06 14:00:00+00:00
[2026-03-05T22:37:01.698+0000] {logging_mixin.py:188} INFO - [2026-03-05T22:37:01.698+0000] {dag.py:3954} INFO - Setting next_dagrun for update_db to None, run_after=None
[2026-03-05T22:37:01.732+0000] {processor.py:183} INFO - Processing /opt/airflow/dags/main.py took 0.263 seconds
[2026-03-05T22:37:32.182+0000] {processor.py:161} INFO - Started process (PID=625) to work on /opt/airflow/dags/main.py
[2026-03-05T22:37:32.185+0000] {processor.py:830} INFO - Processing file /opt/airflow/dags/main.py for tasks to queue
[2026-03-05T22:37:32.189+0000] {logging_mixin.py:188} INFO - [2026-03-05T22:37:32.188+0000] {dagbag.py:545} INFO - Filling up the DagBag from /opt/airflow/dags/main.py
[2026-03-05T22:37:32.260+0000] {processor.py:840} INFO - DAG(s) 'update_db', 'data_quality', 'produce_json' retrieved from /opt/airflow/dags/main.py
[2026-03-05T22:37:32.317+0000] {logging_mixin.py:188} INFO - [2026-03-05T22:37:32.317+0000] {dag.py:3096} INFO - Sync 3 DAGs
[2026-03-05T22:37:32.361+0000] {logging_mixin.py:188} INFO - [2026-03-05T22:37:32.360+0000] {dag.py:3954} INFO - Setting next_dagrun for data_quality to None, run_after=None
[2026-03-05T22:37:32.375+0000] {logging_mixin.py:188} INFO - [2026-03-05T22:37:32.374+0000] {dag.py:3954} INFO - Setting next_dagrun for produce_json to 2026-03-05 14:00:00+00:00, run_after=2026-03-06 14:00:00+00:00
[2026-03-05T22:37:32.381+0000] {logging_mixin.py:188} INFO - [2026-03-05T22:37:32.381+0000] {dag.py:3954} INFO - Setting next_dagrun for update_db to None, run_after=None
[2026-03-05T22:37:32.429+0000] {processor.py:183} INFO - Processing /opt/airflow/dags/main.py took 0.264 seconds
[2026-03-05T22:38:02.751+0000] {processor.py:161} INFO - Started process (PID=632) to work on /opt/airflow/dags/main.py
[2026-03-05T22:38:02.755+0000] {processor.py:830} INFO - Processing file /opt/airflow/dags/main.py for tasks to queue
[2026-03-05T22:38:02.759+0000] {logging_mixin.py:188} INFO - [2026-03-05T22:38:02.758+0000] {dagbag.py:545} INFO - Filling up the DagBag from /opt/airflow/dags/main.py
[2026-03-05T22:38:02.872+0000] {processor.py:840} INFO - DAG(s) 'produce_json', 'data_quality', 'update_db' retrieved from /opt/airflow/dags/main.py
[2026-03-05T22:38:02.942+0000] {logging_mixin.py:188} INFO - [2026-03-05T22:38:02.941+0000] {dag.py:3096} INFO - Sync 3 DAGs
[2026-03-05T22:38:02.987+0000] {logging_mixin.py:188} INFO - [2026-03-05T22:38:02.987+0000] {dag.py:3954} INFO - Setting next_dagrun for data_quality to None, run_after=None
[2026-03-05T22:38:03.007+0000] {logging_mixin.py:188} INFO - [2026-03-05T22:38:03.007+0000] {dag.py:3954} INFO - Setting next_dagrun for produce_json to 2026-03-05 14:00:00+00:00, run_after=2026-03-06 14:00:00+00:00
[2026-03-05T22:38:03.011+0000] {logging_mixin.py:188} INFO - [2026-03-05T22:38:03.011+0000] {dag.py:3954} INFO - Setting next_dagrun for update_db to None, run_after=None
[2026-03-05T22:38:03.061+0000] {processor.py:183} INFO - Processing /opt/airflow/dags/main.py took 0.324 seconds
[2026-03-05T22:38:33.788+0000] {processor.py:161} INFO - Started process (PID=639) to work on /opt/airflow/dags/main.py
[2026-03-05T22:38:33.791+0000] {processor.py:830} INFO - Processing file /opt/airflow/dags/main.py for tasks to queue
[2026-03-05T22:38:33.795+0000] {logging_mixin.py:188} INFO - [2026-03-05T22:38:33.795+0000] {dagbag.py:545} INFO - Filling up the DagBag from /opt/airflow/dags/main.py
[2026-03-05T22:38:33.875+0000] {processor.py:840} INFO - DAG(s) 'data_quality', 'update_db', 'produce_json' retrieved from /opt/airflow/dags/main.py
[2026-03-05T22:38:33.972+0000] {logging_mixin.py:188} INFO - [2026-03-05T22:38:33.971+0000] {dag.py:3096} INFO - Sync 3 DAGs
[2026-03-05T22:38:34.017+0000] {logging_mixin.py:188} INFO - [2026-03-05T22:38:34.017+0000] {dag.py:3954} INFO - Setting next_dagrun for data_quality to None, run_after=None
[2026-03-05T22:38:34.030+0000] {logging_mixin.py:188} INFO - [2026-03-05T22:38:34.030+0000] {dag.py:3954} INFO - Setting next_dagrun for produce_json to 2026-03-05 14:00:00+00:00, run_after=2026-03-06 14:00:00+00:00
[2026-03-05T22:38:34.034+0000] {logging_mixin.py:188} INFO - [2026-03-05T22:38:34.034+0000] {dag.py:3954} INFO - Setting next_dagrun for update_db to None, run_after=None
[2026-03-05T22:38:34.082+0000] {processor.py:183} INFO - Processing /opt/airflow/dags/main.py took 0.307 seconds
[2026-03-05T22:39:04.992+0000] {processor.py:161} INFO - Started process (PID=647) to work on /opt/airflow/dags/main.py
[2026-03-05T22:39:04.995+0000] {processor.py:830} INFO - Processing file /opt/airflow/dags/main.py for tasks to queue
[2026-03-05T22:39:04.998+0000] {logging_mixin.py:188} INFO - [2026-03-05T22:39:04.998+0000] {dagbag.py:545} INFO - Filling up the DagBag from /opt/airflow/dags/main.py
[2026-03-05T22:39:05.117+0000] {processor.py:840} INFO - DAG(s) 'produce_json', 'update_db', 'data_quality' retrieved from /opt/airflow/dags/main.py
[2026-03-05T22:39:05.165+0000] {logging_mixin.py:188} INFO - [2026-03-05T22:39:05.165+0000] {dag.py:3096} INFO - Sync 3 DAGs
[2026-03-05T22:39:05.201+0000] {logging_mixin.py:188} INFO - [2026-03-05T22:39:05.200+0000] {dag.py:3954} INFO - Setting next_dagrun for data_quality to None, run_after=None
[2026-03-05T22:39:05.212+0000] {logging_mixin.py:188} INFO - [2026-03-05T22:39:05.211+0000] {dag.py:3954} INFO - Setting next_dagrun for produce_json to 2026-03-05 14:00:00+00:00, run_after=2026-03-06 14:00:00+00:00
[2026-03-05T22:39:05.214+0000] {logging_mixin.py:188} INFO - [2026-03-05T22:39:05.214+0000] {dag.py:3954} INFO - Setting next_dagrun for update_db to None, run_after=None
[2026-03-05T22:39:05.243+0000] {processor.py:183} INFO - Processing /opt/airflow/dags/main.py took 0.264 seconds
[2026-03-05T22:39:35.392+0000] {processor.py:161} INFO - Started process (PID=654) to work on /opt/airflow/dags/main.py
[2026-03-05T22:39:35.395+0000] {processor.py:830} INFO - Processing file /opt/airflow/dags/main.py for tasks to queue
[2026-03-05T22:39:35.399+0000] {logging_mixin.py:188} INFO - [2026-03-05T22:39:35.398+0000] {dagbag.py:545} INFO - Filling up the DagBag from /opt/airflow/dags/main.py
[2026-03-05T22:39:35.497+0000] {processor.py:840} INFO - DAG(s) 'data_quality', 'update_db', 'produce_json' retrieved from /opt/airflow/dags/main.py
[2026-03-05T22:39:35.570+0000] {logging_mixin.py:188} INFO - [2026-03-05T22:39:35.570+0000] {dag.py:3096} INFO - Sync 3 DAGs
[2026-03-05T22:39:35.621+0000] {logging_mixin.py:188} INFO - [2026-03-05T22:39:35.620+0000] {dag.py:3954} INFO - Setting next_dagrun for data_quality to None, run_after=None
[2026-03-05T22:39:35.645+0000] {logging_mixin.py:188} INFO - [2026-03-05T22:39:35.645+0000] {dag.py:3954} INFO - Setting next_dagrun for produce_json to 2026-03-05 14:00:00+00:00, run_after=2026-03-06 14:00:00+00:00
[2026-03-05T22:39:35.648+0000] {logging_mixin.py:188} INFO - [2026-03-05T22:39:35.647+0000] {dag.py:3954} INFO - Setting next_dagrun for update_db to None, run_after=None
[2026-03-05T22:39:35.684+0000] {processor.py:183} INFO - Processing /opt/airflow/dags/main.py took 0.306 seconds
[2026-03-05T22:40:05.747+0000] {processor.py:161} INFO - Started process (PID=661) to work on /opt/airflow/dags/main.py
[2026-03-05T22:40:05.749+0000] {processor.py:830} INFO - Processing file /opt/airflow/dags/main.py for tasks to queue
[2026-03-05T22:40:05.752+0000] {logging_mixin.py:188} INFO - [2026-03-05T22:40:05.752+0000] {dagbag.py:545} INFO - Filling up the DagBag from /opt/airflow/dags/main.py
[2026-03-05T22:40:05.858+0000] {processor.py:840} INFO - DAG(s) 'update_db', 'produce_json', 'data_quality' retrieved from /opt/airflow/dags/main.py
[2026-03-05T22:40:05.950+0000] {logging_mixin.py:188} INFO - [2026-03-05T22:40:05.949+0000] {dag.py:3096} INFO - Sync 3 DAGs
[2026-03-05T22:40:06.041+0000] {logging_mixin.py:188} INFO - [2026-03-05T22:40:06.040+0000] {dag.py:3954} INFO - Setting next_dagrun for data_quality to None, run_after=None
[2026-03-05T22:40:06.058+0000] {logging_mixin.py:188} INFO - [2026-03-05T22:40:06.058+0000] {dag.py:3954} INFO - Setting next_dagrun for produce_json to 2026-03-05 14:00:00+00:00, run_after=2026-03-06 14:00:00+00:00
[2026-03-05T22:40:06.062+0000] {logging_mixin.py:188} INFO - [2026-03-05T22:40:06.062+0000] {dag.py:3954} INFO - Setting next_dagrun for update_db to None, run_after=None
[2026-03-05T22:40:06.123+0000] {processor.py:183} INFO - Processing /opt/airflow/dags/main.py took 0.389 seconds
[2026-03-05T22:40:36.644+0000] {processor.py:161} INFO - Started process (PID=668) to work on /opt/airflow/dags/main.py
[2026-03-05T22:40:36.648+0000] {processor.py:830} INFO - Processing file /opt/airflow/dags/main.py for tasks to queue
[2026-03-05T22:40:36.654+0000] {logging_mixin.py:188} INFO - [2026-03-05T22:40:36.653+0000] {dagbag.py:545} INFO - Filling up the DagBag from /opt/airflow/dags/main.py
[2026-03-05T22:40:36.737+0000] {processor.py:840} INFO - DAG(s) 'update_db', 'produce_json', 'data_quality' retrieved from /opt/airflow/dags/main.py
[2026-03-05T22:40:36.796+0000] {logging_mixin.py:188} INFO - [2026-03-05T22:40:36.796+0000] {dag.py:3096} INFO - Sync 3 DAGs
[2026-03-05T22:40:36.839+0000] {logging_mixin.py:188} INFO - [2026-03-05T22:40:36.839+0000] {dag.py:3954} INFO - Setting next_dagrun for data_quality to None, run_after=None
[2026-03-05T22:40:36.850+0000] {logging_mixin.py:188} INFO - [2026-03-05T22:40:36.849+0000] {dag.py:3954} INFO - Setting next_dagrun for produce_json to 2026-03-05 14:00:00+00:00, run_after=2026-03-06 14:00:00+00:00
[2026-03-05T22:40:36.852+0000] {logging_mixin.py:188} INFO - [2026-03-05T22:40:36.852+0000] {dag.py:3954} INFO - Setting next_dagrun for update_db to None, run_after=None
[2026-03-05T22:40:36.884+0000] {processor.py:183} INFO - Processing /opt/airflow/dags/main.py took 0.253 seconds
[2026-03-05T22:41:07.314+0000] {processor.py:161} INFO - Started process (PID=675) to work on /opt/airflow/dags/main.py
[2026-03-05T22:41:07.322+0000] {processor.py:830} INFO - Processing file /opt/airflow/dags/main.py for tasks to queue
[2026-03-05T22:41:07.328+0000] {logging_mixin.py:188} INFO - [2026-03-05T22:41:07.326+0000] {dagbag.py:545} INFO - Filling up the DagBag from /opt/airflow/dags/main.py
[2026-03-05T22:41:07.605+0000] {processor.py:840} INFO - DAG(s) 'produce_json', 'data_quality', 'update_db' retrieved from /opt/airflow/dags/main.py
[2026-03-05T22:41:07.699+0000] {logging_mixin.py:188} INFO - [2026-03-05T22:41:07.696+0000] {dag.py:3096} INFO - Sync 3 DAGs
[2026-03-05T22:41:07.771+0000] {logging_mixin.py:188} INFO - [2026-03-05T22:41:07.769+0000] {dag.py:3954} INFO - Setting next_dagrun for data_quality to None, run_after=None
[2026-03-05T22:41:07.786+0000] {logging_mixin.py:188} INFO - [2026-03-05T22:41:07.786+0000] {dag.py:3954} INFO - Setting next_dagrun for produce_json to 2026-03-05 14:00:00+00:00, run_after=2026-03-06 14:00:00+00:00
[2026-03-05T22:41:07.789+0000] {logging_mixin.py:188} INFO - [2026-03-05T22:41:07.789+0000] {dag.py:3954} INFO - Setting next_dagrun for update_db to None, run_after=None
[2026-03-05T22:41:07.820+0000] {processor.py:183} INFO - Processing /opt/airflow/dags/main.py took 0.525 seconds
[2026-03-05T22:41:38.029+0000] {processor.py:161} INFO - Started process (PID=682) to work on /opt/airflow/dags/main.py
[2026-03-05T22:41:38.033+0000] {processor.py:830} INFO - Processing file /opt/airflow/dags/main.py for tasks to queue
[2026-03-05T22:41:38.038+0000] {logging_mixin.py:188} INFO - [2026-03-05T22:41:38.037+0000] {dagbag.py:545} INFO - Filling up the DagBag from /opt/airflow/dags/main.py
[2026-03-05T22:41:38.109+0000] {processor.py:840} INFO - DAG(s) 'produce_json', 'data_quality', 'update_db' retrieved from /opt/airflow/dags/main.py
[2026-03-05T22:41:38.190+0000] {logging_mixin.py:188} INFO - [2026-03-05T22:41:38.189+0000] {dag.py:3096} INFO - Sync 3 DAGs
[2026-03-05T22:41:38.246+0000] {logging_mixin.py:188} INFO - [2026-03-05T22:41:38.245+0000] {dag.py:3954} INFO - Setting next_dagrun for data_quality to None, run_after=None
[2026-03-05T22:41:38.257+0000] {logging_mixin.py:188} INFO - [2026-03-05T22:41:38.257+0000] {dag.py:3954} INFO - Setting next_dagrun for produce_json to 2026-03-05 14:00:00+00:00, run_after=2026-03-06 14:00:00+00:00
[2026-03-05T22:41:38.261+0000] {logging_mixin.py:188} INFO - [2026-03-05T22:41:38.260+0000] {dag.py:3954} INFO - Setting next_dagrun for update_db to None, run_after=None
[2026-03-05T22:41:38.303+0000] {processor.py:183} INFO - Processing /opt/airflow/dags/main.py took 0.287 seconds
[2026-03-05T22:42:09.065+0000] {processor.py:161} INFO - Started process (PID=689) to work on /opt/airflow/dags/main.py
[2026-03-05T22:42:09.068+0000] {processor.py:830} INFO - Processing file /opt/airflow/dags/main.py for tasks to queue
[2026-03-05T22:42:09.071+0000] {logging_mixin.py:188} INFO - [2026-03-05T22:42:09.071+0000] {dagbag.py:545} INFO - Filling up the DagBag from /opt/airflow/dags/main.py
[2026-03-05T22:42:09.164+0000] {processor.py:840} INFO - DAG(s) 'produce_json', 'update_db', 'data_quality' retrieved from /opt/airflow/dags/main.py
[2026-03-05T22:42:09.215+0000] {logging_mixin.py:188} INFO - [2026-03-05T22:42:09.215+0000] {dag.py:3096} INFO - Sync 3 DAGs
[2026-03-05T22:42:09.251+0000] {logging_mixin.py:188} INFO - [2026-03-05T22:42:09.251+0000] {dag.py:3954} INFO - Setting next_dagrun for data_quality to None, run_after=None
[2026-03-05T22:42:09.260+0000] {logging_mixin.py:188} INFO - [2026-03-05T22:42:09.259+0000] {dag.py:3954} INFO - Setting next_dagrun for produce_json to 2026-03-05 14:00:00+00:00, run_after=2026-03-06 14:00:00+00:00
[2026-03-05T22:42:09.262+0000] {logging_mixin.py:188} INFO - [2026-03-05T22:42:09.262+0000] {dag.py:3954} INFO - Setting next_dagrun for update_db to None, run_after=None
[2026-03-05T22:42:09.307+0000] {processor.py:183} INFO - Processing /opt/airflow/dags/main.py took 0.263 seconds
[2026-03-05T22:42:39.476+0000] {processor.py:161} INFO - Started process (PID=696) to work on /opt/airflow/dags/main.py
[2026-03-05T22:42:39.478+0000] {processor.py:830} INFO - Processing file /opt/airflow/dags/main.py for tasks to queue
[2026-03-05T22:42:39.482+0000] {logging_mixin.py:188} INFO - [2026-03-05T22:42:39.481+0000] {dagbag.py:545} INFO - Filling up the DagBag from /opt/airflow/dags/main.py
[2026-03-05T22:42:39.545+0000] {processor.py:840} INFO - DAG(s) 'data_quality', 'produce_json', 'update_db' retrieved from /opt/airflow/dags/main.py
[2026-03-05T22:42:39.607+0000] {logging_mixin.py:188} INFO - [2026-03-05T22:42:39.607+0000] {dag.py:3096} INFO - Sync 3 DAGs
[2026-03-05T22:42:39.644+0000] {logging_mixin.py:188} INFO - [2026-03-05T22:42:39.643+0000] {dag.py:3954} INFO - Setting next_dagrun for data_quality to None, run_after=None
[2026-03-05T22:42:39.655+0000] {logging_mixin.py:188} INFO - [2026-03-05T22:42:39.654+0000] {dag.py:3954} INFO - Setting next_dagrun for produce_json to 2026-03-05 14:00:00+00:00, run_after=2026-03-06 14:00:00+00:00
[2026-03-05T22:42:39.658+0000] {logging_mixin.py:188} INFO - [2026-03-05T22:42:39.658+0000] {dag.py:3954} INFO - Setting next_dagrun for update_db to None, run_after=None
[2026-03-05T22:42:39.702+0000] {processor.py:183} INFO - Processing /opt/airflow/dags/main.py took 0.237 seconds
[2026-03-05T22:43:10.067+0000] {processor.py:161} INFO - Started process (PID=703) to work on /opt/airflow/dags/main.py
[2026-03-05T22:43:10.070+0000] {processor.py:830} INFO - Processing file /opt/airflow/dags/main.py for tasks to queue
[2026-03-05T22:43:10.073+0000] {logging_mixin.py:188} INFO - [2026-03-05T22:43:10.072+0000] {dagbag.py:545} INFO - Filling up the DagBag from /opt/airflow/dags/main.py
[2026-03-05T22:43:10.190+0000] {processor.py:840} INFO - DAG(s) 'update_db', 'data_quality', 'produce_json' retrieved from /opt/airflow/dags/main.py
[2026-03-05T22:43:10.296+0000] {logging_mixin.py:188} INFO - [2026-03-05T22:43:10.292+0000] {dag.py:3096} INFO - Sync 3 DAGs
[2026-03-05T22:43:10.362+0000] {logging_mixin.py:188} INFO - [2026-03-05T22:43:10.361+0000] {dag.py:3954} INFO - Setting next_dagrun for data_quality to None, run_after=None
[2026-03-05T22:43:10.373+0000] {logging_mixin.py:188} INFO - [2026-03-05T22:43:10.372+0000] {dag.py:3954} INFO - Setting next_dagrun for produce_json to 2026-03-05 14:00:00+00:00, run_after=2026-03-06 14:00:00+00:00
[2026-03-05T22:43:10.380+0000] {logging_mixin.py:188} INFO - [2026-03-05T22:43:10.380+0000] {dag.py:3954} INFO - Setting next_dagrun for update_db to None, run_after=None
[2026-03-05T22:43:10.439+0000] {processor.py:183} INFO - Processing /opt/airflow/dags/main.py took 0.387 seconds
[2026-03-05T22:43:40.826+0000] {processor.py:161} INFO - Started process (PID=711) to work on /opt/airflow/dags/main.py
[2026-03-05T22:43:40.829+0000] {processor.py:830} INFO - Processing file /opt/airflow/dags/main.py for tasks to queue
[2026-03-05T22:43:40.832+0000] {logging_mixin.py:188} INFO - [2026-03-05T22:43:40.831+0000] {dagbag.py:545} INFO - Filling up the DagBag from /opt/airflow/dags/main.py
[2026-03-05T22:43:40.893+0000] {processor.py:840} INFO - DAG(s) 'data_quality', 'produce_json', 'update_db' retrieved from /opt/airflow/dags/main.py
[2026-03-05T22:43:40.963+0000] {logging_mixin.py:188} INFO - [2026-03-05T22:43:40.962+0000] {dag.py:3096} INFO - Sync 3 DAGs
[2026-03-05T22:43:41.003+0000] {logging_mixin.py:188} INFO - [2026-03-05T22:43:41.002+0000] {dag.py:3954} INFO - Setting next_dagrun for data_quality to None, run_after=None
[2026-03-05T22:43:41.013+0000] {logging_mixin.py:188} INFO - [2026-03-05T22:43:41.012+0000] {dag.py:3954} INFO - Setting next_dagrun for produce_json to 2026-03-05 14:00:00+00:00, run_after=2026-03-06 14:00:00+00:00
[2026-03-05T22:43:41.016+0000] {logging_mixin.py:188} INFO - [2026-03-05T22:43:41.016+0000] {dag.py:3954} INFO - Setting next_dagrun for update_db to None, run_after=None
[2026-03-05T22:43:41.057+0000] {processor.py:183} INFO - Processing /opt/airflow/dags/main.py took 0.251 seconds
[2026-03-05T22:44:11.533+0000] {processor.py:161} INFO - Started process (PID=718) to work on /opt/airflow/dags/main.py
[2026-03-05T22:44:11.535+0000] {processor.py:830} INFO - Processing file /opt/airflow/dags/main.py for tasks to queue
[2026-03-05T22:44:11.539+0000] {logging_mixin.py:188} INFO - [2026-03-05T22:44:11.539+0000] {dagbag.py:545} INFO - Filling up the DagBag from /opt/airflow/dags/main.py
[2026-03-05T22:44:11.613+0000] {processor.py:840} INFO - DAG(s) 'data_quality', 'produce_json', 'update_db' retrieved from /opt/airflow/dags/main.py
[2026-03-05T22:44:11.664+0000] {logging_mixin.py:188} INFO - [2026-03-05T22:44:11.664+0000] {dag.py:3096} INFO - Sync 3 DAGs
[2026-03-05T22:44:11.704+0000] {logging_mixin.py:188} INFO - [2026-03-05T22:44:11.703+0000] {dag.py:3954} INFO - Setting next_dagrun for data_quality to None, run_after=None
[2026-03-05T22:44:11.716+0000] {logging_mixin.py:188} INFO - [2026-03-05T22:44:11.715+0000] {dag.py:3954} INFO - Setting next_dagrun for produce_json to 2026-03-05 14:00:00+00:00, run_after=2026-03-06 14:00:00+00:00
[2026-03-05T22:44:11.721+0000] {logging_mixin.py:188} INFO - [2026-03-05T22:44:11.720+0000] {dag.py:3954} INFO - Setting next_dagrun for update_db to None, run_after=None
[2026-03-05T22:44:11.767+0000] {processor.py:183} INFO - Processing /opt/airflow/dags/main.py took 0.245 seconds
[2026-03-05T22:44:42.594+0000] {processor.py:161} INFO - Started process (PID=725) to work on /opt/airflow/dags/main.py
[2026-03-05T22:44:42.598+0000] {processor.py:830} INFO - Processing file /opt/airflow/dags/main.py for tasks to queue
[2026-03-05T22:44:42.601+0000] {logging_mixin.py:188} INFO - [2026-03-05T22:44:42.601+0000] {dagbag.py:545} INFO - Filling up the DagBag from /opt/airflow/dags/main.py
[2026-03-05T22:44:42.700+0000] {processor.py:840} INFO - DAG(s) 'data_quality', 'produce_json', 'update_db' retrieved from /opt/airflow/dags/main.py
[2026-03-05T22:44:42.781+0000] {logging_mixin.py:188} INFO - [2026-03-05T22:44:42.781+0000] {dag.py:3096} INFO - Sync 3 DAGs
[2026-03-05T22:44:42.829+0000] {logging_mixin.py:188} INFO - [2026-03-05T22:44:42.828+0000] {dag.py:3954} INFO - Setting next_dagrun for data_quality to None, run_after=None
[2026-03-05T22:44:42.846+0000] {logging_mixin.py:188} INFO - [2026-03-05T22:44:42.846+0000] {dag.py:3954} INFO - Setting next_dagrun for produce_json to 2026-03-05 14:00:00+00:00, run_after=2026-03-06 14:00:00+00:00
[2026-03-05T22:44:42.851+0000] {logging_mixin.py:188} INFO - [2026-03-05T22:44:42.851+0000] {dag.py:3954} INFO - Setting next_dagrun for update_db to None, run_after=None
[2026-03-05T22:44:42.902+0000] {processor.py:183} INFO - Processing /opt/airflow/dags/main.py took 0.321 seconds
[2026-03-05T22:45:12.957+0000] {processor.py:161} INFO - Started process (PID=732) to work on /opt/airflow/dags/main.py
[2026-03-05T22:45:12.959+0000] {processor.py:830} INFO - Processing file /opt/airflow/dags/main.py for tasks to queue
[2026-03-05T22:45:12.962+0000] {logging_mixin.py:188} INFO - [2026-03-05T22:45:12.962+0000] {dagbag.py:545} INFO - Filling up the DagBag from /opt/airflow/dags/main.py
[2026-03-05T22:45:13.040+0000] {processor.py:840} INFO - DAG(s) 'update_db', 'produce_json', 'data_quality' retrieved from /opt/airflow/dags/main.py
[2026-03-05T22:45:13.097+0000] {logging_mixin.py:188} INFO - [2026-03-05T22:45:13.097+0000] {dag.py:3096} INFO - Sync 3 DAGs
[2026-03-05T22:45:13.140+0000] {logging_mixin.py:188} INFO - [2026-03-05T22:45:13.139+0000] {dag.py:3954} INFO - Setting next_dagrun for data_quality to None, run_after=None
[2026-03-05T22:45:13.150+0000] {logging_mixin.py:188} INFO - [2026-03-05T22:45:13.150+0000] {dag.py:3954} INFO - Setting next_dagrun for produce_json to 2026-03-05 14:00:00+00:00, run_after=2026-03-06 14:00:00+00:00
[2026-03-05T22:45:13.154+0000] {logging_mixin.py:188} INFO - [2026-03-05T22:45:13.153+0000] {dag.py:3954} INFO - Setting next_dagrun for update_db to None, run_after=None
[2026-03-05T22:45:13.201+0000] {processor.py:183} INFO - Processing /opt/airflow/dags/main.py took 0.259 seconds
[2026-03-05T22:45:43.553+0000] {processor.py:161} INFO - Started process (PID=739) to work on /opt/airflow/dags/main.py
[2026-03-05T22:45:43.557+0000] {processor.py:830} INFO - Processing file /opt/airflow/dags/main.py for tasks to queue
[2026-03-05T22:45:43.561+0000] {logging_mixin.py:188} INFO - [2026-03-05T22:45:43.561+0000] {dagbag.py:545} INFO - Filling up the DagBag from /opt/airflow/dags/main.py
[2026-03-05T22:45:43.648+0000] {processor.py:840} INFO - DAG(s) 'produce_json', 'data_quality', 'update_db' retrieved from /opt/airflow/dags/main.py
[2026-03-05T22:45:43.737+0000] {logging_mixin.py:188} INFO - [2026-03-05T22:45:43.736+0000] {dag.py:3096} INFO - Sync 3 DAGs
[2026-03-05T22:45:43.800+0000] {logging_mixin.py:188} INFO - [2026-03-05T22:45:43.800+0000] {dag.py:3954} INFO - Setting next_dagrun for data_quality to None, run_after=None
[2026-03-05T22:45:43.814+0000] {logging_mixin.py:188} INFO - [2026-03-05T22:45:43.813+0000] {dag.py:3954} INFO - Setting next_dagrun for produce_json to 2026-03-05 14:00:00+00:00, run_after=2026-03-06 14:00:00+00:00
[2026-03-05T22:45:43.817+0000] {logging_mixin.py:188} INFO - [2026-03-05T22:45:43.816+0000] {dag.py:3954} INFO - Setting next_dagrun for update_db to None, run_after=None
[2026-03-05T22:45:43.848+0000] {processor.py:183} INFO - Processing /opt/airflow/dags/main.py took 0.307 seconds
[2026-03-05T22:46:14.269+0000] {processor.py:161} INFO - Started process (PID=746) to work on /opt/airflow/dags/main.py
[2026-03-05T22:46:14.272+0000] {processor.py:830} INFO - Processing file /opt/airflow/dags/main.py for tasks to queue
[2026-03-05T22:46:14.276+0000] {logging_mixin.py:188} INFO - [2026-03-05T22:46:14.275+0000] {dagbag.py:545} INFO - Filling up the DagBag from /opt/airflow/dags/main.py
[2026-03-05T22:46:14.354+0000] {processor.py:840} INFO - DAG(s) 'update_db', 'data_quality', 'produce_json' retrieved from /opt/airflow/dags/main.py
[2026-03-05T22:46:14.431+0000] {logging_mixin.py:188} INFO - [2026-03-05T22:46:14.431+0000] {dag.py:3096} INFO - Sync 3 DAGs
[2026-03-05T22:46:14.471+0000] {logging_mixin.py:188} INFO - [2026-03-05T22:46:14.471+0000] {dag.py:3954} INFO - Setting next_dagrun for data_quality to None, run_after=None
[2026-03-05T22:46:14.484+0000] {logging_mixin.py:188} INFO - [2026-03-05T22:46:14.484+0000] {dag.py:3954} INFO - Setting next_dagrun for produce_json to 2026-03-05 14:00:00+00:00, run_after=2026-03-06 14:00:00+00:00
[2026-03-05T22:46:14.489+0000] {logging_mixin.py:188} INFO - [2026-03-05T22:46:14.488+0000] {dag.py:3954} INFO - Setting next_dagrun for update_db to None, run_after=None
[2026-03-05T22:46:14.521+0000] {processor.py:183} INFO - Processing /opt/airflow/dags/main.py took 0.263 seconds
[2026-03-05T22:46:45.708+0000] {processor.py:161} INFO - Started process (PID=753) to work on /opt/airflow/dags/main.py
[2026-03-05T22:46:45.715+0000] {processor.py:830} INFO - Processing file /opt/airflow/dags/main.py for tasks to queue
[2026-03-05T22:46:45.726+0000] {logging_mixin.py:188} INFO - [2026-03-05T22:46:45.725+0000] {dagbag.py:545} INFO - Filling up the DagBag from /opt/airflow/dags/main.py
[2026-03-05T22:46:45.867+0000] {processor.py:840} INFO - DAG(s) 'produce_json', 'data_quality', 'update_db' retrieved from /opt/airflow/dags/main.py
[2026-03-05T22:46:45.923+0000] {logging_mixin.py:188} INFO - [2026-03-05T22:46:45.922+0000] {dag.py:3096} INFO - Sync 3 DAGs
[2026-03-05T22:46:45.960+0000] {logging_mixin.py:188} INFO - [2026-03-05T22:46:45.959+0000] {dag.py:3954} INFO - Setting next_dagrun for data_quality to None, run_after=None
[2026-03-05T22:46:45.969+0000] {logging_mixin.py:188} INFO - [2026-03-05T22:46:45.969+0000] {dag.py:3954} INFO - Setting next_dagrun for produce_json to 2026-03-05 14:00:00+00:00, run_after=2026-03-06 14:00:00+00:00
[2026-03-05T22:46:45.971+0000] {logging_mixin.py:188} INFO - [2026-03-05T22:46:45.971+0000] {dag.py:3954} INFO - Setting next_dagrun for update_db to None, run_after=None
[2026-03-05T22:46:45.996+0000] {processor.py:183} INFO - Processing /opt/airflow/dags/main.py took 0.305 seconds
[2026-03-05T22:47:16.846+0000] {processor.py:161} INFO - Started process (PID=760) to work on /opt/airflow/dags/main.py
[2026-03-05T22:47:16.849+0000] {processor.py:830} INFO - Processing file /opt/airflow/dags/main.py for tasks to queue
[2026-03-05T22:47:16.855+0000] {logging_mixin.py:188} INFO - [2026-03-05T22:47:16.854+0000] {dagbag.py:545} INFO - Filling up the DagBag from /opt/airflow/dags/main.py
[2026-03-05T22:47:16.933+0000] {processor.py:840} INFO - DAG(s) 'update_db', 'data_quality', 'produce_json' retrieved from /opt/airflow/dags/main.py
[2026-03-05T22:47:17.029+0000] {logging_mixin.py:188} INFO - [2026-03-05T22:47:17.029+0000] {dag.py:3096} INFO - Sync 3 DAGs
[2026-03-05T22:47:17.070+0000] {logging_mixin.py:188} INFO - [2026-03-05T22:47:17.070+0000] {dag.py:3954} INFO - Setting next_dagrun for data_quality to None, run_after=None
[2026-03-05T22:47:17.082+0000] {logging_mixin.py:188} INFO - [2026-03-05T22:47:17.082+0000] {dag.py:3954} INFO - Setting next_dagrun for produce_json to 2026-03-05 14:00:00+00:00, run_after=2026-03-06 14:00:00+00:00
[2026-03-05T22:47:17.086+0000] {logging_mixin.py:188} INFO - [2026-03-05T22:47:17.086+0000] {dag.py:3954} INFO - Setting next_dagrun for update_db to None, run_after=None
[2026-03-05T22:47:17.129+0000] {processor.py:183} INFO - Processing /opt/airflow/dags/main.py took 0.297 seconds
[2026-03-05T22:47:48.100+0000] {processor.py:161} INFO - Started process (PID=767) to work on /opt/airflow/dags/main.py
[2026-03-05T22:47:48.104+0000] {processor.py:830} INFO - Processing file /opt/airflow/dags/main.py for tasks to queue
[2026-03-05T22:47:48.109+0000] {logging_mixin.py:188} INFO - [2026-03-05T22:47:48.109+0000] {dagbag.py:545} INFO - Filling up the DagBag from /opt/airflow/dags/main.py
[2026-03-05T22:47:48.246+0000] {processor.py:840} INFO - DAG(s) 'data_quality', 'produce_json', 'update_db' retrieved from /opt/airflow/dags/main.py
[2026-03-05T22:47:48.355+0000] {logging_mixin.py:188} INFO - [2026-03-05T22:47:48.355+0000] {dag.py:3096} INFO - Sync 3 DAGs
[2026-03-05T22:47:48.394+0000] {logging_mixin.py:188} INFO - [2026-03-05T22:47:48.393+0000] {dag.py:3954} INFO - Setting next_dagrun for data_quality to None, run_after=None
[2026-03-05T22:47:48.409+0000] {logging_mixin.py:188} INFO - [2026-03-05T22:47:48.409+0000] {dag.py:3954} INFO - Setting next_dagrun for produce_json to 2026-03-05 14:00:00+00:00, run_after=2026-03-06 14:00:00+00:00
[2026-03-05T22:47:48.414+0000] {logging_mixin.py:188} INFO - [2026-03-05T22:47:48.414+0000] {dag.py:3954} INFO - Setting next_dagrun for update_db to None, run_after=None
[2026-03-05T22:47:48.444+0000] {processor.py:183} INFO - Processing /opt/airflow/dags/main.py took 0.365 seconds
[2026-03-05T22:48:19.192+0000] {processor.py:161} INFO - Started process (PID=774) to work on /opt/airflow/dags/main.py
[2026-03-05T22:48:19.198+0000] {processor.py:830} INFO - Processing file /opt/airflow/dags/main.py for tasks to queue
[2026-03-05T22:48:19.202+0000] {logging_mixin.py:188} INFO - [2026-03-05T22:48:19.202+0000] {dagbag.py:545} INFO - Filling up the DagBag from /opt/airflow/dags/main.py
[2026-03-05T22:48:19.277+0000] {processor.py:840} INFO - DAG(s) 'data_quality', 'update_db', 'produce_json' retrieved from /opt/airflow/dags/main.py
[2026-03-05T22:48:19.335+0000] {logging_mixin.py:188} INFO - [2026-03-05T22:48:19.335+0000] {dag.py:3096} INFO - Sync 3 DAGs
[2026-03-05T22:48:19.368+0000] {logging_mixin.py:188} INFO - [2026-03-05T22:48:19.368+0000] {dag.py:3954} INFO - Setting next_dagrun for data_quality to None, run_after=None
[2026-03-05T22:48:19.378+0000] {logging_mixin.py:188} INFO - [2026-03-05T22:48:19.378+0000] {dag.py:3954} INFO - Setting next_dagrun for produce_json to 2026-03-05 14:00:00+00:00, run_after=2026-03-06 14:00:00+00:00
[2026-03-05T22:48:19.381+0000] {logging_mixin.py:188} INFO - [2026-03-05T22:48:19.380+0000] {dag.py:3954} INFO - Setting next_dagrun for update_db to None, run_after=None
[2026-03-05T22:48:19.410+0000] {processor.py:183} INFO - Processing /opt/airflow/dags/main.py took 0.228 seconds
[2026-03-05T22:48:50.156+0000] {processor.py:161} INFO - Started process (PID=781) to work on /opt/airflow/dags/main.py
[2026-03-05T22:48:50.159+0000] {processor.py:830} INFO - Processing file /opt/airflow/dags/main.py for tasks to queue
[2026-03-05T22:48:50.168+0000] {logging_mixin.py:188} INFO - [2026-03-05T22:48:50.168+0000] {dagbag.py:545} INFO - Filling up the DagBag from /opt/airflow/dags/main.py
[2026-03-05T22:48:50.260+0000] {processor.py:840} INFO - DAG(s) 'update_db', 'data_quality', 'produce_json' retrieved from /opt/airflow/dags/main.py
[2026-03-05T22:48:50.327+0000] {logging_mixin.py:188} INFO - [2026-03-05T22:48:50.327+0000] {dag.py:3096} INFO - Sync 3 DAGs
[2026-03-05T22:48:50.369+0000] {logging_mixin.py:188} INFO - [2026-03-05T22:48:50.368+0000] {dag.py:3954} INFO - Setting next_dagrun for data_quality to None, run_after=None
[2026-03-05T22:48:50.383+0000] {logging_mixin.py:188} INFO - [2026-03-05T22:48:50.383+0000] {dag.py:3954} INFO - Setting next_dagrun for produce_json to 2026-03-05 14:00:00+00:00, run_after=2026-03-06 14:00:00+00:00
[2026-03-05T22:48:50.389+0000] {logging_mixin.py:188} INFO - [2026-03-05T22:48:50.388+0000] {dag.py:3954} INFO - Setting next_dagrun for update_db to None, run_after=None
[2026-03-05T22:48:50.426+0000] {processor.py:183} INFO - Processing /opt/airflow/dags/main.py took 0.287 seconds
[2026-03-05T22:49:21.100+0000] {processor.py:161} INFO - Started process (PID=788) to work on /opt/airflow/dags/main.py
[2026-03-05T22:49:21.103+0000] {processor.py:830} INFO - Processing file /opt/airflow/dags/main.py for tasks to queue
[2026-03-05T22:49:21.107+0000] {logging_mixin.py:188} INFO - [2026-03-05T22:49:21.106+0000] {dagbag.py:545} INFO - Filling up the DagBag from /opt/airflow/dags/main.py
[2026-03-05T22:49:21.199+0000] {processor.py:840} INFO - DAG(s) 'produce_json', 'data_quality', 'update_db' retrieved from /opt/airflow/dags/main.py
[2026-03-05T22:49:21.290+0000] {logging_mixin.py:188} INFO - [2026-03-05T22:49:21.289+0000] {dag.py:3096} INFO - Sync 3 DAGs
[2026-03-05T22:49:21.335+0000] {logging_mixin.py:188} INFO - [2026-03-05T22:49:21.335+0000] {dag.py:3954} INFO - Setting next_dagrun for data_quality to None, run_after=None
[2026-03-05T22:49:21.351+0000] {logging_mixin.py:188} INFO - [2026-03-05T22:49:21.351+0000] {dag.py:3954} INFO - Setting next_dagrun for produce_json to 2026-03-05 14:00:00+00:00, run_after=2026-03-06 14:00:00+00:00
[2026-03-05T22:49:21.354+0000] {logging_mixin.py:188} INFO - [2026-03-05T22:49:21.354+0000] {dag.py:3954} INFO - Setting next_dagrun for update_db to None, run_after=None
[2026-03-05T22:49:21.386+0000] {processor.py:183} INFO - Processing /opt/airflow/dags/main.py took 0.302 seconds
[2026-03-05T22:49:52.097+0000] {processor.py:161} INFO - Started process (PID=795) to work on /opt/airflow/dags/main.py
[2026-03-05T22:49:52.100+0000] {processor.py:830} INFO - Processing file /opt/airflow/dags/main.py for tasks to queue
[2026-03-05T22:49:52.105+0000] {logging_mixin.py:188} INFO - [2026-03-05T22:49:52.104+0000] {dagbag.py:545} INFO - Filling up the DagBag from /opt/airflow/dags/main.py
[2026-03-05T22:49:52.223+0000] {processor.py:840} INFO - DAG(s) 'produce_json', 'update_db', 'data_quality' retrieved from /opt/airflow/dags/main.py
[2026-03-05T22:49:52.294+0000] {logging_mixin.py:188} INFO - [2026-03-05T22:49:52.293+0000] {dag.py:3096} INFO - Sync 3 DAGs
[2026-03-05T22:49:52.339+0000] {logging_mixin.py:188} INFO - [2026-03-05T22:49:52.339+0000] {dag.py:3954} INFO - Setting next_dagrun for data_quality to None, run_after=None
[2026-03-05T22:49:52.360+0000] {logging_mixin.py:188} INFO - [2026-03-05T22:49:52.358+0000] {dag.py:3954} INFO - Setting next_dagrun for produce_json to 2026-03-05 14:00:00+00:00, run_after=2026-03-06 14:00:00+00:00
[2026-03-05T22:49:52.365+0000] {logging_mixin.py:188} INFO - [2026-03-05T22:49:52.364+0000] {dag.py:3954} INFO - Setting next_dagrun for update_db to None, run_after=None
[2026-03-05T22:49:52.411+0000] {processor.py:183} INFO - Processing /opt/airflow/dags/main.py took 0.332 seconds
[2026-03-05T22:50:23.410+0000] {processor.py:161} INFO - Started process (PID=803) to work on /opt/airflow/dags/main.py
[2026-03-05T22:50:23.412+0000] {processor.py:830} INFO - Processing file /opt/airflow/dags/main.py for tasks to queue
[2026-03-05T22:50:23.415+0000] {logging_mixin.py:188} INFO - [2026-03-05T22:50:23.414+0000] {dagbag.py:545} INFO - Filling up the DagBag from /opt/airflow/dags/main.py
[2026-03-05T22:50:23.568+0000] {processor.py:840} INFO - DAG(s) 'produce_json', 'data_quality', 'update_db' retrieved from /opt/airflow/dags/main.py
[2026-03-05T22:50:23.642+0000] {logging_mixin.py:188} INFO - [2026-03-05T22:50:23.641+0000] {dag.py:3096} INFO - Sync 3 DAGs
[2026-03-05T22:50:23.697+0000] {logging_mixin.py:188} INFO - [2026-03-05T22:50:23.697+0000] {dag.py:3954} INFO - Setting next_dagrun for data_quality to None, run_after=None
[2026-03-05T22:50:23.706+0000] {logging_mixin.py:188} INFO - [2026-03-05T22:50:23.706+0000] {dag.py:3954} INFO - Setting next_dagrun for produce_json to 2026-03-05 14:00:00+00:00, run_after=2026-03-06 14:00:00+00:00
[2026-03-05T22:50:23.710+0000] {logging_mixin.py:188} INFO - [2026-03-05T22:50:23.709+0000] {dag.py:3954} INFO - Setting next_dagrun for update_db to None, run_after=None
[2026-03-05T22:50:23.746+0000] {processor.py:183} INFO - Processing /opt/airflow/dags/main.py took 0.348 seconds
[2026-03-05T22:50:53.995+0000] {processor.py:161} INFO - Started process (PID=810) to work on /opt/airflow/dags/main.py
[2026-03-05T22:50:53.999+0000] {processor.py:830} INFO - Processing file /opt/airflow/dags/main.py for tasks to queue
[2026-03-05T22:50:54.004+0000] {logging_mixin.py:188} INFO - [2026-03-05T22:50:54.003+0000] {dagbag.py:545} INFO - Filling up the DagBag from /opt/airflow/dags/main.py
[2026-03-05T22:50:54.081+0000] {processor.py:840} INFO - DAG(s) 'data_quality', 'update_db', 'produce_json' retrieved from /opt/airflow/dags/main.py
[2026-03-05T22:50:54.156+0000] {logging_mixin.py:188} INFO - [2026-03-05T22:50:54.155+0000] {dag.py:3096} INFO - Sync 3 DAGs
[2026-03-05T22:50:54.192+0000] {logging_mixin.py:188} INFO - [2026-03-05T22:50:54.192+0000] {dag.py:3954} INFO - Setting next_dagrun for data_quality to None, run_after=None
[2026-03-05T22:50:54.203+0000] {logging_mixin.py:188} INFO - [2026-03-05T22:50:54.202+0000] {dag.py:3954} INFO - Setting next_dagrun for produce_json to 2026-03-05 14:00:00+00:00, run_after=2026-03-06 14:00:00+00:00
[2026-03-05T22:50:54.207+0000] {logging_mixin.py:188} INFO - [2026-03-05T22:50:54.206+0000] {dag.py:3954} INFO - Setting next_dagrun for update_db to None, run_after=None
[2026-03-05T22:50:54.253+0000] {processor.py:183} INFO - Processing /opt/airflow/dags/main.py took 0.271 seconds
[2026-03-05T22:51:24.400+0000] {processor.py:161} INFO - Started process (PID=818) to work on /opt/airflow/dags/main.py
[2026-03-05T22:51:24.404+0000] {processor.py:830} INFO - Processing file /opt/airflow/dags/main.py for tasks to queue
[2026-03-05T22:51:24.409+0000] {logging_mixin.py:188} INFO - [2026-03-05T22:51:24.409+0000] {dagbag.py:545} INFO - Filling up the DagBag from /opt/airflow/dags/main.py
[2026-03-05T22:51:24.486+0000] {processor.py:840} INFO - DAG(s) 'produce_json', 'data_quality', 'update_db' retrieved from /opt/airflow/dags/main.py
[2026-03-05T22:51:24.563+0000] {logging_mixin.py:188} INFO - [2026-03-05T22:51:24.563+0000] {dag.py:3096} INFO - Sync 3 DAGs
[2026-03-05T22:51:24.604+0000] {logging_mixin.py:188} INFO - [2026-03-05T22:51:24.603+0000] {dag.py:3954} INFO - Setting next_dagrun for data_quality to None, run_after=None
[2026-03-05T22:51:24.621+0000] {logging_mixin.py:188} INFO - [2026-03-05T22:51:24.621+0000] {dag.py:3954} INFO - Setting next_dagrun for produce_json to 2026-03-05 14:00:00+00:00, run_after=2026-03-06 14:00:00+00:00
[2026-03-05T22:51:24.628+0000] {logging_mixin.py:188} INFO - [2026-03-05T22:51:24.628+0000] {dag.py:3954} INFO - Setting next_dagrun for update_db to None, run_after=None
[2026-03-05T22:51:24.661+0000] {processor.py:183} INFO - Processing /opt/airflow/dags/main.py took 0.278 seconds
[2026-03-05T22:51:55.041+0000] {processor.py:161} INFO - Started process (PID=825) to work on /opt/airflow/dags/main.py
[2026-03-05T22:51:55.044+0000] {processor.py:830} INFO - Processing file /opt/airflow/dags/main.py for tasks to queue
[2026-03-05T22:51:55.049+0000] {logging_mixin.py:188} INFO - [2026-03-05T22:51:55.048+0000] {dagbag.py:545} INFO - Filling up the DagBag from /opt/airflow/dags/main.py
[2026-03-05T22:51:55.219+0000] {processor.py:840} INFO - DAG(s) 'update_db', 'data_quality', 'produce_json' retrieved from /opt/airflow/dags/main.py
[2026-03-05T22:51:55.298+0000] {logging_mixin.py:188} INFO - [2026-03-05T22:51:55.298+0000] {dag.py:3096} INFO - Sync 3 DAGs
[2026-03-05T22:51:55.344+0000] {logging_mixin.py:188} INFO - [2026-03-05T22:51:55.344+0000] {dag.py:3954} INFO - Setting next_dagrun for data_quality to None, run_after=None
[2026-03-05T22:51:55.367+0000] {logging_mixin.py:188} INFO - [2026-03-05T22:51:55.366+0000] {dag.py:3954} INFO - Setting next_dagrun for produce_json to 2026-03-05 14:00:00+00:00, run_after=2026-03-06 14:00:00+00:00
[2026-03-05T22:51:55.380+0000] {logging_mixin.py:188} INFO - [2026-03-05T22:51:55.379+0000] {dag.py:3954} INFO - Setting next_dagrun for update_db to None, run_after=None
[2026-03-05T22:51:55.409+0000] {processor.py:183} INFO - Processing /opt/airflow/dags/main.py took 0.382 seconds
[2026-03-05T22:52:26.194+0000] {processor.py:161} INFO - Started process (PID=833) to work on /opt/airflow/dags/main.py
[2026-03-05T22:52:26.197+0000] {processor.py:830} INFO - Processing file /opt/airflow/dags/main.py for tasks to queue
[2026-03-05T22:52:26.200+0000] {logging_mixin.py:188} INFO - [2026-03-05T22:52:26.200+0000] {dagbag.py:545} INFO - Filling up the DagBag from /opt/airflow/dags/main.py
[2026-03-05T22:52:26.279+0000] {processor.py:840} INFO - DAG(s) 'data_quality', 'update_db', 'produce_json' retrieved from /opt/airflow/dags/main.py
[2026-03-05T22:52:26.353+0000] {logging_mixin.py:188} INFO - [2026-03-05T22:52:26.353+0000] {dag.py:3096} INFO - Sync 3 DAGs
[2026-03-05T22:52:26.394+0000] {logging_mixin.py:188} INFO - [2026-03-05T22:52:26.394+0000] {dag.py:3954} INFO - Setting next_dagrun for data_quality to None, run_after=None
[2026-03-05T22:52:26.409+0000] {logging_mixin.py:188} INFO - [2026-03-05T22:52:26.408+0000] {dag.py:3954} INFO - Setting next_dagrun for produce_json to 2026-03-05 14:00:00+00:00, run_after=2026-03-06 14:00:00+00:00
[2026-03-05T22:52:26.413+0000] {logging_mixin.py:188} INFO - [2026-03-05T22:52:26.412+0000] {dag.py:3954} INFO - Setting next_dagrun for update_db to None, run_after=None
[2026-03-05T22:52:26.467+0000] {processor.py:183} INFO - Processing /opt/airflow/dags/main.py took 0.295 seconds
[2026-03-05T22:52:56.645+0000] {processor.py:161} INFO - Started process (PID=840) to work on /opt/airflow/dags/main.py
[2026-03-05T22:52:56.649+0000] {processor.py:830} INFO - Processing file /opt/airflow/dags/main.py for tasks to queue
[2026-03-05T22:52:56.656+0000] {logging_mixin.py:188} INFO - [2026-03-05T22:52:56.655+0000] {dagbag.py:545} INFO - Filling up the DagBag from /opt/airflow/dags/main.py
[2026-03-05T22:52:56.829+0000] {processor.py:840} INFO - DAG(s) 'produce_json', 'update_db', 'data_quality' retrieved from /opt/airflow/dags/main.py
[2026-03-05T22:52:56.949+0000] {logging_mixin.py:188} INFO - [2026-03-05T22:52:56.949+0000] {dag.py:3096} INFO - Sync 3 DAGs
[2026-03-05T22:52:57.033+0000] {logging_mixin.py:188} INFO - [2026-03-05T22:52:57.033+0000] {dag.py:3954} INFO - Setting next_dagrun for data_quality to None, run_after=None
[2026-03-05T22:52:57.059+0000] {logging_mixin.py:188} INFO - [2026-03-05T22:52:57.058+0000] {dag.py:3954} INFO - Setting next_dagrun for produce_json to 2026-03-05 14:00:00+00:00, run_after=2026-03-06 14:00:00+00:00
[2026-03-05T22:52:57.066+0000] {logging_mixin.py:188} INFO - [2026-03-05T22:52:57.065+0000] {dag.py:3954} INFO - Setting next_dagrun for update_db to None, run_after=None
[2026-03-05T22:52:57.116+0000] {processor.py:183} INFO - Processing /opt/airflow/dags/main.py took 0.493 seconds
[2026-03-05T22:53:27.356+0000] {processor.py:161} INFO - Started process (PID=847) to work on /opt/airflow/dags/main.py
[2026-03-05T22:53:27.364+0000] {processor.py:830} INFO - Processing file /opt/airflow/dags/main.py for tasks to queue
[2026-03-05T22:53:27.376+0000] {logging_mixin.py:188} INFO - [2026-03-05T22:53:27.375+0000] {dagbag.py:545} INFO - Filling up the DagBag from /opt/airflow/dags/main.py
[2026-03-05T22:53:27.464+0000] {processor.py:840} INFO - DAG(s) 'update_db', 'produce_json', 'data_quality' retrieved from /opt/airflow/dags/main.py
[2026-03-05T22:53:27.563+0000] {logging_mixin.py:188} INFO - [2026-03-05T22:53:27.563+0000] {dag.py:3096} INFO - Sync 3 DAGs
[2026-03-05T22:53:27.617+0000] {logging_mixin.py:188} INFO - [2026-03-05T22:53:27.617+0000] {dag.py:3954} INFO - Setting next_dagrun for data_quality to None, run_after=None
[2026-03-05T22:53:27.628+0000] {logging_mixin.py:188} INFO - [2026-03-05T22:53:27.628+0000] {dag.py:3954} INFO - Setting next_dagrun for produce_json to 2026-03-05 14:00:00+00:00, run_after=2026-03-06 14:00:00+00:00
[2026-03-05T22:53:27.633+0000] {logging_mixin.py:188} INFO - [2026-03-05T22:53:27.632+0000] {dag.py:3954} INFO - Setting next_dagrun for update_db to None, run_after=None
[2026-03-05T22:53:27.681+0000] {processor.py:183} INFO - Processing /opt/airflow/dags/main.py took 0.344 seconds
[2026-03-05T22:53:58.174+0000] {processor.py:161} INFO - Started process (PID=854) to work on /opt/airflow/dags/main.py
[2026-03-05T22:53:58.182+0000] {processor.py:830} INFO - Processing file /opt/airflow/dags/main.py for tasks to queue
[2026-03-05T22:53:58.197+0000] {logging_mixin.py:188} INFO - [2026-03-05T22:53:58.192+0000] {dagbag.py:545} INFO - Filling up the DagBag from /opt/airflow/dags/main.py
[2026-03-05T22:53:58.289+0000] {processor.py:840} INFO - DAG(s) 'produce_json', 'data_quality', 'update_db' retrieved from /opt/airflow/dags/main.py
[2026-03-05T22:53:58.379+0000] {logging_mixin.py:188} INFO - [2026-03-05T22:53:58.379+0000] {dag.py:3096} INFO - Sync 3 DAGs
[2026-03-05T22:53:58.423+0000] {logging_mixin.py:188} INFO - [2026-03-05T22:53:58.423+0000] {dag.py:3954} INFO - Setting next_dagrun for data_quality to None, run_after=None
[2026-03-05T22:53:58.447+0000] {logging_mixin.py:188} INFO - [2026-03-05T22:53:58.447+0000] {dag.py:3954} INFO - Setting next_dagrun for produce_json to 2026-03-05 14:00:00+00:00, run_after=2026-03-06 14:00:00+00:00
[2026-03-05T22:53:58.451+0000] {logging_mixin.py:188} INFO - [2026-03-05T22:53:58.451+0000] {dag.py:3954} INFO - Setting next_dagrun for update_db to None, run_after=None
[2026-03-05T22:53:58.511+0000] {processor.py:183} INFO - Processing /opt/airflow/dags/main.py took 0.349 seconds
[2026-03-05T22:54:29.003+0000] {processor.py:161} INFO - Started process (PID=861) to work on /opt/airflow/dags/main.py
[2026-03-05T22:54:29.006+0000] {processor.py:830} INFO - Processing file /opt/airflow/dags/main.py for tasks to queue
[2026-03-05T22:54:29.012+0000] {logging_mixin.py:188} INFO - [2026-03-05T22:54:29.012+0000] {dagbag.py:545} INFO - Filling up the DagBag from /opt/airflow/dags/main.py
[2026-03-05T22:54:29.087+0000] {processor.py:840} INFO - DAG(s) 'update_db', 'data_quality', 'produce_json' retrieved from /opt/airflow/dags/main.py
[2026-03-05T22:54:29.222+0000] {logging_mixin.py:188} INFO - [2026-03-05T22:54:29.221+0000] {dag.py:3096} INFO - Sync 3 DAGs
[2026-03-05T22:54:29.306+0000] {logging_mixin.py:188} INFO - [2026-03-05T22:54:29.306+0000] {dag.py:3954} INFO - Setting next_dagrun for data_quality to None, run_after=None
[2026-03-05T22:54:29.320+0000] {logging_mixin.py:188} INFO - [2026-03-05T22:54:29.319+0000] {dag.py:3954} INFO - Setting next_dagrun for produce_json to 2026-03-05 14:00:00+00:00, run_after=2026-03-06 14:00:00+00:00
[2026-03-05T22:54:29.322+0000] {logging_mixin.py:188} INFO - [2026-03-05T22:54:29.322+0000] {dag.py:3954} INFO - Setting next_dagrun for update_db to None, run_after=None
[2026-03-05T22:54:29.357+0000] {processor.py:183} INFO - Processing /opt/airflow/dags/main.py took 0.367 seconds
[2026-03-05T22:55:00.203+0000] {processor.py:161} INFO - Started process (PID=868) to work on /opt/airflow/dags/main.py
[2026-03-05T22:55:00.206+0000] {processor.py:830} INFO - Processing file /opt/airflow/dags/main.py for tasks to queue
[2026-03-05T22:55:00.211+0000] {logging_mixin.py:188} INFO - [2026-03-05T22:55:00.210+0000] {dagbag.py:545} INFO - Filling up the DagBag from /opt/airflow/dags/main.py
[2026-03-05T22:55:00.287+0000] {processor.py:840} INFO - DAG(s) 'data_quality', 'update_db', 'produce_json' retrieved from /opt/airflow/dags/main.py
[2026-03-05T22:55:00.371+0000] {logging_mixin.py:188} INFO - [2026-03-05T22:55:00.370+0000] {dag.py:3096} INFO - Sync 3 DAGs
[2026-03-05T22:55:00.416+0000] {logging_mixin.py:188} INFO - [2026-03-05T22:55:00.415+0000] {dag.py:3954} INFO - Setting next_dagrun for data_quality to None, run_after=None
[2026-03-05T22:55:00.434+0000] {logging_mixin.py:188} INFO - [2026-03-05T22:55:00.434+0000] {dag.py:3954} INFO - Setting next_dagrun for produce_json to 2026-03-05 14:00:00+00:00, run_after=2026-03-06 14:00:00+00:00
[2026-03-05T22:55:00.436+0000] {logging_mixin.py:188} INFO - [2026-03-05T22:55:00.436+0000] {dag.py:3954} INFO - Setting next_dagrun for update_db to None, run_after=None
[2026-03-05T22:55:00.483+0000] {processor.py:183} INFO - Processing /opt/airflow/dags/main.py took 0.295 seconds
[2026-03-05T22:55:31.002+0000] {processor.py:161} INFO - Started process (PID=875) to work on /opt/airflow/dags/main.py
[2026-03-05T22:55:31.005+0000] {processor.py:830} INFO - Processing file /opt/airflow/dags/main.py for tasks to queue
[2026-03-05T22:55:31.009+0000] {logging_mixin.py:188} INFO - [2026-03-05T22:55:31.008+0000] {dagbag.py:545} INFO - Filling up the DagBag from /opt/airflow/dags/main.py
[2026-03-05T22:55:31.098+0000] {processor.py:840} INFO - DAG(s) 'update_db', 'data_quality', 'produce_json' retrieved from /opt/airflow/dags/main.py
[2026-03-05T22:55:31.177+0000] {logging_mixin.py:188} INFO - [2026-03-05T22:55:31.176+0000] {dag.py:3096} INFO - Sync 3 DAGs
[2026-03-05T22:55:31.224+0000] {logging_mixin.py:188} INFO - [2026-03-05T22:55:31.223+0000] {dag.py:3954} INFO - Setting next_dagrun for data_quality to None, run_after=None
[2026-03-05T22:55:31.235+0000] {logging_mixin.py:188} INFO - [2026-03-05T22:55:31.235+0000] {dag.py:3954} INFO - Setting next_dagrun for produce_json to 2026-03-05 14:00:00+00:00, run_after=2026-03-06 14:00:00+00:00
[2026-03-05T22:55:31.239+0000] {logging_mixin.py:188} INFO - [2026-03-05T22:55:31.239+0000] {dag.py:3954} INFO - Setting next_dagrun for update_db to None, run_after=None
[2026-03-05T22:55:31.284+0000] {processor.py:183} INFO - Processing /opt/airflow/dags/main.py took 0.298 seconds
[2026-03-05T22:56:01.530+0000] {processor.py:161} INFO - Started process (PID=882) to work on /opt/airflow/dags/main.py
[2026-03-05T22:56:01.537+0000] {processor.py:830} INFO - Processing file /opt/airflow/dags/main.py for tasks to queue
[2026-03-05T22:56:01.539+0000] {logging_mixin.py:188} INFO - [2026-03-05T22:56:01.539+0000] {dagbag.py:545} INFO - Filling up the DagBag from /opt/airflow/dags/main.py
[2026-03-05T22:56:01.612+0000] {processor.py:840} INFO - DAG(s) 'update_db', 'data_quality', 'produce_json' retrieved from /opt/airflow/dags/main.py
[2026-03-05T22:56:01.687+0000] {logging_mixin.py:188} INFO - [2026-03-05T22:56:01.686+0000] {dag.py:3096} INFO - Sync 3 DAGs
[2026-03-05T22:56:01.724+0000] {logging_mixin.py:188} INFO - [2026-03-05T22:56:01.723+0000] {dag.py:3954} INFO - Setting next_dagrun for data_quality to None, run_after=None
[2026-03-05T22:56:01.734+0000] {logging_mixin.py:188} INFO - [2026-03-05T22:56:01.733+0000] {dag.py:3954} INFO - Setting next_dagrun for produce_json to 2026-03-05 14:00:00+00:00, run_after=2026-03-06 14:00:00+00:00
[2026-03-05T22:56:01.736+0000] {logging_mixin.py:188} INFO - [2026-03-05T22:56:01.736+0000] {dag.py:3954} INFO - Setting next_dagrun for update_db to None, run_after=None
[2026-03-05T22:56:01.763+0000] {processor.py:183} INFO - Processing /opt/airflow/dags/main.py took 0.246 seconds
[2026-03-05T22:56:33.583+0000] {processor.py:161} INFO - Started process (PID=889) to work on /opt/airflow/dags/main.py
[2026-03-05T22:56:33.652+0000] {processor.py:830} INFO - Processing file /opt/airflow/dags/main.py for tasks to queue
[2026-03-05T22:56:33.656+0000] {logging_mixin.py:188} INFO - [2026-03-05T22:56:33.656+0000] {dagbag.py:545} INFO - Filling up the DagBag from /opt/airflow/dags/main.py
[2026-03-05T22:56:33.809+0000] {processor.py:840} INFO - DAG(s) 'update_db', 'data_quality', 'produce_json' retrieved from /opt/airflow/dags/main.py
[2026-03-05T22:56:33.917+0000] {logging_mixin.py:188} INFO - [2026-03-05T22:56:33.917+0000] {dag.py:3096} INFO - Sync 3 DAGs
[2026-03-05T22:56:34.056+0000] {logging_mixin.py:188} INFO - [2026-03-05T22:56:34.055+0000] {dag.py:3954} INFO - Setting next_dagrun for data_quality to None, run_after=None
[2026-03-05T22:56:34.104+0000] {logging_mixin.py:188} INFO - [2026-03-05T22:56:34.103+0000] {dag.py:3954} INFO - Setting next_dagrun for produce_json to 2026-03-05 14:00:00+00:00, run_after=2026-03-06 14:00:00+00:00
[2026-03-05T22:56:34.107+0000] {logging_mixin.py:188} INFO - [2026-03-05T22:56:34.107+0000] {dag.py:3954} INFO - Setting next_dagrun for update_db to None, run_after=None
[2026-03-05T22:56:34.178+0000] {processor.py:183} INFO - Processing /opt/airflow/dags/main.py took 0.637 seconds
[2026-03-05T22:57:06.086+0000] {processor.py:161} INFO - Started process (PID=896) to work on /opt/airflow/dags/main.py
[2026-03-05T22:57:06.098+0000] {processor.py:830} INFO - Processing file /opt/airflow/dags/main.py for tasks to queue
[2026-03-05T22:57:06.171+0000] {logging_mixin.py:188} INFO - [2026-03-05T22:57:06.170+0000] {dagbag.py:545} INFO - Filling up the DagBag from /opt/airflow/dags/main.py
[2026-03-05T22:57:06.594+0000] {processor.py:840} INFO - DAG(s) 'produce_json', 'update_db', 'data_quality' retrieved from /opt/airflow/dags/main.py
[2026-03-05T22:57:07.396+0000] {logging_mixin.py:188} INFO - [2026-03-05T22:57:07.392+0000] {dag.py:3096} INFO - Sync 3 DAGs
[2026-03-05T22:57:07.484+0000] {logging_mixin.py:188} INFO - [2026-03-05T22:57:07.484+0000] {dag.py:3954} INFO - Setting next_dagrun for data_quality to None, run_after=None
[2026-03-05T22:57:07.492+0000] {logging_mixin.py:188} INFO - [2026-03-05T22:57:07.492+0000] {dag.py:3954} INFO - Setting next_dagrun for produce_json to 2026-03-05 14:00:00+00:00, run_after=2026-03-06 14:00:00+00:00
[2026-03-05T22:57:07.495+0000] {logging_mixin.py:188} INFO - [2026-03-05T22:57:07.494+0000] {dag.py:3954} INFO - Setting next_dagrun for update_db to None, run_after=None
[2026-03-05T22:57:07.798+0000] {processor.py:183} INFO - Processing /opt/airflow/dags/main.py took 1.869 seconds
[2026-03-05T22:57:38.413+0000] {processor.py:161} INFO - Started process (PID=903) to work on /opt/airflow/dags/main.py
[2026-03-05T22:57:38.417+0000] {processor.py:830} INFO - Processing file /opt/airflow/dags/main.py for tasks to queue
[2026-03-05T22:57:38.422+0000] {logging_mixin.py:188} INFO - [2026-03-05T22:57:38.421+0000] {dagbag.py:545} INFO - Filling up the DagBag from /opt/airflow/dags/main.py
[2026-03-05T22:57:38.490+0000] {processor.py:840} INFO - DAG(s) 'data_quality', 'update_db', 'produce_json' retrieved from /opt/airflow/dags/main.py
[2026-03-05T22:57:38.551+0000] {logging_mixin.py:188} INFO - [2026-03-05T22:57:38.550+0000] {dag.py:3096} INFO - Sync 3 DAGs
[2026-03-05T22:57:38.595+0000] {logging_mixin.py:188} INFO - [2026-03-05T22:57:38.594+0000] {dag.py:3954} INFO - Setting next_dagrun for data_quality to None, run_after=None
[2026-03-05T22:57:38.610+0000] {logging_mixin.py:188} INFO - [2026-03-05T22:57:38.610+0000] {dag.py:3954} INFO - Setting next_dagrun for produce_json to 2026-03-05 14:00:00+00:00, run_after=2026-03-06 14:00:00+00:00
[2026-03-05T22:57:38.617+0000] {logging_mixin.py:188} INFO - [2026-03-05T22:57:38.617+0000] {dag.py:3954} INFO - Setting next_dagrun for update_db to None, run_after=None
[2026-03-05T22:57:38.655+0000] {processor.py:183} INFO - Processing /opt/airflow/dags/main.py took 0.254 seconds
[2026-03-05T22:58:08.874+0000] {processor.py:161} INFO - Started process (PID=911) to work on /opt/airflow/dags/main.py
[2026-03-05T22:58:08.878+0000] {processor.py:830} INFO - Processing file /opt/airflow/dags/main.py for tasks to queue
[2026-03-05T22:58:08.881+0000] {logging_mixin.py:188} INFO - [2026-03-05T22:58:08.880+0000] {dagbag.py:545} INFO - Filling up the DagBag from /opt/airflow/dags/main.py
[2026-03-05T22:58:08.969+0000] {processor.py:840} INFO - DAG(s) 'update_db', 'data_quality', 'produce_json' retrieved from /opt/airflow/dags/main.py
[2026-03-05T22:58:09.034+0000] {logging_mixin.py:188} INFO - [2026-03-05T22:58:09.033+0000] {dag.py:3096} INFO - Sync 3 DAGs
[2026-03-05T22:58:09.072+0000] {logging_mixin.py:188} INFO - [2026-03-05T22:58:09.072+0000] {dag.py:3954} INFO - Setting next_dagrun for data_quality to None, run_after=None
[2026-03-05T22:58:09.083+0000] {logging_mixin.py:188} INFO - [2026-03-05T22:58:09.083+0000] {dag.py:3954} INFO - Setting next_dagrun for produce_json to 2026-03-05 14:00:00+00:00, run_after=2026-03-06 14:00:00+00:00
[2026-03-05T22:58:09.087+0000] {logging_mixin.py:188} INFO - [2026-03-05T22:58:09.087+0000] {dag.py:3954} INFO - Setting next_dagrun for update_db to None, run_after=None
[2026-03-05T22:58:09.130+0000] {processor.py:183} INFO - Processing /opt/airflow/dags/main.py took 0.267 seconds
[2026-03-05T22:58:40.033+0000] {processor.py:161} INFO - Started process (PID=918) to work on /opt/airflow/dags/main.py
[2026-03-05T22:58:40.036+0000] {processor.py:830} INFO - Processing file /opt/airflow/dags/main.py for tasks to queue
[2026-03-05T22:58:40.065+0000] {logging_mixin.py:188} INFO - [2026-03-05T22:58:40.059+0000] {dagbag.py:545} INFO - Filling up the DagBag from /opt/airflow/dags/main.py
[2026-03-05T22:58:40.154+0000] {processor.py:840} INFO - DAG(s) 'update_db', 'produce_json', 'data_quality' retrieved from /opt/airflow/dags/main.py
[2026-03-05T22:58:40.230+0000] {logging_mixin.py:188} INFO - [2026-03-05T22:58:40.230+0000] {dag.py:3096} INFO - Sync 3 DAGs
[2026-03-05T22:58:40.274+0000] {logging_mixin.py:188} INFO - [2026-03-05T22:58:40.274+0000] {dag.py:3954} INFO - Setting next_dagrun for data_quality to None, run_after=None
[2026-03-05T22:58:40.285+0000] {logging_mixin.py:188} INFO - [2026-03-05T22:58:40.285+0000] {dag.py:3954} INFO - Setting next_dagrun for produce_json to 2026-03-05 14:00:00+00:00, run_after=2026-03-06 14:00:00+00:00
[2026-03-05T22:58:40.289+0000] {logging_mixin.py:188} INFO - [2026-03-05T22:58:40.288+0000] {dag.py:3954} INFO - Setting next_dagrun for update_db to None, run_after=None
[2026-03-05T22:58:40.347+0000] {processor.py:183} INFO - Processing /opt/airflow/dags/main.py took 0.344 seconds
[2026-03-05T22:59:11.352+0000] {processor.py:161} INFO - Started process (PID=926) to work on /opt/airflow/dags/main.py
[2026-03-05T22:59:11.373+0000] {processor.py:830} INFO - Processing file /opt/airflow/dags/main.py for tasks to queue
[2026-03-05T22:59:11.384+0000] {logging_mixin.py:188} INFO - [2026-03-05T22:59:11.383+0000] {dagbag.py:545} INFO - Filling up the DagBag from /opt/airflow/dags/main.py
[2026-03-05T22:59:11.466+0000] {processor.py:840} INFO - DAG(s) 'produce_json', 'data_quality', 'update_db' retrieved from /opt/airflow/dags/main.py
[2026-03-05T22:59:11.552+0000] {logging_mixin.py:188} INFO - [2026-03-05T22:59:11.551+0000] {dag.py:3096} INFO - Sync 3 DAGs
[2026-03-05T22:59:11.588+0000] {logging_mixin.py:188} INFO - [2026-03-05T22:59:11.588+0000] {dag.py:3954} INFO - Setting next_dagrun for data_quality to None, run_after=None
[2026-03-05T22:59:11.598+0000] {logging_mixin.py:188} INFO - [2026-03-05T22:59:11.598+0000] {dag.py:3954} INFO - Setting next_dagrun for produce_json to 2026-03-05 14:00:00+00:00, run_after=2026-03-06 14:00:00+00:00
[2026-03-05T22:59:11.605+0000] {logging_mixin.py:188} INFO - [2026-03-05T22:59:11.604+0000] {dag.py:3954} INFO - Setting next_dagrun for update_db to None, run_after=None
[2026-03-05T22:59:11.655+0000] {processor.py:183} INFO - Processing /opt/airflow/dags/main.py took 0.330 seconds
[2026-03-05T22:59:41.795+0000] {processor.py:161} INFO - Started process (PID=932) to work on /opt/airflow/dags/main.py
[2026-03-05T22:59:41.798+0000] {processor.py:830} INFO - Processing file /opt/airflow/dags/main.py for tasks to queue
[2026-03-05T22:59:41.809+0000] {logging_mixin.py:188} INFO - [2026-03-05T22:59:41.809+0000] {dagbag.py:545} INFO - Filling up the DagBag from /opt/airflow/dags/main.py
[2026-03-05T22:59:41.906+0000] {processor.py:840} INFO - DAG(s) 'data_quality', 'produce_json', 'update_db' retrieved from /opt/airflow/dags/main.py
[2026-03-05T22:59:41.966+0000] {logging_mixin.py:188} INFO - [2026-03-05T22:59:41.966+0000] {dag.py:3096} INFO - Sync 3 DAGs
[2026-03-05T22:59:42.004+0000] {logging_mixin.py:188} INFO - [2026-03-05T22:59:42.003+0000] {dag.py:3954} INFO - Setting next_dagrun for data_quality to None, run_after=None
[2026-03-05T22:59:42.014+0000] {logging_mixin.py:188} INFO - [2026-03-05T22:59:42.014+0000] {dag.py:3954} INFO - Setting next_dagrun for produce_json to 2026-03-05 14:00:00+00:00, run_after=2026-03-06 14:00:00+00:00
[2026-03-05T22:59:42.017+0000] {logging_mixin.py:188} INFO - [2026-03-05T22:59:42.017+0000] {dag.py:3954} INFO - Setting next_dagrun for update_db to None, run_after=None
[2026-03-05T22:59:42.045+0000] {processor.py:183} INFO - Processing /opt/airflow/dags/main.py took 0.263 seconds
[2026-03-05T23:00:12.266+0000] {processor.py:161} INFO - Started process (PID=940) to work on /opt/airflow/dags/main.py
[2026-03-05T23:00:12.270+0000] {processor.py:830} INFO - Processing file /opt/airflow/dags/main.py for tasks to queue
[2026-03-05T23:00:12.274+0000] {logging_mixin.py:188} INFO - [2026-03-05T23:00:12.274+0000] {dagbag.py:545} INFO - Filling up the DagBag from /opt/airflow/dags/main.py
[2026-03-05T23:00:12.352+0000] {processor.py:840} INFO - DAG(s) 'update_db', 'data_quality', 'produce_json' retrieved from /opt/airflow/dags/main.py
[2026-03-05T23:00:12.425+0000] {logging_mixin.py:188} INFO - [2026-03-05T23:00:12.425+0000] {dag.py:3096} INFO - Sync 3 DAGs
[2026-03-05T23:00:12.464+0000] {logging_mixin.py:188} INFO - [2026-03-05T23:00:12.464+0000] {dag.py:3954} INFO - Setting next_dagrun for data_quality to None, run_after=None
[2026-03-05T23:00:12.476+0000] {logging_mixin.py:188} INFO - [2026-03-05T23:00:12.475+0000] {dag.py:3954} INFO - Setting next_dagrun for produce_json to 2026-03-05 14:00:00+00:00, run_after=2026-03-06 14:00:00+00:00
[2026-03-05T23:00:12.481+0000] {logging_mixin.py:188} INFO - [2026-03-05T23:00:12.481+0000] {dag.py:3954} INFO - Setting next_dagrun for update_db to None, run_after=None
[2026-03-05T23:00:12.535+0000] {processor.py:183} INFO - Processing /opt/airflow/dags/main.py took 0.284 seconds
[2026-03-05T23:00:42.790+0000] {processor.py:161} INFO - Started process (PID=946) to work on /opt/airflow/dags/main.py
[2026-03-05T23:00:42.793+0000] {processor.py:830} INFO - Processing file /opt/airflow/dags/main.py for tasks to queue
[2026-03-05T23:00:42.798+0000] {logging_mixin.py:188} INFO - [2026-03-05T23:00:42.798+0000] {dagbag.py:545} INFO - Filling up the DagBag from /opt/airflow/dags/main.py
[2026-03-05T23:00:42.887+0000] {processor.py:840} INFO - DAG(s) 'produce_json', 'update_db', 'data_quality' retrieved from /opt/airflow/dags/main.py
[2026-03-05T23:00:42.945+0000] {logging_mixin.py:188} INFO - [2026-03-05T23:00:42.945+0000] {dag.py:3096} INFO - Sync 3 DAGs
[2026-03-05T23:00:42.983+0000] {logging_mixin.py:188} INFO - [2026-03-05T23:00:42.983+0000] {dag.py:3954} INFO - Setting next_dagrun for data_quality to None, run_after=None
[2026-03-05T23:00:42.994+0000] {logging_mixin.py:188} INFO - [2026-03-05T23:00:42.993+0000] {dag.py:3954} INFO - Setting next_dagrun for produce_json to 2026-03-05 14:00:00+00:00, run_after=2026-03-06 14:00:00+00:00
[2026-03-05T23:00:42.997+0000] {logging_mixin.py:188} INFO - [2026-03-05T23:00:42.996+0000] {dag.py:3954} INFO - Setting next_dagrun for update_db to None, run_after=None
[2026-03-05T23:00:43.027+0000] {processor.py:183} INFO - Processing /opt/airflow/dags/main.py took 0.256 seconds
[2026-03-05T23:01:13.805+0000] {processor.py:161} INFO - Started process (PID=953) to work on /opt/airflow/dags/main.py
[2026-03-05T23:01:13.807+0000] {processor.py:830} INFO - Processing file /opt/airflow/dags/main.py for tasks to queue
[2026-03-05T23:01:13.812+0000] {logging_mixin.py:188} INFO - [2026-03-05T23:01:13.811+0000] {dagbag.py:545} INFO - Filling up the DagBag from /opt/airflow/dags/main.py
[2026-03-05T23:01:13.897+0000] {processor.py:840} INFO - DAG(s) 'update_db', 'produce_json', 'data_quality' retrieved from /opt/airflow/dags/main.py
[2026-03-05T23:01:13.972+0000] {logging_mixin.py:188} INFO - [2026-03-05T23:01:13.972+0000] {dag.py:3096} INFO - Sync 3 DAGs
[2026-03-05T23:01:14.019+0000] {logging_mixin.py:188} INFO - [2026-03-05T23:01:14.018+0000] {dag.py:3954} INFO - Setting next_dagrun for data_quality to None, run_after=None
[2026-03-05T23:01:14.041+0000] {logging_mixin.py:188} INFO - [2026-03-05T23:01:14.040+0000] {dag.py:3954} INFO - Setting next_dagrun for produce_json to 2026-03-05 14:00:00+00:00, run_after=2026-03-06 14:00:00+00:00
[2026-03-05T23:01:14.045+0000] {logging_mixin.py:188} INFO - [2026-03-05T23:01:14.044+0000] {dag.py:3954} INFO - Setting next_dagrun for update_db to None, run_after=None
[2026-03-05T23:01:14.095+0000] {processor.py:183} INFO - Processing /opt/airflow/dags/main.py took 0.304 seconds
[2026-03-05T23:01:45.050+0000] {processor.py:161} INFO - Started process (PID=960) to work on /opt/airflow/dags/main.py
[2026-03-05T23:01:45.056+0000] {processor.py:830} INFO - Processing file /opt/airflow/dags/main.py for tasks to queue
[2026-03-05T23:01:45.059+0000] {logging_mixin.py:188} INFO - [2026-03-05T23:01:45.059+0000] {dagbag.py:545} INFO - Filling up the DagBag from /opt/airflow/dags/main.py
[2026-03-05T23:01:45.147+0000] {processor.py:840} INFO - DAG(s) 'produce_json', 'update_db', 'data_quality' retrieved from /opt/airflow/dags/main.py
[2026-03-05T23:01:45.224+0000] {logging_mixin.py:188} INFO - [2026-03-05T23:01:45.224+0000] {dag.py:3096} INFO - Sync 3 DAGs
[2026-03-05T23:01:45.265+0000] {logging_mixin.py:188} INFO - [2026-03-05T23:01:45.264+0000] {dag.py:3954} INFO - Setting next_dagrun for data_quality to None, run_after=None
[2026-03-05T23:01:45.276+0000] {logging_mixin.py:188} INFO - [2026-03-05T23:01:45.275+0000] {dag.py:3954} INFO - Setting next_dagrun for produce_json to 2026-03-05 14:00:00+00:00, run_after=2026-03-06 14:00:00+00:00
[2026-03-05T23:01:45.278+0000] {logging_mixin.py:188} INFO - [2026-03-05T23:01:45.278+0000] {dag.py:3954} INFO - Setting next_dagrun for update_db to None, run_after=None
[2026-03-05T23:01:45.305+0000] {processor.py:183} INFO - Processing /opt/airflow/dags/main.py took 0.268 seconds
[2026-03-05T23:02:15.436+0000] {processor.py:161} INFO - Started process (PID=967) to work on /opt/airflow/dags/main.py
[2026-03-05T23:02:15.443+0000] {processor.py:830} INFO - Processing file /opt/airflow/dags/main.py for tasks to queue
[2026-03-05T23:02:15.450+0000] {logging_mixin.py:188} INFO - [2026-03-05T23:02:15.449+0000] {dagbag.py:545} INFO - Filling up the DagBag from /opt/airflow/dags/main.py
[2026-03-05T23:02:15.756+0000] {processor.py:840} INFO - DAG(s) 'update_db', 'produce_json', 'data_quality' retrieved from /opt/airflow/dags/main.py
[2026-03-05T23:02:15.835+0000] {logging_mixin.py:188} INFO - [2026-03-05T23:02:15.835+0000] {dag.py:3096} INFO - Sync 3 DAGs
[2026-03-05T23:02:15.881+0000] {logging_mixin.py:188} INFO - [2026-03-05T23:02:15.881+0000] {dag.py:3954} INFO - Setting next_dagrun for data_quality to None, run_after=None
[2026-03-05T23:02:15.903+0000] {logging_mixin.py:188} INFO - [2026-03-05T23:02:15.902+0000] {dag.py:3954} INFO - Setting next_dagrun for produce_json to 2026-03-05 14:00:00+00:00, run_after=2026-03-06 14:00:00+00:00
[2026-03-05T23:02:15.906+0000] {logging_mixin.py:188} INFO - [2026-03-05T23:02:15.906+0000] {dag.py:3954} INFO - Setting next_dagrun for update_db to None, run_after=None
[2026-03-05T23:02:15.957+0000] {processor.py:183} INFO - Processing /opt/airflow/dags/main.py took 0.561 seconds
[2026-03-05T23:02:50.825+0000] {processor.py:161} INFO - Started process (PID=974) to work on /opt/airflow/dags/main.py
[2026-03-05T23:02:50.840+0000] {processor.py:830} INFO - Processing file /opt/airflow/dags/main.py for tasks to queue
[2026-03-05T23:02:50.843+0000] {logging_mixin.py:188} INFO - [2026-03-05T23:02:50.843+0000] {dagbag.py:545} INFO - Filling up the DagBag from /opt/airflow/dags/main.py
[2026-03-05T23:02:51.027+0000] {processor.py:840} INFO - DAG(s) 'data_quality', 'produce_json', 'update_db' retrieved from /opt/airflow/dags/main.py
[2026-03-05T23:02:51.234+0000] {logging_mixin.py:188} INFO - [2026-03-05T23:02:51.233+0000] {dag.py:3096} INFO - Sync 3 DAGs
[2026-03-05T23:02:51.323+0000] {logging_mixin.py:188} INFO - [2026-03-05T23:02:51.322+0000] {dag.py:3954} INFO - Setting next_dagrun for data_quality to None, run_after=None
[2026-03-05T23:02:51.340+0000] {logging_mixin.py:188} INFO - [2026-03-05T23:02:51.340+0000] {dag.py:3954} INFO - Setting next_dagrun for produce_json to 2026-03-05 14:00:00+00:00, run_after=2026-03-06 14:00:00+00:00
[2026-03-05T23:02:51.344+0000] {logging_mixin.py:188} INFO - [2026-03-05T23:02:51.343+0000] {dag.py:3954} INFO - Setting next_dagrun for update_db to None, run_after=None
[2026-03-05T23:02:51.382+0000] {processor.py:183} INFO - Processing /opt/airflow/dags/main.py took 0.598 seconds
[2026-03-05T23:03:21.912+0000] {processor.py:161} INFO - Started process (PID=981) to work on /opt/airflow/dags/main.py
[2026-03-05T23:03:21.922+0000] {processor.py:830} INFO - Processing file /opt/airflow/dags/main.py for tasks to queue
[2026-03-05T23:03:21.929+0000] {logging_mixin.py:188} INFO - [2026-03-05T23:03:21.928+0000] {dagbag.py:545} INFO - Filling up the DagBag from /opt/airflow/dags/main.py
[2026-03-05T23:03:22.182+0000] {processor.py:840} INFO - DAG(s) 'update_db', 'data_quality', 'produce_json' retrieved from /opt/airflow/dags/main.py
[2026-03-05T23:03:22.307+0000] {logging_mixin.py:188} INFO - [2026-03-05T23:03:22.306+0000] {dag.py:3096} INFO - Sync 3 DAGs
[2026-03-05T23:03:22.364+0000] {logging_mixin.py:188} INFO - [2026-03-05T23:03:22.364+0000] {dag.py:3954} INFO - Setting next_dagrun for data_quality to None, run_after=None
[2026-03-05T23:03:22.376+0000] {logging_mixin.py:188} INFO - [2026-03-05T23:03:22.376+0000] {dag.py:3954} INFO - Setting next_dagrun for produce_json to 2026-03-05 14:00:00+00:00, run_after=2026-03-06 14:00:00+00:00
[2026-03-05T23:03:22.379+0000] {logging_mixin.py:188} INFO - [2026-03-05T23:03:22.378+0000] {dag.py:3954} INFO - Setting next_dagrun for update_db to None, run_after=None
[2026-03-05T23:03:22.421+0000] {processor.py:183} INFO - Processing /opt/airflow/dags/main.py took 0.569 seconds
[2026-03-05T23:03:53.379+0000] {processor.py:161} INFO - Started process (PID=995) to work on /opt/airflow/dags/main.py
[2026-03-05T23:03:53.382+0000] {processor.py:830} INFO - Processing file /opt/airflow/dags/main.py for tasks to queue
[2026-03-05T23:03:53.385+0000] {logging_mixin.py:188} INFO - [2026-03-05T23:03:53.385+0000] {dagbag.py:545} INFO - Filling up the DagBag from /opt/airflow/dags/main.py
[2026-03-05T23:03:53.471+0000] {processor.py:840} INFO - DAG(s) 'data_quality', 'produce_json', 'update_db' retrieved from /opt/airflow/dags/main.py
[2026-03-05T23:03:53.564+0000] {logging_mixin.py:188} INFO - [2026-03-05T23:03:53.563+0000] {dag.py:3096} INFO - Sync 3 DAGs
[2026-03-05T23:03:53.623+0000] {logging_mixin.py:188} INFO - [2026-03-05T23:03:53.623+0000] {dag.py:3954} INFO - Setting next_dagrun for data_quality to None, run_after=None
[2026-03-05T23:03:53.638+0000] {logging_mixin.py:188} INFO - [2026-03-05T23:03:53.638+0000] {dag.py:3954} INFO - Setting next_dagrun for produce_json to 2026-03-05 14:00:00+00:00, run_after=2026-03-06 14:00:00+00:00
[2026-03-05T23:03:53.641+0000] {logging_mixin.py:188} INFO - [2026-03-05T23:03:53.641+0000] {dag.py:3954} INFO - Setting next_dagrun for update_db to None, run_after=None
[2026-03-05T23:03:53.671+0000] {processor.py:183} INFO - Processing /opt/airflow/dags/main.py took 0.303 seconds
[2026-03-05T23:04:23.970+0000] {processor.py:161} INFO - Started process (PID=1002) to work on /opt/airflow/dags/main.py
[2026-03-05T23:04:23.995+0000] {processor.py:830} INFO - Processing file /opt/airflow/dags/main.py for tasks to queue
[2026-03-05T23:04:24.000+0000] {logging_mixin.py:188} INFO - [2026-03-05T23:04:24.000+0000] {dagbag.py:545} INFO - Filling up the DagBag from /opt/airflow/dags/main.py
[2026-03-05T23:04:24.276+0000] {processor.py:840} INFO - DAG(s) 'update_db', 'produce_json', 'data_quality' retrieved from /opt/airflow/dags/main.py
[2026-03-05T23:04:24.575+0000] {logging_mixin.py:188} INFO - [2026-03-05T23:04:24.574+0000] {dag.py:3096} INFO - Sync 3 DAGs
[2026-03-05T23:04:24.840+0000] {logging_mixin.py:188} INFO - [2026-03-05T23:04:24.840+0000] {dag.py:3954} INFO - Setting next_dagrun for data_quality to None, run_after=None
[2026-03-05T23:04:24.864+0000] {logging_mixin.py:188} INFO - [2026-03-05T23:04:24.864+0000] {dag.py:3954} INFO - Setting next_dagrun for produce_json to 2026-03-05 14:00:00+00:00, run_after=2026-03-06 14:00:00+00:00
[2026-03-05T23:04:24.927+0000] {logging_mixin.py:188} INFO - [2026-03-05T23:04:24.925+0000] {dag.py:3954} INFO - Setting next_dagrun for update_db to None, run_after=None
[2026-03-05T23:04:25.187+0000] {processor.py:183} INFO - Processing /opt/airflow/dags/main.py took 1.264 seconds
