[2026-02-23T23:03:53.323+0000] {processor.py:161} INFO - Started process (PID=60) to work on /opt/airflow/dags/main.py
[2026-02-23T23:03:53.324+0000] {processor.py:830} INFO - Processing file /opt/airflow/dags/main.py for tasks to queue
[2026-02-23T23:03:53.327+0000] {logging_mixin.py:188} INFO - [2026-02-23T23:03:53.326+0000] {dagbag.py:545} INFO - Filling up the DagBag from /opt/airflow/dags/main.py
[2026-02-23T23:03:54.188+0000] {processor.py:840} INFO - DAG(s) 'data_quality', 'produce_json', 'update_db' retrieved from /opt/airflow/dags/main.py
[2026-02-23T23:03:54.914+0000] {logging_mixin.py:188} INFO - [2026-02-23T23:03:54.913+0000] {dag.py:3096} INFO - Sync 3 DAGs
[2026-02-23T23:03:55.700+0000] {logging_mixin.py:188} INFO - [2026-02-23T23:03:55.699+0000] {dag.py:3954} INFO - Setting next_dagrun for data_quality to 2026-02-22 16:00:00+00:00, run_after=2026-02-23 16:00:00+00:00
[2026-02-23T23:03:55.750+0000] {logging_mixin.py:188} INFO - [2026-02-23T23:03:55.749+0000] {dag.py:3954} INFO - Setting next_dagrun for produce_json to 2026-02-22 14:00:00+00:00, run_after=2026-02-23 14:00:00+00:00
[2026-02-23T23:03:55.923+0000] {logging_mixin.py:188} INFO - [2026-02-23T23:03:55.923+0000] {dag.py:3954} INFO - Setting next_dagrun for update_db to 2026-02-22 15:00:00+00:00, run_after=2026-02-23 15:00:00+00:00
[2026-02-23T23:03:56.184+0000] {processor.py:183} INFO - Processing /opt/airflow/dags/main.py took 2.871 seconds
[2026-02-23T23:04:26.811+0000] {processor.py:161} INFO - Started process (PID=67) to work on /opt/airflow/dags/main.py
[2026-02-23T23:04:26.915+0000] {processor.py:830} INFO - Processing file /opt/airflow/dags/main.py for tasks to queue
[2026-02-23T23:04:26.927+0000] {logging_mixin.py:188} INFO - [2026-02-23T23:04:26.926+0000] {dagbag.py:545} INFO - Filling up the DagBag from /opt/airflow/dags/main.py
[2026-02-23T23:04:27.094+0000] {processor.py:840} INFO - DAG(s) 'update_db', 'produce_json', 'data_quality' retrieved from /opt/airflow/dags/main.py
[2026-02-23T23:04:28.122+0000] {logging_mixin.py:188} INFO - [2026-02-23T23:04:28.121+0000] {dag.py:3096} INFO - Sync 3 DAGs
[2026-02-23T23:04:28.356+0000] {logging_mixin.py:188} INFO - [2026-02-23T23:04:28.356+0000] {dag.py:3954} INFO - Setting next_dagrun for data_quality to 2026-02-23 16:00:00+00:00, run_after=2026-02-24 16:00:00+00:00
[2026-02-23T23:04:28.371+0000] {logging_mixin.py:188} INFO - [2026-02-23T23:04:28.370+0000] {dag.py:3954} INFO - Setting next_dagrun for produce_json to 2026-02-23 14:00:00+00:00, run_after=2026-02-24 14:00:00+00:00
[2026-02-23T23:04:28.377+0000] {logging_mixin.py:188} INFO - [2026-02-23T23:04:28.376+0000] {dag.py:3954} INFO - Setting next_dagrun for update_db to 2026-02-23 15:00:00+00:00, run_after=2026-02-24 15:00:00+00:00
[2026-02-23T23:04:28.498+0000] {processor.py:183} INFO - Processing /opt/airflow/dags/main.py took 1.749 seconds
[2026-02-23T23:04:59.788+0000] {processor.py:161} INFO - Started process (PID=74) to work on /opt/airflow/dags/main.py
[2026-02-23T23:05:00.142+0000] {processor.py:830} INFO - Processing file /opt/airflow/dags/main.py for tasks to queue
[2026-02-23T23:05:00.152+0000] {logging_mixin.py:188} INFO - [2026-02-23T23:05:00.151+0000] {dagbag.py:545} INFO - Filling up the DagBag from /opt/airflow/dags/main.py
[2026-02-23T23:05:00.322+0000] {processor.py:840} INFO - DAG(s) 'produce_json', 'update_db', 'data_quality' retrieved from /opt/airflow/dags/main.py
[2026-02-23T23:05:02.615+0000] {logging_mixin.py:188} INFO - [2026-02-23T23:05:02.614+0000] {dag.py:3096} INFO - Sync 3 DAGs
[2026-02-23T23:05:03.146+0000] {logging_mixin.py:188} INFO - [2026-02-23T23:05:03.146+0000] {dag.py:3954} INFO - Setting next_dagrun for data_quality to 2026-02-23 16:00:00+00:00, run_after=2026-02-24 16:00:00+00:00
[2026-02-23T23:05:03.323+0000] {logging_mixin.py:188} INFO - [2026-02-23T23:05:03.323+0000] {dag.py:3954} INFO - Setting next_dagrun for produce_json to 2026-02-23 14:00:00+00:00, run_after=2026-02-24 14:00:00+00:00
[2026-02-23T23:05:03.395+0000] {logging_mixin.py:188} INFO - [2026-02-23T23:05:03.395+0000] {dag.py:3954} INFO - Setting next_dagrun for update_db to 2026-02-23 15:00:00+00:00, run_after=2026-02-24 15:00:00+00:00
[2026-02-23T23:05:03.687+0000] {processor.py:183} INFO - Processing /opt/airflow/dags/main.py took 3.944 seconds
[2026-02-23T23:05:34.168+0000] {processor.py:161} INFO - Started process (PID=81) to work on /opt/airflow/dags/main.py
[2026-02-23T23:05:34.178+0000] {processor.py:830} INFO - Processing file /opt/airflow/dags/main.py for tasks to queue
[2026-02-23T23:05:34.181+0000] {logging_mixin.py:188} INFO - [2026-02-23T23:05:34.180+0000] {dagbag.py:545} INFO - Filling up the DagBag from /opt/airflow/dags/main.py
[2026-02-23T23:05:34.554+0000] {processor.py:840} INFO - DAG(s) 'data_quality', 'update_db', 'produce_json' retrieved from /opt/airflow/dags/main.py
[2026-02-23T23:05:34.875+0000] {logging_mixin.py:188} INFO - [2026-02-23T23:05:34.875+0000] {dag.py:3096} INFO - Sync 3 DAGs
[2026-02-23T23:05:34.927+0000] {logging_mixin.py:188} INFO - [2026-02-23T23:05:34.927+0000] {dag.py:3954} INFO - Setting next_dagrun for data_quality to 2026-02-23 16:00:00+00:00, run_after=2026-02-24 16:00:00+00:00
[2026-02-23T23:05:34.940+0000] {logging_mixin.py:188} INFO - [2026-02-23T23:05:34.940+0000] {dag.py:3954} INFO - Setting next_dagrun for produce_json to 2026-02-23 14:00:00+00:00, run_after=2026-02-24 14:00:00+00:00
[2026-02-23T23:05:34.945+0000] {logging_mixin.py:188} INFO - [2026-02-23T23:05:34.945+0000] {dag.py:3954} INFO - Setting next_dagrun for update_db to 2026-02-23 15:00:00+00:00, run_after=2026-02-24 15:00:00+00:00
[2026-02-23T23:05:35.061+0000] {processor.py:183} INFO - Processing /opt/airflow/dags/main.py took 0.903 seconds
[2026-02-23T23:06:06.010+0000] {processor.py:161} INFO - Started process (PID=88) to work on /opt/airflow/dags/main.py
[2026-02-23T23:06:06.213+0000] {processor.py:830} INFO - Processing file /opt/airflow/dags/main.py for tasks to queue
[2026-02-23T23:06:06.216+0000] {logging_mixin.py:188} INFO - [2026-02-23T23:06:06.216+0000] {dagbag.py:545} INFO - Filling up the DagBag from /opt/airflow/dags/main.py
[2026-02-23T23:06:06.320+0000] {processor.py:840} INFO - DAG(s) 'update_db', 'produce_json', 'data_quality' retrieved from /opt/airflow/dags/main.py
[2026-02-23T23:06:08.238+0000] {logging_mixin.py:188} INFO - [2026-02-23T23:06:08.237+0000] {dag.py:3096} INFO - Sync 3 DAGs
[2026-02-23T23:06:10.389+0000] {logging_mixin.py:188} INFO - [2026-02-23T23:06:10.388+0000] {dag.py:3954} INFO - Setting next_dagrun for data_quality to 2026-02-23 16:00:00+00:00, run_after=2026-02-24 16:00:00+00:00
[2026-02-23T23:06:10.654+0000] {logging_mixin.py:188} INFO - [2026-02-23T23:06:10.653+0000] {dag.py:3954} INFO - Setting next_dagrun for produce_json to 2026-02-23 14:00:00+00:00, run_after=2026-02-24 14:00:00+00:00
[2026-02-23T23:06:10.913+0000] {logging_mixin.py:188} INFO - [2026-02-23T23:06:10.891+0000] {dag.py:3954} INFO - Setting next_dagrun for update_db to 2026-02-23 15:00:00+00:00, run_after=2026-02-24 15:00:00+00:00
[2026-02-23T23:06:11.207+0000] {processor.py:183} INFO - Processing /opt/airflow/dags/main.py took 5.208 seconds
[2026-02-23T23:06:42.373+0000] {processor.py:161} INFO - Started process (PID=95) to work on /opt/airflow/dags/main.py
[2026-02-23T23:06:42.567+0000] {processor.py:830} INFO - Processing file /opt/airflow/dags/main.py for tasks to queue
[2026-02-23T23:06:42.571+0000] {logging_mixin.py:188} INFO - [2026-02-23T23:06:42.571+0000] {dagbag.py:545} INFO - Filling up the DagBag from /opt/airflow/dags/main.py
[2026-02-23T23:06:42.657+0000] {processor.py:840} INFO - DAG(s) 'update_db', 'produce_json', 'data_quality' retrieved from /opt/airflow/dags/main.py
[2026-02-23T23:06:44.006+0000] {logging_mixin.py:188} INFO - [2026-02-23T23:06:44.005+0000] {dag.py:3096} INFO - Sync 3 DAGs
[2026-02-23T23:06:44.165+0000] {logging_mixin.py:188} INFO - [2026-02-23T23:06:44.165+0000] {dag.py:3954} INFO - Setting next_dagrun for data_quality to 2026-02-23 16:00:00+00:00, run_after=2026-02-24 16:00:00+00:00
[2026-02-23T23:06:45.322+0000] {logging_mixin.py:188} INFO - [2026-02-23T23:06:45.322+0000] {dag.py:3954} INFO - Setting next_dagrun for produce_json to 2026-02-23 14:00:00+00:00, run_after=2026-02-24 14:00:00+00:00
[2026-02-23T23:06:45.489+0000] {logging_mixin.py:188} INFO - [2026-02-23T23:06:45.489+0000] {dag.py:3954} INFO - Setting next_dagrun for update_db to 2026-02-23 15:00:00+00:00, run_after=2026-02-24 15:00:00+00:00
[2026-02-23T23:06:47.368+0000] {processor.py:183} INFO - Processing /opt/airflow/dags/main.py took 5.007 seconds
[2026-02-23T23:07:18.401+0000] {processor.py:161} INFO - Started process (PID=102) to work on /opt/airflow/dags/main.py
[2026-02-23T23:07:18.413+0000] {processor.py:830} INFO - Processing file /opt/airflow/dags/main.py for tasks to queue
[2026-02-23T23:07:18.416+0000] {logging_mixin.py:188} INFO - [2026-02-23T23:07:18.415+0000] {dagbag.py:545} INFO - Filling up the DagBag from /opt/airflow/dags/main.py
[2026-02-23T23:07:18.497+0000] {processor.py:840} INFO - DAG(s) 'data_quality', 'update_db', 'produce_json' retrieved from /opt/airflow/dags/main.py
[2026-02-23T23:07:18.605+0000] {logging_mixin.py:188} INFO - [2026-02-23T23:07:18.604+0000] {dag.py:3096} INFO - Sync 3 DAGs
[2026-02-23T23:07:18.652+0000] {logging_mixin.py:188} INFO - [2026-02-23T23:07:18.651+0000] {dag.py:3954} INFO - Setting next_dagrun for data_quality to 2026-02-23 16:00:00+00:00, run_after=2026-02-24 16:00:00+00:00
[2026-02-23T23:07:18.660+0000] {logging_mixin.py:188} INFO - [2026-02-23T23:07:18.660+0000] {dag.py:3954} INFO - Setting next_dagrun for produce_json to 2026-02-23 14:00:00+00:00, run_after=2026-02-24 14:00:00+00:00
[2026-02-23T23:07:18.665+0000] {logging_mixin.py:188} INFO - [2026-02-23T23:07:18.665+0000] {dag.py:3954} INFO - Setting next_dagrun for update_db to 2026-02-23 15:00:00+00:00, run_after=2026-02-24 15:00:00+00:00
[2026-02-23T23:07:18.691+0000] {processor.py:183} INFO - Processing /opt/airflow/dags/main.py took 0.304 seconds
[2026-02-23T23:07:48.997+0000] {processor.py:161} INFO - Started process (PID=109) to work on /opt/airflow/dags/main.py
[2026-02-23T23:07:49.008+0000] {processor.py:830} INFO - Processing file /opt/airflow/dags/main.py for tasks to queue
[2026-02-23T23:07:49.014+0000] {logging_mixin.py:188} INFO - [2026-02-23T23:07:49.013+0000] {dagbag.py:545} INFO - Filling up the DagBag from /opt/airflow/dags/main.py
[2026-02-23T23:07:49.133+0000] {processor.py:840} INFO - DAG(s) 'update_db', 'data_quality', 'produce_json' retrieved from /opt/airflow/dags/main.py
[2026-02-23T23:07:49.303+0000] {logging_mixin.py:188} INFO - [2026-02-23T23:07:49.303+0000] {dag.py:3096} INFO - Sync 3 DAGs
[2026-02-23T23:07:49.396+0000] {logging_mixin.py:188} INFO - [2026-02-23T23:07:49.394+0000] {dag.py:3954} INFO - Setting next_dagrun for data_quality to 2026-02-23 16:00:00+00:00, run_after=2026-02-24 16:00:00+00:00
[2026-02-23T23:07:49.441+0000] {logging_mixin.py:188} INFO - [2026-02-23T23:07:49.440+0000] {dag.py:3954} INFO - Setting next_dagrun for produce_json to 2026-02-23 14:00:00+00:00, run_after=2026-02-24 14:00:00+00:00
[2026-02-23T23:07:49.451+0000] {logging_mixin.py:188} INFO - [2026-02-23T23:07:49.451+0000] {dag.py:3954} INFO - Setting next_dagrun for update_db to 2026-02-23 15:00:00+00:00, run_after=2026-02-24 15:00:00+00:00
[2026-02-23T23:07:49.560+0000] {processor.py:183} INFO - Processing /opt/airflow/dags/main.py took 0.607 seconds
[2026-02-23T23:08:19.984+0000] {processor.py:161} INFO - Started process (PID=116) to work on /opt/airflow/dags/main.py
[2026-02-23T23:08:19.999+0000] {processor.py:830} INFO - Processing file /opt/airflow/dags/main.py for tasks to queue
[2026-02-23T23:08:20.003+0000] {logging_mixin.py:188} INFO - [2026-02-23T23:08:20.003+0000] {dagbag.py:545} INFO - Filling up the DagBag from /opt/airflow/dags/main.py
[2026-02-23T23:08:20.100+0000] {processor.py:840} INFO - DAG(s) 'update_db', 'produce_json', 'data_quality' retrieved from /opt/airflow/dags/main.py
[2026-02-23T23:08:20.237+0000] {logging_mixin.py:188} INFO - [2026-02-23T23:08:20.237+0000] {dag.py:3096} INFO - Sync 3 DAGs
[2026-02-23T23:08:20.312+0000] {logging_mixin.py:188} INFO - [2026-02-23T23:08:20.309+0000] {dag.py:3954} INFO - Setting next_dagrun for data_quality to 2026-02-23 16:00:00+00:00, run_after=2026-02-24 16:00:00+00:00
[2026-02-23T23:08:20.324+0000] {logging_mixin.py:188} INFO - [2026-02-23T23:08:20.323+0000] {dag.py:3954} INFO - Setting next_dagrun for produce_json to 2026-02-23 14:00:00+00:00, run_after=2026-02-24 14:00:00+00:00
[2026-02-23T23:08:20.331+0000] {logging_mixin.py:188} INFO - [2026-02-23T23:08:20.331+0000] {dag.py:3954} INFO - Setting next_dagrun for update_db to 2026-02-23 15:00:00+00:00, run_after=2026-02-24 15:00:00+00:00
[2026-02-23T23:08:20.372+0000] {processor.py:183} INFO - Processing /opt/airflow/dags/main.py took 0.402 seconds
[2026-02-23T23:08:50.967+0000] {processor.py:161} INFO - Started process (PID=123) to work on /opt/airflow/dags/main.py
[2026-02-23T23:08:50.970+0000] {processor.py:830} INFO - Processing file /opt/airflow/dags/main.py for tasks to queue
[2026-02-23T23:08:50.973+0000] {logging_mixin.py:188} INFO - [2026-02-23T23:08:50.972+0000] {dagbag.py:545} INFO - Filling up the DagBag from /opt/airflow/dags/main.py
[2026-02-23T23:08:51.074+0000] {processor.py:840} INFO - DAG(s) 'data_quality', 'produce_json', 'update_db' retrieved from /opt/airflow/dags/main.py
[2026-02-23T23:08:51.151+0000] {logging_mixin.py:188} INFO - [2026-02-23T23:08:51.151+0000] {dag.py:3096} INFO - Sync 3 DAGs
[2026-02-23T23:08:51.197+0000] {logging_mixin.py:188} INFO - [2026-02-23T23:08:51.197+0000] {dag.py:3954} INFO - Setting next_dagrun for data_quality to 2026-02-23 16:00:00+00:00, run_after=2026-02-24 16:00:00+00:00
[2026-02-23T23:08:51.206+0000] {logging_mixin.py:188} INFO - [2026-02-23T23:08:51.206+0000] {dag.py:3954} INFO - Setting next_dagrun for produce_json to 2026-02-23 14:00:00+00:00, run_after=2026-02-24 14:00:00+00:00
[2026-02-23T23:08:51.213+0000] {logging_mixin.py:188} INFO - [2026-02-23T23:08:51.212+0000] {dag.py:3954} INFO - Setting next_dagrun for update_db to 2026-02-23 15:00:00+00:00, run_after=2026-02-24 15:00:00+00:00
[2026-02-23T23:08:51.271+0000] {processor.py:183} INFO - Processing /opt/airflow/dags/main.py took 0.320 seconds
[2026-02-23T23:09:21.930+0000] {processor.py:161} INFO - Started process (PID=130) to work on /opt/airflow/dags/main.py
[2026-02-23T23:09:21.936+0000] {processor.py:830} INFO - Processing file /opt/airflow/dags/main.py for tasks to queue
[2026-02-23T23:09:21.946+0000] {logging_mixin.py:188} INFO - [2026-02-23T23:09:21.946+0000] {dagbag.py:545} INFO - Filling up the DagBag from /opt/airflow/dags/main.py
[2026-02-23T23:09:22.037+0000] {processor.py:840} INFO - DAG(s) 'data_quality', 'update_db', 'produce_json' retrieved from /opt/airflow/dags/main.py
[2026-02-23T23:09:22.126+0000] {logging_mixin.py:188} INFO - [2026-02-23T23:09:22.124+0000] {dag.py:3096} INFO - Sync 3 DAGs
[2026-02-23T23:09:22.213+0000] {logging_mixin.py:188} INFO - [2026-02-23T23:09:22.210+0000] {dag.py:3954} INFO - Setting next_dagrun for data_quality to 2026-02-23 16:00:00+00:00, run_after=2026-02-24 16:00:00+00:00
[2026-02-23T23:09:22.238+0000] {logging_mixin.py:188} INFO - [2026-02-23T23:09:22.237+0000] {dag.py:3954} INFO - Setting next_dagrun for produce_json to 2026-02-23 14:00:00+00:00, run_after=2026-02-24 14:00:00+00:00
[2026-02-23T23:09:22.250+0000] {logging_mixin.py:188} INFO - [2026-02-23T23:09:22.250+0000] {dag.py:3954} INFO - Setting next_dagrun for update_db to 2026-02-23 15:00:00+00:00, run_after=2026-02-24 15:00:00+00:00
[2026-02-23T23:09:22.295+0000] {processor.py:183} INFO - Processing /opt/airflow/dags/main.py took 0.405 seconds
[2026-02-23T23:09:53.295+0000] {processor.py:161} INFO - Started process (PID=137) to work on /opt/airflow/dags/main.py
[2026-02-23T23:09:53.303+0000] {processor.py:830} INFO - Processing file /opt/airflow/dags/main.py for tasks to queue
[2026-02-23T23:09:53.310+0000] {logging_mixin.py:188} INFO - [2026-02-23T23:09:53.309+0000] {dagbag.py:545} INFO - Filling up the DagBag from /opt/airflow/dags/main.py
[2026-02-23T23:09:53.473+0000] {processor.py:840} INFO - DAG(s) 'data_quality', 'update_db', 'produce_json' retrieved from /opt/airflow/dags/main.py
[2026-02-23T23:09:53.610+0000] {logging_mixin.py:188} INFO - [2026-02-23T23:09:53.609+0000] {dag.py:3096} INFO - Sync 3 DAGs
[2026-02-23T23:09:53.690+0000] {logging_mixin.py:188} INFO - [2026-02-23T23:09:53.690+0000] {dag.py:3954} INFO - Setting next_dagrun for data_quality to 2026-02-23 16:00:00+00:00, run_after=2026-02-24 16:00:00+00:00
[2026-02-23T23:09:53.708+0000] {logging_mixin.py:188} INFO - [2026-02-23T23:09:53.707+0000] {dag.py:3954} INFO - Setting next_dagrun for produce_json to 2026-02-23 14:00:00+00:00, run_after=2026-02-24 14:00:00+00:00
[2026-02-23T23:09:53.721+0000] {logging_mixin.py:188} INFO - [2026-02-23T23:09:53.721+0000] {dag.py:3954} INFO - Setting next_dagrun for update_db to 2026-02-23 15:00:00+00:00, run_after=2026-02-24 15:00:00+00:00
[2026-02-23T23:09:53.860+0000] {processor.py:183} INFO - Processing /opt/airflow/dags/main.py took 0.659 seconds
[2026-02-23T23:10:24.330+0000] {processor.py:161} INFO - Started process (PID=144) to work on /opt/airflow/dags/main.py
[2026-02-23T23:10:24.341+0000] {processor.py:830} INFO - Processing file /opt/airflow/dags/main.py for tasks to queue
[2026-02-23T23:10:24.345+0000] {logging_mixin.py:188} INFO - [2026-02-23T23:10:24.344+0000] {dagbag.py:545} INFO - Filling up the DagBag from /opt/airflow/dags/main.py
[2026-02-23T23:10:24.504+0000] {processor.py:840} INFO - DAG(s) 'data_quality', 'update_db', 'produce_json' retrieved from /opt/airflow/dags/main.py
[2026-02-23T23:10:24.760+0000] {logging_mixin.py:188} INFO - [2026-02-23T23:10:24.759+0000] {dag.py:3096} INFO - Sync 3 DAGs
[2026-02-23T23:10:24.825+0000] {logging_mixin.py:188} INFO - [2026-02-23T23:10:24.825+0000] {dag.py:3954} INFO - Setting next_dagrun for data_quality to 2026-02-23 16:00:00+00:00, run_after=2026-02-24 16:00:00+00:00
[2026-02-23T23:10:24.834+0000] {logging_mixin.py:188} INFO - [2026-02-23T23:10:24.834+0000] {dag.py:3954} INFO - Setting next_dagrun for produce_json to 2026-02-23 14:00:00+00:00, run_after=2026-02-24 14:00:00+00:00
[2026-02-23T23:10:24.842+0000] {logging_mixin.py:188} INFO - [2026-02-23T23:10:24.841+0000] {dag.py:3954} INFO - Setting next_dagrun for update_db to 2026-02-23 15:00:00+00:00, run_after=2026-02-24 15:00:00+00:00
[2026-02-23T23:10:24.925+0000] {processor.py:183} INFO - Processing /opt/airflow/dags/main.py took 0.611 seconds
[2026-02-23T23:10:55.078+0000] {processor.py:161} INFO - Started process (PID=151) to work on /opt/airflow/dags/main.py
[2026-02-23T23:10:55.087+0000] {processor.py:830} INFO - Processing file /opt/airflow/dags/main.py for tasks to queue
[2026-02-23T23:10:55.094+0000] {logging_mixin.py:188} INFO - [2026-02-23T23:10:55.093+0000] {dagbag.py:545} INFO - Filling up the DagBag from /opt/airflow/dags/main.py
[2026-02-23T23:10:55.198+0000] {processor.py:840} INFO - DAG(s) 'produce_json', 'update_db', 'data_quality' retrieved from /opt/airflow/dags/main.py
[2026-02-23T23:10:55.289+0000] {logging_mixin.py:188} INFO - [2026-02-23T23:10:55.288+0000] {dag.py:3096} INFO - Sync 3 DAGs
[2026-02-23T23:10:55.336+0000] {logging_mixin.py:188} INFO - [2026-02-23T23:10:55.336+0000] {dag.py:3954} INFO - Setting next_dagrun for data_quality to 2026-02-23 16:00:00+00:00, run_after=2026-02-24 16:00:00+00:00
[2026-02-23T23:10:55.348+0000] {logging_mixin.py:188} INFO - [2026-02-23T23:10:55.348+0000] {dag.py:3954} INFO - Setting next_dagrun for produce_json to 2026-02-23 14:00:00+00:00, run_after=2026-02-24 14:00:00+00:00
[2026-02-23T23:10:55.353+0000] {logging_mixin.py:188} INFO - [2026-02-23T23:10:55.353+0000] {dag.py:3954} INFO - Setting next_dagrun for update_db to 2026-02-23 15:00:00+00:00, run_after=2026-02-24 15:00:00+00:00
[2026-02-23T23:10:55.391+0000] {processor.py:183} INFO - Processing /opt/airflow/dags/main.py took 0.337 seconds
[2026-02-23T23:11:25.563+0000] {processor.py:161} INFO - Started process (PID=159) to work on /opt/airflow/dags/main.py
[2026-02-23T23:11:25.567+0000] {processor.py:830} INFO - Processing file /opt/airflow/dags/main.py for tasks to queue
[2026-02-23T23:11:25.570+0000] {logging_mixin.py:188} INFO - [2026-02-23T23:11:25.569+0000] {dagbag.py:545} INFO - Filling up the DagBag from /opt/airflow/dags/main.py
[2026-02-23T23:11:25.678+0000] {processor.py:840} INFO - DAG(s) 'update_db', 'produce_json', 'data_quality' retrieved from /opt/airflow/dags/main.py
[2026-02-23T23:11:25.767+0000] {logging_mixin.py:188} INFO - [2026-02-23T23:11:25.766+0000] {dag.py:3096} INFO - Sync 3 DAGs
[2026-02-23T23:11:25.819+0000] {logging_mixin.py:188} INFO - [2026-02-23T23:11:25.819+0000] {dag.py:3954} INFO - Setting next_dagrun for data_quality to 2026-02-23 16:00:00+00:00, run_after=2026-02-24 16:00:00+00:00
[2026-02-23T23:11:25.832+0000] {logging_mixin.py:188} INFO - [2026-02-23T23:11:25.832+0000] {dag.py:3954} INFO - Setting next_dagrun for produce_json to 2026-02-23 14:00:00+00:00, run_after=2026-02-24 14:00:00+00:00
[2026-02-23T23:11:25.838+0000] {logging_mixin.py:188} INFO - [2026-02-23T23:11:25.838+0000] {dag.py:3954} INFO - Setting next_dagrun for update_db to 2026-02-23 15:00:00+00:00, run_after=2026-02-24 15:00:00+00:00
[2026-02-23T23:11:25.881+0000] {processor.py:183} INFO - Processing /opt/airflow/dags/main.py took 0.355 seconds
[2026-02-23T23:11:56.593+0000] {processor.py:161} INFO - Started process (PID=166) to work on /opt/airflow/dags/main.py
[2026-02-23T23:11:56.607+0000] {processor.py:830} INFO - Processing file /opt/airflow/dags/main.py for tasks to queue
[2026-02-23T23:11:56.622+0000] {logging_mixin.py:188} INFO - [2026-02-23T23:11:56.616+0000] {dagbag.py:545} INFO - Filling up the DagBag from /opt/airflow/dags/main.py
[2026-02-23T23:11:56.731+0000] {processor.py:840} INFO - DAG(s) 'data_quality', 'update_db', 'produce_json' retrieved from /opt/airflow/dags/main.py
[2026-02-23T23:11:56.833+0000] {logging_mixin.py:188} INFO - [2026-02-23T23:11:56.833+0000] {dag.py:3096} INFO - Sync 3 DAGs
[2026-02-23T23:11:56.927+0000] {logging_mixin.py:188} INFO - [2026-02-23T23:11:56.926+0000] {dag.py:3954} INFO - Setting next_dagrun for data_quality to 2026-02-23 16:00:00+00:00, run_after=2026-02-24 16:00:00+00:00
[2026-02-23T23:11:56.936+0000] {logging_mixin.py:188} INFO - [2026-02-23T23:11:56.935+0000] {dag.py:3954} INFO - Setting next_dagrun for produce_json to 2026-02-23 14:00:00+00:00, run_after=2026-02-24 14:00:00+00:00
[2026-02-23T23:11:56.942+0000] {logging_mixin.py:188} INFO - [2026-02-23T23:11:56.942+0000] {dag.py:3954} INFO - Setting next_dagrun for update_db to 2026-02-23 15:00:00+00:00, run_after=2026-02-24 15:00:00+00:00
[2026-02-23T23:11:56.976+0000] {processor.py:183} INFO - Processing /opt/airflow/dags/main.py took 0.401 seconds
[2026-02-23T23:12:27.457+0000] {processor.py:161} INFO - Started process (PID=173) to work on /opt/airflow/dags/main.py
[2026-02-23T23:12:27.617+0000] {processor.py:830} INFO - Processing file /opt/airflow/dags/main.py for tasks to queue
[2026-02-23T23:12:27.771+0000] {logging_mixin.py:188} INFO - [2026-02-23T23:12:27.769+0000] {dagbag.py:545} INFO - Filling up the DagBag from /opt/airflow/dags/main.py
[2026-02-23T23:12:28.211+0000] {processor.py:840} INFO - DAG(s) 'update_db', 'produce_json', 'data_quality' retrieved from /opt/airflow/dags/main.py
[2026-02-23T23:12:30.003+0000] {logging_mixin.py:188} INFO - [2026-02-23T23:12:30.003+0000] {dag.py:3096} INFO - Sync 3 DAGs
[2026-02-23T23:12:30.401+0000] {logging_mixin.py:188} INFO - [2026-02-23T23:12:30.401+0000] {dag.py:3954} INFO - Setting next_dagrun for data_quality to 2026-02-23 16:00:00+00:00, run_after=2026-02-24 16:00:00+00:00
[2026-02-23T23:12:30.464+0000] {logging_mixin.py:188} INFO - [2026-02-23T23:12:30.463+0000] {dag.py:3954} INFO - Setting next_dagrun for produce_json to 2026-02-23 14:00:00+00:00, run_after=2026-02-24 14:00:00+00:00
[2026-02-23T23:12:30.957+0000] {logging_mixin.py:188} INFO - [2026-02-23T23:12:30.956+0000] {dag.py:3954} INFO - Setting next_dagrun for update_db to 2026-02-23 15:00:00+00:00, run_after=2026-02-24 15:00:00+00:00
[2026-02-23T23:12:32.781+0000] {processor.py:183} INFO - Processing /opt/airflow/dags/main.py took 5.427 seconds
[2026-02-23T23:13:04.935+0000] {processor.py:161} INFO - Started process (PID=180) to work on /opt/airflow/dags/main.py
[2026-02-23T23:13:04.971+0000] {processor.py:830} INFO - Processing file /opt/airflow/dags/main.py for tasks to queue
[2026-02-23T23:13:04.986+0000] {logging_mixin.py:188} INFO - [2026-02-23T23:13:04.985+0000] {dagbag.py:545} INFO - Filling up the DagBag from /opt/airflow/dags/main.py
[2026-02-23T23:13:05.499+0000] {processor.py:840} INFO - DAG(s) 'update_db', 'produce_json', 'data_quality' retrieved from /opt/airflow/dags/main.py
[2026-02-23T23:13:05.713+0000] {logging_mixin.py:188} INFO - [2026-02-23T23:13:05.713+0000] {dag.py:3096} INFO - Sync 3 DAGs
[2026-02-23T23:13:05.776+0000] {logging_mixin.py:188} INFO - [2026-02-23T23:13:05.775+0000] {dag.py:3954} INFO - Setting next_dagrun for data_quality to 2026-02-23 16:00:00+00:00, run_after=2026-02-24 16:00:00+00:00
[2026-02-23T23:13:05.795+0000] {logging_mixin.py:188} INFO - [2026-02-23T23:13:05.794+0000] {dag.py:3954} INFO - Setting next_dagrun for produce_json to 2026-02-23 14:00:00+00:00, run_after=2026-02-24 14:00:00+00:00
[2026-02-23T23:13:05.804+0000] {logging_mixin.py:188} INFO - [2026-02-23T23:13:05.803+0000] {dag.py:3954} INFO - Setting next_dagrun for update_db to 2026-02-23 15:00:00+00:00, run_after=2026-02-24 15:00:00+00:00
[2026-02-23T23:13:05.877+0000] {processor.py:183} INFO - Processing /opt/airflow/dags/main.py took 0.957 seconds
[2026-02-23T23:13:36.872+0000] {processor.py:161} INFO - Started process (PID=187) to work on /opt/airflow/dags/main.py
[2026-02-23T23:13:37.056+0000] {processor.py:830} INFO - Processing file /opt/airflow/dags/main.py for tasks to queue
[2026-02-23T23:13:37.071+0000] {logging_mixin.py:188} INFO - [2026-02-23T23:13:37.071+0000] {dagbag.py:545} INFO - Filling up the DagBag from /opt/airflow/dags/main.py
[2026-02-23T23:13:37.407+0000] {processor.py:840} INFO - DAG(s) 'data_quality', 'update_db', 'produce_json' retrieved from /opt/airflow/dags/main.py
[2026-02-23T23:13:37.672+0000] {logging_mixin.py:188} INFO - [2026-02-23T23:13:37.672+0000] {dag.py:3096} INFO - Sync 3 DAGs
[2026-02-23T23:13:37.738+0000] {logging_mixin.py:188} INFO - [2026-02-23T23:13:37.738+0000] {dag.py:3954} INFO - Setting next_dagrun for data_quality to 2026-02-23 16:00:00+00:00, run_after=2026-02-24 16:00:00+00:00
[2026-02-23T23:13:37.756+0000] {logging_mixin.py:188} INFO - [2026-02-23T23:13:37.755+0000] {dag.py:3954} INFO - Setting next_dagrun for produce_json to 2026-02-23 14:00:00+00:00, run_after=2026-02-24 14:00:00+00:00
[2026-02-23T23:13:37.765+0000] {logging_mixin.py:188} INFO - [2026-02-23T23:13:37.765+0000] {dag.py:3954} INFO - Setting next_dagrun for update_db to 2026-02-23 15:00:00+00:00, run_after=2026-02-24 15:00:00+00:00
[2026-02-23T23:13:37.875+0000] {processor.py:183} INFO - Processing /opt/airflow/dags/main.py took 1.048 seconds
[2026-02-23T23:14:08.874+0000] {processor.py:161} INFO - Started process (PID=194) to work on /opt/airflow/dags/main.py
[2026-02-23T23:14:08.881+0000] {processor.py:830} INFO - Processing file /opt/airflow/dags/main.py for tasks to queue
[2026-02-23T23:14:08.887+0000] {logging_mixin.py:188} INFO - [2026-02-23T23:14:08.886+0000] {dagbag.py:545} INFO - Filling up the DagBag from /opt/airflow/dags/main.py
[2026-02-23T23:14:09.586+0000] {processor.py:840} INFO - DAG(s) 'update_db', 'data_quality', 'produce_json' retrieved from /opt/airflow/dags/main.py
[2026-02-23T23:14:10.088+0000] {logging_mixin.py:188} INFO - [2026-02-23T23:14:10.087+0000] {dag.py:3096} INFO - Sync 3 DAGs
[2026-02-23T23:14:10.262+0000] {logging_mixin.py:188} INFO - [2026-02-23T23:14:10.252+0000] {dag.py:3954} INFO - Setting next_dagrun for data_quality to 2026-02-23 16:00:00+00:00, run_after=2026-02-24 16:00:00+00:00
[2026-02-23T23:14:10.301+0000] {logging_mixin.py:188} INFO - [2026-02-23T23:14:10.300+0000] {dag.py:3954} INFO - Setting next_dagrun for produce_json to 2026-02-23 14:00:00+00:00, run_after=2026-02-24 14:00:00+00:00
[2026-02-23T23:14:10.322+0000] {logging_mixin.py:188} INFO - [2026-02-23T23:14:10.322+0000] {dag.py:3954} INFO - Setting next_dagrun for update_db to 2026-02-23 15:00:00+00:00, run_after=2026-02-24 15:00:00+00:00
[2026-02-23T23:14:10.433+0000] {processor.py:183} INFO - Processing /opt/airflow/dags/main.py took 1.584 seconds
[2026-02-23T23:14:41.330+0000] {processor.py:161} INFO - Started process (PID=201) to work on /opt/airflow/dags/main.py
[2026-02-23T23:14:41.337+0000] {processor.py:830} INFO - Processing file /opt/airflow/dags/main.py for tasks to queue
[2026-02-23T23:14:41.341+0000] {logging_mixin.py:188} INFO - [2026-02-23T23:14:41.340+0000] {dagbag.py:545} INFO - Filling up the DagBag from /opt/airflow/dags/main.py
[2026-02-23T23:14:41.459+0000] {processor.py:840} INFO - DAG(s) 'update_db', 'produce_json', 'data_quality' retrieved from /opt/airflow/dags/main.py
[2026-02-23T23:14:41.538+0000] {logging_mixin.py:188} INFO - [2026-02-23T23:14:41.538+0000] {dag.py:3096} INFO - Sync 3 DAGs
[2026-02-23T23:14:41.595+0000] {logging_mixin.py:188} INFO - [2026-02-23T23:14:41.595+0000] {dag.py:3954} INFO - Setting next_dagrun for data_quality to 2026-02-23 16:00:00+00:00, run_after=2026-02-24 16:00:00+00:00
[2026-02-23T23:14:41.610+0000] {logging_mixin.py:188} INFO - [2026-02-23T23:14:41.610+0000] {dag.py:3954} INFO - Setting next_dagrun for produce_json to 2026-02-23 14:00:00+00:00, run_after=2026-02-24 14:00:00+00:00
[2026-02-23T23:14:41.628+0000] {logging_mixin.py:188} INFO - [2026-02-23T23:14:41.628+0000] {dag.py:3954} INFO - Setting next_dagrun for update_db to 2026-02-23 15:00:00+00:00, run_after=2026-02-24 15:00:00+00:00
[2026-02-23T23:14:41.707+0000] {processor.py:183} INFO - Processing /opt/airflow/dags/main.py took 0.404 seconds
[2026-02-23T23:15:12.080+0000] {processor.py:161} INFO - Started process (PID=209) to work on /opt/airflow/dags/main.py
[2026-02-23T23:15:12.084+0000] {processor.py:830} INFO - Processing file /opt/airflow/dags/main.py for tasks to queue
[2026-02-23T23:15:12.092+0000] {logging_mixin.py:188} INFO - [2026-02-23T23:15:12.092+0000] {dagbag.py:545} INFO - Filling up the DagBag from /opt/airflow/dags/main.py
[2026-02-23T23:15:12.253+0000] {processor.py:840} INFO - DAG(s) 'produce_json', 'data_quality', 'update_db' retrieved from /opt/airflow/dags/main.py
[2026-02-23T23:15:12.330+0000] {logging_mixin.py:188} INFO - [2026-02-23T23:15:12.329+0000] {dag.py:3096} INFO - Sync 3 DAGs
[2026-02-23T23:15:12.382+0000] {logging_mixin.py:188} INFO - [2026-02-23T23:15:12.382+0000] {dag.py:3954} INFO - Setting next_dagrun for data_quality to 2026-02-23 16:00:00+00:00, run_after=2026-02-24 16:00:00+00:00
[2026-02-23T23:15:12.393+0000] {logging_mixin.py:188} INFO - [2026-02-23T23:15:12.393+0000] {dag.py:3954} INFO - Setting next_dagrun for produce_json to 2026-02-23 14:00:00+00:00, run_after=2026-02-24 14:00:00+00:00
[2026-02-23T23:15:12.402+0000] {logging_mixin.py:188} INFO - [2026-02-23T23:15:12.401+0000] {dag.py:3954} INFO - Setting next_dagrun for update_db to 2026-02-23 15:00:00+00:00, run_after=2026-02-24 15:00:00+00:00
[2026-02-23T23:15:12.446+0000] {processor.py:183} INFO - Processing /opt/airflow/dags/main.py took 0.410 seconds
[2026-02-23T23:15:43.132+0000] {processor.py:161} INFO - Started process (PID=222) to work on /opt/airflow/dags/main.py
[2026-02-23T23:15:43.137+0000] {processor.py:830} INFO - Processing file /opt/airflow/dags/main.py for tasks to queue
[2026-02-23T23:15:43.144+0000] {logging_mixin.py:188} INFO - [2026-02-23T23:15:43.143+0000] {dagbag.py:545} INFO - Filling up the DagBag from /opt/airflow/dags/main.py
[2026-02-23T23:15:43.281+0000] {processor.py:840} INFO - DAG(s) 'update_db', 'produce_json', 'data_quality' retrieved from /opt/airflow/dags/main.py
[2026-02-23T23:15:43.400+0000] {logging_mixin.py:188} INFO - [2026-02-23T23:15:43.399+0000] {dag.py:3096} INFO - Sync 3 DAGs
[2026-02-23T23:15:43.493+0000] {logging_mixin.py:188} INFO - [2026-02-23T23:15:43.492+0000] {dag.py:3954} INFO - Setting next_dagrun for data_quality to 2026-02-23 16:00:00+00:00, run_after=2026-02-24 16:00:00+00:00
[2026-02-23T23:15:43.509+0000] {logging_mixin.py:188} INFO - [2026-02-23T23:15:43.509+0000] {dag.py:3954} INFO - Setting next_dagrun for produce_json to 2026-02-23 14:00:00+00:00, run_after=2026-02-24 14:00:00+00:00
[2026-02-23T23:15:43.520+0000] {logging_mixin.py:188} INFO - [2026-02-23T23:15:43.519+0000] {dag.py:3954} INFO - Setting next_dagrun for update_db to 2026-02-23 15:00:00+00:00, run_after=2026-02-24 15:00:00+00:00
[2026-02-23T23:15:43.584+0000] {processor.py:183} INFO - Processing /opt/airflow/dags/main.py took 0.484 seconds
[2026-02-23T23:16:14.560+0000] {processor.py:161} INFO - Started process (PID=229) to work on /opt/airflow/dags/main.py
[2026-02-23T23:16:14.564+0000] {processor.py:830} INFO - Processing file /opt/airflow/dags/main.py for tasks to queue
[2026-02-23T23:16:14.578+0000] {logging_mixin.py:188} INFO - [2026-02-23T23:16:14.577+0000] {dagbag.py:545} INFO - Filling up the DagBag from /opt/airflow/dags/main.py
[2026-02-23T23:16:14.667+0000] {processor.py:840} INFO - DAG(s) 'produce_json', 'update_db', 'data_quality' retrieved from /opt/airflow/dags/main.py
[2026-02-23T23:16:14.746+0000] {logging_mixin.py:188} INFO - [2026-02-23T23:16:14.746+0000] {dag.py:3096} INFO - Sync 3 DAGs
[2026-02-23T23:16:14.801+0000] {logging_mixin.py:188} INFO - [2026-02-23T23:16:14.801+0000] {dag.py:3954} INFO - Setting next_dagrun for data_quality to 2026-02-23 16:00:00+00:00, run_after=2026-02-24 16:00:00+00:00
[2026-02-23T23:16:14.815+0000] {logging_mixin.py:188} INFO - [2026-02-23T23:16:14.814+0000] {dag.py:3954} INFO - Setting next_dagrun for produce_json to 2026-02-23 14:00:00+00:00, run_after=2026-02-24 14:00:00+00:00
[2026-02-23T23:16:14.826+0000] {logging_mixin.py:188} INFO - [2026-02-23T23:16:14.826+0000] {dag.py:3954} INFO - Setting next_dagrun for update_db to 2026-02-23 15:00:00+00:00, run_after=2026-02-24 15:00:00+00:00
[2026-02-23T23:16:14.956+0000] {processor.py:183} INFO - Processing /opt/airflow/dags/main.py took 0.414 seconds
[2026-02-23T23:16:45.084+0000] {processor.py:161} INFO - Started process (PID=236) to work on /opt/airflow/dags/main.py
[2026-02-23T23:16:45.089+0000] {processor.py:830} INFO - Processing file /opt/airflow/dags/main.py for tasks to queue
[2026-02-23T23:16:45.093+0000] {logging_mixin.py:188} INFO - [2026-02-23T23:16:45.092+0000] {dagbag.py:545} INFO - Filling up the DagBag from /opt/airflow/dags/main.py
[2026-02-23T23:16:45.173+0000] {processor.py:840} INFO - DAG(s) 'produce_json', 'update_db', 'data_quality' retrieved from /opt/airflow/dags/main.py
[2026-02-23T23:16:45.266+0000] {logging_mixin.py:188} INFO - [2026-02-23T23:16:45.265+0000] {dag.py:3096} INFO - Sync 3 DAGs
[2026-02-23T23:16:45.314+0000] {logging_mixin.py:188} INFO - [2026-02-23T23:16:45.314+0000] {dag.py:3954} INFO - Setting next_dagrun for data_quality to 2026-02-23 16:00:00+00:00, run_after=2026-02-24 16:00:00+00:00
[2026-02-23T23:16:45.331+0000] {logging_mixin.py:188} INFO - [2026-02-23T23:16:45.330+0000] {dag.py:3954} INFO - Setting next_dagrun for produce_json to 2026-02-23 14:00:00+00:00, run_after=2026-02-24 14:00:00+00:00
[2026-02-23T23:16:45.339+0000] {logging_mixin.py:188} INFO - [2026-02-23T23:16:45.339+0000] {dag.py:3954} INFO - Setting next_dagrun for update_db to 2026-02-23 15:00:00+00:00, run_after=2026-02-24 15:00:00+00:00
[2026-02-23T23:16:45.383+0000] {processor.py:183} INFO - Processing /opt/airflow/dags/main.py took 0.325 seconds
[2026-02-23T23:17:16.018+0000] {processor.py:161} INFO - Started process (PID=243) to work on /opt/airflow/dags/main.py
[2026-02-23T23:17:16.024+0000] {processor.py:830} INFO - Processing file /opt/airflow/dags/main.py for tasks to queue
[2026-02-23T23:17:16.028+0000] {logging_mixin.py:188} INFO - [2026-02-23T23:17:16.027+0000] {dagbag.py:545} INFO - Filling up the DagBag from /opt/airflow/dags/main.py
[2026-02-23T23:17:16.099+0000] {processor.py:840} INFO - DAG(s) 'update_db', 'produce_json', 'data_quality' retrieved from /opt/airflow/dags/main.py
[2026-02-23T23:17:16.195+0000] {logging_mixin.py:188} INFO - [2026-02-23T23:17:16.194+0000] {dag.py:3096} INFO - Sync 3 DAGs
[2026-02-23T23:17:16.249+0000] {logging_mixin.py:188} INFO - [2026-02-23T23:17:16.249+0000] {dag.py:3954} INFO - Setting next_dagrun for data_quality to 2026-02-23 16:00:00+00:00, run_after=2026-02-24 16:00:00+00:00
[2026-02-23T23:17:16.262+0000] {logging_mixin.py:188} INFO - [2026-02-23T23:17:16.261+0000] {dag.py:3954} INFO - Setting next_dagrun for produce_json to 2026-02-23 14:00:00+00:00, run_after=2026-02-24 14:00:00+00:00
[2026-02-23T23:17:16.270+0000] {logging_mixin.py:188} INFO - [2026-02-23T23:17:16.270+0000] {dag.py:3954} INFO - Setting next_dagrun for update_db to 2026-02-23 15:00:00+00:00, run_after=2026-02-24 15:00:00+00:00
[2026-02-23T23:17:16.314+0000] {processor.py:183} INFO - Processing /opt/airflow/dags/main.py took 0.307 seconds
[2026-02-23T23:17:46.979+0000] {processor.py:161} INFO - Started process (PID=250) to work on /opt/airflow/dags/main.py
[2026-02-23T23:17:46.982+0000] {processor.py:830} INFO - Processing file /opt/airflow/dags/main.py for tasks to queue
[2026-02-23T23:17:46.987+0000] {logging_mixin.py:188} INFO - [2026-02-23T23:17:46.987+0000] {dagbag.py:545} INFO - Filling up the DagBag from /opt/airflow/dags/main.py
[2026-02-23T23:17:47.202+0000] {processor.py:840} INFO - DAG(s) 'produce_json', 'update_db', 'data_quality' retrieved from /opt/airflow/dags/main.py
[2026-02-23T23:17:47.481+0000] {logging_mixin.py:188} INFO - [2026-02-23T23:17:47.481+0000] {dag.py:3096} INFO - Sync 3 DAGs
[2026-02-23T23:17:47.557+0000] {logging_mixin.py:188} INFO - [2026-02-23T23:17:47.556+0000] {dag.py:3954} INFO - Setting next_dagrun for data_quality to 2026-02-23 16:00:00+00:00, run_after=2026-02-24 16:00:00+00:00
[2026-02-23T23:17:47.608+0000] {logging_mixin.py:188} INFO - [2026-02-23T23:17:47.607+0000] {dag.py:3954} INFO - Setting next_dagrun for produce_json to 2026-02-23 14:00:00+00:00, run_after=2026-02-24 14:00:00+00:00
[2026-02-23T23:17:47.618+0000] {logging_mixin.py:188} INFO - [2026-02-23T23:17:47.617+0000] {dag.py:3954} INFO - Setting next_dagrun for update_db to 2026-02-23 15:00:00+00:00, run_after=2026-02-24 15:00:00+00:00
[2026-02-23T23:17:47.688+0000] {processor.py:183} INFO - Processing /opt/airflow/dags/main.py took 0.776 seconds
[2026-02-23T23:18:18.285+0000] {processor.py:161} INFO - Started process (PID=257) to work on /opt/airflow/dags/main.py
[2026-02-23T23:18:18.290+0000] {processor.py:830} INFO - Processing file /opt/airflow/dags/main.py for tasks to queue
[2026-02-23T23:18:18.295+0000] {logging_mixin.py:188} INFO - [2026-02-23T23:18:18.295+0000] {dagbag.py:545} INFO - Filling up the DagBag from /opt/airflow/dags/main.py
[2026-02-23T23:18:18.372+0000] {processor.py:840} INFO - DAG(s) 'data_quality', 'produce_json', 'update_db' retrieved from /opt/airflow/dags/main.py
[2026-02-23T23:18:18.448+0000] {logging_mixin.py:188} INFO - [2026-02-23T23:18:18.447+0000] {dag.py:3096} INFO - Sync 3 DAGs
[2026-02-23T23:18:18.494+0000] {logging_mixin.py:188} INFO - [2026-02-23T23:18:18.494+0000] {dag.py:3954} INFO - Setting next_dagrun for data_quality to 2026-02-23 16:00:00+00:00, run_after=2026-02-24 16:00:00+00:00
[2026-02-23T23:18:18.506+0000] {logging_mixin.py:188} INFO - [2026-02-23T23:18:18.505+0000] {dag.py:3954} INFO - Setting next_dagrun for produce_json to 2026-02-23 14:00:00+00:00, run_after=2026-02-24 14:00:00+00:00
[2026-02-23T23:18:18.513+0000] {logging_mixin.py:188} INFO - [2026-02-23T23:18:18.513+0000] {dag.py:3954} INFO - Setting next_dagrun for update_db to 2026-02-23 15:00:00+00:00, run_after=2026-02-24 15:00:00+00:00
[2026-02-23T23:18:18.560+0000] {processor.py:183} INFO - Processing /opt/airflow/dags/main.py took 0.285 seconds
[2026-02-23T23:18:49.203+0000] {processor.py:161} INFO - Started process (PID=264) to work on /opt/airflow/dags/main.py
[2026-02-23T23:18:49.208+0000] {processor.py:830} INFO - Processing file /opt/airflow/dags/main.py for tasks to queue
[2026-02-23T23:18:49.215+0000] {logging_mixin.py:188} INFO - [2026-02-23T23:18:49.214+0000] {dagbag.py:545} INFO - Filling up the DagBag from /opt/airflow/dags/main.py
[2026-02-23T23:18:49.358+0000] {processor.py:840} INFO - DAG(s) 'produce_json', 'data_quality', 'update_db' retrieved from /opt/airflow/dags/main.py
[2026-02-23T23:18:49.446+0000] {logging_mixin.py:188} INFO - [2026-02-23T23:18:49.445+0000] {dag.py:3096} INFO - Sync 3 DAGs
[2026-02-23T23:18:49.513+0000] {logging_mixin.py:188} INFO - [2026-02-23T23:18:49.512+0000] {dag.py:3954} INFO - Setting next_dagrun for data_quality to 2026-02-23 16:00:00+00:00, run_after=2026-02-24 16:00:00+00:00
[2026-02-23T23:18:49.546+0000] {logging_mixin.py:188} INFO - [2026-02-23T23:18:49.546+0000] {dag.py:3954} INFO - Setting next_dagrun for produce_json to 2026-02-23 14:00:00+00:00, run_after=2026-02-24 14:00:00+00:00
[2026-02-23T23:18:49.579+0000] {logging_mixin.py:188} INFO - [2026-02-23T23:18:49.577+0000] {dag.py:3954} INFO - Setting next_dagrun for update_db to 2026-02-23 15:00:00+00:00, run_after=2026-02-24 15:00:00+00:00
[2026-02-23T23:18:49.632+0000] {processor.py:183} INFO - Processing /opt/airflow/dags/main.py took 0.456 seconds
[2026-02-23T23:19:20.151+0000] {processor.py:161} INFO - Started process (PID=271) to work on /opt/airflow/dags/main.py
[2026-02-23T23:19:20.153+0000] {processor.py:830} INFO - Processing file /opt/airflow/dags/main.py for tasks to queue
[2026-02-23T23:19:20.156+0000] {logging_mixin.py:188} INFO - [2026-02-23T23:19:20.155+0000] {dagbag.py:545} INFO - Filling up the DagBag from /opt/airflow/dags/main.py
[2026-02-23T23:19:20.229+0000] {processor.py:840} INFO - DAG(s) 'produce_json', 'update_db', 'data_quality' retrieved from /opt/airflow/dags/main.py
[2026-02-23T23:19:20.329+0000] {logging_mixin.py:188} INFO - [2026-02-23T23:19:20.328+0000] {dag.py:3096} INFO - Sync 3 DAGs
[2026-02-23T23:19:20.367+0000] {logging_mixin.py:188} INFO - [2026-02-23T23:19:20.367+0000] {dag.py:3954} INFO - Setting next_dagrun for data_quality to 2026-02-23 16:00:00+00:00, run_after=2026-02-24 16:00:00+00:00
[2026-02-23T23:19:20.376+0000] {logging_mixin.py:188} INFO - [2026-02-23T23:19:20.376+0000] {dag.py:3954} INFO - Setting next_dagrun for produce_json to 2026-02-23 14:00:00+00:00, run_after=2026-02-24 14:00:00+00:00
[2026-02-23T23:19:20.383+0000] {logging_mixin.py:188} INFO - [2026-02-23T23:19:20.383+0000] {dag.py:3954} INFO - Setting next_dagrun for update_db to 2026-02-23 15:00:00+00:00, run_after=2026-02-24 15:00:00+00:00
[2026-02-23T23:19:20.436+0000] {processor.py:183} INFO - Processing /opt/airflow/dags/main.py took 0.296 seconds
[2026-02-23T23:19:51.086+0000] {processor.py:161} INFO - Started process (PID=278) to work on /opt/airflow/dags/main.py
[2026-02-23T23:19:51.091+0000] {processor.py:830} INFO - Processing file /opt/airflow/dags/main.py for tasks to queue
[2026-02-23T23:19:51.099+0000] {logging_mixin.py:188} INFO - [2026-02-23T23:19:51.098+0000] {dagbag.py:545} INFO - Filling up the DagBag from /opt/airflow/dags/main.py
[2026-02-23T23:19:51.176+0000] {processor.py:840} INFO - DAG(s) 'produce_json', 'data_quality', 'update_db' retrieved from /opt/airflow/dags/main.py
[2026-02-23T23:19:51.259+0000] {logging_mixin.py:188} INFO - [2026-02-23T23:19:51.259+0000] {dag.py:3096} INFO - Sync 3 DAGs
[2026-02-23T23:19:51.308+0000] {logging_mixin.py:188} INFO - [2026-02-23T23:19:51.308+0000] {dag.py:3954} INFO - Setting next_dagrun for data_quality to 2026-02-23 16:00:00+00:00, run_after=2026-02-24 16:00:00+00:00
[2026-02-23T23:19:51.321+0000] {logging_mixin.py:188} INFO - [2026-02-23T23:19:51.321+0000] {dag.py:3954} INFO - Setting next_dagrun for produce_json to 2026-02-23 14:00:00+00:00, run_after=2026-02-24 14:00:00+00:00
[2026-02-23T23:19:51.327+0000] {logging_mixin.py:188} INFO - [2026-02-23T23:19:51.327+0000] {dag.py:3954} INFO - Setting next_dagrun for update_db to 2026-02-23 15:00:00+00:00, run_after=2026-02-24 15:00:00+00:00
[2026-02-23T23:19:51.392+0000] {processor.py:183} INFO - Processing /opt/airflow/dags/main.py took 0.317 seconds
[2026-02-23T23:20:21.912+0000] {processor.py:161} INFO - Started process (PID=284) to work on /opt/airflow/dags/main.py
[2026-02-23T23:20:21.915+0000] {processor.py:830} INFO - Processing file /opt/airflow/dags/main.py for tasks to queue
[2026-02-23T23:20:21.921+0000] {logging_mixin.py:188} INFO - [2026-02-23T23:20:21.920+0000] {dagbag.py:545} INFO - Filling up the DagBag from /opt/airflow/dags/main.py
[2026-02-23T23:20:22.015+0000] {processor.py:840} INFO - DAG(s) 'produce_json', 'data_quality', 'update_db' retrieved from /opt/airflow/dags/main.py
[2026-02-23T23:20:22.114+0000] {logging_mixin.py:188} INFO - [2026-02-23T23:20:22.113+0000] {dag.py:3096} INFO - Sync 3 DAGs
[2026-02-23T23:20:22.178+0000] {logging_mixin.py:188} INFO - [2026-02-23T23:20:22.177+0000] {dag.py:3954} INFO - Setting next_dagrun for data_quality to 2026-02-23 16:00:00+00:00, run_after=2026-02-24 16:00:00+00:00
[2026-02-23T23:20:22.189+0000] {logging_mixin.py:188} INFO - [2026-02-23T23:20:22.189+0000] {dag.py:3954} INFO - Setting next_dagrun for produce_json to 2026-02-23 14:00:00+00:00, run_after=2026-02-24 14:00:00+00:00
[2026-02-23T23:20:22.196+0000] {logging_mixin.py:188} INFO - [2026-02-23T23:20:22.196+0000] {dag.py:3954} INFO - Setting next_dagrun for update_db to 2026-02-23 15:00:00+00:00, run_after=2026-02-24 15:00:00+00:00
[2026-02-23T23:20:22.249+0000] {processor.py:183} INFO - Processing /opt/airflow/dags/main.py took 0.352 seconds
[2026-02-23T23:20:52.470+0000] {processor.py:161} INFO - Started process (PID=291) to work on /opt/airflow/dags/main.py
[2026-02-23T23:20:52.474+0000] {processor.py:830} INFO - Processing file /opt/airflow/dags/main.py for tasks to queue
[2026-02-23T23:20:52.480+0000] {logging_mixin.py:188} INFO - [2026-02-23T23:20:52.479+0000] {dagbag.py:545} INFO - Filling up the DagBag from /opt/airflow/dags/main.py
[2026-02-23T23:20:52.549+0000] {processor.py:840} INFO - DAG(s) 'data_quality', 'produce_json', 'update_db' retrieved from /opt/airflow/dags/main.py
[2026-02-23T23:20:52.657+0000] {logging_mixin.py:188} INFO - [2026-02-23T23:20:52.656+0000] {dag.py:3096} INFO - Sync 3 DAGs
[2026-02-23T23:20:52.695+0000] {logging_mixin.py:188} INFO - [2026-02-23T23:20:52.695+0000] {dag.py:3954} INFO - Setting next_dagrun for data_quality to 2026-02-23 16:00:00+00:00, run_after=2026-02-24 16:00:00+00:00
[2026-02-23T23:20:52.703+0000] {logging_mixin.py:188} INFO - [2026-02-23T23:20:52.703+0000] {dag.py:3954} INFO - Setting next_dagrun for produce_json to 2026-02-23 14:00:00+00:00, run_after=2026-02-24 14:00:00+00:00
[2026-02-23T23:20:52.708+0000] {logging_mixin.py:188} INFO - [2026-02-23T23:20:52.708+0000] {dag.py:3954} INFO - Setting next_dagrun for update_db to 2026-02-23 15:00:00+00:00, run_after=2026-02-24 15:00:00+00:00
[2026-02-23T23:20:52.735+0000] {processor.py:183} INFO - Processing /opt/airflow/dags/main.py took 0.275 seconds
[2026-02-23T23:21:22.799+0000] {processor.py:161} INFO - Started process (PID=298) to work on /opt/airflow/dags/main.py
[2026-02-23T23:21:22.803+0000] {processor.py:830} INFO - Processing file /opt/airflow/dags/main.py for tasks to queue
[2026-02-23T23:21:22.808+0000] {logging_mixin.py:188} INFO - [2026-02-23T23:21:22.807+0000] {dagbag.py:545} INFO - Filling up the DagBag from /opt/airflow/dags/main.py
[2026-02-23T23:21:22.941+0000] {processor.py:840} INFO - DAG(s) 'data_quality', 'update_db', 'produce_json' retrieved from /opt/airflow/dags/main.py
[2026-02-23T23:21:23.047+0000] {logging_mixin.py:188} INFO - [2026-02-23T23:21:23.046+0000] {dag.py:3096} INFO - Sync 3 DAGs
[2026-02-23T23:21:23.114+0000] {logging_mixin.py:188} INFO - [2026-02-23T23:21:23.114+0000] {dag.py:3954} INFO - Setting next_dagrun for data_quality to 2026-02-23 16:00:00+00:00, run_after=2026-02-24 16:00:00+00:00
[2026-02-23T23:21:23.139+0000] {logging_mixin.py:188} INFO - [2026-02-23T23:21:23.138+0000] {dag.py:3954} INFO - Setting next_dagrun for produce_json to 2026-02-23 14:00:00+00:00, run_after=2026-02-24 14:00:00+00:00
[2026-02-23T23:21:23.163+0000] {logging_mixin.py:188} INFO - [2026-02-23T23:21:23.163+0000] {dag.py:3954} INFO - Setting next_dagrun for update_db to 2026-02-23 15:00:00+00:00, run_after=2026-02-24 15:00:00+00:00
[2026-02-23T23:21:23.216+0000] {processor.py:183} INFO - Processing /opt/airflow/dags/main.py took 0.428 seconds
[2026-02-23T23:21:53.773+0000] {processor.py:161} INFO - Started process (PID=306) to work on /opt/airflow/dags/main.py
[2026-02-23T23:21:53.775+0000] {processor.py:830} INFO - Processing file /opt/airflow/dags/main.py for tasks to queue
[2026-02-23T23:21:53.778+0000] {logging_mixin.py:188} INFO - [2026-02-23T23:21:53.777+0000] {dagbag.py:545} INFO - Filling up the DagBag from /opt/airflow/dags/main.py
[2026-02-23T23:21:53.852+0000] {processor.py:840} INFO - DAG(s) 'update_db', 'produce_json', 'data_quality' retrieved from /opt/airflow/dags/main.py
[2026-02-23T23:21:53.957+0000] {logging_mixin.py:188} INFO - [2026-02-23T23:21:53.956+0000] {dag.py:3096} INFO - Sync 3 DAGs
[2026-02-23T23:21:54.019+0000] {logging_mixin.py:188} INFO - [2026-02-23T23:21:54.019+0000] {dag.py:3954} INFO - Setting next_dagrun for data_quality to 2026-02-23 16:00:00+00:00, run_after=2026-02-24 16:00:00+00:00
[2026-02-23T23:21:54.031+0000] {logging_mixin.py:188} INFO - [2026-02-23T23:21:54.030+0000] {dag.py:3954} INFO - Setting next_dagrun for produce_json to 2026-02-23 14:00:00+00:00, run_after=2026-02-24 14:00:00+00:00
[2026-02-23T23:21:54.039+0000] {logging_mixin.py:188} INFO - [2026-02-23T23:21:54.039+0000] {dag.py:3954} INFO - Setting next_dagrun for update_db to 2026-02-23 15:00:00+00:00, run_after=2026-02-24 15:00:00+00:00
[2026-02-23T23:21:54.085+0000] {processor.py:183} INFO - Processing /opt/airflow/dags/main.py took 0.350 seconds
[2026-02-23T23:22:24.824+0000] {processor.py:161} INFO - Started process (PID=314) to work on /opt/airflow/dags/main.py
[2026-02-23T23:22:24.833+0000] {processor.py:830} INFO - Processing file /opt/airflow/dags/main.py for tasks to queue
[2026-02-23T23:22:24.866+0000] {logging_mixin.py:188} INFO - [2026-02-23T23:22:24.866+0000] {dagbag.py:545} INFO - Filling up the DagBag from /opt/airflow/dags/main.py
[2026-02-23T23:22:24.985+0000] {processor.py:840} INFO - DAG(s) 'data_quality', 'update_db', 'produce_json' retrieved from /opt/airflow/dags/main.py
[2026-02-23T23:22:25.049+0000] {logging_mixin.py:188} INFO - [2026-02-23T23:22:25.049+0000] {dag.py:3096} INFO - Sync 3 DAGs
[2026-02-23T23:22:25.085+0000] {logging_mixin.py:188} INFO - [2026-02-23T23:22:25.084+0000] {dag.py:3954} INFO - Setting next_dagrun for data_quality to 2026-02-23 16:00:00+00:00, run_after=2026-02-24 16:00:00+00:00
[2026-02-23T23:22:25.095+0000] {logging_mixin.py:188} INFO - [2026-02-23T23:22:25.094+0000] {dag.py:3954} INFO - Setting next_dagrun for produce_json to 2026-02-23 14:00:00+00:00, run_after=2026-02-24 14:00:00+00:00
[2026-02-23T23:22:25.102+0000] {logging_mixin.py:188} INFO - [2026-02-23T23:22:25.102+0000] {dag.py:3954} INFO - Setting next_dagrun for update_db to 2026-02-23 15:00:00+00:00, run_after=2026-02-24 15:00:00+00:00
[2026-02-23T23:22:25.309+0000] {processor.py:183} INFO - Processing /opt/airflow/dags/main.py took 0.524 seconds
[2026-02-23T23:22:55.992+0000] {processor.py:161} INFO - Started process (PID=323) to work on /opt/airflow/dags/main.py
[2026-02-23T23:22:55.996+0000] {processor.py:830} INFO - Processing file /opt/airflow/dags/main.py for tasks to queue
[2026-02-23T23:22:56.005+0000] {logging_mixin.py:188} INFO - [2026-02-23T23:22:56.005+0000] {dagbag.py:545} INFO - Filling up the DagBag from /opt/airflow/dags/main.py
[2026-02-23T23:22:56.126+0000] {processor.py:840} INFO - DAG(s) 'data_quality', 'produce_json', 'update_db' retrieved from /opt/airflow/dags/main.py
[2026-02-23T23:22:56.255+0000] {logging_mixin.py:188} INFO - [2026-02-23T23:22:56.255+0000] {dag.py:3096} INFO - Sync 3 DAGs
[2026-02-23T23:22:56.307+0000] {logging_mixin.py:188} INFO - [2026-02-23T23:22:56.307+0000] {dag.py:3954} INFO - Setting next_dagrun for data_quality to 2026-02-23 16:00:00+00:00, run_after=2026-02-24 16:00:00+00:00
[2026-02-23T23:22:56.321+0000] {logging_mixin.py:188} INFO - [2026-02-23T23:22:56.321+0000] {dag.py:3954} INFO - Setting next_dagrun for produce_json to 2026-02-23 14:00:00+00:00, run_after=2026-02-24 14:00:00+00:00
[2026-02-23T23:22:56.329+0000] {logging_mixin.py:188} INFO - [2026-02-23T23:22:56.328+0000] {dag.py:3954} INFO - Setting next_dagrun for update_db to 2026-02-23 15:00:00+00:00, run_after=2026-02-24 15:00:00+00:00
[2026-02-23T23:22:56.376+0000] {processor.py:183} INFO - Processing /opt/airflow/dags/main.py took 0.412 seconds
[2026-02-23T23:23:26.628+0000] {processor.py:161} INFO - Started process (PID=330) to work on /opt/airflow/dags/main.py
[2026-02-23T23:23:26.639+0000] {processor.py:830} INFO - Processing file /opt/airflow/dags/main.py for tasks to queue
[2026-02-23T23:23:26.647+0000] {logging_mixin.py:188} INFO - [2026-02-23T23:23:26.647+0000] {dagbag.py:545} INFO - Filling up the DagBag from /opt/airflow/dags/main.py
[2026-02-23T23:23:26.748+0000] {processor.py:840} INFO - DAG(s) 'update_db', 'produce_json', 'data_quality' retrieved from /opt/airflow/dags/main.py
[2026-02-23T23:23:26.886+0000] {logging_mixin.py:188} INFO - [2026-02-23T23:23:26.886+0000] {dag.py:3096} INFO - Sync 3 DAGs
[2026-02-23T23:23:26.960+0000] {logging_mixin.py:188} INFO - [2026-02-23T23:23:26.960+0000] {dag.py:3954} INFO - Setting next_dagrun for data_quality to 2026-02-23 16:00:00+00:00, run_after=2026-02-24 16:00:00+00:00
[2026-02-23T23:23:26.974+0000] {logging_mixin.py:188} INFO - [2026-02-23T23:23:26.974+0000] {dag.py:3954} INFO - Setting next_dagrun for produce_json to 2026-02-23 14:00:00+00:00, run_after=2026-02-24 14:00:00+00:00
[2026-02-23T23:23:26.986+0000] {logging_mixin.py:188} INFO - [2026-02-23T23:23:26.986+0000] {dag.py:3954} INFO - Setting next_dagrun for update_db to 2026-02-23 15:00:00+00:00, run_after=2026-02-24 15:00:00+00:00
[2026-02-23T23:23:27.033+0000] {processor.py:183} INFO - Processing /opt/airflow/dags/main.py took 0.416 seconds
[2026-02-23T23:23:57.160+0000] {processor.py:161} INFO - Started process (PID=337) to work on /opt/airflow/dags/main.py
[2026-02-23T23:23:57.164+0000] {processor.py:830} INFO - Processing file /opt/airflow/dags/main.py for tasks to queue
[2026-02-23T23:23:57.168+0000] {logging_mixin.py:188} INFO - [2026-02-23T23:23:57.168+0000] {dagbag.py:545} INFO - Filling up the DagBag from /opt/airflow/dags/main.py
[2026-02-23T23:23:57.240+0000] {processor.py:840} INFO - DAG(s) 'produce_json', 'update_db', 'data_quality' retrieved from /opt/airflow/dags/main.py
[2026-02-23T23:23:57.323+0000] {logging_mixin.py:188} INFO - [2026-02-23T23:23:57.322+0000] {dag.py:3096} INFO - Sync 3 DAGs
[2026-02-23T23:23:57.381+0000] {logging_mixin.py:188} INFO - [2026-02-23T23:23:57.381+0000] {dag.py:3954} INFO - Setting next_dagrun for data_quality to 2026-02-23 16:00:00+00:00, run_after=2026-02-24 16:00:00+00:00
[2026-02-23T23:23:57.392+0000] {logging_mixin.py:188} INFO - [2026-02-23T23:23:57.392+0000] {dag.py:3954} INFO - Setting next_dagrun for produce_json to 2026-02-23 14:00:00+00:00, run_after=2026-02-24 14:00:00+00:00
[2026-02-23T23:23:57.399+0000] {logging_mixin.py:188} INFO - [2026-02-23T23:23:57.399+0000] {dag.py:3954} INFO - Setting next_dagrun for update_db to 2026-02-23 15:00:00+00:00, run_after=2026-02-24 15:00:00+00:00
[2026-02-23T23:23:57.441+0000] {processor.py:183} INFO - Processing /opt/airflow/dags/main.py took 0.296 seconds
[2026-02-23T23:24:28.219+0000] {processor.py:161} INFO - Started process (PID=345) to work on /opt/airflow/dags/main.py
[2026-02-23T23:24:28.223+0000] {processor.py:830} INFO - Processing file /opt/airflow/dags/main.py for tasks to queue
[2026-02-23T23:24:28.226+0000] {logging_mixin.py:188} INFO - [2026-02-23T23:24:28.226+0000] {dagbag.py:545} INFO - Filling up the DagBag from /opt/airflow/dags/main.py
[2026-02-23T23:24:28.350+0000] {processor.py:840} INFO - DAG(s) 'data_quality', 'produce_json', 'update_db' retrieved from /opt/airflow/dags/main.py
[2026-02-23T23:24:28.447+0000] {logging_mixin.py:188} INFO - [2026-02-23T23:24:28.446+0000] {dag.py:3096} INFO - Sync 3 DAGs
[2026-02-23T23:24:28.507+0000] {logging_mixin.py:188} INFO - [2026-02-23T23:24:28.507+0000] {dag.py:3954} INFO - Setting next_dagrun for data_quality to 2026-02-23 16:00:00+00:00, run_after=2026-02-24 16:00:00+00:00
[2026-02-23T23:24:28.518+0000] {logging_mixin.py:188} INFO - [2026-02-23T23:24:28.518+0000] {dag.py:3954} INFO - Setting next_dagrun for produce_json to 2026-02-23 14:00:00+00:00, run_after=2026-02-24 14:00:00+00:00
[2026-02-23T23:24:28.529+0000] {logging_mixin.py:188} INFO - [2026-02-23T23:24:28.528+0000] {dag.py:3954} INFO - Setting next_dagrun for update_db to 2026-02-23 15:00:00+00:00, run_after=2026-02-24 15:00:00+00:00
[2026-02-23T23:24:28.580+0000] {processor.py:183} INFO - Processing /opt/airflow/dags/main.py took 0.381 seconds
[2026-02-23T23:24:58.737+0000] {processor.py:161} INFO - Started process (PID=353) to work on /opt/airflow/dags/main.py
[2026-02-23T23:24:58.740+0000] {processor.py:830} INFO - Processing file /opt/airflow/dags/main.py for tasks to queue
[2026-02-23T23:24:58.745+0000] {logging_mixin.py:188} INFO - [2026-02-23T23:24:58.744+0000] {dagbag.py:545} INFO - Filling up the DagBag from /opt/airflow/dags/main.py
[2026-02-23T23:24:58.819+0000] {processor.py:840} INFO - DAG(s) 'data_quality', 'produce_json', 'update_db' retrieved from /opt/airflow/dags/main.py
[2026-02-23T23:24:58.921+0000] {logging_mixin.py:188} INFO - [2026-02-23T23:24:58.921+0000] {dag.py:3096} INFO - Sync 3 DAGs
[2026-02-23T23:24:58.970+0000] {logging_mixin.py:188} INFO - [2026-02-23T23:24:58.970+0000] {dag.py:3954} INFO - Setting next_dagrun for data_quality to 2026-02-23 16:00:00+00:00, run_after=2026-02-24 16:00:00+00:00
[2026-02-23T23:24:58.983+0000] {logging_mixin.py:188} INFO - [2026-02-23T23:24:58.982+0000] {dag.py:3954} INFO - Setting next_dagrun for produce_json to 2026-02-23 14:00:00+00:00, run_after=2026-02-24 14:00:00+00:00
[2026-02-23T23:24:58.993+0000] {logging_mixin.py:188} INFO - [2026-02-23T23:24:58.992+0000] {dag.py:3954} INFO - Setting next_dagrun for update_db to 2026-02-23 15:00:00+00:00, run_after=2026-02-24 15:00:00+00:00
[2026-02-23T23:24:59.038+0000] {processor.py:183} INFO - Processing /opt/airflow/dags/main.py took 0.320 seconds
[2026-02-23T23:25:30.045+0000] {processor.py:161} INFO - Started process (PID=360) to work on /opt/airflow/dags/main.py
[2026-02-23T23:25:30.047+0000] {processor.py:830} INFO - Processing file /opt/airflow/dags/main.py for tasks to queue
[2026-02-23T23:25:30.050+0000] {logging_mixin.py:188} INFO - [2026-02-23T23:25:30.049+0000] {dagbag.py:545} INFO - Filling up the DagBag from /opt/airflow/dags/main.py
[2026-02-23T23:25:30.125+0000] {processor.py:840} INFO - DAG(s) 'data_quality', 'produce_json', 'update_db' retrieved from /opt/airflow/dags/main.py
[2026-02-23T23:25:30.201+0000] {logging_mixin.py:188} INFO - [2026-02-23T23:25:30.200+0000] {dag.py:3096} INFO - Sync 3 DAGs
[2026-02-23T23:25:30.255+0000] {logging_mixin.py:188} INFO - [2026-02-23T23:25:30.255+0000] {dag.py:3954} INFO - Setting next_dagrun for data_quality to 2026-02-23 16:00:00+00:00, run_after=2026-02-24 16:00:00+00:00
[2026-02-23T23:25:30.267+0000] {logging_mixin.py:188} INFO - [2026-02-23T23:25:30.267+0000] {dag.py:3954} INFO - Setting next_dagrun for produce_json to 2026-02-23 14:00:00+00:00, run_after=2026-02-24 14:00:00+00:00
[2026-02-23T23:25:30.275+0000] {logging_mixin.py:188} INFO - [2026-02-23T23:25:30.275+0000] {dag.py:3954} INFO - Setting next_dagrun for update_db to 2026-02-23 15:00:00+00:00, run_after=2026-02-24 15:00:00+00:00
[2026-02-23T23:25:30.325+0000] {processor.py:183} INFO - Processing /opt/airflow/dags/main.py took 0.290 seconds
[2026-02-23T23:26:01.186+0000] {processor.py:161} INFO - Started process (PID=368) to work on /opt/airflow/dags/main.py
[2026-02-23T23:26:01.190+0000] {processor.py:830} INFO - Processing file /opt/airflow/dags/main.py for tasks to queue
[2026-02-23T23:26:01.194+0000] {logging_mixin.py:188} INFO - [2026-02-23T23:26:01.193+0000] {dagbag.py:545} INFO - Filling up the DagBag from /opt/airflow/dags/main.py
[2026-02-23T23:26:01.286+0000] {processor.py:840} INFO - DAG(s) 'data_quality', 'update_db', 'produce_json' retrieved from /opt/airflow/dags/main.py
[2026-02-23T23:26:01.341+0000] {logging_mixin.py:188} INFO - [2026-02-23T23:26:01.339+0000] {dag.py:3096} INFO - Sync 3 DAGs
[2026-02-23T23:26:01.375+0000] {logging_mixin.py:188} INFO - [2026-02-23T23:26:01.375+0000] {dag.py:3954} INFO - Setting next_dagrun for data_quality to 2026-02-23 16:00:00+00:00, run_after=2026-02-24 16:00:00+00:00
[2026-02-23T23:26:01.383+0000] {logging_mixin.py:188} INFO - [2026-02-23T23:26:01.383+0000] {dag.py:3954} INFO - Setting next_dagrun for produce_json to 2026-02-23 14:00:00+00:00, run_after=2026-02-24 14:00:00+00:00
[2026-02-23T23:26:01.389+0000] {logging_mixin.py:188} INFO - [2026-02-23T23:26:01.389+0000] {dag.py:3954} INFO - Setting next_dagrun for update_db to 2026-02-23 15:00:00+00:00, run_after=2026-02-24 15:00:00+00:00
[2026-02-23T23:26:01.453+0000] {processor.py:183} INFO - Processing /opt/airflow/dags/main.py took 0.279 seconds
[2026-02-23T23:26:31.974+0000] {processor.py:161} INFO - Started process (PID=375) to work on /opt/airflow/dags/main.py
[2026-02-23T23:26:31.977+0000] {processor.py:830} INFO - Processing file /opt/airflow/dags/main.py for tasks to queue
[2026-02-23T23:26:31.980+0000] {logging_mixin.py:188} INFO - [2026-02-23T23:26:31.979+0000] {dagbag.py:545} INFO - Filling up the DagBag from /opt/airflow/dags/main.py
[2026-02-23T23:26:32.055+0000] {processor.py:840} INFO - DAG(s) 'update_db', 'produce_json', 'data_quality' retrieved from /opt/airflow/dags/main.py
[2026-02-23T23:26:32.145+0000] {logging_mixin.py:188} INFO - [2026-02-23T23:26:32.145+0000] {dag.py:3096} INFO - Sync 3 DAGs
[2026-02-23T23:26:32.201+0000] {logging_mixin.py:188} INFO - [2026-02-23T23:26:32.201+0000] {dag.py:3954} INFO - Setting next_dagrun for data_quality to 2026-02-23 16:00:00+00:00, run_after=2026-02-24 16:00:00+00:00
[2026-02-23T23:26:32.215+0000] {logging_mixin.py:188} INFO - [2026-02-23T23:26:32.214+0000] {dag.py:3954} INFO - Setting next_dagrun for produce_json to 2026-02-23 14:00:00+00:00, run_after=2026-02-24 14:00:00+00:00
[2026-02-23T23:26:32.222+0000] {logging_mixin.py:188} INFO - [2026-02-23T23:26:32.221+0000] {dag.py:3954} INFO - Setting next_dagrun for update_db to 2026-02-23 15:00:00+00:00, run_after=2026-02-24 15:00:00+00:00
[2026-02-23T23:26:32.272+0000] {processor.py:183} INFO - Processing /opt/airflow/dags/main.py took 0.309 seconds
[2026-02-23T23:27:02.385+0000] {processor.py:161} INFO - Started process (PID=382) to work on /opt/airflow/dags/main.py
[2026-02-23T23:27:02.388+0000] {processor.py:830} INFO - Processing file /opt/airflow/dags/main.py for tasks to queue
[2026-02-23T23:27:02.393+0000] {logging_mixin.py:188} INFO - [2026-02-23T23:27:02.392+0000] {dagbag.py:545} INFO - Filling up the DagBag from /opt/airflow/dags/main.py
[2026-02-23T23:27:02.478+0000] {processor.py:840} INFO - DAG(s) 'produce_json', 'data_quality', 'update_db' retrieved from /opt/airflow/dags/main.py
[2026-02-23T23:27:02.567+0000] {logging_mixin.py:188} INFO - [2026-02-23T23:27:02.567+0000] {dag.py:3096} INFO - Sync 3 DAGs
[2026-02-23T23:27:02.617+0000] {logging_mixin.py:188} INFO - [2026-02-23T23:27:02.617+0000] {dag.py:3954} INFO - Setting next_dagrun for data_quality to 2026-02-23 16:00:00+00:00, run_after=2026-02-24 16:00:00+00:00
[2026-02-23T23:27:02.637+0000] {logging_mixin.py:188} INFO - [2026-02-23T23:27:02.637+0000] {dag.py:3954} INFO - Setting next_dagrun for produce_json to 2026-02-23 14:00:00+00:00, run_after=2026-02-24 14:00:00+00:00
[2026-02-23T23:27:02.648+0000] {logging_mixin.py:188} INFO - [2026-02-23T23:27:02.647+0000] {dag.py:3954} INFO - Setting next_dagrun for update_db to 2026-02-23 15:00:00+00:00, run_after=2026-02-24 15:00:00+00:00
[2026-02-23T23:27:02.691+0000] {processor.py:183} INFO - Processing /opt/airflow/dags/main.py took 0.320 seconds
[2026-02-23T23:27:34.027+0000] {processor.py:161} INFO - Started process (PID=389) to work on /opt/airflow/dags/main.py
[2026-02-23T23:27:34.048+0000] {processor.py:830} INFO - Processing file /opt/airflow/dags/main.py for tasks to queue
[2026-02-23T23:27:34.070+0000] {logging_mixin.py:188} INFO - [2026-02-23T23:27:34.069+0000] {dagbag.py:545} INFO - Filling up the DagBag from /opt/airflow/dags/main.py
[2026-02-23T23:27:34.159+0000] {processor.py:840} INFO - DAG(s) 'data_quality', 'update_db', 'produce_json' retrieved from /opt/airflow/dags/main.py
[2026-02-23T23:27:34.701+0000] {logging_mixin.py:188} INFO - [2026-02-23T23:27:34.701+0000] {dag.py:3096} INFO - Sync 3 DAGs
[2026-02-23T23:27:34.757+0000] {logging_mixin.py:188} INFO - [2026-02-23T23:27:34.757+0000] {dag.py:3954} INFO - Setting next_dagrun for data_quality to 2026-02-23 16:00:00+00:00, run_after=2026-02-24 16:00:00+00:00
[2026-02-23T23:27:34.766+0000] {logging_mixin.py:188} INFO - [2026-02-23T23:27:34.766+0000] {dag.py:3954} INFO - Setting next_dagrun for produce_json to 2026-02-23 14:00:00+00:00, run_after=2026-02-24 14:00:00+00:00
[2026-02-23T23:27:34.771+0000] {logging_mixin.py:188} INFO - [2026-02-23T23:27:34.771+0000] {dag.py:3954} INFO - Setting next_dagrun for update_db to 2026-02-23 15:00:00+00:00, run_after=2026-02-24 15:00:00+00:00
[2026-02-23T23:27:34.812+0000] {processor.py:183} INFO - Processing /opt/airflow/dags/main.py took 0.846 seconds
[2026-02-23T23:28:05.241+0000] {processor.py:161} INFO - Started process (PID=395) to work on /opt/airflow/dags/main.py
[2026-02-23T23:28:05.244+0000] {processor.py:830} INFO - Processing file /opt/airflow/dags/main.py for tasks to queue
[2026-02-23T23:28:05.250+0000] {logging_mixin.py:188} INFO - [2026-02-23T23:28:05.249+0000] {dagbag.py:545} INFO - Filling up the DagBag from /opt/airflow/dags/main.py
[2026-02-23T23:28:05.342+0000] {processor.py:840} INFO - DAG(s) 'update_db', 'data_quality', 'produce_json' retrieved from /opt/airflow/dags/main.py
[2026-02-23T23:28:05.410+0000] {logging_mixin.py:188} INFO - [2026-02-23T23:28:05.409+0000] {dag.py:3096} INFO - Sync 3 DAGs
[2026-02-23T23:28:05.458+0000] {logging_mixin.py:188} INFO - [2026-02-23T23:28:05.458+0000] {dag.py:3954} INFO - Setting next_dagrun for data_quality to 2026-02-23 16:00:00+00:00, run_after=2026-02-24 16:00:00+00:00
[2026-02-23T23:28:05.470+0000] {logging_mixin.py:188} INFO - [2026-02-23T23:28:05.470+0000] {dag.py:3954} INFO - Setting next_dagrun for produce_json to 2026-02-23 14:00:00+00:00, run_after=2026-02-24 14:00:00+00:00
[2026-02-23T23:28:05.476+0000] {logging_mixin.py:188} INFO - [2026-02-23T23:28:05.476+0000] {dag.py:3954} INFO - Setting next_dagrun for update_db to 2026-02-23 15:00:00+00:00, run_after=2026-02-24 15:00:00+00:00
[2026-02-23T23:28:05.530+0000] {processor.py:183} INFO - Processing /opt/airflow/dags/main.py took 0.306 seconds
[2026-02-23T23:28:35.583+0000] {processor.py:161} INFO - Started process (PID=402) to work on /opt/airflow/dags/main.py
[2026-02-23T23:28:35.586+0000] {processor.py:830} INFO - Processing file /opt/airflow/dags/main.py for tasks to queue
[2026-02-23T23:28:35.591+0000] {logging_mixin.py:188} INFO - [2026-02-23T23:28:35.590+0000] {dagbag.py:545} INFO - Filling up the DagBag from /opt/airflow/dags/main.py
[2026-02-23T23:28:35.661+0000] {processor.py:840} INFO - DAG(s) 'produce_json', 'update_db', 'data_quality' retrieved from /opt/airflow/dags/main.py
[2026-02-23T23:28:35.762+0000] {logging_mixin.py:188} INFO - [2026-02-23T23:28:35.760+0000] {dag.py:3096} INFO - Sync 3 DAGs
[2026-02-23T23:28:35.813+0000] {logging_mixin.py:188} INFO - [2026-02-23T23:28:35.813+0000] {dag.py:3954} INFO - Setting next_dagrun for data_quality to 2026-02-23 16:00:00+00:00, run_after=2026-02-24 16:00:00+00:00
[2026-02-23T23:28:35.827+0000] {logging_mixin.py:188} INFO - [2026-02-23T23:28:35.827+0000] {dag.py:3954} INFO - Setting next_dagrun for produce_json to 2026-02-23 14:00:00+00:00, run_after=2026-02-24 14:00:00+00:00
[2026-02-23T23:28:35.834+0000] {logging_mixin.py:188} INFO - [2026-02-23T23:28:35.834+0000] {dag.py:3954} INFO - Setting next_dagrun for update_db to 2026-02-23 15:00:00+00:00, run_after=2026-02-24 15:00:00+00:00
[2026-02-23T23:28:35.881+0000] {processor.py:183} INFO - Processing /opt/airflow/dags/main.py took 0.314 seconds
[2026-02-23T23:29:06.228+0000] {processor.py:161} INFO - Started process (PID=409) to work on /opt/airflow/dags/main.py
[2026-02-23T23:29:06.232+0000] {processor.py:830} INFO - Processing file /opt/airflow/dags/main.py for tasks to queue
[2026-02-23T23:29:06.237+0000] {logging_mixin.py:188} INFO - [2026-02-23T23:29:06.235+0000] {dagbag.py:545} INFO - Filling up the DagBag from /opt/airflow/dags/main.py
[2026-02-23T23:29:06.333+0000] {processor.py:840} INFO - DAG(s) 'data_quality', 'update_db', 'produce_json' retrieved from /opt/airflow/dags/main.py
[2026-02-23T23:29:06.418+0000] {logging_mixin.py:188} INFO - [2026-02-23T23:29:06.417+0000] {dag.py:3096} INFO - Sync 3 DAGs
[2026-02-23T23:29:06.465+0000] {logging_mixin.py:188} INFO - [2026-02-23T23:29:06.465+0000] {dag.py:3954} INFO - Setting next_dagrun for data_quality to 2026-02-23 16:00:00+00:00, run_after=2026-02-24 16:00:00+00:00
[2026-02-23T23:29:06.482+0000] {logging_mixin.py:188} INFO - [2026-02-23T23:29:06.481+0000] {dag.py:3954} INFO - Setting next_dagrun for produce_json to 2026-02-23 14:00:00+00:00, run_after=2026-02-24 14:00:00+00:00
[2026-02-23T23:29:06.491+0000] {logging_mixin.py:188} INFO - [2026-02-23T23:29:06.491+0000] {dag.py:3954} INFO - Setting next_dagrun for update_db to 2026-02-23 15:00:00+00:00, run_after=2026-02-24 15:00:00+00:00
[2026-02-23T23:29:06.539+0000] {processor.py:183} INFO - Processing /opt/airflow/dags/main.py took 0.328 seconds
[2026-02-23T23:29:36.709+0000] {processor.py:161} INFO - Started process (PID=415) to work on /opt/airflow/dags/main.py
[2026-02-23T23:29:36.715+0000] {processor.py:830} INFO - Processing file /opt/airflow/dags/main.py for tasks to queue
[2026-02-23T23:29:36.719+0000] {logging_mixin.py:188} INFO - [2026-02-23T23:29:36.718+0000] {dagbag.py:545} INFO - Filling up the DagBag from /opt/airflow/dags/main.py
[2026-02-23T23:29:36.792+0000] {processor.py:840} INFO - DAG(s) 'produce_json', 'data_quality', 'update_db' retrieved from /opt/airflow/dags/main.py
[2026-02-23T23:29:36.865+0000] {logging_mixin.py:188} INFO - [2026-02-23T23:29:36.865+0000] {dag.py:3096} INFO - Sync 3 DAGs
[2026-02-23T23:29:36.937+0000] {logging_mixin.py:188} INFO - [2026-02-23T23:29:36.937+0000] {dag.py:3954} INFO - Setting next_dagrun for data_quality to 2026-02-23 16:00:00+00:00, run_after=2026-02-24 16:00:00+00:00
[2026-02-23T23:29:36.950+0000] {logging_mixin.py:188} INFO - [2026-02-23T23:29:36.950+0000] {dag.py:3954} INFO - Setting next_dagrun for produce_json to 2026-02-23 14:00:00+00:00, run_after=2026-02-24 14:00:00+00:00
[2026-02-23T23:29:36.963+0000] {logging_mixin.py:188} INFO - [2026-02-23T23:29:36.962+0000] {dag.py:3954} INFO - Setting next_dagrun for update_db to 2026-02-23 15:00:00+00:00, run_after=2026-02-24 15:00:00+00:00
[2026-02-23T23:29:37.013+0000] {processor.py:183} INFO - Processing /opt/airflow/dags/main.py took 0.318 seconds
[2026-02-23T23:30:07.109+0000] {processor.py:161} INFO - Started process (PID=422) to work on /opt/airflow/dags/main.py
[2026-02-23T23:30:07.113+0000] {processor.py:830} INFO - Processing file /opt/airflow/dags/main.py for tasks to queue
[2026-02-23T23:30:07.125+0000] {logging_mixin.py:188} INFO - [2026-02-23T23:30:07.124+0000] {dagbag.py:545} INFO - Filling up the DagBag from /opt/airflow/dags/main.py
[2026-02-23T23:30:07.196+0000] {processor.py:840} INFO - DAG(s) 'data_quality', 'produce_json', 'update_db' retrieved from /opt/airflow/dags/main.py
[2026-02-23T23:30:07.285+0000] {logging_mixin.py:188} INFO - [2026-02-23T23:30:07.285+0000] {dag.py:3096} INFO - Sync 3 DAGs
[2026-02-23T23:30:07.336+0000] {logging_mixin.py:188} INFO - [2026-02-23T23:30:07.335+0000] {dag.py:3954} INFO - Setting next_dagrun for data_quality to 2026-02-23 16:00:00+00:00, run_after=2026-02-24 16:00:00+00:00
[2026-02-23T23:30:07.347+0000] {logging_mixin.py:188} INFO - [2026-02-23T23:30:07.347+0000] {dag.py:3954} INFO - Setting next_dagrun for produce_json to 2026-02-23 14:00:00+00:00, run_after=2026-02-24 14:00:00+00:00
[2026-02-23T23:30:07.355+0000] {logging_mixin.py:188} INFO - [2026-02-23T23:30:07.355+0000] {dag.py:3954} INFO - Setting next_dagrun for update_db to 2026-02-23 15:00:00+00:00, run_after=2026-02-24 15:00:00+00:00
[2026-02-23T23:30:07.404+0000] {processor.py:183} INFO - Processing /opt/airflow/dags/main.py took 0.307 seconds
[2026-02-23T23:30:37.695+0000] {processor.py:161} INFO - Started process (PID=429) to work on /opt/airflow/dags/main.py
[2026-02-23T23:30:37.699+0000] {processor.py:830} INFO - Processing file /opt/airflow/dags/main.py for tasks to queue
[2026-02-23T23:30:37.702+0000] {logging_mixin.py:188} INFO - [2026-02-23T23:30:37.701+0000] {dagbag.py:545} INFO - Filling up the DagBag from /opt/airflow/dags/main.py
[2026-02-23T23:30:37.775+0000] {processor.py:840} INFO - DAG(s) 'produce_json', 'update_db', 'data_quality' retrieved from /opt/airflow/dags/main.py
[2026-02-23T23:30:37.889+0000] {logging_mixin.py:188} INFO - [2026-02-23T23:30:37.888+0000] {dag.py:3096} INFO - Sync 3 DAGs
[2026-02-23T23:30:37.955+0000] {logging_mixin.py:188} INFO - [2026-02-23T23:30:37.955+0000] {dag.py:3954} INFO - Setting next_dagrun for data_quality to 2026-02-23 16:00:00+00:00, run_after=2026-02-24 16:00:00+00:00
[2026-02-23T23:30:37.974+0000] {logging_mixin.py:188} INFO - [2026-02-23T23:30:37.973+0000] {dag.py:3954} INFO - Setting next_dagrun for produce_json to 2026-02-23 14:00:00+00:00, run_after=2026-02-24 14:00:00+00:00
[2026-02-23T23:30:37.997+0000] {logging_mixin.py:188} INFO - [2026-02-23T23:30:37.996+0000] {dag.py:3954} INFO - Setting next_dagrun for update_db to 2026-02-23 15:00:00+00:00, run_after=2026-02-24 15:00:00+00:00
[2026-02-23T23:30:38.078+0000] {processor.py:183} INFO - Processing /opt/airflow/dags/main.py took 0.393 seconds
[2026-02-23T23:31:08.757+0000] {processor.py:161} INFO - Started process (PID=436) to work on /opt/airflow/dags/main.py
[2026-02-23T23:31:08.761+0000] {processor.py:830} INFO - Processing file /opt/airflow/dags/main.py for tasks to queue
[2026-02-23T23:31:08.766+0000] {logging_mixin.py:188} INFO - [2026-02-23T23:31:08.765+0000] {dagbag.py:545} INFO - Filling up the DagBag from /opt/airflow/dags/main.py
[2026-02-23T23:31:08.839+0000] {processor.py:840} INFO - DAG(s) 'produce_json', 'update_db', 'data_quality' retrieved from /opt/airflow/dags/main.py
[2026-02-23T23:31:08.925+0000] {logging_mixin.py:188} INFO - [2026-02-23T23:31:08.925+0000] {dag.py:3096} INFO - Sync 3 DAGs
[2026-02-23T23:31:09.006+0000] {logging_mixin.py:188} INFO - [2026-02-23T23:31:09.006+0000] {dag.py:3954} INFO - Setting next_dagrun for data_quality to 2026-02-23 16:00:00+00:00, run_after=2026-02-24 16:00:00+00:00
[2026-02-23T23:31:09.023+0000] {logging_mixin.py:188} INFO - [2026-02-23T23:31:09.022+0000] {dag.py:3954} INFO - Setting next_dagrun for produce_json to 2026-02-23 14:00:00+00:00, run_after=2026-02-24 14:00:00+00:00
[2026-02-23T23:31:09.031+0000] {logging_mixin.py:188} INFO - [2026-02-23T23:31:09.030+0000] {dag.py:3954} INFO - Setting next_dagrun for update_db to 2026-02-23 15:00:00+00:00, run_after=2026-02-24 15:00:00+00:00
[2026-02-23T23:31:09.089+0000] {processor.py:183} INFO - Processing /opt/airflow/dags/main.py took 0.355 seconds
[2026-02-23T23:31:40.078+0000] {processor.py:161} INFO - Started process (PID=445) to work on /opt/airflow/dags/main.py
[2026-02-23T23:31:40.082+0000] {processor.py:830} INFO - Processing file /opt/airflow/dags/main.py for tasks to queue
[2026-02-23T23:31:40.089+0000] {logging_mixin.py:188} INFO - [2026-02-23T23:31:40.088+0000] {dagbag.py:545} INFO - Filling up the DagBag from /opt/airflow/dags/main.py
[2026-02-23T23:31:40.183+0000] {processor.py:840} INFO - DAG(s) 'data_quality', 'produce_json', 'update_db' retrieved from /opt/airflow/dags/main.py
[2026-02-23T23:31:40.280+0000] {logging_mixin.py:188} INFO - [2026-02-23T23:31:40.279+0000] {dag.py:3096} INFO - Sync 3 DAGs
[2026-02-23T23:31:40.329+0000] {logging_mixin.py:188} INFO - [2026-02-23T23:31:40.329+0000] {dag.py:3954} INFO - Setting next_dagrun for data_quality to 2026-02-23 16:00:00+00:00, run_after=2026-02-24 16:00:00+00:00
[2026-02-23T23:31:40.346+0000] {logging_mixin.py:188} INFO - [2026-02-23T23:31:40.346+0000] {dag.py:3954} INFO - Setting next_dagrun for produce_json to 2026-02-23 14:00:00+00:00, run_after=2026-02-24 14:00:00+00:00
[2026-02-23T23:31:40.354+0000] {logging_mixin.py:188} INFO - [2026-02-23T23:31:40.354+0000] {dag.py:3954} INFO - Setting next_dagrun for update_db to 2026-02-23 15:00:00+00:00, run_after=2026-02-24 15:00:00+00:00
[2026-02-23T23:31:40.406+0000] {processor.py:183} INFO - Processing /opt/airflow/dags/main.py took 0.340 seconds
[2026-02-23T23:32:10.947+0000] {processor.py:161} INFO - Started process (PID=451) to work on /opt/airflow/dags/main.py
[2026-02-23T23:32:10.949+0000] {processor.py:830} INFO - Processing file /opt/airflow/dags/main.py for tasks to queue
[2026-02-23T23:32:10.952+0000] {logging_mixin.py:188} INFO - [2026-02-23T23:32:10.952+0000] {dagbag.py:545} INFO - Filling up the DagBag from /opt/airflow/dags/main.py
[2026-02-23T23:32:11.040+0000] {processor.py:840} INFO - DAG(s) 'produce_json', 'data_quality', 'update_db' retrieved from /opt/airflow/dags/main.py
[2026-02-23T23:32:11.263+0000] {logging_mixin.py:188} INFO - [2026-02-23T23:32:11.262+0000] {dag.py:3096} INFO - Sync 3 DAGs
[2026-02-23T23:32:11.304+0000] {logging_mixin.py:188} INFO - [2026-02-23T23:32:11.304+0000] {dag.py:3954} INFO - Setting next_dagrun for data_quality to 2026-02-23 16:00:00+00:00, run_after=2026-02-24 16:00:00+00:00
[2026-02-23T23:32:11.318+0000] {logging_mixin.py:188} INFO - [2026-02-23T23:32:11.317+0000] {dag.py:3954} INFO - Setting next_dagrun for produce_json to 2026-02-23 14:00:00+00:00, run_after=2026-02-24 14:00:00+00:00
[2026-02-23T23:32:11.326+0000] {logging_mixin.py:188} INFO - [2026-02-23T23:32:11.326+0000] {dag.py:3954} INFO - Setting next_dagrun for update_db to 2026-02-23 15:00:00+00:00, run_after=2026-02-24 15:00:00+00:00
[2026-02-23T23:32:11.356+0000] {processor.py:183} INFO - Processing /opt/airflow/dags/main.py took 0.435 seconds
[2026-02-23T23:32:41.771+0000] {processor.py:161} INFO - Started process (PID=458) to work on /opt/airflow/dags/main.py
[2026-02-23T23:32:41.775+0000] {processor.py:830} INFO - Processing file /opt/airflow/dags/main.py for tasks to queue
[2026-02-23T23:32:41.778+0000] {logging_mixin.py:188} INFO - [2026-02-23T23:32:41.778+0000] {dagbag.py:545} INFO - Filling up the DagBag from /opt/airflow/dags/main.py
[2026-02-23T23:32:41.878+0000] {processor.py:840} INFO - DAG(s) 'data_quality', 'produce_json', 'update_db' retrieved from /opt/airflow/dags/main.py
[2026-02-23T23:32:41.947+0000] {logging_mixin.py:188} INFO - [2026-02-23T23:32:41.947+0000] {dag.py:3096} INFO - Sync 3 DAGs
[2026-02-23T23:32:42.005+0000] {logging_mixin.py:188} INFO - [2026-02-23T23:32:42.004+0000] {dag.py:3954} INFO - Setting next_dagrun for data_quality to 2026-02-23 16:00:00+00:00, run_after=2026-02-24 16:00:00+00:00
[2026-02-23T23:32:42.016+0000] {logging_mixin.py:188} INFO - [2026-02-23T23:32:42.016+0000] {dag.py:3954} INFO - Setting next_dagrun for produce_json to 2026-02-23 14:00:00+00:00, run_after=2026-02-24 14:00:00+00:00
[2026-02-23T23:32:42.023+0000] {logging_mixin.py:188} INFO - [2026-02-23T23:32:42.022+0000] {dag.py:3954} INFO - Setting next_dagrun for update_db to 2026-02-23 15:00:00+00:00, run_after=2026-02-24 15:00:00+00:00
[2026-02-23T23:32:42.061+0000] {processor.py:183} INFO - Processing /opt/airflow/dags/main.py took 0.305 seconds
[2026-02-23T23:33:12.877+0000] {processor.py:161} INFO - Started process (PID=465) to work on /opt/airflow/dags/main.py
[2026-02-23T23:33:12.883+0000] {processor.py:830} INFO - Processing file /opt/airflow/dags/main.py for tasks to queue
[2026-02-23T23:33:12.887+0000] {logging_mixin.py:188} INFO - [2026-02-23T23:33:12.887+0000] {dagbag.py:545} INFO - Filling up the DagBag from /opt/airflow/dags/main.py
[2026-02-23T23:33:12.959+0000] {processor.py:840} INFO - DAG(s) 'update_db', 'data_quality', 'produce_json' retrieved from /opt/airflow/dags/main.py
[2026-02-23T23:33:13.046+0000] {logging_mixin.py:188} INFO - [2026-02-23T23:33:13.045+0000] {dag.py:3096} INFO - Sync 3 DAGs
[2026-02-23T23:33:13.096+0000] {logging_mixin.py:188} INFO - [2026-02-23T23:33:13.095+0000] {dag.py:3954} INFO - Setting next_dagrun for data_quality to 2026-02-23 16:00:00+00:00, run_after=2026-02-24 16:00:00+00:00
[2026-02-23T23:33:13.112+0000] {logging_mixin.py:188} INFO - [2026-02-23T23:33:13.111+0000] {dag.py:3954} INFO - Setting next_dagrun for produce_json to 2026-02-23 14:00:00+00:00, run_after=2026-02-24 14:00:00+00:00
[2026-02-23T23:33:13.118+0000] {logging_mixin.py:188} INFO - [2026-02-23T23:33:13.118+0000] {dag.py:3954} INFO - Setting next_dagrun for update_db to 2026-02-23 15:00:00+00:00, run_after=2026-02-24 15:00:00+00:00
[2026-02-23T23:33:13.152+0000] {processor.py:183} INFO - Processing /opt/airflow/dags/main.py took 0.287 seconds
[2026-02-23T23:33:44.085+0000] {processor.py:161} INFO - Started process (PID=472) to work on /opt/airflow/dags/main.py
[2026-02-23T23:33:44.087+0000] {processor.py:830} INFO - Processing file /opt/airflow/dags/main.py for tasks to queue
[2026-02-23T23:33:44.090+0000] {logging_mixin.py:188} INFO - [2026-02-23T23:33:44.089+0000] {dagbag.py:545} INFO - Filling up the DagBag from /opt/airflow/dags/main.py
[2026-02-23T23:33:44.158+0000] {processor.py:840} INFO - DAG(s) 'produce_json', 'update_db', 'data_quality' retrieved from /opt/airflow/dags/main.py
[2026-02-23T23:33:44.234+0000] {logging_mixin.py:188} INFO - [2026-02-23T23:33:44.234+0000] {dag.py:3096} INFO - Sync 3 DAGs
[2026-02-23T23:33:44.290+0000] {logging_mixin.py:188} INFO - [2026-02-23T23:33:44.290+0000] {dag.py:3954} INFO - Setting next_dagrun for data_quality to 2026-02-23 16:00:00+00:00, run_after=2026-02-24 16:00:00+00:00
[2026-02-23T23:33:44.300+0000] {logging_mixin.py:188} INFO - [2026-02-23T23:33:44.300+0000] {dag.py:3954} INFO - Setting next_dagrun for produce_json to 2026-02-23 14:00:00+00:00, run_after=2026-02-24 14:00:00+00:00
[2026-02-23T23:33:44.307+0000] {logging_mixin.py:188} INFO - [2026-02-23T23:33:44.307+0000] {dag.py:3954} INFO - Setting next_dagrun for update_db to 2026-02-23 15:00:00+00:00, run_after=2026-02-24 15:00:00+00:00
[2026-02-23T23:33:44.366+0000] {processor.py:183} INFO - Processing /opt/airflow/dags/main.py took 0.293 seconds
[2026-02-23T23:34:15.348+0000] {processor.py:161} INFO - Started process (PID=479) to work on /opt/airflow/dags/main.py
[2026-02-23T23:34:15.351+0000] {processor.py:830} INFO - Processing file /opt/airflow/dags/main.py for tasks to queue
[2026-02-23T23:34:15.369+0000] {logging_mixin.py:188} INFO - [2026-02-23T23:34:15.368+0000] {dagbag.py:545} INFO - Filling up the DagBag from /opt/airflow/dags/main.py
[2026-02-23T23:34:15.556+0000] {processor.py:840} INFO - DAG(s) 'data_quality', 'produce_json', 'update_db' retrieved from /opt/airflow/dags/main.py
[2026-02-23T23:34:15.744+0000] {logging_mixin.py:188} INFO - [2026-02-23T23:34:15.743+0000] {dag.py:3096} INFO - Sync 3 DAGs
[2026-02-23T23:34:15.851+0000] {logging_mixin.py:188} INFO - [2026-02-23T23:34:15.850+0000] {dag.py:3954} INFO - Setting next_dagrun for data_quality to 2026-02-23 16:00:00+00:00, run_after=2026-02-24 16:00:00+00:00
[2026-02-23T23:34:15.891+0000] {logging_mixin.py:188} INFO - [2026-02-23T23:34:15.890+0000] {dag.py:3954} INFO - Setting next_dagrun for produce_json to 2026-02-23 14:00:00+00:00, run_after=2026-02-24 14:00:00+00:00
[2026-02-23T23:34:15.907+0000] {logging_mixin.py:188} INFO - [2026-02-23T23:34:15.906+0000] {dag.py:3954} INFO - Setting next_dagrun for update_db to 2026-02-23 15:00:00+00:00, run_after=2026-02-24 15:00:00+00:00
[2026-02-23T23:34:15.984+0000] {processor.py:183} INFO - Processing /opt/airflow/dags/main.py took 0.659 seconds
[2026-02-23T23:34:46.180+0000] {processor.py:161} INFO - Started process (PID=485) to work on /opt/airflow/dags/main.py
[2026-02-23T23:34:46.188+0000] {processor.py:830} INFO - Processing file /opt/airflow/dags/main.py for tasks to queue
[2026-02-23T23:34:46.194+0000] {logging_mixin.py:188} INFO - [2026-02-23T23:34:46.193+0000] {dagbag.py:545} INFO - Filling up the DagBag from /opt/airflow/dags/main.py
[2026-02-23T23:34:46.323+0000] {processor.py:840} INFO - DAG(s) 'data_quality', 'update_db', 'produce_json' retrieved from /opt/airflow/dags/main.py
[2026-02-23T23:34:46.450+0000] {logging_mixin.py:188} INFO - [2026-02-23T23:34:46.450+0000] {dag.py:3096} INFO - Sync 3 DAGs
[2026-02-23T23:34:46.527+0000] {logging_mixin.py:188} INFO - [2026-02-23T23:34:46.526+0000] {dag.py:3954} INFO - Setting next_dagrun for data_quality to 2026-02-23 16:00:00+00:00, run_after=2026-02-24 16:00:00+00:00
[2026-02-23T23:34:46.553+0000] {logging_mixin.py:188} INFO - [2026-02-23T23:34:46.552+0000] {dag.py:3954} INFO - Setting next_dagrun for produce_json to 2026-02-23 14:00:00+00:00, run_after=2026-02-24 14:00:00+00:00
[2026-02-23T23:34:46.584+0000] {logging_mixin.py:188} INFO - [2026-02-23T23:34:46.584+0000] {dag.py:3954} INFO - Setting next_dagrun for update_db to 2026-02-23 15:00:00+00:00, run_after=2026-02-24 15:00:00+00:00
[2026-02-23T23:34:46.658+0000] {processor.py:183} INFO - Processing /opt/airflow/dags/main.py took 0.502 seconds
[2026-02-23T23:35:16.813+0000] {processor.py:161} INFO - Started process (PID=493) to work on /opt/airflow/dags/main.py
[2026-02-23T23:35:16.819+0000] {processor.py:830} INFO - Processing file /opt/airflow/dags/main.py for tasks to queue
[2026-02-23T23:35:16.825+0000] {logging_mixin.py:188} INFO - [2026-02-23T23:35:16.825+0000] {dagbag.py:545} INFO - Filling up the DagBag from /opt/airflow/dags/main.py
[2026-02-23T23:35:16.902+0000] {processor.py:840} INFO - DAG(s) 'update_db', 'data_quality', 'produce_json' retrieved from /opt/airflow/dags/main.py
[2026-02-23T23:35:17.020+0000] {logging_mixin.py:188} INFO - [2026-02-23T23:35:17.019+0000] {dag.py:3096} INFO - Sync 3 DAGs
[2026-02-23T23:35:17.075+0000] {logging_mixin.py:188} INFO - [2026-02-23T23:35:17.075+0000] {dag.py:3954} INFO - Setting next_dagrun for data_quality to 2026-02-23 16:00:00+00:00, run_after=2026-02-24 16:00:00+00:00
[2026-02-23T23:35:17.091+0000] {logging_mixin.py:188} INFO - [2026-02-23T23:35:17.091+0000] {dag.py:3954} INFO - Setting next_dagrun for produce_json to 2026-02-23 14:00:00+00:00, run_after=2026-02-24 14:00:00+00:00
[2026-02-23T23:35:17.102+0000] {logging_mixin.py:188} INFO - [2026-02-23T23:35:17.102+0000] {dag.py:3954} INFO - Setting next_dagrun for update_db to 2026-02-23 15:00:00+00:00, run_after=2026-02-24 15:00:00+00:00
[2026-02-23T23:35:17.143+0000] {processor.py:183} INFO - Processing /opt/airflow/dags/main.py took 0.352 seconds
[2026-02-23T23:35:47.666+0000] {processor.py:161} INFO - Started process (PID=500) to work on /opt/airflow/dags/main.py
[2026-02-23T23:35:47.670+0000] {processor.py:830} INFO - Processing file /opt/airflow/dags/main.py for tasks to queue
[2026-02-23T23:35:47.673+0000] {logging_mixin.py:188} INFO - [2026-02-23T23:35:47.673+0000] {dagbag.py:545} INFO - Filling up the DagBag from /opt/airflow/dags/main.py
[2026-02-23T23:35:47.759+0000] {processor.py:840} INFO - DAG(s) 'update_db', 'data_quality', 'produce_json' retrieved from /opt/airflow/dags/main.py
[2026-02-23T23:35:47.853+0000] {logging_mixin.py:188} INFO - [2026-02-23T23:35:47.852+0000] {dag.py:3096} INFO - Sync 3 DAGs
[2026-02-23T23:35:47.904+0000] {logging_mixin.py:188} INFO - [2026-02-23T23:35:47.904+0000] {dag.py:3954} INFO - Setting next_dagrun for data_quality to 2026-02-23 16:00:00+00:00, run_after=2026-02-24 16:00:00+00:00
[2026-02-23T23:35:47.934+0000] {logging_mixin.py:188} INFO - [2026-02-23T23:35:47.933+0000] {dag.py:3954} INFO - Setting next_dagrun for produce_json to 2026-02-23 14:00:00+00:00, run_after=2026-02-24 14:00:00+00:00
[2026-02-23T23:35:47.939+0000] {logging_mixin.py:188} INFO - [2026-02-23T23:35:47.939+0000] {dag.py:3954} INFO - Setting next_dagrun for update_db to 2026-02-23 15:00:00+00:00, run_after=2026-02-24 15:00:00+00:00
[2026-02-23T23:35:47.987+0000] {processor.py:183} INFO - Processing /opt/airflow/dags/main.py took 0.334 seconds
[2026-02-23T23:36:18.122+0000] {processor.py:161} INFO - Started process (PID=507) to work on /opt/airflow/dags/main.py
[2026-02-23T23:36:18.126+0000] {processor.py:830} INFO - Processing file /opt/airflow/dags/main.py for tasks to queue
[2026-02-23T23:36:18.130+0000] {logging_mixin.py:188} INFO - [2026-02-23T23:36:18.129+0000] {dagbag.py:545} INFO - Filling up the DagBag from /opt/airflow/dags/main.py
[2026-02-23T23:36:18.212+0000] {processor.py:840} INFO - DAG(s) 'data_quality', 'produce_json', 'update_db' retrieved from /opt/airflow/dags/main.py
[2026-02-23T23:36:18.316+0000] {logging_mixin.py:188} INFO - [2026-02-23T23:36:18.315+0000] {dag.py:3096} INFO - Sync 3 DAGs
[2026-02-23T23:36:18.400+0000] {logging_mixin.py:188} INFO - [2026-02-23T23:36:18.399+0000] {dag.py:3954} INFO - Setting next_dagrun for data_quality to 2026-02-23 16:00:00+00:00, run_after=2026-02-24 16:00:00+00:00
[2026-02-23T23:36:18.414+0000] {logging_mixin.py:188} INFO - [2026-02-23T23:36:18.414+0000] {dag.py:3954} INFO - Setting next_dagrun for produce_json to 2026-02-23 14:00:00+00:00, run_after=2026-02-24 14:00:00+00:00
[2026-02-23T23:36:18.422+0000] {logging_mixin.py:188} INFO - [2026-02-23T23:36:18.422+0000] {dag.py:3954} INFO - Setting next_dagrun for update_db to 2026-02-23 15:00:00+00:00, run_after=2026-02-24 15:00:00+00:00
[2026-02-23T23:36:18.471+0000] {processor.py:183} INFO - Processing /opt/airflow/dags/main.py took 0.363 seconds
[2026-02-23T23:36:49.100+0000] {processor.py:161} INFO - Started process (PID=515) to work on /opt/airflow/dags/main.py
[2026-02-23T23:36:49.106+0000] {processor.py:830} INFO - Processing file /opt/airflow/dags/main.py for tasks to queue
[2026-02-23T23:36:49.110+0000] {logging_mixin.py:188} INFO - [2026-02-23T23:36:49.110+0000] {dagbag.py:545} INFO - Filling up the DagBag from /opt/airflow/dags/main.py
[2026-02-23T23:36:49.191+0000] {processor.py:840} INFO - DAG(s) 'data_quality', 'produce_json', 'update_db' retrieved from /opt/airflow/dags/main.py
[2026-02-23T23:36:49.290+0000] {logging_mixin.py:188} INFO - [2026-02-23T23:36:49.289+0000] {dag.py:3096} INFO - Sync 3 DAGs
[2026-02-23T23:36:49.333+0000] {logging_mixin.py:188} INFO - [2026-02-23T23:36:49.333+0000] {dag.py:3954} INFO - Setting next_dagrun for data_quality to 2026-02-23 16:00:00+00:00, run_after=2026-02-24 16:00:00+00:00
[2026-02-23T23:36:49.346+0000] {logging_mixin.py:188} INFO - [2026-02-23T23:36:49.345+0000] {dag.py:3954} INFO - Setting next_dagrun for produce_json to 2026-02-23 14:00:00+00:00, run_after=2026-02-24 14:00:00+00:00
[2026-02-23T23:36:49.354+0000] {logging_mixin.py:188} INFO - [2026-02-23T23:36:49.354+0000] {dag.py:3954} INFO - Setting next_dagrun for update_db to 2026-02-23 15:00:00+00:00, run_after=2026-02-24 15:00:00+00:00
[2026-02-23T23:36:49.404+0000] {processor.py:183} INFO - Processing /opt/airflow/dags/main.py took 0.317 seconds
[2026-02-23T23:37:19.929+0000] {processor.py:161} INFO - Started process (PID=522) to work on /opt/airflow/dags/main.py
[2026-02-23T23:37:19.937+0000] {processor.py:830} INFO - Processing file /opt/airflow/dags/main.py for tasks to queue
[2026-02-23T23:37:19.940+0000] {logging_mixin.py:188} INFO - [2026-02-23T23:37:19.940+0000] {dagbag.py:545} INFO - Filling up the DagBag from /opt/airflow/dags/main.py
[2026-02-23T23:37:20.051+0000] {processor.py:840} INFO - DAG(s) 'produce_json', 'update_db', 'data_quality' retrieved from /opt/airflow/dags/main.py
[2026-02-23T23:37:20.172+0000] {logging_mixin.py:188} INFO - [2026-02-23T23:37:20.171+0000] {dag.py:3096} INFO - Sync 3 DAGs
[2026-02-23T23:37:20.224+0000] {logging_mixin.py:188} INFO - [2026-02-23T23:37:20.224+0000] {dag.py:3954} INFO - Setting next_dagrun for data_quality to 2026-02-23 16:00:00+00:00, run_after=2026-02-24 16:00:00+00:00
[2026-02-23T23:37:20.236+0000] {logging_mixin.py:188} INFO - [2026-02-23T23:37:20.235+0000] {dag.py:3954} INFO - Setting next_dagrun for produce_json to 2026-02-23 14:00:00+00:00, run_after=2026-02-24 14:00:00+00:00
[2026-02-23T23:37:20.242+0000] {logging_mixin.py:188} INFO - [2026-02-23T23:37:20.242+0000] {dag.py:3954} INFO - Setting next_dagrun for update_db to 2026-02-23 15:00:00+00:00, run_after=2026-02-24 15:00:00+00:00
[2026-02-23T23:37:20.287+0000] {processor.py:183} INFO - Processing /opt/airflow/dags/main.py took 0.387 seconds
[2026-02-23T23:37:50.956+0000] {processor.py:161} INFO - Started process (PID=529) to work on /opt/airflow/dags/main.py
[2026-02-23T23:37:50.982+0000] {processor.py:830} INFO - Processing file /opt/airflow/dags/main.py for tasks to queue
[2026-02-23T23:37:50.994+0000] {logging_mixin.py:188} INFO - [2026-02-23T23:37:50.993+0000] {dagbag.py:545} INFO - Filling up the DagBag from /opt/airflow/dags/main.py
[2026-02-23T23:37:51.276+0000] {processor.py:840} INFO - DAG(s) 'update_db', 'data_quality', 'produce_json' retrieved from /opt/airflow/dags/main.py
[2026-02-23T23:37:51.399+0000] {logging_mixin.py:188} INFO - [2026-02-23T23:37:51.399+0000] {dag.py:3096} INFO - Sync 3 DAGs
[2026-02-23T23:37:51.481+0000] {logging_mixin.py:188} INFO - [2026-02-23T23:37:51.480+0000] {dag.py:3954} INFO - Setting next_dagrun for data_quality to 2026-02-23 16:00:00+00:00, run_after=2026-02-24 16:00:00+00:00
[2026-02-23T23:37:51.494+0000] {logging_mixin.py:188} INFO - [2026-02-23T23:37:51.493+0000] {dag.py:3954} INFO - Setting next_dagrun for produce_json to 2026-02-23 14:00:00+00:00, run_after=2026-02-24 14:00:00+00:00
[2026-02-23T23:37:51.500+0000] {logging_mixin.py:188} INFO - [2026-02-23T23:37:51.500+0000] {dag.py:3954} INFO - Setting next_dagrun for update_db to 2026-02-23 15:00:00+00:00, run_after=2026-02-24 15:00:00+00:00
[2026-02-23T23:37:51.571+0000] {processor.py:183} INFO - Processing /opt/airflow/dags/main.py took 0.722 seconds
[2026-02-23T23:38:22.189+0000] {processor.py:161} INFO - Started process (PID=536) to work on /opt/airflow/dags/main.py
[2026-02-23T23:38:22.194+0000] {processor.py:830} INFO - Processing file /opt/airflow/dags/main.py for tasks to queue
[2026-02-23T23:38:22.196+0000] {logging_mixin.py:188} INFO - [2026-02-23T23:38:22.196+0000] {dagbag.py:545} INFO - Filling up the DagBag from /opt/airflow/dags/main.py
[2026-02-23T23:38:22.281+0000] {processor.py:840} INFO - DAG(s) 'produce_json', 'update_db', 'data_quality' retrieved from /opt/airflow/dags/main.py
[2026-02-23T23:38:22.354+0000] {logging_mixin.py:188} INFO - [2026-02-23T23:38:22.353+0000] {dag.py:3096} INFO - Sync 3 DAGs
[2026-02-23T23:38:22.419+0000] {logging_mixin.py:188} INFO - [2026-02-23T23:38:22.418+0000] {dag.py:3954} INFO - Setting next_dagrun for data_quality to 2026-02-23 16:00:00+00:00, run_after=2026-02-24 16:00:00+00:00
[2026-02-23T23:38:22.433+0000] {logging_mixin.py:188} INFO - [2026-02-23T23:38:22.432+0000] {dag.py:3954} INFO - Setting next_dagrun for produce_json to 2026-02-23 14:00:00+00:00, run_after=2026-02-24 14:00:00+00:00
[2026-02-23T23:38:22.453+0000] {logging_mixin.py:188} INFO - [2026-02-23T23:38:22.452+0000] {dag.py:3954} INFO - Setting next_dagrun for update_db to 2026-02-23 15:00:00+00:00, run_after=2026-02-24 15:00:00+00:00
[2026-02-23T23:38:22.489+0000] {processor.py:183} INFO - Processing /opt/airflow/dags/main.py took 0.317 seconds
[2026-02-23T23:38:53.216+0000] {processor.py:161} INFO - Started process (PID=551) to work on /opt/airflow/dags/main.py
[2026-02-23T23:38:53.220+0000] {processor.py:830} INFO - Processing file /opt/airflow/dags/main.py for tasks to queue
[2026-02-23T23:38:53.227+0000] {logging_mixin.py:188} INFO - [2026-02-23T23:38:53.225+0000] {dagbag.py:545} INFO - Filling up the DagBag from /opt/airflow/dags/main.py
[2026-02-23T23:38:53.332+0000] {processor.py:840} INFO - DAG(s) 'produce_json', 'data_quality', 'update_db' retrieved from /opt/airflow/dags/main.py
[2026-02-23T23:38:53.418+0000] {logging_mixin.py:188} INFO - [2026-02-23T23:38:53.417+0000] {dag.py:3096} INFO - Sync 3 DAGs
[2026-02-23T23:38:53.469+0000] {logging_mixin.py:188} INFO - [2026-02-23T23:38:53.468+0000] {dag.py:3954} INFO - Setting next_dagrun for data_quality to 2026-02-23 16:00:00+00:00, run_after=2026-02-24 16:00:00+00:00
[2026-02-23T23:38:53.482+0000] {logging_mixin.py:188} INFO - [2026-02-23T23:38:53.482+0000] {dag.py:3954} INFO - Setting next_dagrun for produce_json to 2026-02-23 14:00:00+00:00, run_after=2026-02-24 14:00:00+00:00
[2026-02-23T23:38:53.494+0000] {logging_mixin.py:188} INFO - [2026-02-23T23:38:53.493+0000] {dag.py:3954} INFO - Setting next_dagrun for update_db to 2026-02-23 15:00:00+00:00, run_after=2026-02-24 15:00:00+00:00
[2026-02-23T23:38:53.542+0000] {processor.py:183} INFO - Processing /opt/airflow/dags/main.py took 0.351 seconds
[2026-02-23T23:39:23.837+0000] {processor.py:161} INFO - Started process (PID=563) to work on /opt/airflow/dags/main.py
[2026-02-23T23:39:23.843+0000] {processor.py:830} INFO - Processing file /opt/airflow/dags/main.py for tasks to queue
[2026-02-23T23:39:23.848+0000] {logging_mixin.py:188} INFO - [2026-02-23T23:39:23.847+0000] {dagbag.py:545} INFO - Filling up the DagBag from /opt/airflow/dags/main.py
[2026-02-23T23:39:23.924+0000] {processor.py:840} INFO - DAG(s) 'data_quality', 'produce_json', 'update_db' retrieved from /opt/airflow/dags/main.py
[2026-02-23T23:39:24.018+0000] {logging_mixin.py:188} INFO - [2026-02-23T23:39:24.018+0000] {dag.py:3096} INFO - Sync 3 DAGs
[2026-02-23T23:39:24.064+0000] {logging_mixin.py:188} INFO - [2026-02-23T23:39:24.064+0000] {dag.py:3954} INFO - Setting next_dagrun for data_quality to 2026-02-23 16:00:00+00:00, run_after=2026-02-24 16:00:00+00:00
[2026-02-23T23:39:24.077+0000] {logging_mixin.py:188} INFO - [2026-02-23T23:39:24.076+0000] {dag.py:3954} INFO - Setting next_dagrun for produce_json to 2026-02-23 14:00:00+00:00, run_after=2026-02-24 14:00:00+00:00
[2026-02-23T23:39:24.084+0000] {logging_mixin.py:188} INFO - [2026-02-23T23:39:24.083+0000] {dag.py:3954} INFO - Setting next_dagrun for update_db to 2026-02-23 15:00:00+00:00, run_after=2026-02-24 15:00:00+00:00
[2026-02-23T23:39:24.127+0000] {processor.py:183} INFO - Processing /opt/airflow/dags/main.py took 0.301 seconds
[2026-02-23T23:39:54.368+0000] {processor.py:161} INFO - Started process (PID=571) to work on /opt/airflow/dags/main.py
[2026-02-23T23:39:54.372+0000] {processor.py:830} INFO - Processing file /opt/airflow/dags/main.py for tasks to queue
[2026-02-23T23:39:54.376+0000] {logging_mixin.py:188} INFO - [2026-02-23T23:39:54.375+0000] {dagbag.py:545} INFO - Filling up the DagBag from /opt/airflow/dags/main.py
[2026-02-23T23:39:54.456+0000] {processor.py:840} INFO - DAG(s) 'data_quality', 'update_db', 'produce_json' retrieved from /opt/airflow/dags/main.py
[2026-02-23T23:39:54.531+0000] {logging_mixin.py:188} INFO - [2026-02-23T23:39:54.530+0000] {dag.py:3096} INFO - Sync 3 DAGs
[2026-02-23T23:39:54.571+0000] {logging_mixin.py:188} INFO - [2026-02-23T23:39:54.570+0000] {dag.py:3954} INFO - Setting next_dagrun for data_quality to 2026-02-23 16:00:00+00:00, run_after=2026-02-24 16:00:00+00:00
[2026-02-23T23:39:54.581+0000] {logging_mixin.py:188} INFO - [2026-02-23T23:39:54.580+0000] {dag.py:3954} INFO - Setting next_dagrun for produce_json to 2026-02-23 14:00:00+00:00, run_after=2026-02-24 14:00:00+00:00
[2026-02-23T23:39:54.589+0000] {logging_mixin.py:188} INFO - [2026-02-23T23:39:54.588+0000] {dag.py:3954} INFO - Setting next_dagrun for update_db to 2026-02-23 15:00:00+00:00, run_after=2026-02-24 15:00:00+00:00
[2026-02-23T23:39:54.618+0000] {processor.py:183} INFO - Processing /opt/airflow/dags/main.py took 0.265 seconds
[2026-02-23T23:40:25.370+0000] {processor.py:161} INFO - Started process (PID=579) to work on /opt/airflow/dags/main.py
[2026-02-23T23:40:25.373+0000] {processor.py:830} INFO - Processing file /opt/airflow/dags/main.py for tasks to queue
[2026-02-23T23:40:25.377+0000] {logging_mixin.py:188} INFO - [2026-02-23T23:40:25.376+0000] {dagbag.py:545} INFO - Filling up the DagBag from /opt/airflow/dags/main.py
[2026-02-23T23:40:25.461+0000] {processor.py:840} INFO - DAG(s) 'produce_json', 'data_quality', 'update_db' retrieved from /opt/airflow/dags/main.py
[2026-02-23T23:40:25.551+0000] {logging_mixin.py:188} INFO - [2026-02-23T23:40:25.551+0000] {dag.py:3096} INFO - Sync 3 DAGs
[2026-02-23T23:40:25.596+0000] {logging_mixin.py:188} INFO - [2026-02-23T23:40:25.595+0000] {dag.py:3954} INFO - Setting next_dagrun for data_quality to 2026-02-23 16:00:00+00:00, run_after=2026-02-24 16:00:00+00:00
[2026-02-23T23:40:25.611+0000] {logging_mixin.py:188} INFO - [2026-02-23T23:40:25.611+0000] {dag.py:3954} INFO - Setting next_dagrun for produce_json to 2026-02-23 14:00:00+00:00, run_after=2026-02-24 14:00:00+00:00
[2026-02-23T23:40:25.619+0000] {logging_mixin.py:188} INFO - [2026-02-23T23:40:25.619+0000] {dag.py:3954} INFO - Setting next_dagrun for update_db to 2026-02-23 15:00:00+00:00, run_after=2026-02-24 15:00:00+00:00
[2026-02-23T23:40:25.666+0000] {processor.py:183} INFO - Processing /opt/airflow/dags/main.py took 0.310 seconds
[2026-02-23T23:40:50.363+0000] {processor.py:161} INFO - Started process (PID=590) to work on /opt/airflow/dags/main.py
[2026-02-23T23:40:50.533+0000] {processor.py:830} INFO - Processing file /opt/airflow/dags/main.py for tasks to queue
[2026-02-23T23:40:50.561+0000] {logging_mixin.py:188} INFO - [2026-02-23T23:40:50.560+0000] {dagbag.py:545} INFO - Filling up the DagBag from /opt/airflow/dags/main.py
[2026-02-23T23:40:50.809+0000] {processor.py:840} INFO - DAG(s) 'produce_json', 'update_db', 'data_quality' retrieved from /opt/airflow/dags/main.py
[2026-02-23T23:40:51.033+0000] {logging_mixin.py:188} INFO - [2026-02-23T23:40:51.032+0000] {dag.py:3096} INFO - Sync 3 DAGs
[2026-02-23T23:40:51.120+0000] {logging_mixin.py:188} INFO - [2026-02-23T23:40:51.120+0000] {dag.py:3954} INFO - Setting next_dagrun for data_quality to 2026-02-23 16:00:00+00:00, run_after=2026-02-24 16:00:00+00:00
[2026-02-23T23:40:51.132+0000] {logging_mixin.py:188} INFO - [2026-02-23T23:40:51.132+0000] {dag.py:3954} INFO - Setting next_dagrun for produce_json to 2026-02-23 14:00:00+00:00, run_after=2026-02-24 14:00:00+00:00
[2026-02-23T23:40:51.140+0000] {logging_mixin.py:188} INFO - [2026-02-23T23:40:51.139+0000] {dag.py:3954} INFO - Setting next_dagrun for update_db to 2026-02-23 15:00:00+00:00, run_after=2026-02-24 15:00:00+00:00
[2026-02-23T23:40:51.288+0000] {processor.py:183} INFO - Processing /opt/airflow/dags/main.py took 0.971 seconds
[2026-02-23T23:40:56.249+0000] {processor.py:161} INFO - Started process (PID=591) to work on /opt/airflow/dags/main.py
[2026-02-23T23:40:56.344+0000] {processor.py:830} INFO - Processing file /opt/airflow/dags/main.py for tasks to queue
[2026-02-23T23:40:56.386+0000] {logging_mixin.py:188} INFO - [2026-02-23T23:40:56.385+0000] {dagbag.py:545} INFO - Filling up the DagBag from /opt/airflow/dags/main.py
[2026-02-23T23:40:56.816+0000] {processor.py:840} INFO - DAG(s) 'update_db', 'data_quality', 'produce_json' retrieved from /opt/airflow/dags/main.py
[2026-02-23T23:40:57.172+0000] {logging_mixin.py:188} INFO - [2026-02-23T23:40:57.172+0000] {dag.py:3096} INFO - Sync 3 DAGs
[2026-02-23T23:40:57.398+0000] {logging_mixin.py:188} INFO - [2026-02-23T23:40:57.398+0000] {dag.py:3954} INFO - Setting next_dagrun for data_quality to 2026-02-23 16:00:00+00:00, run_after=2026-02-24 16:00:00+00:00
[2026-02-23T23:40:57.439+0000] {logging_mixin.py:188} INFO - [2026-02-23T23:40:57.432+0000] {dag.py:3954} INFO - Setting next_dagrun for produce_json to 2026-02-23 14:00:00+00:00, run_after=2026-02-24 14:00:00+00:00
[2026-02-23T23:40:57.460+0000] {logging_mixin.py:188} INFO - [2026-02-23T23:40:57.460+0000] {dag.py:3954} INFO - Setting next_dagrun for update_db to 2026-02-23 15:00:00+00:00, run_after=2026-02-24 15:00:00+00:00
[2026-02-23T23:40:57.648+0000] {processor.py:183} INFO - Processing /opt/airflow/dags/main.py took 1.447 seconds
[2026-02-23T23:41:21.695+0000] {processor.py:161} INFO - Started process (PID=598) to work on /opt/airflow/dags/main.py
[2026-02-23T23:41:21.700+0000] {processor.py:830} INFO - Processing file /opt/airflow/dags/main.py for tasks to queue
[2026-02-23T23:41:21.704+0000] {logging_mixin.py:188} INFO - [2026-02-23T23:41:21.704+0000] {dagbag.py:545} INFO - Filling up the DagBag from /opt/airflow/dags/main.py
[2026-02-23T23:41:21.791+0000] {processor.py:840} INFO - DAG(s) 'update_db', 'produce_json', 'data_quality' retrieved from /opt/airflow/dags/main.py
[2026-02-23T23:41:21.922+0000] {logging_mixin.py:188} INFO - [2026-02-23T23:41:21.921+0000] {dag.py:3096} INFO - Sync 3 DAGs
[2026-02-23T23:41:21.970+0000] {logging_mixin.py:188} INFO - [2026-02-23T23:41:21.970+0000] {dag.py:3954} INFO - Setting next_dagrun for data_quality to 2026-02-23 16:00:00+00:00, run_after=2026-02-24 16:00:00+00:00
[2026-02-23T23:41:21.981+0000] {logging_mixin.py:188} INFO - [2026-02-23T23:41:21.980+0000] {dag.py:3954} INFO - Setting next_dagrun for produce_json to 2026-02-23 14:00:00+00:00, run_after=2026-02-24 14:00:00+00:00
[2026-02-23T23:41:21.991+0000] {logging_mixin.py:188} INFO - [2026-02-23T23:41:21.991+0000] {dag.py:3954} INFO - Setting next_dagrun for update_db to 2026-02-23 15:00:00+00:00, run_after=2026-02-24 15:00:00+00:00
[2026-02-23T23:41:22.035+0000] {processor.py:183} INFO - Processing /opt/airflow/dags/main.py took 0.358 seconds
[2026-02-23T23:41:27.752+0000] {processor.py:161} INFO - Started process (PID=599) to work on /opt/airflow/dags/main.py
[2026-02-23T23:41:27.772+0000] {processor.py:830} INFO - Processing file /opt/airflow/dags/main.py for tasks to queue
[2026-02-23T23:41:27.779+0000] {logging_mixin.py:188} INFO - [2026-02-23T23:41:27.779+0000] {dagbag.py:545} INFO - Filling up the DagBag from /opt/airflow/dags/main.py
[2026-02-23T23:41:27.973+0000] {processor.py:840} INFO - DAG(s) 'produce_json', 'data_quality', 'update_db' retrieved from /opt/airflow/dags/main.py
[2026-02-23T23:41:28.125+0000] {logging_mixin.py:188} INFO - [2026-02-23T23:41:28.124+0000] {dag.py:3096} INFO - Sync 3 DAGs
[2026-02-23T23:41:28.174+0000] {logging_mixin.py:188} INFO - [2026-02-23T23:41:28.174+0000] {dag.py:3954} INFO - Setting next_dagrun for data_quality to 2026-02-23 16:00:00+00:00, run_after=2026-02-24 16:00:00+00:00
[2026-02-23T23:41:28.185+0000] {logging_mixin.py:188} INFO - [2026-02-23T23:41:28.184+0000] {dag.py:3954} INFO - Setting next_dagrun for produce_json to 2026-02-23 14:00:00+00:00, run_after=2026-02-24 14:00:00+00:00
[2026-02-23T23:41:28.190+0000] {logging_mixin.py:188} INFO - [2026-02-23T23:41:28.189+0000] {dag.py:3954} INFO - Setting next_dagrun for update_db to 2026-02-23 15:00:00+00:00, run_after=2026-02-24 15:00:00+00:00
[2026-02-23T23:41:28.218+0000] {processor.py:183} INFO - Processing /opt/airflow/dags/main.py took 0.482 seconds
[2026-02-23T23:41:52.218+0000] {processor.py:161} INFO - Started process (PID=605) to work on /opt/airflow/dags/main.py
[2026-02-23T23:41:52.222+0000] {processor.py:830} INFO - Processing file /opt/airflow/dags/main.py for tasks to queue
[2026-02-23T23:41:52.227+0000] {logging_mixin.py:188} INFO - [2026-02-23T23:41:52.227+0000] {dagbag.py:545} INFO - Filling up the DagBag from /opt/airflow/dags/main.py
[2026-02-23T23:41:52.315+0000] {processor.py:840} INFO - DAG(s) 'data_quality', 'produce_json', 'update_db' retrieved from /opt/airflow/dags/main.py
[2026-02-23T23:41:52.411+0000] {logging_mixin.py:188} INFO - [2026-02-23T23:41:52.411+0000] {dag.py:3096} INFO - Sync 3 DAGs
[2026-02-23T23:41:52.459+0000] {logging_mixin.py:188} INFO - [2026-02-23T23:41:52.458+0000] {dag.py:3954} INFO - Setting next_dagrun for data_quality to 2026-02-23 16:00:00+00:00, run_after=2026-02-24 16:00:00+00:00
[2026-02-23T23:41:52.483+0000] {logging_mixin.py:188} INFO - [2026-02-23T23:41:52.483+0000] {dag.py:3954} INFO - Setting next_dagrun for produce_json to 2026-02-23 14:00:00+00:00, run_after=2026-02-24 14:00:00+00:00
[2026-02-23T23:41:52.492+0000] {logging_mixin.py:188} INFO - [2026-02-23T23:41:52.492+0000] {dag.py:3954} INFO - Setting next_dagrun for update_db to 2026-02-23 15:00:00+00:00, run_after=2026-02-24 15:00:00+00:00
[2026-02-23T23:41:52.521+0000] {processor.py:183} INFO - Processing /opt/airflow/dags/main.py took 0.320 seconds
[2026-02-23T23:41:59.355+0000] {processor.py:161} INFO - Started process (PID=606) to work on /opt/airflow/dags/main.py
[2026-02-23T23:41:59.359+0000] {processor.py:830} INFO - Processing file /opt/airflow/dags/main.py for tasks to queue
[2026-02-23T23:41:59.382+0000] {logging_mixin.py:188} INFO - [2026-02-23T23:41:59.377+0000] {dagbag.py:545} INFO - Filling up the DagBag from /opt/airflow/dags/main.py
[2026-02-23T23:41:59.606+0000] {processor.py:840} INFO - DAG(s) 'update_db', 'data_quality', 'produce_json' retrieved from /opt/airflow/dags/main.py
[2026-02-23T23:41:59.886+0000] {logging_mixin.py:188} INFO - [2026-02-23T23:41:59.885+0000] {dag.py:3096} INFO - Sync 3 DAGs
[2026-02-23T23:41:59.990+0000] {logging_mixin.py:188} INFO - [2026-02-23T23:41:59.989+0000] {dag.py:3954} INFO - Setting next_dagrun for data_quality to 2026-02-23 16:00:00+00:00, run_after=2026-02-24 16:00:00+00:00
[2026-02-23T23:42:00.009+0000] {logging_mixin.py:188} INFO - [2026-02-23T23:42:00.003+0000] {dag.py:3954} INFO - Setting next_dagrun for produce_json to 2026-02-23 14:00:00+00:00, run_after=2026-02-24 14:00:00+00:00
[2026-02-23T23:42:00.038+0000] {logging_mixin.py:188} INFO - [2026-02-23T23:42:00.037+0000] {dag.py:3954} INFO - Setting next_dagrun for update_db to 2026-02-23 15:00:00+00:00, run_after=2026-02-24 15:00:00+00:00
[2026-02-23T23:42:00.097+0000] {processor.py:183} INFO - Processing /opt/airflow/dags/main.py took 0.812 seconds
[2026-02-23T23:42:23.464+0000] {processor.py:161} INFO - Started process (PID=613) to work on /opt/airflow/dags/main.py
[2026-02-23T23:42:23.468+0000] {processor.py:830} INFO - Processing file /opt/airflow/dags/main.py for tasks to queue
[2026-02-23T23:42:23.472+0000] {logging_mixin.py:188} INFO - [2026-02-23T23:42:23.471+0000] {dagbag.py:545} INFO - Filling up the DagBag from /opt/airflow/dags/main.py
[2026-02-23T23:42:23.558+0000] {processor.py:840} INFO - DAG(s) 'data_quality', 'update_db', 'produce_json' retrieved from /opt/airflow/dags/main.py
[2026-02-23T23:42:23.663+0000] {logging_mixin.py:188} INFO - [2026-02-23T23:42:23.663+0000] {dag.py:3096} INFO - Sync 3 DAGs
[2026-02-23T23:42:23.743+0000] {logging_mixin.py:188} INFO - [2026-02-23T23:42:23.743+0000] {dag.py:3954} INFO - Setting next_dagrun for data_quality to 2026-02-23 16:00:00+00:00, run_after=2026-02-24 16:00:00+00:00
[2026-02-23T23:42:23.759+0000] {logging_mixin.py:188} INFO - [2026-02-23T23:42:23.758+0000] {dag.py:3954} INFO - Setting next_dagrun for produce_json to 2026-02-23 14:00:00+00:00, run_after=2026-02-24 14:00:00+00:00
[2026-02-23T23:42:23.770+0000] {logging_mixin.py:188} INFO - [2026-02-23T23:42:23.769+0000] {dag.py:3954} INFO - Setting next_dagrun for update_db to 2026-02-23 15:00:00+00:00, run_after=2026-02-24 15:00:00+00:00
[2026-02-23T23:42:23.829+0000] {processor.py:183} INFO - Processing /opt/airflow/dags/main.py took 0.383 seconds
[2026-02-23T23:42:30.515+0000] {processor.py:161} INFO - Started process (PID=620) to work on /opt/airflow/dags/main.py
[2026-02-23T23:42:30.521+0000] {processor.py:830} INFO - Processing file /opt/airflow/dags/main.py for tasks to queue
[2026-02-23T23:42:30.532+0000] {logging_mixin.py:188} INFO - [2026-02-23T23:42:30.523+0000] {dagbag.py:545} INFO - Filling up the DagBag from /opt/airflow/dags/main.py
[2026-02-23T23:42:30.615+0000] {processor.py:840} INFO - DAG(s) 'update_db', 'data_quality', 'produce_json' retrieved from /opt/airflow/dags/main.py
[2026-02-23T23:42:30.747+0000] {logging_mixin.py:188} INFO - [2026-02-23T23:42:30.747+0000] {dag.py:3096} INFO - Sync 3 DAGs
[2026-02-23T23:42:30.792+0000] {logging_mixin.py:188} INFO - [2026-02-23T23:42:30.792+0000] {dag.py:3954} INFO - Setting next_dagrun for data_quality to 2026-02-23 16:00:00+00:00, run_after=2026-02-24 16:00:00+00:00
[2026-02-23T23:42:30.814+0000] {logging_mixin.py:188} INFO - [2026-02-23T23:42:30.814+0000] {dag.py:3954} INFO - Setting next_dagrun for produce_json to 2026-02-23 14:00:00+00:00, run_after=2026-02-24 14:00:00+00:00
[2026-02-23T23:42:30.824+0000] {logging_mixin.py:188} INFO - [2026-02-23T23:42:30.824+0000] {dag.py:3954} INFO - Setting next_dagrun for update_db to 2026-02-23 15:00:00+00:00, run_after=2026-02-24 15:00:00+00:00
[2026-02-23T23:42:30.863+0000] {processor.py:183} INFO - Processing /opt/airflow/dags/main.py took 0.360 seconds
[2026-02-23T23:42:54.700+0000] {processor.py:161} INFO - Started process (PID=621) to work on /opt/airflow/dags/main.py
[2026-02-23T23:42:54.730+0000] {processor.py:830} INFO - Processing file /opt/airflow/dags/main.py for tasks to queue
[2026-02-23T23:42:55.002+0000] {logging_mixin.py:188} INFO - [2026-02-23T23:42:55.001+0000] {dagbag.py:545} INFO - Filling up the DagBag from /opt/airflow/dags/main.py
[2026-02-23T23:42:55.084+0000] {processor.py:840} INFO - DAG(s) 'produce_json', 'data_quality', 'update_db' retrieved from /opt/airflow/dags/main.py
[2026-02-23T23:42:59.567+0000] {logging_mixin.py:188} INFO - [2026-02-23T23:42:59.567+0000] {dag.py:3096} INFO - Sync 3 DAGs
[2026-02-23T23:42:59.715+0000] {logging_mixin.py:188} INFO - [2026-02-23T23:42:59.715+0000] {dag.py:3954} INFO - Setting next_dagrun for data_quality to 2026-02-23 16:00:00+00:00, run_after=2026-02-24 16:00:00+00:00
[2026-02-23T23:42:59.728+0000] {logging_mixin.py:188} INFO - [2026-02-23T23:42:59.728+0000] {dag.py:3954} INFO - Setting next_dagrun for produce_json to 2026-02-23 14:00:00+00:00, run_after=2026-02-24 14:00:00+00:00
[2026-02-23T23:42:59.734+0000] {logging_mixin.py:188} INFO - [2026-02-23T23:42:59.733+0000] {dag.py:3954} INFO - Setting next_dagrun for update_db to 2026-02-23 15:00:00+00:00, run_after=2026-02-24 15:00:00+00:00
[2026-02-23T23:42:59.834+0000] {processor.py:183} INFO - Processing /opt/airflow/dags/main.py took 5.145 seconds
[2026-02-23T23:43:02.507+0000] {processor.py:161} INFO - Started process (PID=622) to work on /opt/airflow/dags/main.py
[2026-02-23T23:43:02.526+0000] {processor.py:830} INFO - Processing file /opt/airflow/dags/main.py for tasks to queue
[2026-02-23T23:43:02.538+0000] {logging_mixin.py:188} INFO - [2026-02-23T23:43:02.537+0000] {dagbag.py:545} INFO - Filling up the DagBag from /opt/airflow/dags/main.py
[2026-02-23T23:43:02.683+0000] {processor.py:840} INFO - DAG(s) 'update_db', 'produce_json', 'data_quality' retrieved from /opt/airflow/dags/main.py
[2026-02-23T23:43:02.904+0000] {logging_mixin.py:188} INFO - [2026-02-23T23:43:02.904+0000] {dag.py:3096} INFO - Sync 3 DAGs
[2026-02-23T23:43:03.116+0000] {logging_mixin.py:188} INFO - [2026-02-23T23:43:03.116+0000] {dag.py:3954} INFO - Setting next_dagrun for data_quality to 2026-02-23 16:00:00+00:00, run_after=2026-02-24 16:00:00+00:00
[2026-02-23T23:43:03.168+0000] {logging_mixin.py:188} INFO - [2026-02-23T23:43:03.168+0000] {dag.py:3954} INFO - Setting next_dagrun for produce_json to 2026-02-23 14:00:00+00:00, run_after=2026-02-24 14:00:00+00:00
[2026-02-23T23:43:03.254+0000] {logging_mixin.py:188} INFO - [2026-02-23T23:43:03.253+0000] {dag.py:3954} INFO - Setting next_dagrun for update_db to 2026-02-23 15:00:00+00:00, run_after=2026-02-24 15:00:00+00:00
[2026-02-23T23:43:03.412+0000] {processor.py:183} INFO - Processing /opt/airflow/dags/main.py took 0.917 seconds
[2026-02-23T23:43:30.320+0000] {processor.py:161} INFO - Started process (PID=629) to work on /opt/airflow/dags/main.py
[2026-02-23T23:43:30.366+0000] {processor.py:830} INFO - Processing file /opt/airflow/dags/main.py for tasks to queue
[2026-02-23T23:43:30.378+0000] {logging_mixin.py:188} INFO - [2026-02-23T23:43:30.377+0000] {dagbag.py:545} INFO - Filling up the DagBag from /opt/airflow/dags/main.py
[2026-02-23T23:43:30.547+0000] {processor.py:840} INFO - DAG(s) 'produce_json', 'update_db', 'data_quality' retrieved from /opt/airflow/dags/main.py
[2026-02-23T23:43:33.206+0000] {logging_mixin.py:188} INFO - [2026-02-23T23:43:33.206+0000] {dag.py:3096} INFO - Sync 3 DAGs
[2026-02-23T23:43:33.500+0000] {logging_mixin.py:188} INFO - [2026-02-23T23:43:33.499+0000] {dag.py:3954} INFO - Setting next_dagrun for data_quality to 2026-02-23 16:00:00+00:00, run_after=2026-02-24 16:00:00+00:00
[2026-02-23T23:43:33.652+0000] {logging_mixin.py:188} INFO - [2026-02-23T23:43:33.652+0000] {dag.py:3954} INFO - Setting next_dagrun for produce_json to 2026-02-23 14:00:00+00:00, run_after=2026-02-24 14:00:00+00:00
[2026-02-23T23:43:33.659+0000] {logging_mixin.py:188} INFO - [2026-02-23T23:43:33.658+0000] {dag.py:3954} INFO - Setting next_dagrun for update_db to 2026-02-23 15:00:00+00:00, run_after=2026-02-24 15:00:00+00:00
[2026-02-23T23:43:33.808+0000] {processor.py:183} INFO - Processing /opt/airflow/dags/main.py took 3.565 seconds
[2026-02-23T23:43:36.125+0000] {processor.py:161} INFO - Started process (PID=636) to work on /opt/airflow/dags/main.py
[2026-02-23T23:43:36.179+0000] {processor.py:830} INFO - Processing file /opt/airflow/dags/main.py for tasks to queue
[2026-02-23T23:43:36.183+0000] {logging_mixin.py:188} INFO - [2026-02-23T23:43:36.183+0000] {dagbag.py:545} INFO - Filling up the DagBag from /opt/airflow/dags/main.py
[2026-02-23T23:43:36.357+0000] {processor.py:840} INFO - DAG(s) 'produce_json', 'update_db', 'data_quality' retrieved from /opt/airflow/dags/main.py
[2026-02-23T23:43:37.491+0000] {logging_mixin.py:188} INFO - [2026-02-23T23:43:37.475+0000] {dag.py:3096} INFO - Sync 3 DAGs
[2026-02-23T23:43:37.588+0000] {logging_mixin.py:188} INFO - [2026-02-23T23:43:37.588+0000] {dag.py:3954} INFO - Setting next_dagrun for data_quality to 2026-02-23 16:00:00+00:00, run_after=2026-02-24 16:00:00+00:00
[2026-02-23T23:43:38.044+0000] {logging_mixin.py:188} INFO - [2026-02-23T23:43:38.044+0000] {dag.py:3954} INFO - Setting next_dagrun for produce_json to 2026-02-23 14:00:00+00:00, run_after=2026-02-24 14:00:00+00:00
[2026-02-23T23:43:38.189+0000] {logging_mixin.py:188} INFO - [2026-02-23T23:43:38.189+0000] {dag.py:3954} INFO - Setting next_dagrun for update_db to 2026-02-23 15:00:00+00:00, run_after=2026-02-24 15:00:00+00:00
[2026-02-23T23:43:38.522+0000] {processor.py:183} INFO - Processing /opt/airflow/dags/main.py took 2.510 seconds
[2026-02-23T23:44:04.070+0000] {processor.py:161} INFO - Started process (PID=637) to work on /opt/airflow/dags/main.py
[2026-02-23T23:44:04.097+0000] {processor.py:830} INFO - Processing file /opt/airflow/dags/main.py for tasks to queue
[2026-02-23T23:44:04.101+0000] {logging_mixin.py:188} INFO - [2026-02-23T23:44:04.100+0000] {dagbag.py:545} INFO - Filling up the DagBag from /opt/airflow/dags/main.py
[2026-02-23T23:44:04.173+0000] {processor.py:840} INFO - DAG(s) 'update_db', 'data_quality', 'produce_json' retrieved from /opt/airflow/dags/main.py
[2026-02-23T23:44:06.106+0000] {logging_mixin.py:188} INFO - [2026-02-23T23:44:06.105+0000] {dag.py:3096} INFO - Sync 3 DAGs
[2026-02-23T23:44:06.147+0000] {logging_mixin.py:188} INFO - [2026-02-23T23:44:06.147+0000] {dag.py:3954} INFO - Setting next_dagrun for data_quality to 2026-02-23 16:00:00+00:00, run_after=2026-02-24 16:00:00+00:00
[2026-02-23T23:44:06.157+0000] {logging_mixin.py:188} INFO - [2026-02-23T23:44:06.157+0000] {dag.py:3954} INFO - Setting next_dagrun for produce_json to 2026-02-23 14:00:00+00:00, run_after=2026-02-24 14:00:00+00:00
[2026-02-23T23:44:06.163+0000] {logging_mixin.py:188} INFO - [2026-02-23T23:44:06.163+0000] {dag.py:3954} INFO - Setting next_dagrun for update_db to 2026-02-23 15:00:00+00:00, run_after=2026-02-24 15:00:00+00:00
[2026-02-23T23:44:06.194+0000] {processor.py:183} INFO - Processing /opt/airflow/dags/main.py took 2.139 seconds
[2026-02-23T23:44:09.188+0000] {processor.py:161} INFO - Started process (PID=644) to work on /opt/airflow/dags/main.py
[2026-02-23T23:44:09.196+0000] {processor.py:830} INFO - Processing file /opt/airflow/dags/main.py for tasks to queue
[2026-02-23T23:44:09.214+0000] {logging_mixin.py:188} INFO - [2026-02-23T23:44:09.213+0000] {dagbag.py:545} INFO - Filling up the DagBag from /opt/airflow/dags/main.py
[2026-02-23T23:44:09.349+0000] {processor.py:840} INFO - DAG(s) 'update_db', 'data_quality', 'produce_json' retrieved from /opt/airflow/dags/main.py
[2026-02-23T23:44:09.416+0000] {logging_mixin.py:188} INFO - [2026-02-23T23:44:09.415+0000] {dag.py:3096} INFO - Sync 3 DAGs
[2026-02-23T23:44:09.465+0000] {logging_mixin.py:188} INFO - [2026-02-23T23:44:09.464+0000] {dag.py:3954} INFO - Setting next_dagrun for data_quality to 2026-02-23 16:00:00+00:00, run_after=2026-02-24 16:00:00+00:00
[2026-02-23T23:44:09.478+0000] {logging_mixin.py:188} INFO - [2026-02-23T23:44:09.478+0000] {dag.py:3954} INFO - Setting next_dagrun for produce_json to 2026-02-23 14:00:00+00:00, run_after=2026-02-24 14:00:00+00:00
[2026-02-23T23:44:09.490+0000] {logging_mixin.py:188} INFO - [2026-02-23T23:44:09.490+0000] {dag.py:3954} INFO - Setting next_dagrun for update_db to 2026-02-23 15:00:00+00:00, run_after=2026-02-24 15:00:00+00:00
[2026-02-23T23:44:09.559+0000] {processor.py:183} INFO - Processing /opt/airflow/dags/main.py took 0.404 seconds
[2026-02-23T23:44:36.395+0000] {processor.py:161} INFO - Started process (PID=645) to work on /opt/airflow/dags/main.py
[2026-02-23T23:44:36.399+0000] {processor.py:830} INFO - Processing file /opt/airflow/dags/main.py for tasks to queue
[2026-02-23T23:44:36.419+0000] {logging_mixin.py:188} INFO - [2026-02-23T23:44:36.415+0000] {dagbag.py:545} INFO - Filling up the DagBag from /opt/airflow/dags/main.py
[2026-02-23T23:44:36.535+0000] {processor.py:840} INFO - DAG(s) 'update_db', 'produce_json', 'data_quality' retrieved from /opt/airflow/dags/main.py
[2026-02-23T23:44:36.603+0000] {logging_mixin.py:188} INFO - [2026-02-23T23:44:36.602+0000] {dag.py:3096} INFO - Sync 3 DAGs
[2026-02-23T23:44:36.652+0000] {logging_mixin.py:188} INFO - [2026-02-23T23:44:36.652+0000] {dag.py:3954} INFO - Setting next_dagrun for data_quality to 2026-02-23 16:00:00+00:00, run_after=2026-02-24 16:00:00+00:00
[2026-02-23T23:44:36.664+0000] {logging_mixin.py:188} INFO - [2026-02-23T23:44:36.664+0000] {dag.py:3954} INFO - Setting next_dagrun for produce_json to 2026-02-23 14:00:00+00:00, run_after=2026-02-24 14:00:00+00:00
[2026-02-23T23:44:36.674+0000] {logging_mixin.py:188} INFO - [2026-02-23T23:44:36.674+0000] {dag.py:3954} INFO - Setting next_dagrun for update_db to 2026-02-23 15:00:00+00:00, run_after=2026-02-24 15:00:00+00:00
[2026-02-23T23:44:36.723+0000] {processor.py:183} INFO - Processing /opt/airflow/dags/main.py took 0.376 seconds
[2026-02-23T23:44:40.341+0000] {processor.py:161} INFO - Started process (PID=653) to work on /opt/airflow/dags/main.py
[2026-02-23T23:44:40.343+0000] {processor.py:830} INFO - Processing file /opt/airflow/dags/main.py for tasks to queue
[2026-02-23T23:44:40.353+0000] {logging_mixin.py:188} INFO - [2026-02-23T23:44:40.352+0000] {dagbag.py:545} INFO - Filling up the DagBag from /opt/airflow/dags/main.py
[2026-02-23T23:44:40.494+0000] {processor.py:840} INFO - DAG(s) 'data_quality', 'produce_json', 'update_db' retrieved from /opt/airflow/dags/main.py
[2026-02-23T23:44:40.659+0000] {logging_mixin.py:188} INFO - [2026-02-23T23:44:40.659+0000] {dag.py:3096} INFO - Sync 3 DAGs
[2026-02-23T23:44:40.714+0000] {logging_mixin.py:188} INFO - [2026-02-23T23:44:40.713+0000] {dag.py:3954} INFO - Setting next_dagrun for data_quality to 2026-02-23 16:00:00+00:00, run_after=2026-02-24 16:00:00+00:00
[2026-02-23T23:44:40.727+0000] {logging_mixin.py:188} INFO - [2026-02-23T23:44:40.727+0000] {dag.py:3954} INFO - Setting next_dagrun for produce_json to 2026-02-23 14:00:00+00:00, run_after=2026-02-24 14:00:00+00:00
[2026-02-23T23:44:40.735+0000] {logging_mixin.py:188} INFO - [2026-02-23T23:44:40.735+0000] {dag.py:3954} INFO - Setting next_dagrun for update_db to 2026-02-23 15:00:00+00:00, run_after=2026-02-24 15:00:00+00:00
[2026-02-23T23:44:40.772+0000] {processor.py:183} INFO - Processing /opt/airflow/dags/main.py took 0.450 seconds
[2026-02-23T23:45:07.417+0000] {processor.py:161} INFO - Started process (PID=654) to work on /opt/airflow/dags/main.py
[2026-02-23T23:45:07.421+0000] {processor.py:830} INFO - Processing file /opt/airflow/dags/main.py for tasks to queue
[2026-02-23T23:45:07.427+0000] {logging_mixin.py:188} INFO - [2026-02-23T23:45:07.426+0000] {dagbag.py:545} INFO - Filling up the DagBag from /opt/airflow/dags/main.py
[2026-02-23T23:45:07.506+0000] {processor.py:840} INFO - DAG(s) 'data_quality', 'produce_json', 'update_db' retrieved from /opt/airflow/dags/main.py
[2026-02-23T23:45:07.568+0000] {logging_mixin.py:188} INFO - [2026-02-23T23:45:07.567+0000] {dag.py:3096} INFO - Sync 3 DAGs
[2026-02-23T23:45:07.636+0000] {logging_mixin.py:188} INFO - [2026-02-23T23:45:07.635+0000] {dag.py:3954} INFO - Setting next_dagrun for data_quality to 2026-02-23 16:00:00+00:00, run_after=2026-02-24 16:00:00+00:00
[2026-02-23T23:45:07.654+0000] {logging_mixin.py:188} INFO - [2026-02-23T23:45:07.653+0000] {dag.py:3954} INFO - Setting next_dagrun for produce_json to 2026-02-23 14:00:00+00:00, run_after=2026-02-24 14:00:00+00:00
[2026-02-23T23:45:07.667+0000] {logging_mixin.py:188} INFO - [2026-02-23T23:45:07.667+0000] {dag.py:3954} INFO - Setting next_dagrun for update_db to 2026-02-23 15:00:00+00:00, run_after=2026-02-24 15:00:00+00:00
[2026-02-23T23:45:07.716+0000] {processor.py:183} INFO - Processing /opt/airflow/dags/main.py took 0.316 seconds
[2026-02-23T23:45:11.454+0000] {processor.py:161} INFO - Started process (PID=662) to work on /opt/airflow/dags/main.py
[2026-02-23T23:45:11.456+0000] {processor.py:830} INFO - Processing file /opt/airflow/dags/main.py for tasks to queue
[2026-02-23T23:45:11.459+0000] {logging_mixin.py:188} INFO - [2026-02-23T23:45:11.459+0000] {dagbag.py:545} INFO - Filling up the DagBag from /opt/airflow/dags/main.py
[2026-02-23T23:45:11.549+0000] {processor.py:840} INFO - DAG(s) 'produce_json', 'update_db', 'data_quality' retrieved from /opt/airflow/dags/main.py
[2026-02-23T23:45:11.627+0000] {logging_mixin.py:188} INFO - [2026-02-23T23:45:11.627+0000] {dag.py:3096} INFO - Sync 3 DAGs
[2026-02-23T23:45:11.675+0000] {logging_mixin.py:188} INFO - [2026-02-23T23:45:11.674+0000] {dag.py:3954} INFO - Setting next_dagrun for data_quality to 2026-02-23 16:00:00+00:00, run_after=2026-02-24 16:00:00+00:00
[2026-02-23T23:45:11.687+0000] {logging_mixin.py:188} INFO - [2026-02-23T23:45:11.687+0000] {dag.py:3954} INFO - Setting next_dagrun for produce_json to 2026-02-23 14:00:00+00:00, run_after=2026-02-24 14:00:00+00:00
[2026-02-23T23:45:11.698+0000] {logging_mixin.py:188} INFO - [2026-02-23T23:45:11.696+0000] {dag.py:3954} INFO - Setting next_dagrun for update_db to 2026-02-23 15:00:00+00:00, run_after=2026-02-24 15:00:00+00:00
[2026-02-23T23:45:11.734+0000] {processor.py:183} INFO - Processing /opt/airflow/dags/main.py took 0.295 seconds
[2026-02-23T23:45:38.147+0000] {processor.py:161} INFO - Started process (PID=663) to work on /opt/airflow/dags/main.py
[2026-02-23T23:45:38.150+0000] {processor.py:830} INFO - Processing file /opt/airflow/dags/main.py for tasks to queue
[2026-02-23T23:45:38.155+0000] {logging_mixin.py:188} INFO - [2026-02-23T23:45:38.155+0000] {dagbag.py:545} INFO - Filling up the DagBag from /opt/airflow/dags/main.py
[2026-02-23T23:45:38.262+0000] {processor.py:840} INFO - DAG(s) 'data_quality', 'produce_json', 'update_db' retrieved from /opt/airflow/dags/main.py
[2026-02-23T23:45:38.346+0000] {logging_mixin.py:188} INFO - [2026-02-23T23:45:38.346+0000] {dag.py:3096} INFO - Sync 3 DAGs
[2026-02-23T23:45:38.403+0000] {logging_mixin.py:188} INFO - [2026-02-23T23:45:38.402+0000] {dag.py:3954} INFO - Setting next_dagrun for data_quality to 2026-02-23 16:00:00+00:00, run_after=2026-02-24 16:00:00+00:00
[2026-02-23T23:45:38.414+0000] {logging_mixin.py:188} INFO - [2026-02-23T23:45:38.414+0000] {dag.py:3954} INFO - Setting next_dagrun for produce_json to 2026-02-23 14:00:00+00:00, run_after=2026-02-24 14:00:00+00:00
[2026-02-23T23:45:38.420+0000] {logging_mixin.py:188} INFO - [2026-02-23T23:45:38.420+0000] {dag.py:3954} INFO - Setting next_dagrun for update_db to 2026-02-23 15:00:00+00:00, run_after=2026-02-24 15:00:00+00:00
[2026-02-23T23:45:38.477+0000] {processor.py:183} INFO - Processing /opt/airflow/dags/main.py took 0.347 seconds
[2026-02-23T23:45:42.207+0000] {processor.py:161} INFO - Started process (PID=670) to work on /opt/airflow/dags/main.py
[2026-02-23T23:45:42.209+0000] {processor.py:830} INFO - Processing file /opt/airflow/dags/main.py for tasks to queue
[2026-02-23T23:45:42.212+0000] {logging_mixin.py:188} INFO - [2026-02-23T23:45:42.212+0000] {dagbag.py:545} INFO - Filling up the DagBag from /opt/airflow/dags/main.py
[2026-02-23T23:45:42.385+0000] {processor.py:840} INFO - DAG(s) 'produce_json', 'update_db', 'data_quality' retrieved from /opt/airflow/dags/main.py
[2026-02-23T23:45:42.462+0000] {logging_mixin.py:188} INFO - [2026-02-23T23:45:42.461+0000] {dag.py:3096} INFO - Sync 3 DAGs
[2026-02-23T23:45:42.508+0000] {logging_mixin.py:188} INFO - [2026-02-23T23:45:42.508+0000] {dag.py:3954} INFO - Setting next_dagrun for data_quality to 2026-02-23 16:00:00+00:00, run_after=2026-02-24 16:00:00+00:00
[2026-02-23T23:45:42.519+0000] {logging_mixin.py:188} INFO - [2026-02-23T23:45:42.518+0000] {dag.py:3954} INFO - Setting next_dagrun for produce_json to 2026-02-23 14:00:00+00:00, run_after=2026-02-24 14:00:00+00:00
[2026-02-23T23:45:42.530+0000] {logging_mixin.py:188} INFO - [2026-02-23T23:45:42.529+0000] {dag.py:3954} INFO - Setting next_dagrun for update_db to 2026-02-23 15:00:00+00:00, run_after=2026-02-24 15:00:00+00:00
[2026-02-23T23:45:42.582+0000] {processor.py:183} INFO - Processing /opt/airflow/dags/main.py took 0.388 seconds
[2026-02-23T23:46:09.134+0000] {processor.py:161} INFO - Started process (PID=677) to work on /opt/airflow/dags/main.py
[2026-02-23T23:46:09.139+0000] {processor.py:830} INFO - Processing file /opt/airflow/dags/main.py for tasks to queue
[2026-02-23T23:46:09.145+0000] {logging_mixin.py:188} INFO - [2026-02-23T23:46:09.145+0000] {dagbag.py:545} INFO - Filling up the DagBag from /opt/airflow/dags/main.py
[2026-02-23T23:46:09.229+0000] {processor.py:840} INFO - DAG(s) 'update_db', 'produce_json', 'data_quality' retrieved from /opt/airflow/dags/main.py
[2026-02-23T23:46:09.306+0000] {logging_mixin.py:188} INFO - [2026-02-23T23:46:09.305+0000] {dag.py:3096} INFO - Sync 3 DAGs
[2026-02-23T23:46:09.347+0000] {logging_mixin.py:188} INFO - [2026-02-23T23:46:09.347+0000] {dag.py:3954} INFO - Setting next_dagrun for data_quality to 2026-02-23 16:00:00+00:00, run_after=2026-02-24 16:00:00+00:00
[2026-02-23T23:46:09.360+0000] {logging_mixin.py:188} INFO - [2026-02-23T23:46:09.360+0000] {dag.py:3954} INFO - Setting next_dagrun for produce_json to 2026-02-23 14:00:00+00:00, run_after=2026-02-24 14:00:00+00:00
[2026-02-23T23:46:09.366+0000] {logging_mixin.py:188} INFO - [2026-02-23T23:46:09.365+0000] {dag.py:3954} INFO - Setting next_dagrun for update_db to 2026-02-23 15:00:00+00:00, run_after=2026-02-24 15:00:00+00:00
[2026-02-23T23:46:09.396+0000] {processor.py:183} INFO - Processing /opt/airflow/dags/main.py took 0.275 seconds
[2026-02-23T23:46:13.150+0000] {processor.py:161} INFO - Started process (PID=678) to work on /opt/airflow/dags/main.py
[2026-02-23T23:46:13.152+0000] {processor.py:830} INFO - Processing file /opt/airflow/dags/main.py for tasks to queue
[2026-02-23T23:46:13.157+0000] {logging_mixin.py:188} INFO - [2026-02-23T23:46:13.156+0000] {dagbag.py:545} INFO - Filling up the DagBag from /opt/airflow/dags/main.py
[2026-02-23T23:46:13.284+0000] {processor.py:840} INFO - DAG(s) 'produce_json', 'data_quality', 'update_db' retrieved from /opt/airflow/dags/main.py
[2026-02-23T23:46:13.393+0000] {logging_mixin.py:188} INFO - [2026-02-23T23:46:13.392+0000] {dag.py:3096} INFO - Sync 3 DAGs
[2026-02-23T23:46:13.451+0000] {logging_mixin.py:188} INFO - [2026-02-23T23:46:13.451+0000] {dag.py:3954} INFO - Setting next_dagrun for data_quality to 2026-02-23 16:00:00+00:00, run_after=2026-02-24 16:00:00+00:00
[2026-02-23T23:46:13.462+0000] {logging_mixin.py:188} INFO - [2026-02-23T23:46:13.462+0000] {dag.py:3954} INFO - Setting next_dagrun for produce_json to 2026-02-23 14:00:00+00:00, run_after=2026-02-24 14:00:00+00:00
[2026-02-23T23:46:13.469+0000] {logging_mixin.py:188} INFO - [2026-02-23T23:46:13.468+0000] {dag.py:3954} INFO - Setting next_dagrun for update_db to 2026-02-23 15:00:00+00:00, run_after=2026-02-24 15:00:00+00:00
[2026-02-23T23:46:13.502+0000] {processor.py:183} INFO - Processing /opt/airflow/dags/main.py took 0.364 seconds
[2026-02-23T23:46:40.153+0000] {processor.py:161} INFO - Started process (PID=685) to work on /opt/airflow/dags/main.py
[2026-02-23T23:46:40.155+0000] {processor.py:830} INFO - Processing file /opt/airflow/dags/main.py for tasks to queue
[2026-02-23T23:46:40.160+0000] {logging_mixin.py:188} INFO - [2026-02-23T23:46:40.159+0000] {dagbag.py:545} INFO - Filling up the DagBag from /opt/airflow/dags/main.py
[2026-02-23T23:46:40.251+0000] {processor.py:840} INFO - DAG(s) 'produce_json', 'update_db', 'data_quality' retrieved from /opt/airflow/dags/main.py
[2026-02-23T23:46:40.332+0000] {logging_mixin.py:188} INFO - [2026-02-23T23:46:40.332+0000] {dag.py:3096} INFO - Sync 3 DAGs
[2026-02-23T23:46:40.376+0000] {logging_mixin.py:188} INFO - [2026-02-23T23:46:40.376+0000] {dag.py:3954} INFO - Setting next_dagrun for data_quality to 2026-02-23 16:00:00+00:00, run_after=2026-02-24 16:00:00+00:00
[2026-02-23T23:46:40.386+0000] {logging_mixin.py:188} INFO - [2026-02-23T23:46:40.386+0000] {dag.py:3954} INFO - Setting next_dagrun for produce_json to 2026-02-23 14:00:00+00:00, run_after=2026-02-24 14:00:00+00:00
[2026-02-23T23:46:40.394+0000] {logging_mixin.py:188} INFO - [2026-02-23T23:46:40.393+0000] {dag.py:3954} INFO - Setting next_dagrun for update_db to 2026-02-23 15:00:00+00:00, run_after=2026-02-24 15:00:00+00:00
[2026-02-23T23:46:40.440+0000] {processor.py:183} INFO - Processing /opt/airflow/dags/main.py took 0.301 seconds
[2026-02-23T23:46:44.157+0000] {processor.py:161} INFO - Started process (PID=686) to work on /opt/airflow/dags/main.py
[2026-02-23T23:46:44.158+0000] {processor.py:830} INFO - Processing file /opt/airflow/dags/main.py for tasks to queue
[2026-02-23T23:46:44.163+0000] {logging_mixin.py:188} INFO - [2026-02-23T23:46:44.163+0000] {dagbag.py:545} INFO - Filling up the DagBag from /opt/airflow/dags/main.py
[2026-02-23T23:46:44.242+0000] {processor.py:840} INFO - DAG(s) 'update_db', 'produce_json', 'data_quality' retrieved from /opt/airflow/dags/main.py
[2026-02-23T23:46:44.321+0000] {logging_mixin.py:188} INFO - [2026-02-23T23:46:44.320+0000] {dag.py:3096} INFO - Sync 3 DAGs
[2026-02-23T23:46:44.374+0000] {logging_mixin.py:188} INFO - [2026-02-23T23:46:44.373+0000] {dag.py:3954} INFO - Setting next_dagrun for data_quality to 2026-02-23 16:00:00+00:00, run_after=2026-02-24 16:00:00+00:00
[2026-02-23T23:46:44.386+0000] {logging_mixin.py:188} INFO - [2026-02-23T23:46:44.386+0000] {dag.py:3954} INFO - Setting next_dagrun for produce_json to 2026-02-23 14:00:00+00:00, run_after=2026-02-24 14:00:00+00:00
[2026-02-23T23:46:44.394+0000] {logging_mixin.py:188} INFO - [2026-02-23T23:46:44.394+0000] {dag.py:3954} INFO - Setting next_dagrun for update_db to 2026-02-23 15:00:00+00:00, run_after=2026-02-24 15:00:00+00:00
[2026-02-23T23:46:44.440+0000] {processor.py:183} INFO - Processing /opt/airflow/dags/main.py took 0.295 seconds
[2026-02-23T23:47:11.089+0000] {processor.py:161} INFO - Started process (PID=693) to work on /opt/airflow/dags/main.py
[2026-02-23T23:47:11.093+0000] {processor.py:830} INFO - Processing file /opt/airflow/dags/main.py for tasks to queue
[2026-02-23T23:47:11.099+0000] {logging_mixin.py:188} INFO - [2026-02-23T23:47:11.098+0000] {dagbag.py:545} INFO - Filling up the DagBag from /opt/airflow/dags/main.py
[2026-02-23T23:47:11.178+0000] {processor.py:840} INFO - DAG(s) 'produce_json', 'data_quality', 'update_db' retrieved from /opt/airflow/dags/main.py
[2026-02-23T23:47:11.255+0000] {logging_mixin.py:188} INFO - [2026-02-23T23:47:11.255+0000] {dag.py:3096} INFO - Sync 3 DAGs
[2026-02-23T23:47:11.297+0000] {logging_mixin.py:188} INFO - [2026-02-23T23:47:11.297+0000] {dag.py:3954} INFO - Setting next_dagrun for data_quality to 2026-02-23 16:00:00+00:00, run_after=2026-02-24 16:00:00+00:00
[2026-02-23T23:47:11.308+0000] {logging_mixin.py:188} INFO - [2026-02-23T23:47:11.307+0000] {dag.py:3954} INFO - Setting next_dagrun for produce_json to 2026-02-23 14:00:00+00:00, run_after=2026-02-24 14:00:00+00:00
[2026-02-23T23:47:11.314+0000] {logging_mixin.py:188} INFO - [2026-02-23T23:47:11.314+0000] {dag.py:3954} INFO - Setting next_dagrun for update_db to 2026-02-23 15:00:00+00:00, run_after=2026-02-24 15:00:00+00:00
[2026-02-23T23:47:11.342+0000] {processor.py:183} INFO - Processing /opt/airflow/dags/main.py took 0.264 seconds
[2026-02-23T23:47:15.135+0000] {processor.py:161} INFO - Started process (PID=694) to work on /opt/airflow/dags/main.py
[2026-02-23T23:47:15.137+0000] {processor.py:830} INFO - Processing file /opt/airflow/dags/main.py for tasks to queue
[2026-02-23T23:47:15.143+0000] {logging_mixin.py:188} INFO - [2026-02-23T23:47:15.142+0000] {dagbag.py:545} INFO - Filling up the DagBag from /opt/airflow/dags/main.py
[2026-02-23T23:47:15.251+0000] {processor.py:840} INFO - DAG(s) 'update_db', 'produce_json', 'data_quality' retrieved from /opt/airflow/dags/main.py
[2026-02-23T23:47:15.348+0000] {logging_mixin.py:188} INFO - [2026-02-23T23:47:15.348+0000] {dag.py:3096} INFO - Sync 3 DAGs
[2026-02-23T23:47:15.409+0000] {logging_mixin.py:188} INFO - [2026-02-23T23:47:15.408+0000] {dag.py:3954} INFO - Setting next_dagrun for data_quality to 2026-02-23 16:00:00+00:00, run_after=2026-02-24 16:00:00+00:00
[2026-02-23T23:47:15.422+0000] {logging_mixin.py:188} INFO - [2026-02-23T23:47:15.421+0000] {dag.py:3954} INFO - Setting next_dagrun for produce_json to 2026-02-23 14:00:00+00:00, run_after=2026-02-24 14:00:00+00:00
[2026-02-23T23:47:15.430+0000] {logging_mixin.py:188} INFO - [2026-02-23T23:47:15.430+0000] {dag.py:3954} INFO - Setting next_dagrun for update_db to 2026-02-23 15:00:00+00:00, run_after=2026-02-24 15:00:00+00:00
[2026-02-23T23:47:15.468+0000] {processor.py:183} INFO - Processing /opt/airflow/dags/main.py took 0.353 seconds
[2026-02-23T23:47:41.390+0000] {processor.py:161} INFO - Started process (PID=701) to work on /opt/airflow/dags/main.py
[2026-02-23T23:47:41.393+0000] {processor.py:830} INFO - Processing file /opt/airflow/dags/main.py for tasks to queue
[2026-02-23T23:47:41.396+0000] {logging_mixin.py:188} INFO - [2026-02-23T23:47:41.395+0000] {dagbag.py:545} INFO - Filling up the DagBag from /opt/airflow/dags/main.py
[2026-02-23T23:47:41.475+0000] {processor.py:840} INFO - DAG(s) 'data_quality', 'update_db', 'produce_json' retrieved from /opt/airflow/dags/main.py
[2026-02-23T23:47:41.560+0000] {logging_mixin.py:188} INFO - [2026-02-23T23:47:41.560+0000] {dag.py:3096} INFO - Sync 3 DAGs
[2026-02-23T23:47:41.608+0000] {logging_mixin.py:188} INFO - [2026-02-23T23:47:41.607+0000] {dag.py:3954} INFO - Setting next_dagrun for data_quality to 2026-02-23 16:00:00+00:00, run_after=2026-02-24 16:00:00+00:00
[2026-02-23T23:47:41.617+0000] {logging_mixin.py:188} INFO - [2026-02-23T23:47:41.617+0000] {dag.py:3954} INFO - Setting next_dagrun for produce_json to 2026-02-23 14:00:00+00:00, run_after=2026-02-24 14:00:00+00:00
[2026-02-23T23:47:41.625+0000] {logging_mixin.py:188} INFO - [2026-02-23T23:47:41.624+0000] {dag.py:3954} INFO - Setting next_dagrun for update_db to 2026-02-23 15:00:00+00:00, run_after=2026-02-24 15:00:00+00:00
[2026-02-23T23:47:41.671+0000] {processor.py:183} INFO - Processing /opt/airflow/dags/main.py took 0.296 seconds
[2026-02-23T23:47:45.586+0000] {processor.py:161} INFO - Started process (PID=702) to work on /opt/airflow/dags/main.py
[2026-02-23T23:47:45.588+0000] {processor.py:830} INFO - Processing file /opt/airflow/dags/main.py for tasks to queue
[2026-02-23T23:47:45.592+0000] {logging_mixin.py:188} INFO - [2026-02-23T23:47:45.591+0000] {dagbag.py:545} INFO - Filling up the DagBag from /opt/airflow/dags/main.py
[2026-02-23T23:47:45.665+0000] {processor.py:840} INFO - DAG(s) 'produce_json', 'update_db', 'data_quality' retrieved from /opt/airflow/dags/main.py
[2026-02-23T23:47:45.738+0000] {logging_mixin.py:188} INFO - [2026-02-23T23:47:45.738+0000] {dag.py:3096} INFO - Sync 3 DAGs
[2026-02-23T23:47:45.781+0000] {logging_mixin.py:188} INFO - [2026-02-23T23:47:45.781+0000] {dag.py:3954} INFO - Setting next_dagrun for data_quality to 2026-02-23 16:00:00+00:00, run_after=2026-02-24 16:00:00+00:00
[2026-02-23T23:47:45.791+0000] {logging_mixin.py:188} INFO - [2026-02-23T23:47:45.790+0000] {dag.py:3954} INFO - Setting next_dagrun for produce_json to 2026-02-23 14:00:00+00:00, run_after=2026-02-24 14:00:00+00:00
[2026-02-23T23:47:45.799+0000] {logging_mixin.py:188} INFO - [2026-02-23T23:47:45.798+0000] {dag.py:3954} INFO - Setting next_dagrun for update_db to 2026-02-23 15:00:00+00:00, run_after=2026-02-24 15:00:00+00:00
[2026-02-23T23:47:45.853+0000] {processor.py:183} INFO - Processing /opt/airflow/dags/main.py took 0.282 seconds
[2026-02-23T23:48:12.130+0000] {processor.py:161} INFO - Started process (PID=709) to work on /opt/airflow/dags/main.py
[2026-02-23T23:48:12.148+0000] {processor.py:830} INFO - Processing file /opt/airflow/dags/main.py for tasks to queue
[2026-02-23T23:48:12.157+0000] {logging_mixin.py:188} INFO - [2026-02-23T23:48:12.157+0000] {dagbag.py:545} INFO - Filling up the DagBag from /opt/airflow/dags/main.py
[2026-02-23T23:48:12.309+0000] {processor.py:840} INFO - DAG(s) 'data_quality', 'update_db', 'produce_json' retrieved from /opt/airflow/dags/main.py
[2026-02-23T23:48:12.787+0000] {logging_mixin.py:188} INFO - [2026-02-23T23:48:12.787+0000] {dag.py:3096} INFO - Sync 3 DAGs
[2026-02-23T23:48:12.869+0000] {logging_mixin.py:188} INFO - [2026-02-23T23:48:12.868+0000] {dag.py:3954} INFO - Setting next_dagrun for data_quality to 2026-02-23 16:00:00+00:00, run_after=2026-02-24 16:00:00+00:00
[2026-02-23T23:48:12.884+0000] {logging_mixin.py:188} INFO - [2026-02-23T23:48:12.884+0000] {dag.py:3954} INFO - Setting next_dagrun for produce_json to 2026-02-23 14:00:00+00:00, run_after=2026-02-24 14:00:00+00:00
[2026-02-23T23:48:12.893+0000] {logging_mixin.py:188} INFO - [2026-02-23T23:48:12.893+0000] {dag.py:3954} INFO - Setting next_dagrun for update_db to 2026-02-23 15:00:00+00:00, run_after=2026-02-24 15:00:00+00:00
[2026-02-23T23:48:12.943+0000] {processor.py:183} INFO - Processing /opt/airflow/dags/main.py took 0.839 seconds
[2026-02-23T23:48:16.200+0000] {processor.py:161} INFO - Started process (PID=710) to work on /opt/airflow/dags/main.py
[2026-02-23T23:48:16.202+0000] {processor.py:830} INFO - Processing file /opt/airflow/dags/main.py for tasks to queue
[2026-02-23T23:48:16.208+0000] {logging_mixin.py:188} INFO - [2026-02-23T23:48:16.207+0000] {dagbag.py:545} INFO - Filling up the DagBag from /opt/airflow/dags/main.py
[2026-02-23T23:48:16.297+0000] {processor.py:840} INFO - DAG(s) 'produce_json', 'data_quality', 'update_db' retrieved from /opt/airflow/dags/main.py
[2026-02-23T23:48:16.394+0000] {logging_mixin.py:188} INFO - [2026-02-23T23:48:16.394+0000] {dag.py:3096} INFO - Sync 3 DAGs
[2026-02-23T23:48:16.456+0000] {logging_mixin.py:188} INFO - [2026-02-23T23:48:16.455+0000] {dag.py:3954} INFO - Setting next_dagrun for data_quality to 2026-02-23 16:00:00+00:00, run_after=2026-02-24 16:00:00+00:00
[2026-02-23T23:48:16.466+0000] {logging_mixin.py:188} INFO - [2026-02-23T23:48:16.466+0000] {dag.py:3954} INFO - Setting next_dagrun for produce_json to 2026-02-23 14:00:00+00:00, run_after=2026-02-24 14:00:00+00:00
[2026-02-23T23:48:16.474+0000] {logging_mixin.py:188} INFO - [2026-02-23T23:48:16.474+0000] {dag.py:3954} INFO - Setting next_dagrun for update_db to 2026-02-23 15:00:00+00:00, run_after=2026-02-24 15:00:00+00:00
[2026-02-23T23:48:16.504+0000] {processor.py:183} INFO - Processing /opt/airflow/dags/main.py took 0.325 seconds
[2026-02-23T23:48:43.406+0000] {processor.py:161} INFO - Started process (PID=717) to work on /opt/airflow/dags/main.py
[2026-02-23T23:48:43.413+0000] {processor.py:830} INFO - Processing file /opt/airflow/dags/main.py for tasks to queue
[2026-02-23T23:48:43.421+0000] {logging_mixin.py:188} INFO - [2026-02-23T23:48:43.420+0000] {dagbag.py:545} INFO - Filling up the DagBag from /opt/airflow/dags/main.py
[2026-02-23T23:48:43.558+0000] {processor.py:840} INFO - DAG(s) 'produce_json', 'update_db', 'data_quality' retrieved from /opt/airflow/dags/main.py
[2026-02-23T23:48:43.670+0000] {logging_mixin.py:188} INFO - [2026-02-23T23:48:43.670+0000] {dag.py:3096} INFO - Sync 3 DAGs
[2026-02-23T23:48:43.739+0000] {logging_mixin.py:188} INFO - [2026-02-23T23:48:43.739+0000] {dag.py:3954} INFO - Setting next_dagrun for data_quality to 2026-02-23 16:00:00+00:00, run_after=2026-02-24 16:00:00+00:00
[2026-02-23T23:48:43.759+0000] {logging_mixin.py:188} INFO - [2026-02-23T23:48:43.757+0000] {dag.py:3954} INFO - Setting next_dagrun for produce_json to 2026-02-23 14:00:00+00:00, run_after=2026-02-24 14:00:00+00:00
[2026-02-23T23:48:43.770+0000] {logging_mixin.py:188} INFO - [2026-02-23T23:48:43.770+0000] {dag.py:3954} INFO - Setting next_dagrun for update_db to 2026-02-23 15:00:00+00:00, run_after=2026-02-24 15:00:00+00:00
[2026-02-23T23:48:43.816+0000] {processor.py:183} INFO - Processing /opt/airflow/dags/main.py took 0.431 seconds
[2026-02-23T23:48:46.762+0000] {processor.py:161} INFO - Started process (PID=718) to work on /opt/airflow/dags/main.py
[2026-02-23T23:48:46.764+0000] {processor.py:830} INFO - Processing file /opt/airflow/dags/main.py for tasks to queue
[2026-02-23T23:48:46.769+0000] {logging_mixin.py:188} INFO - [2026-02-23T23:48:46.768+0000] {dagbag.py:545} INFO - Filling up the DagBag from /opt/airflow/dags/main.py
[2026-02-23T23:48:46.871+0000] {processor.py:840} INFO - DAG(s) 'produce_json', 'data_quality', 'update_db' retrieved from /opt/airflow/dags/main.py
[2026-02-23T23:48:46.950+0000] {logging_mixin.py:188} INFO - [2026-02-23T23:48:46.949+0000] {dag.py:3096} INFO - Sync 3 DAGs
[2026-02-23T23:48:47.002+0000] {logging_mixin.py:188} INFO - [2026-02-23T23:48:47.001+0000] {dag.py:3954} INFO - Setting next_dagrun for data_quality to 2026-02-23 16:00:00+00:00, run_after=2026-02-24 16:00:00+00:00
[2026-02-23T23:48:47.021+0000] {logging_mixin.py:188} INFO - [2026-02-23T23:48:47.020+0000] {dag.py:3954} INFO - Setting next_dagrun for produce_json to 2026-02-23 14:00:00+00:00, run_after=2026-02-24 14:00:00+00:00
[2026-02-23T23:48:47.033+0000] {logging_mixin.py:188} INFO - [2026-02-23T23:48:47.033+0000] {dag.py:3954} INFO - Setting next_dagrun for update_db to 2026-02-23 15:00:00+00:00, run_after=2026-02-24 15:00:00+00:00
[2026-02-23T23:48:47.064+0000] {processor.py:183} INFO - Processing /opt/airflow/dags/main.py took 0.318 seconds
[2026-02-23T23:49:14.270+0000] {processor.py:161} INFO - Started process (PID=725) to work on /opt/airflow/dags/main.py
[2026-02-23T23:49:14.273+0000] {processor.py:830} INFO - Processing file /opt/airflow/dags/main.py for tasks to queue
[2026-02-23T23:49:14.277+0000] {logging_mixin.py:188} INFO - [2026-02-23T23:49:14.277+0000] {dagbag.py:545} INFO - Filling up the DagBag from /opt/airflow/dags/main.py
[2026-02-23T23:49:14.353+0000] {processor.py:840} INFO - DAG(s) 'data_quality', 'update_db', 'produce_json' retrieved from /opt/airflow/dags/main.py
[2026-02-23T23:49:14.432+0000] {logging_mixin.py:188} INFO - [2026-02-23T23:49:14.431+0000] {dag.py:3096} INFO - Sync 3 DAGs
[2026-02-23T23:49:14.478+0000] {logging_mixin.py:188} INFO - [2026-02-23T23:49:14.478+0000] {dag.py:3954} INFO - Setting next_dagrun for data_quality to 2026-02-23 16:00:00+00:00, run_after=2026-02-24 16:00:00+00:00
[2026-02-23T23:49:14.490+0000] {logging_mixin.py:188} INFO - [2026-02-23T23:49:14.489+0000] {dag.py:3954} INFO - Setting next_dagrun for produce_json to 2026-02-23 14:00:00+00:00, run_after=2026-02-24 14:00:00+00:00
[2026-02-23T23:49:14.496+0000] {logging_mixin.py:188} INFO - [2026-02-23T23:49:14.495+0000] {dag.py:3954} INFO - Setting next_dagrun for update_db to 2026-02-23 15:00:00+00:00, run_after=2026-02-24 15:00:00+00:00
[2026-02-23T23:49:14.547+0000] {processor.py:183} INFO - Processing /opt/airflow/dags/main.py took 0.292 seconds
[2026-02-23T23:49:17.122+0000] {processor.py:161} INFO - Started process (PID=726) to work on /opt/airflow/dags/main.py
[2026-02-23T23:49:17.125+0000] {processor.py:830} INFO - Processing file /opt/airflow/dags/main.py for tasks to queue
[2026-02-23T23:49:17.133+0000] {logging_mixin.py:188} INFO - [2026-02-23T23:49:17.133+0000] {dagbag.py:545} INFO - Filling up the DagBag from /opt/airflow/dags/main.py
[2026-02-23T23:49:17.205+0000] {processor.py:840} INFO - DAG(s) 'data_quality', 'produce_json', 'update_db' retrieved from /opt/airflow/dags/main.py
[2026-02-23T23:49:17.272+0000] {logging_mixin.py:188} INFO - [2026-02-23T23:49:17.271+0000] {dag.py:3096} INFO - Sync 3 DAGs
[2026-02-23T23:49:17.324+0000] {logging_mixin.py:188} INFO - [2026-02-23T23:49:17.322+0000] {dag.py:3954} INFO - Setting next_dagrun for data_quality to 2026-02-23 16:00:00+00:00, run_after=2026-02-24 16:00:00+00:00
[2026-02-23T23:49:17.336+0000] {logging_mixin.py:188} INFO - [2026-02-23T23:49:17.335+0000] {dag.py:3954} INFO - Setting next_dagrun for produce_json to 2026-02-23 14:00:00+00:00, run_after=2026-02-24 14:00:00+00:00
[2026-02-23T23:49:17.343+0000] {logging_mixin.py:188} INFO - [2026-02-23T23:49:17.343+0000] {dag.py:3954} INFO - Setting next_dagrun for update_db to 2026-02-23 15:00:00+00:00, run_after=2026-02-24 15:00:00+00:00
[2026-02-23T23:49:17.392+0000] {processor.py:183} INFO - Processing /opt/airflow/dags/main.py took 0.284 seconds
[2026-02-23T23:49:45.316+0000] {processor.py:161} INFO - Started process (PID=733) to work on /opt/airflow/dags/main.py
[2026-02-23T23:49:45.319+0000] {processor.py:830} INFO - Processing file /opt/airflow/dags/main.py for tasks to queue
[2026-02-23T23:49:45.322+0000] {logging_mixin.py:188} INFO - [2026-02-23T23:49:45.322+0000] {dagbag.py:545} INFO - Filling up the DagBag from /opt/airflow/dags/main.py
[2026-02-23T23:49:45.393+0000] {processor.py:840} INFO - DAG(s) 'produce_json', 'data_quality', 'update_db' retrieved from /opt/airflow/dags/main.py
[2026-02-23T23:49:45.461+0000] {logging_mixin.py:188} INFO - [2026-02-23T23:49:45.460+0000] {dag.py:3096} INFO - Sync 3 DAGs
[2026-02-23T23:49:45.506+0000] {logging_mixin.py:188} INFO - [2026-02-23T23:49:45.506+0000] {dag.py:3954} INFO - Setting next_dagrun for data_quality to 2026-02-23 16:00:00+00:00, run_after=2026-02-24 16:00:00+00:00
[2026-02-23T23:49:45.520+0000] {logging_mixin.py:188} INFO - [2026-02-23T23:49:45.520+0000] {dag.py:3954} INFO - Setting next_dagrun for produce_json to 2026-02-23 14:00:00+00:00, run_after=2026-02-24 14:00:00+00:00
[2026-02-23T23:49:45.527+0000] {logging_mixin.py:188} INFO - [2026-02-23T23:49:45.526+0000] {dag.py:3954} INFO - Setting next_dagrun for update_db to 2026-02-23 15:00:00+00:00, run_after=2026-02-24 15:00:00+00:00
[2026-02-23T23:49:45.577+0000] {processor.py:183} INFO - Processing /opt/airflow/dags/main.py took 0.279 seconds
[2026-02-23T23:49:47.455+0000] {processor.py:161} INFO - Started process (PID=734) to work on /opt/airflow/dags/main.py
[2026-02-23T23:49:47.457+0000] {processor.py:830} INFO - Processing file /opt/airflow/dags/main.py for tasks to queue
[2026-02-23T23:49:47.461+0000] {logging_mixin.py:188} INFO - [2026-02-23T23:49:47.461+0000] {dagbag.py:545} INFO - Filling up the DagBag from /opt/airflow/dags/main.py
[2026-02-23T23:49:47.569+0000] {processor.py:840} INFO - DAG(s) 'data_quality', 'update_db', 'produce_json' retrieved from /opt/airflow/dags/main.py
[2026-02-23T23:49:47.663+0000] {logging_mixin.py:188} INFO - [2026-02-23T23:49:47.663+0000] {dag.py:3096} INFO - Sync 3 DAGs
[2026-02-23T23:49:47.725+0000] {logging_mixin.py:188} INFO - [2026-02-23T23:49:47.724+0000] {dag.py:3954} INFO - Setting next_dagrun for data_quality to 2026-02-23 16:00:00+00:00, run_after=2026-02-24 16:00:00+00:00
[2026-02-23T23:49:47.739+0000] {logging_mixin.py:188} INFO - [2026-02-23T23:49:47.738+0000] {dag.py:3954} INFO - Setting next_dagrun for produce_json to 2026-02-23 14:00:00+00:00, run_after=2026-02-24 14:00:00+00:00
[2026-02-23T23:49:47.746+0000] {logging_mixin.py:188} INFO - [2026-02-23T23:49:47.745+0000] {dag.py:3954} INFO - Setting next_dagrun for update_db to 2026-02-23 15:00:00+00:00, run_after=2026-02-24 15:00:00+00:00
[2026-02-23T23:49:47.797+0000] {processor.py:183} INFO - Processing /opt/airflow/dags/main.py took 0.356 seconds
[2026-02-23T23:50:16.188+0000] {processor.py:161} INFO - Started process (PID=741) to work on /opt/airflow/dags/main.py
[2026-02-23T23:50:16.191+0000] {processor.py:830} INFO - Processing file /opt/airflow/dags/main.py for tasks to queue
[2026-02-23T23:50:16.195+0000] {logging_mixin.py:188} INFO - [2026-02-23T23:50:16.195+0000] {dagbag.py:545} INFO - Filling up the DagBag from /opt/airflow/dags/main.py
[2026-02-23T23:50:16.287+0000] {processor.py:840} INFO - DAG(s) 'data_quality', 'produce_json', 'update_db' retrieved from /opt/airflow/dags/main.py
[2026-02-23T23:50:16.369+0000] {logging_mixin.py:188} INFO - [2026-02-23T23:50:16.369+0000] {dag.py:3096} INFO - Sync 3 DAGs
[2026-02-23T23:50:16.422+0000] {logging_mixin.py:188} INFO - [2026-02-23T23:50:16.422+0000] {dag.py:3954} INFO - Setting next_dagrun for data_quality to 2026-02-23 16:00:00+00:00, run_after=2026-02-24 16:00:00+00:00
[2026-02-23T23:50:16.438+0000] {logging_mixin.py:188} INFO - [2026-02-23T23:50:16.438+0000] {dag.py:3954} INFO - Setting next_dagrun for produce_json to 2026-02-23 14:00:00+00:00, run_after=2026-02-24 14:00:00+00:00
[2026-02-23T23:50:16.445+0000] {logging_mixin.py:188} INFO - [2026-02-23T23:50:16.445+0000] {dag.py:3954} INFO - Setting next_dagrun for update_db to 2026-02-23 15:00:00+00:00, run_after=2026-02-24 15:00:00+00:00
[2026-02-23T23:50:16.502+0000] {processor.py:183} INFO - Processing /opt/airflow/dags/main.py took 0.327 seconds
[2026-02-23T23:50:18.194+0000] {processor.py:161} INFO - Started process (PID=742) to work on /opt/airflow/dags/main.py
[2026-02-23T23:50:18.198+0000] {processor.py:830} INFO - Processing file /opt/airflow/dags/main.py for tasks to queue
[2026-02-23T23:50:18.205+0000] {logging_mixin.py:188} INFO - [2026-02-23T23:50:18.205+0000] {dagbag.py:545} INFO - Filling up the DagBag from /opt/airflow/dags/main.py
[2026-02-23T23:50:18.284+0000] {processor.py:840} INFO - DAG(s) 'produce_json', 'update_db', 'data_quality' retrieved from /opt/airflow/dags/main.py
[2026-02-23T23:50:18.355+0000] {logging_mixin.py:188} INFO - [2026-02-23T23:50:18.355+0000] {dag.py:3096} INFO - Sync 3 DAGs
[2026-02-23T23:50:18.497+0000] {logging_mixin.py:188} INFO - [2026-02-23T23:50:18.496+0000] {dag.py:3954} INFO - Setting next_dagrun for data_quality to 2026-02-23 16:00:00+00:00, run_after=2026-02-24 16:00:00+00:00
[2026-02-23T23:50:18.508+0000] {logging_mixin.py:188} INFO - [2026-02-23T23:50:18.507+0000] {dag.py:3954} INFO - Setting next_dagrun for produce_json to 2026-02-23 14:00:00+00:00, run_after=2026-02-24 14:00:00+00:00
[2026-02-23T23:50:18.516+0000] {logging_mixin.py:188} INFO - [2026-02-23T23:50:18.515+0000] {dag.py:3954} INFO - Setting next_dagrun for update_db to 2026-02-23 15:00:00+00:00, run_after=2026-02-24 15:00:00+00:00
[2026-02-23T23:50:18.563+0000] {processor.py:183} INFO - Processing /opt/airflow/dags/main.py took 0.382 seconds
[2026-02-23T23:50:47.136+0000] {processor.py:161} INFO - Started process (PID=748) to work on /opt/airflow/dags/main.py
[2026-02-23T23:50:47.142+0000] {processor.py:830} INFO - Processing file /opt/airflow/dags/main.py for tasks to queue
[2026-02-23T23:50:47.149+0000] {logging_mixin.py:188} INFO - [2026-02-23T23:50:47.147+0000] {dagbag.py:545} INFO - Filling up the DagBag from /opt/airflow/dags/main.py
[2026-02-23T23:50:47.491+0000] {processor.py:840} INFO - DAG(s) 'produce_json', 'update_db', 'data_quality' retrieved from /opt/airflow/dags/main.py
[2026-02-23T23:50:47.609+0000] {logging_mixin.py:188} INFO - [2026-02-23T23:50:47.608+0000] {dag.py:3096} INFO - Sync 3 DAGs
[2026-02-23T23:50:47.694+0000] {logging_mixin.py:188} INFO - [2026-02-23T23:50:47.693+0000] {dag.py:3954} INFO - Setting next_dagrun for data_quality to 2026-02-23 16:00:00+00:00, run_after=2026-02-24 16:00:00+00:00
[2026-02-23T23:50:47.706+0000] {logging_mixin.py:188} INFO - [2026-02-23T23:50:47.705+0000] {dag.py:3954} INFO - Setting next_dagrun for produce_json to 2026-02-23 14:00:00+00:00, run_after=2026-02-24 14:00:00+00:00
[2026-02-23T23:50:47.715+0000] {logging_mixin.py:188} INFO - [2026-02-23T23:50:47.715+0000] {dag.py:3954} INFO - Setting next_dagrun for update_db to 2026-02-23 15:00:00+00:00, run_after=2026-02-24 15:00:00+00:00
[2026-02-23T23:50:47.757+0000] {processor.py:183} INFO - Processing /opt/airflow/dags/main.py took 0.645 seconds
[2026-02-23T23:50:49.200+0000] {processor.py:161} INFO - Started process (PID=749) to work on /opt/airflow/dags/main.py
[2026-02-23T23:50:49.203+0000] {processor.py:830} INFO - Processing file /opt/airflow/dags/main.py for tasks to queue
[2026-02-23T23:50:49.209+0000] {logging_mixin.py:188} INFO - [2026-02-23T23:50:49.208+0000] {dagbag.py:545} INFO - Filling up the DagBag from /opt/airflow/dags/main.py
[2026-02-23T23:50:49.439+0000] {processor.py:840} INFO - DAG(s) 'produce_json', 'data_quality', 'update_db' retrieved from /opt/airflow/dags/main.py
[2026-02-23T23:50:49.580+0000] {logging_mixin.py:188} INFO - [2026-02-23T23:50:49.579+0000] {dag.py:3096} INFO - Sync 3 DAGs
[2026-02-23T23:50:49.705+0000] {logging_mixin.py:188} INFO - [2026-02-23T23:50:49.704+0000] {dag.py:3954} INFO - Setting next_dagrun for data_quality to 2026-02-23 16:00:00+00:00, run_after=2026-02-24 16:00:00+00:00
[2026-02-23T23:50:49.728+0000] {logging_mixin.py:188} INFO - [2026-02-23T23:50:49.727+0000] {dag.py:3954} INFO - Setting next_dagrun for produce_json to 2026-02-23 14:00:00+00:00, run_after=2026-02-24 14:00:00+00:00
[2026-02-23T23:50:49.756+0000] {logging_mixin.py:188} INFO - [2026-02-23T23:50:49.755+0000] {dag.py:3954} INFO - Setting next_dagrun for update_db to 2026-02-23 15:00:00+00:00, run_after=2026-02-24 15:00:00+00:00
[2026-02-23T23:50:49.822+0000] {processor.py:183} INFO - Processing /opt/airflow/dags/main.py took 0.651 seconds
[2026-02-23T23:51:35.951+0000] {processor.py:161} INFO - Started process (PID=750) to work on /opt/airflow/dags/main.py
[2026-02-23T23:51:37.412+0000] {processor.py:830} INFO - Processing file /opt/airflow/dags/main.py for tasks to queue
[2026-02-23T23:51:37.419+0000] {logging_mixin.py:188} INFO - [2026-02-23T23:51:37.417+0000] {dagbag.py:545} INFO - Filling up the DagBag from /opt/airflow/dags/main.py
[2026-02-23T23:51:38.464+0000] {processor.py:840} INFO - DAG(s) 'produce_json', 'data_quality', 'update_db' retrieved from /opt/airflow/dags/main.py
[2026-02-23T23:51:38.844+0000] {logging_mixin.py:188} INFO - [2026-02-23T23:51:38.844+0000] {dag.py:3096} INFO - Sync 3 DAGs
[2026-02-23T23:51:39.022+0000] {logging_mixin.py:188} INFO - [2026-02-23T23:51:39.021+0000] {dag.py:3954} INFO - Setting next_dagrun for data_quality to 2026-02-23 16:00:00+00:00, run_after=2026-02-24 16:00:00+00:00
[2026-02-23T23:51:39.042+0000] {logging_mixin.py:188} INFO - [2026-02-23T23:51:39.036+0000] {dag.py:3954} INFO - Setting next_dagrun for produce_json to 2026-02-23 14:00:00+00:00, run_after=2026-02-24 14:00:00+00:00
[2026-02-23T23:51:39.051+0000] {logging_mixin.py:188} INFO - [2026-02-23T23:51:39.050+0000] {dag.py:3954} INFO - Setting next_dagrun for update_db to 2026-02-23 15:00:00+00:00, run_after=2026-02-24 15:00:00+00:00
[2026-02-23T23:51:39.091+0000] {processor.py:183} INFO - Processing /opt/airflow/dags/main.py took 3.209 seconds
[2026-02-23T23:52:10.164+0000] {processor.py:161} INFO - Started process (PID=756) to work on /opt/airflow/dags/main.py
[2026-02-23T23:52:10.166+0000] {processor.py:830} INFO - Processing file /opt/airflow/dags/main.py for tasks to queue
[2026-02-23T23:52:10.194+0000] {logging_mixin.py:188} INFO - [2026-02-23T23:52:10.170+0000] {dagbag.py:545} INFO - Filling up the DagBag from /opt/airflow/dags/main.py
[2026-02-23T23:52:10.312+0000] {processor.py:840} INFO - DAG(s) 'data_quality', 'update_db', 'produce_json' retrieved from /opt/airflow/dags/main.py
[2026-02-23T23:52:10.519+0000] {logging_mixin.py:188} INFO - [2026-02-23T23:52:10.518+0000] {dag.py:3096} INFO - Sync 3 DAGs
[2026-02-23T23:52:10.642+0000] {logging_mixin.py:188} INFO - [2026-02-23T23:52:10.641+0000] {dag.py:3954} INFO - Setting next_dagrun for data_quality to 2026-02-23 16:00:00+00:00, run_after=2026-02-24 16:00:00+00:00
[2026-02-23T23:52:10.688+0000] {logging_mixin.py:188} INFO - [2026-02-23T23:52:10.688+0000] {dag.py:3954} INFO - Setting next_dagrun for produce_json to 2026-02-23 14:00:00+00:00, run_after=2026-02-24 14:00:00+00:00
[2026-02-23T23:52:10.700+0000] {logging_mixin.py:188} INFO - [2026-02-23T23:52:10.700+0000] {dag.py:3954} INFO - Setting next_dagrun for update_db to 2026-02-23 15:00:00+00:00, run_after=2026-02-24 15:00:00+00:00
[2026-02-23T23:52:11.213+0000] {processor.py:183} INFO - Processing /opt/airflow/dags/main.py took 1.141 seconds
[2026-02-23T23:52:41.871+0000] {processor.py:161} INFO - Started process (PID=763) to work on /opt/airflow/dags/main.py
[2026-02-23T23:52:41.876+0000] {processor.py:830} INFO - Processing file /opt/airflow/dags/main.py for tasks to queue
[2026-02-23T23:52:41.882+0000] {logging_mixin.py:188} INFO - [2026-02-23T23:52:41.880+0000] {dagbag.py:545} INFO - Filling up the DagBag from /opt/airflow/dags/main.py
[2026-02-23T23:52:42.105+0000] {processor.py:840} INFO - DAG(s) 'produce_json', 'update_db', 'data_quality' retrieved from /opt/airflow/dags/main.py
[2026-02-23T23:52:42.453+0000] {logging_mixin.py:188} INFO - [2026-02-23T23:52:42.452+0000] {dag.py:3096} INFO - Sync 3 DAGs
[2026-02-23T23:52:43.102+0000] {logging_mixin.py:188} INFO - [2026-02-23T23:52:43.102+0000] {dag.py:3954} INFO - Setting next_dagrun for data_quality to 2026-02-23 16:00:00+00:00, run_after=2026-02-24 16:00:00+00:00
[2026-02-23T23:52:43.240+0000] {logging_mixin.py:188} INFO - [2026-02-23T23:52:43.240+0000] {dag.py:3954} INFO - Setting next_dagrun for produce_json to 2026-02-23 14:00:00+00:00, run_after=2026-02-24 14:00:00+00:00
[2026-02-23T23:52:43.263+0000] {logging_mixin.py:188} INFO - [2026-02-23T23:52:43.263+0000] {dag.py:3954} INFO - Setting next_dagrun for update_db to 2026-02-23 15:00:00+00:00, run_after=2026-02-24 15:00:00+00:00
[2026-02-23T23:52:43.331+0000] {processor.py:183} INFO - Processing /opt/airflow/dags/main.py took 1.485 seconds
[2026-02-23T23:53:14.347+0000] {processor.py:161} INFO - Started process (PID=776) to work on /opt/airflow/dags/main.py
[2026-02-23T23:53:14.350+0000] {processor.py:830} INFO - Processing file /opt/airflow/dags/main.py for tasks to queue
[2026-02-23T23:53:14.354+0000] {logging_mixin.py:188} INFO - [2026-02-23T23:53:14.353+0000] {dagbag.py:545} INFO - Filling up the DagBag from /opt/airflow/dags/main.py
[2026-02-23T23:53:14.443+0000] {processor.py:840} INFO - DAG(s) 'produce_json', 'data_quality', 'update_db' retrieved from /opt/airflow/dags/main.py
[2026-02-23T23:53:14.533+0000] {logging_mixin.py:188} INFO - [2026-02-23T23:53:14.533+0000] {dag.py:3096} INFO - Sync 3 DAGs
[2026-02-23T23:53:14.584+0000] {logging_mixin.py:188} INFO - [2026-02-23T23:53:14.583+0000] {dag.py:3954} INFO - Setting next_dagrun for data_quality to 2026-02-23 16:00:00+00:00, run_after=2026-02-24 16:00:00+00:00
[2026-02-23T23:53:14.596+0000] {logging_mixin.py:188} INFO - [2026-02-23T23:53:14.596+0000] {dag.py:3954} INFO - Setting next_dagrun for produce_json to 2026-02-23 14:00:00+00:00, run_after=2026-02-24 14:00:00+00:00
[2026-02-23T23:53:14.604+0000] {logging_mixin.py:188} INFO - [2026-02-23T23:53:14.603+0000] {dag.py:3954} INFO - Setting next_dagrun for update_db to 2026-02-23 15:00:00+00:00, run_after=2026-02-24 15:00:00+00:00
[2026-02-23T23:53:14.635+0000] {processor.py:183} INFO - Processing /opt/airflow/dags/main.py took 0.324 seconds
[2026-02-23T23:53:45.181+0000] {processor.py:161} INFO - Started process (PID=783) to work on /opt/airflow/dags/main.py
[2026-02-23T23:53:45.184+0000] {processor.py:830} INFO - Processing file /opt/airflow/dags/main.py for tasks to queue
[2026-02-23T23:53:45.187+0000] {logging_mixin.py:188} INFO - [2026-02-23T23:53:45.186+0000] {dagbag.py:545} INFO - Filling up the DagBag from /opt/airflow/dags/main.py
[2026-02-23T23:53:45.290+0000] {processor.py:840} INFO - DAG(s) 'data_quality', 'produce_json', 'update_db' retrieved from /opt/airflow/dags/main.py
[2026-02-23T23:53:45.468+0000] {logging_mixin.py:188} INFO - [2026-02-23T23:53:45.468+0000] {dag.py:3096} INFO - Sync 3 DAGs
[2026-02-23T23:53:45.514+0000] {logging_mixin.py:188} INFO - [2026-02-23T23:53:45.512+0000] {dag.py:3954} INFO - Setting next_dagrun for data_quality to 2026-02-23 16:00:00+00:00, run_after=2026-02-24 16:00:00+00:00
[2026-02-23T23:53:45.527+0000] {logging_mixin.py:188} INFO - [2026-02-23T23:53:45.526+0000] {dag.py:3954} INFO - Setting next_dagrun for produce_json to 2026-02-23 14:00:00+00:00, run_after=2026-02-24 14:00:00+00:00
[2026-02-23T23:53:45.535+0000] {logging_mixin.py:188} INFO - [2026-02-23T23:53:45.534+0000] {dag.py:3954} INFO - Setting next_dagrun for update_db to 2026-02-23 15:00:00+00:00, run_after=2026-02-24 15:00:00+00:00
[2026-02-23T23:53:45.570+0000] {processor.py:183} INFO - Processing /opt/airflow/dags/main.py took 0.401 seconds
[2026-02-23T23:54:15.993+0000] {processor.py:161} INFO - Started process (PID=790) to work on /opt/airflow/dags/main.py
[2026-02-23T23:54:16.021+0000] {processor.py:830} INFO - Processing file /opt/airflow/dags/main.py for tasks to queue
[2026-02-23T23:54:16.026+0000] {logging_mixin.py:188} INFO - [2026-02-23T23:54:16.025+0000] {dagbag.py:545} INFO - Filling up the DagBag from /opt/airflow/dags/main.py
[2026-02-23T23:54:16.142+0000] {processor.py:840} INFO - DAG(s) 'update_db', 'data_quality', 'produce_json' retrieved from /opt/airflow/dags/main.py
[2026-02-23T23:54:16.234+0000] {logging_mixin.py:188} INFO - [2026-02-23T23:54:16.234+0000] {dag.py:3096} INFO - Sync 3 DAGs
[2026-02-23T23:54:16.291+0000] {logging_mixin.py:188} INFO - [2026-02-23T23:54:16.291+0000] {dag.py:3954} INFO - Setting next_dagrun for data_quality to 2026-02-23 16:00:00+00:00, run_after=2026-02-24 16:00:00+00:00
[2026-02-23T23:54:16.301+0000] {logging_mixin.py:188} INFO - [2026-02-23T23:54:16.301+0000] {dag.py:3954} INFO - Setting next_dagrun for produce_json to 2026-02-23 14:00:00+00:00, run_after=2026-02-24 14:00:00+00:00
[2026-02-23T23:54:16.310+0000] {logging_mixin.py:188} INFO - [2026-02-23T23:54:16.309+0000] {dag.py:3954} INFO - Setting next_dagrun for update_db to 2026-02-23 15:00:00+00:00, run_after=2026-02-24 15:00:00+00:00
[2026-02-23T23:54:16.369+0000] {processor.py:183} INFO - Processing /opt/airflow/dags/main.py took 0.389 seconds
[2026-02-23T23:54:46.840+0000] {processor.py:161} INFO - Started process (PID=797) to work on /opt/airflow/dags/main.py
[2026-02-23T23:54:46.910+0000] {processor.py:830} INFO - Processing file /opt/airflow/dags/main.py for tasks to queue
[2026-02-23T23:54:46.915+0000] {logging_mixin.py:188} INFO - [2026-02-23T23:54:46.914+0000] {dagbag.py:545} INFO - Filling up the DagBag from /opt/airflow/dags/main.py
[2026-02-23T23:54:47.054+0000] {processor.py:840} INFO - DAG(s) 'data_quality', 'produce_json', 'update_db' retrieved from /opt/airflow/dags/main.py
[2026-02-23T23:54:47.259+0000] {logging_mixin.py:188} INFO - [2026-02-23T23:54:47.258+0000] {dag.py:3096} INFO - Sync 3 DAGs
[2026-02-23T23:54:47.407+0000] {logging_mixin.py:188} INFO - [2026-02-23T23:54:47.405+0000] {dag.py:3954} INFO - Setting next_dagrun for data_quality to 2026-02-23 16:00:00+00:00, run_after=2026-02-24 16:00:00+00:00
[2026-02-23T23:54:47.435+0000] {logging_mixin.py:188} INFO - [2026-02-23T23:54:47.433+0000] {dag.py:3954} INFO - Setting next_dagrun for produce_json to 2026-02-23 14:00:00+00:00, run_after=2026-02-24 14:00:00+00:00
[2026-02-23T23:54:47.447+0000] {logging_mixin.py:188} INFO - [2026-02-23T23:54:47.446+0000] {dag.py:3954} INFO - Setting next_dagrun for update_db to 2026-02-23 15:00:00+00:00, run_after=2026-02-24 15:00:00+00:00
[2026-02-23T23:54:47.496+0000] {processor.py:183} INFO - Processing /opt/airflow/dags/main.py took 0.676 seconds
