[2026-02-18T22:00:51.200+0000] {processor.py:161} INFO - Started process (PID=62) to work on /opt/airflow/dags/main.py
[2026-02-18T22:00:51.202+0000] {processor.py:830} INFO - Processing file /opt/airflow/dags/main.py for tasks to queue
[2026-02-18T22:00:51.205+0000] {logging_mixin.py:188} INFO - [2026-02-18T22:00:51.204+0000] {dagbag.py:545} INFO - Filling up the DagBag from /opt/airflow/dags/main.py
[2026-02-18T22:00:53.104+0000] {processor.py:840} INFO - DAG(s) 'produce_json', 'data_quality', 'update_db' retrieved from /opt/airflow/dags/main.py
[2026-02-18T22:00:54.614+0000] {logging_mixin.py:188} INFO - [2026-02-18T22:00:54.614+0000] {dag.py:3096} INFO - Sync 3 DAGs
[2026-02-18T22:00:54.988+0000] {logging_mixin.py:188} INFO - [2026-02-18T22:00:54.987+0000] {dag.py:3954} INFO - Setting next_dagrun for data_quality to 2026-02-17 16:00:00+00:00, run_after=2026-02-18 16:00:00+00:00
[2026-02-18T22:00:55.084+0000] {logging_mixin.py:188} INFO - [2026-02-18T22:00:55.083+0000] {dag.py:3954} INFO - Setting next_dagrun for produce_json to 2026-02-17 14:00:00+00:00, run_after=2026-02-18 14:00:00+00:00
[2026-02-18T22:00:55.320+0000] {logging_mixin.py:188} INFO - [2026-02-18T22:00:55.319+0000] {dag.py:3954} INFO - Setting next_dagrun for update_db to 2026-02-17 15:00:00+00:00, run_after=2026-02-18 15:00:00+00:00
[2026-02-18T22:00:56.483+0000] {processor.py:183} INFO - Processing /opt/airflow/dags/main.py took 5.294 seconds
[2026-02-18T22:01:26.986+0000] {processor.py:161} INFO - Started process (PID=69) to work on /opt/airflow/dags/main.py
[2026-02-18T22:01:27.194+0000] {processor.py:830} INFO - Processing file /opt/airflow/dags/main.py for tasks to queue
[2026-02-18T22:01:27.207+0000] {logging_mixin.py:188} INFO - [2026-02-18T22:01:27.205+0000] {dagbag.py:545} INFO - Filling up the DagBag from /opt/airflow/dags/main.py
[2026-02-18T22:01:27.378+0000] {processor.py:840} INFO - DAG(s) 'produce_json', 'data_quality', 'update_db' retrieved from /opt/airflow/dags/main.py
[2026-02-18T22:01:28.188+0000] {logging_mixin.py:188} INFO - [2026-02-18T22:01:28.187+0000] {dag.py:3096} INFO - Sync 3 DAGs
[2026-02-18T22:01:29.264+0000] {logging_mixin.py:188} INFO - [2026-02-18T22:01:29.263+0000] {dag.py:3954} INFO - Setting next_dagrun for data_quality to 2026-02-18 16:00:00+00:00, run_after=2026-02-19 16:00:00+00:00
[2026-02-18T22:01:29.437+0000] {logging_mixin.py:188} INFO - [2026-02-18T22:01:29.436+0000] {dag.py:3954} INFO - Setting next_dagrun for produce_json to 2026-02-18 14:00:00+00:00, run_after=2026-02-19 14:00:00+00:00
[2026-02-18T22:01:29.683+0000] {logging_mixin.py:188} INFO - [2026-02-18T22:01:29.683+0000] {dag.py:3954} INFO - Setting next_dagrun for update_db to 2026-02-18 15:00:00+00:00, run_after=2026-02-19 15:00:00+00:00
[2026-02-18T22:01:30.603+0000] {processor.py:183} INFO - Processing /opt/airflow/dags/main.py took 3.633 seconds
[2026-02-18T22:02:01.619+0000] {processor.py:161} INFO - Started process (PID=76) to work on /opt/airflow/dags/main.py
[2026-02-18T22:02:01.721+0000] {processor.py:830} INFO - Processing file /opt/airflow/dags/main.py for tasks to queue
[2026-02-18T22:02:01.725+0000] {logging_mixin.py:188} INFO - [2026-02-18T22:02:01.724+0000] {dagbag.py:545} INFO - Filling up the DagBag from /opt/airflow/dags/main.py
[2026-02-18T22:02:02.056+0000] {processor.py:840} INFO - DAG(s) 'data_quality', 'produce_json', 'update_db' retrieved from /opt/airflow/dags/main.py
[2026-02-18T22:02:02.214+0000] {logging_mixin.py:188} INFO - [2026-02-18T22:02:02.213+0000] {dag.py:3096} INFO - Sync 3 DAGs
[2026-02-18T22:02:02.303+0000] {logging_mixin.py:188} INFO - [2026-02-18T22:02:02.303+0000] {dag.py:3954} INFO - Setting next_dagrun for data_quality to 2026-02-18 16:00:00+00:00, run_after=2026-02-19 16:00:00+00:00
[2026-02-18T22:02:02.315+0000] {logging_mixin.py:188} INFO - [2026-02-18T22:02:02.314+0000] {dag.py:3954} INFO - Setting next_dagrun for produce_json to 2026-02-18 14:00:00+00:00, run_after=2026-02-19 14:00:00+00:00
[2026-02-18T22:02:02.322+0000] {logging_mixin.py:188} INFO - [2026-02-18T22:02:02.321+0000] {dag.py:3954} INFO - Setting next_dagrun for update_db to 2026-02-18 15:00:00+00:00, run_after=2026-02-19 15:00:00+00:00
[2026-02-18T22:02:02.384+0000] {processor.py:183} INFO - Processing /opt/airflow/dags/main.py took 0.804 seconds
[2026-02-18T22:02:32.890+0000] {processor.py:161} INFO - Started process (PID=83) to work on /opt/airflow/dags/main.py
[2026-02-18T22:02:32.896+0000] {processor.py:830} INFO - Processing file /opt/airflow/dags/main.py for tasks to queue
[2026-02-18T22:02:32.899+0000] {logging_mixin.py:188} INFO - [2026-02-18T22:02:32.898+0000] {dagbag.py:545} INFO - Filling up the DagBag from /opt/airflow/dags/main.py
[2026-02-18T22:02:32.977+0000] {processor.py:840} INFO - DAG(s) 'data_quality', 'produce_json', 'update_db' retrieved from /opt/airflow/dags/main.py
[2026-02-18T22:02:33.163+0000] {logging_mixin.py:188} INFO - [2026-02-18T22:02:33.163+0000] {dag.py:3096} INFO - Sync 3 DAGs
[2026-02-18T22:02:33.237+0000] {logging_mixin.py:188} INFO - [2026-02-18T22:02:33.237+0000] {dag.py:3954} INFO - Setting next_dagrun for data_quality to 2026-02-18 16:00:00+00:00, run_after=2026-02-19 16:00:00+00:00
[2026-02-18T22:02:33.268+0000] {logging_mixin.py:188} INFO - [2026-02-18T22:02:33.268+0000] {dag.py:3954} INFO - Setting next_dagrun for produce_json to 2026-02-18 14:00:00+00:00, run_after=2026-02-19 14:00:00+00:00
[2026-02-18T22:02:33.285+0000] {logging_mixin.py:188} INFO - [2026-02-18T22:02:33.284+0000] {dag.py:3954} INFO - Setting next_dagrun for update_db to 2026-02-18 15:00:00+00:00, run_after=2026-02-19 15:00:00+00:00
[2026-02-18T22:02:33.392+0000] {processor.py:183} INFO - Processing /opt/airflow/dags/main.py took 0.520 seconds
[2026-02-18T22:03:04.308+0000] {processor.py:161} INFO - Started process (PID=90) to work on /opt/airflow/dags/main.py
[2026-02-18T22:03:04.354+0000] {processor.py:830} INFO - Processing file /opt/airflow/dags/main.py for tasks to queue
[2026-02-18T22:03:04.358+0000] {logging_mixin.py:188} INFO - [2026-02-18T22:03:04.357+0000] {dagbag.py:545} INFO - Filling up the DagBag from /opt/airflow/dags/main.py
[2026-02-18T22:03:04.457+0000] {processor.py:840} INFO - DAG(s) 'produce_json', 'update_db', 'data_quality' retrieved from /opt/airflow/dags/main.py
[2026-02-18T22:03:04.560+0000] {logging_mixin.py:188} INFO - [2026-02-18T22:03:04.560+0000] {dag.py:3096} INFO - Sync 3 DAGs
[2026-02-18T22:03:04.654+0000] {logging_mixin.py:188} INFO - [2026-02-18T22:03:04.653+0000] {dag.py:3954} INFO - Setting next_dagrun for data_quality to 2026-02-18 16:00:00+00:00, run_after=2026-02-19 16:00:00+00:00
[2026-02-18T22:03:04.662+0000] {logging_mixin.py:188} INFO - [2026-02-18T22:03:04.662+0000] {dag.py:3954} INFO - Setting next_dagrun for produce_json to 2026-02-18 14:00:00+00:00, run_after=2026-02-19 14:00:00+00:00
[2026-02-18T22:03:04.670+0000] {logging_mixin.py:188} INFO - [2026-02-18T22:03:04.670+0000] {dag.py:3954} INFO - Setting next_dagrun for update_db to 2026-02-18 15:00:00+00:00, run_after=2026-02-19 15:00:00+00:00
[2026-02-18T22:03:04.705+0000] {processor.py:183} INFO - Processing /opt/airflow/dags/main.py took 0.408 seconds
[2026-02-18T22:03:35.186+0000] {processor.py:161} INFO - Started process (PID=97) to work on /opt/airflow/dags/main.py
[2026-02-18T22:03:35.193+0000] {processor.py:830} INFO - Processing file /opt/airflow/dags/main.py for tasks to queue
[2026-02-18T22:03:35.198+0000] {logging_mixin.py:188} INFO - [2026-02-18T22:03:35.198+0000] {dagbag.py:545} INFO - Filling up the DagBag from /opt/airflow/dags/main.py
[2026-02-18T22:03:35.346+0000] {processor.py:840} INFO - DAG(s) 'produce_json', 'data_quality', 'update_db' retrieved from /opt/airflow/dags/main.py
[2026-02-18T22:03:35.563+0000] {logging_mixin.py:188} INFO - [2026-02-18T22:03:35.563+0000] {dag.py:3096} INFO - Sync 3 DAGs
[2026-02-18T22:03:35.804+0000] {logging_mixin.py:188} INFO - [2026-02-18T22:03:35.804+0000] {dag.py:3954} INFO - Setting next_dagrun for data_quality to 2026-02-18 16:00:00+00:00, run_after=2026-02-19 16:00:00+00:00
[2026-02-18T22:03:35.833+0000] {logging_mixin.py:188} INFO - [2026-02-18T22:03:35.832+0000] {dag.py:3954} INFO - Setting next_dagrun for produce_json to 2026-02-18 14:00:00+00:00, run_after=2026-02-19 14:00:00+00:00
[2026-02-18T22:03:35.863+0000] {logging_mixin.py:188} INFO - [2026-02-18T22:03:35.862+0000] {dag.py:3954} INFO - Setting next_dagrun for update_db to 2026-02-18 15:00:00+00:00, run_after=2026-02-19 15:00:00+00:00
[2026-02-18T22:03:36.013+0000] {processor.py:183} INFO - Processing /opt/airflow/dags/main.py took 0.934 seconds
[2026-02-18T22:04:06.460+0000] {processor.py:161} INFO - Started process (PID=105) to work on /opt/airflow/dags/main.py
[2026-02-18T22:04:07.155+0000] {processor.py:830} INFO - Processing file /opt/airflow/dags/main.py for tasks to queue
[2026-02-18T22:04:07.183+0000] {logging_mixin.py:188} INFO - [2026-02-18T22:04:07.181+0000] {dagbag.py:545} INFO - Filling up the DagBag from /opt/airflow/dags/main.py
[2026-02-18T22:04:07.387+0000] {processor.py:840} INFO - DAG(s) 'data_quality', 'update_db', 'produce_json' retrieved from /opt/airflow/dags/main.py
[2026-02-18T22:04:08.564+0000] {logging_mixin.py:188} INFO - [2026-02-18T22:04:08.563+0000] {dag.py:3096} INFO - Sync 3 DAGs
[2026-02-18T22:04:08.973+0000] {logging_mixin.py:188} INFO - [2026-02-18T22:04:08.972+0000] {dag.py:3954} INFO - Setting next_dagrun for data_quality to 2026-02-18 16:00:00+00:00, run_after=2026-02-19 16:00:00+00:00
[2026-02-18T22:04:09.032+0000] {logging_mixin.py:188} INFO - [2026-02-18T22:04:09.032+0000] {dag.py:3954} INFO - Setting next_dagrun for produce_json to 2026-02-18 14:00:00+00:00, run_after=2026-02-19 14:00:00+00:00
[2026-02-18T22:04:09.053+0000] {logging_mixin.py:188} INFO - [2026-02-18T22:04:09.052+0000] {dag.py:3954} INFO - Setting next_dagrun for update_db to 2026-02-18 15:00:00+00:00, run_after=2026-02-19 15:00:00+00:00
[2026-02-18T22:04:09.155+0000] {processor.py:183} INFO - Processing /opt/airflow/dags/main.py took 2.707 seconds
[2026-02-18T22:04:39.870+0000] {processor.py:161} INFO - Started process (PID=112) to work on /opt/airflow/dags/main.py
[2026-02-18T22:04:39.878+0000] {processor.py:830} INFO - Processing file /opt/airflow/dags/main.py for tasks to queue
[2026-02-18T22:04:39.885+0000] {logging_mixin.py:188} INFO - [2026-02-18T22:04:39.885+0000] {dagbag.py:545} INFO - Filling up the DagBag from /opt/airflow/dags/main.py
[2026-02-18T22:04:40.003+0000] {processor.py:840} INFO - DAG(s) 'update_db', 'data_quality', 'produce_json' retrieved from /opt/airflow/dags/main.py
[2026-02-18T22:04:40.293+0000] {logging_mixin.py:188} INFO - [2026-02-18T22:04:40.293+0000] {dag.py:3096} INFO - Sync 3 DAGs
[2026-02-18T22:04:40.463+0000] {logging_mixin.py:188} INFO - [2026-02-18T22:04:40.462+0000] {dag.py:3954} INFO - Setting next_dagrun for data_quality to 2026-02-18 16:00:00+00:00, run_after=2026-02-19 16:00:00+00:00
[2026-02-18T22:04:40.490+0000] {logging_mixin.py:188} INFO - [2026-02-18T22:04:40.490+0000] {dag.py:3954} INFO - Setting next_dagrun for produce_json to 2026-02-18 14:00:00+00:00, run_after=2026-02-19 14:00:00+00:00
[2026-02-18T22:04:41.342+0000] {logging_mixin.py:188} INFO - [2026-02-18T22:04:41.342+0000] {dag.py:3954} INFO - Setting next_dagrun for update_db to 2026-02-18 15:00:00+00:00, run_after=2026-02-19 15:00:00+00:00
[2026-02-18T22:04:41.940+0000] {processor.py:183} INFO - Processing /opt/airflow/dags/main.py took 2.159 seconds
[2026-02-18T22:05:13.360+0000] {processor.py:161} INFO - Started process (PID=119) to work on /opt/airflow/dags/main.py
[2026-02-18T22:05:13.364+0000] {processor.py:830} INFO - Processing file /opt/airflow/dags/main.py for tasks to queue
[2026-02-18T22:05:13.377+0000] {logging_mixin.py:188} INFO - [2026-02-18T22:05:13.374+0000] {dagbag.py:545} INFO - Filling up the DagBag from /opt/airflow/dags/main.py
[2026-02-18T22:05:13.570+0000] {processor.py:840} INFO - DAG(s) 'produce_json', 'update_db', 'data_quality' retrieved from /opt/airflow/dags/main.py
[2026-02-18T22:05:13.807+0000] {logging_mixin.py:188} INFO - [2026-02-18T22:05:13.806+0000] {dag.py:3096} INFO - Sync 3 DAGs
[2026-02-18T22:05:13.872+0000] {logging_mixin.py:188} INFO - [2026-02-18T22:05:13.871+0000] {dag.py:3954} INFO - Setting next_dagrun for data_quality to 2026-02-18 16:00:00+00:00, run_after=2026-02-19 16:00:00+00:00
[2026-02-18T22:05:13.884+0000] {logging_mixin.py:188} INFO - [2026-02-18T22:05:13.884+0000] {dag.py:3954} INFO - Setting next_dagrun for produce_json to 2026-02-18 14:00:00+00:00, run_after=2026-02-19 14:00:00+00:00
[2026-02-18T22:05:13.890+0000] {logging_mixin.py:188} INFO - [2026-02-18T22:05:13.889+0000] {dag.py:3954} INFO - Setting next_dagrun for update_db to 2026-02-18 15:00:00+00:00, run_after=2026-02-19 15:00:00+00:00
[2026-02-18T22:05:13.940+0000] {processor.py:183} INFO - Processing /opt/airflow/dags/main.py took 0.605 seconds
[2026-02-18T22:05:44.859+0000] {processor.py:161} INFO - Started process (PID=126) to work on /opt/airflow/dags/main.py
[2026-02-18T22:05:44.889+0000] {processor.py:830} INFO - Processing file /opt/airflow/dags/main.py for tasks to queue
[2026-02-18T22:05:44.924+0000] {logging_mixin.py:188} INFO - [2026-02-18T22:05:44.922+0000] {dagbag.py:545} INFO - Filling up the DagBag from /opt/airflow/dags/main.py
[2026-02-18T22:05:45.188+0000] {processor.py:840} INFO - DAG(s) 'update_db', 'data_quality', 'produce_json' retrieved from /opt/airflow/dags/main.py
[2026-02-18T22:05:45.338+0000] {logging_mixin.py:188} INFO - [2026-02-18T22:05:45.338+0000] {dag.py:3096} INFO - Sync 3 DAGs
[2026-02-18T22:05:45.589+0000] {logging_mixin.py:188} INFO - [2026-02-18T22:05:45.588+0000] {dag.py:3954} INFO - Setting next_dagrun for data_quality to 2026-02-18 16:00:00+00:00, run_after=2026-02-19 16:00:00+00:00
[2026-02-18T22:05:45.625+0000] {logging_mixin.py:188} INFO - [2026-02-18T22:05:45.625+0000] {dag.py:3954} INFO - Setting next_dagrun for produce_json to 2026-02-18 14:00:00+00:00, run_after=2026-02-19 14:00:00+00:00
[2026-02-18T22:05:45.650+0000] {logging_mixin.py:188} INFO - [2026-02-18T22:05:45.650+0000] {dag.py:3954} INFO - Setting next_dagrun for update_db to 2026-02-18 15:00:00+00:00, run_after=2026-02-19 15:00:00+00:00
[2026-02-18T22:05:45.703+0000] {processor.py:183} INFO - Processing /opt/airflow/dags/main.py took 0.859 seconds
[2026-02-18T22:06:16.248+0000] {processor.py:161} INFO - Started process (PID=133) to work on /opt/airflow/dags/main.py
[2026-02-18T22:06:16.284+0000] {processor.py:830} INFO - Processing file /opt/airflow/dags/main.py for tasks to queue
[2026-02-18T22:06:16.304+0000] {logging_mixin.py:188} INFO - [2026-02-18T22:06:16.303+0000] {dagbag.py:545} INFO - Filling up the DagBag from /opt/airflow/dags/main.py
[2026-02-18T22:06:16.498+0000] {processor.py:840} INFO - DAG(s) 'produce_json', 'update_db', 'data_quality' retrieved from /opt/airflow/dags/main.py
[2026-02-18T22:06:16.691+0000] {logging_mixin.py:188} INFO - [2026-02-18T22:06:16.690+0000] {dag.py:3096} INFO - Sync 3 DAGs
[2026-02-18T22:06:16.784+0000] {logging_mixin.py:188} INFO - [2026-02-18T22:06:16.783+0000] {dag.py:3954} INFO - Setting next_dagrun for data_quality to 2026-02-18 16:00:00+00:00, run_after=2026-02-19 16:00:00+00:00
[2026-02-18T22:06:16.804+0000] {logging_mixin.py:188} INFO - [2026-02-18T22:06:16.803+0000] {dag.py:3954} INFO - Setting next_dagrun for produce_json to 2026-02-18 14:00:00+00:00, run_after=2026-02-19 14:00:00+00:00
[2026-02-18T22:06:16.815+0000] {logging_mixin.py:188} INFO - [2026-02-18T22:06:16.814+0000] {dag.py:3954} INFO - Setting next_dagrun for update_db to 2026-02-18 15:00:00+00:00, run_after=2026-02-19 15:00:00+00:00
[2026-02-18T22:06:16.880+0000] {processor.py:183} INFO - Processing /opt/airflow/dags/main.py took 0.663 seconds
[2026-02-18T22:06:47.686+0000] {processor.py:161} INFO - Started process (PID=140) to work on /opt/airflow/dags/main.py
[2026-02-18T22:06:47.698+0000] {processor.py:830} INFO - Processing file /opt/airflow/dags/main.py for tasks to queue
[2026-02-18T22:06:47.708+0000] {logging_mixin.py:188} INFO - [2026-02-18T22:06:47.707+0000] {dagbag.py:545} INFO - Filling up the DagBag from /opt/airflow/dags/main.py
[2026-02-18T22:06:47.833+0000] {processor.py:840} INFO - DAG(s) 'produce_json', 'update_db', 'data_quality' retrieved from /opt/airflow/dags/main.py
[2026-02-18T22:06:47.990+0000] {logging_mixin.py:188} INFO - [2026-02-18T22:06:47.989+0000] {dag.py:3096} INFO - Sync 3 DAGs
[2026-02-18T22:06:48.111+0000] {logging_mixin.py:188} INFO - [2026-02-18T22:06:48.110+0000] {dag.py:3954} INFO - Setting next_dagrun for data_quality to 2026-02-18 16:00:00+00:00, run_after=2026-02-19 16:00:00+00:00
[2026-02-18T22:06:48.158+0000] {logging_mixin.py:188} INFO - [2026-02-18T22:06:48.157+0000] {dag.py:3954} INFO - Setting next_dagrun for produce_json to 2026-02-18 14:00:00+00:00, run_after=2026-02-19 14:00:00+00:00
[2026-02-18T22:06:48.182+0000] {logging_mixin.py:188} INFO - [2026-02-18T22:06:48.181+0000] {dag.py:3954} INFO - Setting next_dagrun for update_db to 2026-02-18 15:00:00+00:00, run_after=2026-02-19 15:00:00+00:00
[2026-02-18T22:06:48.243+0000] {processor.py:183} INFO - Processing /opt/airflow/dags/main.py took 0.573 seconds
[2026-02-18T22:07:18.373+0000] {processor.py:161} INFO - Started process (PID=146) to work on /opt/airflow/dags/main.py
[2026-02-18T22:07:18.388+0000] {processor.py:830} INFO - Processing file /opt/airflow/dags/main.py for tasks to queue
[2026-02-18T22:07:18.437+0000] {logging_mixin.py:188} INFO - [2026-02-18T22:07:18.403+0000] {dagbag.py:545} INFO - Filling up the DagBag from /opt/airflow/dags/main.py
[2026-02-18T22:07:18.537+0000] {processor.py:840} INFO - DAG(s) 'data_quality', 'update_db', 'produce_json' retrieved from /opt/airflow/dags/main.py
[2026-02-18T22:07:18.756+0000] {logging_mixin.py:188} INFO - [2026-02-18T22:07:18.755+0000] {dag.py:3096} INFO - Sync 3 DAGs
[2026-02-18T22:07:18.809+0000] {logging_mixin.py:188} INFO - [2026-02-18T22:07:18.808+0000] {dag.py:3954} INFO - Setting next_dagrun for data_quality to 2026-02-18 16:00:00+00:00, run_after=2026-02-19 16:00:00+00:00
[2026-02-18T22:07:18.844+0000] {logging_mixin.py:188} INFO - [2026-02-18T22:07:18.844+0000] {dag.py:3954} INFO - Setting next_dagrun for produce_json to 2026-02-18 14:00:00+00:00, run_after=2026-02-19 14:00:00+00:00
[2026-02-18T22:07:18.869+0000] {logging_mixin.py:188} INFO - [2026-02-18T22:07:18.868+0000] {dag.py:3954} INFO - Setting next_dagrun for update_db to 2026-02-18 15:00:00+00:00, run_after=2026-02-19 15:00:00+00:00
[2026-02-18T22:07:18.905+0000] {processor.py:183} INFO - Processing /opt/airflow/dags/main.py took 0.547 seconds
[2026-02-18T22:07:49.148+0000] {processor.py:161} INFO - Started process (PID=153) to work on /opt/airflow/dags/main.py
[2026-02-18T22:07:49.189+0000] {processor.py:830} INFO - Processing file /opt/airflow/dags/main.py for tasks to queue
[2026-02-18T22:07:49.206+0000] {logging_mixin.py:188} INFO - [2026-02-18T22:07:49.205+0000] {dagbag.py:545} INFO - Filling up the DagBag from /opt/airflow/dags/main.py
[2026-02-18T22:07:49.306+0000] {processor.py:840} INFO - DAG(s) 'data_quality', 'update_db', 'produce_json' retrieved from /opt/airflow/dags/main.py
[2026-02-18T22:07:49.476+0000] {logging_mixin.py:188} INFO - [2026-02-18T22:07:49.476+0000] {dag.py:3096} INFO - Sync 3 DAGs
[2026-02-18T22:07:49.520+0000] {logging_mixin.py:188} INFO - [2026-02-18T22:07:49.519+0000] {dag.py:3954} INFO - Setting next_dagrun for data_quality to 2026-02-18 16:00:00+00:00, run_after=2026-02-19 16:00:00+00:00
[2026-02-18T22:07:49.532+0000] {logging_mixin.py:188} INFO - [2026-02-18T22:07:49.532+0000] {dag.py:3954} INFO - Setting next_dagrun for produce_json to 2026-02-18 14:00:00+00:00, run_after=2026-02-19 14:00:00+00:00
[2026-02-18T22:07:49.539+0000] {logging_mixin.py:188} INFO - [2026-02-18T22:07:49.538+0000] {dag.py:3954} INFO - Setting next_dagrun for update_db to 2026-02-18 15:00:00+00:00, run_after=2026-02-19 15:00:00+00:00
[2026-02-18T22:07:49.590+0000] {processor.py:183} INFO - Processing /opt/airflow/dags/main.py took 0.452 seconds
[2026-02-18T22:08:19.993+0000] {processor.py:161} INFO - Started process (PID=160) to work on /opt/airflow/dags/main.py
[2026-02-18T22:08:19.998+0000] {processor.py:830} INFO - Processing file /opt/airflow/dags/main.py for tasks to queue
[2026-02-18T22:08:20.002+0000] {logging_mixin.py:188} INFO - [2026-02-18T22:08:20.001+0000] {dagbag.py:545} INFO - Filling up the DagBag from /opt/airflow/dags/main.py
[2026-02-18T22:08:20.088+0000] {processor.py:840} INFO - DAG(s) 'data_quality', 'produce_json', 'update_db' retrieved from /opt/airflow/dags/main.py
[2026-02-18T22:08:20.172+0000] {logging_mixin.py:188} INFO - [2026-02-18T22:08:20.171+0000] {dag.py:3096} INFO - Sync 3 DAGs
[2026-02-18T22:08:20.258+0000] {logging_mixin.py:188} INFO - [2026-02-18T22:08:20.257+0000] {dag.py:3954} INFO - Setting next_dagrun for data_quality to 2026-02-18 16:00:00+00:00, run_after=2026-02-19 16:00:00+00:00
[2026-02-18T22:08:20.286+0000] {logging_mixin.py:188} INFO - [2026-02-18T22:08:20.285+0000] {dag.py:3954} INFO - Setting next_dagrun for produce_json to 2026-02-18 14:00:00+00:00, run_after=2026-02-19 14:00:00+00:00
[2026-02-18T22:08:20.305+0000] {logging_mixin.py:188} INFO - [2026-02-18T22:08:20.302+0000] {dag.py:3954} INFO - Setting next_dagrun for update_db to 2026-02-18 15:00:00+00:00, run_after=2026-02-19 15:00:00+00:00
[2026-02-18T22:08:20.347+0000] {processor.py:183} INFO - Processing /opt/airflow/dags/main.py took 0.368 seconds
[2026-02-18T22:08:50.469+0000] {processor.py:161} INFO - Started process (PID=167) to work on /opt/airflow/dags/main.py
[2026-02-18T22:08:50.484+0000] {processor.py:830} INFO - Processing file /opt/airflow/dags/main.py for tasks to queue
[2026-02-18T22:08:50.513+0000] {logging_mixin.py:188} INFO - [2026-02-18T22:08:50.512+0000] {dagbag.py:545} INFO - Filling up the DagBag from /opt/airflow/dags/main.py
[2026-02-18T22:08:50.655+0000] {processor.py:840} INFO - DAG(s) 'data_quality', 'produce_json', 'update_db' retrieved from /opt/airflow/dags/main.py
[2026-02-18T22:08:50.890+0000] {logging_mixin.py:188} INFO - [2026-02-18T22:08:50.890+0000] {dag.py:3096} INFO - Sync 3 DAGs
[2026-02-18T22:08:50.985+0000] {logging_mixin.py:188} INFO - [2026-02-18T22:08:50.984+0000] {dag.py:3954} INFO - Setting next_dagrun for data_quality to 2026-02-18 16:00:00+00:00, run_after=2026-02-19 16:00:00+00:00
[2026-02-18T22:08:50.993+0000] {logging_mixin.py:188} INFO - [2026-02-18T22:08:50.993+0000] {dag.py:3954} INFO - Setting next_dagrun for produce_json to 2026-02-18 14:00:00+00:00, run_after=2026-02-19 14:00:00+00:00
[2026-02-18T22:08:50.999+0000] {logging_mixin.py:188} INFO - [2026-02-18T22:08:50.998+0000] {dag.py:3954} INFO - Setting next_dagrun for update_db to 2026-02-18 15:00:00+00:00, run_after=2026-02-19 15:00:00+00:00
[2026-02-18T22:08:51.036+0000] {processor.py:183} INFO - Processing /opt/airflow/dags/main.py took 0.603 seconds
[2026-02-18T22:09:21.287+0000] {processor.py:161} INFO - Started process (PID=175) to work on /opt/airflow/dags/main.py
[2026-02-18T22:09:21.293+0000] {processor.py:830} INFO - Processing file /opt/airflow/dags/main.py for tasks to queue
[2026-02-18T22:09:21.299+0000] {logging_mixin.py:188} INFO - [2026-02-18T22:09:21.298+0000] {dagbag.py:545} INFO - Filling up the DagBag from /opt/airflow/dags/main.py
[2026-02-18T22:09:21.421+0000] {processor.py:840} INFO - DAG(s) 'data_quality', 'produce_json', 'update_db' retrieved from /opt/airflow/dags/main.py
[2026-02-18T22:09:21.505+0000] {logging_mixin.py:188} INFO - [2026-02-18T22:09:21.505+0000] {dag.py:3096} INFO - Sync 3 DAGs
[2026-02-18T22:09:21.562+0000] {logging_mixin.py:188} INFO - [2026-02-18T22:09:21.561+0000] {dag.py:3954} INFO - Setting next_dagrun for data_quality to 2026-02-18 16:00:00+00:00, run_after=2026-02-19 16:00:00+00:00
[2026-02-18T22:09:21.572+0000] {logging_mixin.py:188} INFO - [2026-02-18T22:09:21.572+0000] {dag.py:3954} INFO - Setting next_dagrun for produce_json to 2026-02-18 14:00:00+00:00, run_after=2026-02-19 14:00:00+00:00
[2026-02-18T22:09:21.579+0000] {logging_mixin.py:188} INFO - [2026-02-18T22:09:21.579+0000] {dag.py:3954} INFO - Setting next_dagrun for update_db to 2026-02-18 15:00:00+00:00, run_after=2026-02-19 15:00:00+00:00
[2026-02-18T22:09:21.623+0000] {processor.py:183} INFO - Processing /opt/airflow/dags/main.py took 0.358 seconds
[2026-02-18T22:09:52.546+0000] {processor.py:161} INFO - Started process (PID=182) to work on /opt/airflow/dags/main.py
[2026-02-18T22:09:52.554+0000] {processor.py:830} INFO - Processing file /opt/airflow/dags/main.py for tasks to queue
[2026-02-18T22:09:52.558+0000] {logging_mixin.py:188} INFO - [2026-02-18T22:09:52.557+0000] {dagbag.py:545} INFO - Filling up the DagBag from /opt/airflow/dags/main.py
[2026-02-18T22:09:52.628+0000] {processor.py:840} INFO - DAG(s) 'data_quality', 'produce_json', 'update_db' retrieved from /opt/airflow/dags/main.py
[2026-02-18T22:09:52.705+0000] {logging_mixin.py:188} INFO - [2026-02-18T22:09:52.705+0000] {dag.py:3096} INFO - Sync 3 DAGs
[2026-02-18T22:09:52.741+0000] {logging_mixin.py:188} INFO - [2026-02-18T22:09:52.740+0000] {dag.py:3954} INFO - Setting next_dagrun for data_quality to 2026-02-18 16:00:00+00:00, run_after=2026-02-19 16:00:00+00:00
[2026-02-18T22:09:52.749+0000] {logging_mixin.py:188} INFO - [2026-02-18T22:09:52.749+0000] {dag.py:3954} INFO - Setting next_dagrun for produce_json to 2026-02-18 14:00:00+00:00, run_after=2026-02-19 14:00:00+00:00
[2026-02-18T22:09:52.756+0000] {logging_mixin.py:188} INFO - [2026-02-18T22:09:52.755+0000] {dag.py:3954} INFO - Setting next_dagrun for update_db to 2026-02-18 15:00:00+00:00, run_after=2026-02-19 15:00:00+00:00
[2026-02-18T22:09:52.803+0000] {processor.py:183} INFO - Processing /opt/airflow/dags/main.py took 0.266 seconds
[2026-02-18T22:10:23.063+0000] {processor.py:161} INFO - Started process (PID=188) to work on /opt/airflow/dags/main.py
[2026-02-18T22:10:23.099+0000] {processor.py:830} INFO - Processing file /opt/airflow/dags/main.py for tasks to queue
[2026-02-18T22:10:23.103+0000] {logging_mixin.py:188} INFO - [2026-02-18T22:10:23.102+0000] {dagbag.py:545} INFO - Filling up the DagBag from /opt/airflow/dags/main.py
[2026-02-18T22:10:23.191+0000] {processor.py:840} INFO - DAG(s) 'update_db', 'produce_json', 'data_quality' retrieved from /opt/airflow/dags/main.py
[2026-02-18T22:10:24.242+0000] {logging_mixin.py:188} INFO - [2026-02-18T22:10:24.241+0000] {dag.py:3096} INFO - Sync 3 DAGs
[2026-02-18T22:10:24.467+0000] {logging_mixin.py:188} INFO - [2026-02-18T22:10:24.467+0000] {dag.py:3954} INFO - Setting next_dagrun for data_quality to 2026-02-18 16:00:00+00:00, run_after=2026-02-19 16:00:00+00:00
[2026-02-18T22:10:24.567+0000] {logging_mixin.py:188} INFO - [2026-02-18T22:10:24.566+0000] {dag.py:3954} INFO - Setting next_dagrun for produce_json to 2026-02-18 14:00:00+00:00, run_after=2026-02-19 14:00:00+00:00
[2026-02-18T22:10:24.791+0000] {logging_mixin.py:188} INFO - [2026-02-18T22:10:24.790+0000] {dag.py:3954} INFO - Setting next_dagrun for update_db to 2026-02-18 15:00:00+00:00, run_after=2026-02-19 15:00:00+00:00
[2026-02-18T22:10:25.349+0000] {processor.py:183} INFO - Processing /opt/airflow/dags/main.py took 2.300 seconds
[2026-02-18T22:10:56.635+0000] {processor.py:161} INFO - Started process (PID=194) to work on /opt/airflow/dags/main.py
[2026-02-18T22:10:56.656+0000] {processor.py:830} INFO - Processing file /opt/airflow/dags/main.py for tasks to queue
[2026-02-18T22:10:56.768+0000] {logging_mixin.py:188} INFO - [2026-02-18T22:10:56.767+0000] {dagbag.py:545} INFO - Filling up the DagBag from /opt/airflow/dags/main.py
[2026-02-18T22:10:56.881+0000] {processor.py:840} INFO - DAG(s) 'data_quality', 'produce_json', 'update_db' retrieved from /opt/airflow/dags/main.py
[2026-02-18T22:10:57.115+0000] {logging_mixin.py:188} INFO - [2026-02-18T22:10:57.114+0000] {dag.py:3096} INFO - Sync 3 DAGs
[2026-02-18T22:10:57.239+0000] {logging_mixin.py:188} INFO - [2026-02-18T22:10:57.239+0000] {dag.py:3954} INFO - Setting next_dagrun for data_quality to 2026-02-18 16:00:00+00:00, run_after=2026-02-19 16:00:00+00:00
[2026-02-18T22:10:57.284+0000] {logging_mixin.py:188} INFO - [2026-02-18T22:10:57.284+0000] {dag.py:3954} INFO - Setting next_dagrun for produce_json to 2026-02-18 14:00:00+00:00, run_after=2026-02-19 14:00:00+00:00
[2026-02-18T22:10:57.308+0000] {logging_mixin.py:188} INFO - [2026-02-18T22:10:57.308+0000] {dag.py:3954} INFO - Setting next_dagrun for update_db to 2026-02-18 15:00:00+00:00, run_after=2026-02-19 15:00:00+00:00
[2026-02-18T22:10:57.392+0000] {processor.py:183} INFO - Processing /opt/airflow/dags/main.py took 0.769 seconds
[2026-02-18T22:11:27.813+0000] {processor.py:161} INFO - Started process (PID=201) to work on /opt/airflow/dags/main.py
[2026-02-18T22:11:27.820+0000] {processor.py:830} INFO - Processing file /opt/airflow/dags/main.py for tasks to queue
[2026-02-18T22:11:27.824+0000] {logging_mixin.py:188} INFO - [2026-02-18T22:11:27.824+0000] {dagbag.py:545} INFO - Filling up the DagBag from /opt/airflow/dags/main.py
[2026-02-18T22:11:27.915+0000] {processor.py:840} INFO - DAG(s) 'data_quality', 'update_db', 'produce_json' retrieved from /opt/airflow/dags/main.py
[2026-02-18T22:11:29.483+0000] {logging_mixin.py:188} INFO - [2026-02-18T22:11:29.482+0000] {dag.py:3096} INFO - Sync 3 DAGs
[2026-02-18T22:11:29.641+0000] {logging_mixin.py:188} INFO - [2026-02-18T22:11:29.640+0000] {dag.py:3954} INFO - Setting next_dagrun for data_quality to 2026-02-18 16:00:00+00:00, run_after=2026-02-19 16:00:00+00:00
[2026-02-18T22:11:29.690+0000] {logging_mixin.py:188} INFO - [2026-02-18T22:11:29.689+0000] {dag.py:3954} INFO - Setting next_dagrun for produce_json to 2026-02-18 14:00:00+00:00, run_after=2026-02-19 14:00:00+00:00
[2026-02-18T22:11:29.710+0000] {logging_mixin.py:188} INFO - [2026-02-18T22:11:29.710+0000] {dag.py:3954} INFO - Setting next_dagrun for update_db to 2026-02-18 15:00:00+00:00, run_after=2026-02-19 15:00:00+00:00
[2026-02-18T22:11:29.790+0000] {processor.py:183} INFO - Processing /opt/airflow/dags/main.py took 1.988 seconds
[2026-02-18T22:12:00.415+0000] {processor.py:161} INFO - Started process (PID=208) to work on /opt/airflow/dags/main.py
[2026-02-18T22:12:00.425+0000] {processor.py:830} INFO - Processing file /opt/airflow/dags/main.py for tasks to queue
[2026-02-18T22:12:00.429+0000] {logging_mixin.py:188} INFO - [2026-02-18T22:12:00.429+0000] {dagbag.py:545} INFO - Filling up the DagBag from /opt/airflow/dags/main.py
[2026-02-18T22:12:00.553+0000] {processor.py:840} INFO - DAG(s) 'data_quality', 'produce_json', 'update_db' retrieved from /opt/airflow/dags/main.py
[2026-02-18T22:12:00.651+0000] {logging_mixin.py:188} INFO - [2026-02-18T22:12:00.650+0000] {dag.py:3096} INFO - Sync 3 DAGs
[2026-02-18T22:12:00.714+0000] {logging_mixin.py:188} INFO - [2026-02-18T22:12:00.713+0000] {dag.py:3954} INFO - Setting next_dagrun for data_quality to 2026-02-18 16:00:00+00:00, run_after=2026-02-19 16:00:00+00:00
[2026-02-18T22:12:00.728+0000] {logging_mixin.py:188} INFO - [2026-02-18T22:12:00.728+0000] {dag.py:3954} INFO - Setting next_dagrun for produce_json to 2026-02-18 14:00:00+00:00, run_after=2026-02-19 14:00:00+00:00
[2026-02-18T22:12:00.738+0000] {logging_mixin.py:188} INFO - [2026-02-18T22:12:00.738+0000] {dag.py:3954} INFO - Setting next_dagrun for update_db to 2026-02-18 15:00:00+00:00, run_after=2026-02-19 15:00:00+00:00
[2026-02-18T22:12:00.792+0000] {processor.py:183} INFO - Processing /opt/airflow/dags/main.py took 0.389 seconds
[2026-02-18T22:12:31.088+0000] {processor.py:161} INFO - Started process (PID=215) to work on /opt/airflow/dags/main.py
[2026-02-18T22:12:31.095+0000] {processor.py:830} INFO - Processing file /opt/airflow/dags/main.py for tasks to queue
[2026-02-18T22:12:31.103+0000] {logging_mixin.py:188} INFO - [2026-02-18T22:12:31.102+0000] {dagbag.py:545} INFO - Filling up the DagBag from /opt/airflow/dags/main.py
[2026-02-18T22:12:31.247+0000] {processor.py:840} INFO - DAG(s) 'produce_json', 'update_db', 'data_quality' retrieved from /opt/airflow/dags/main.py
[2026-02-18T22:12:31.405+0000] {logging_mixin.py:188} INFO - [2026-02-18T22:12:31.404+0000] {dag.py:3096} INFO - Sync 3 DAGs
[2026-02-18T22:12:31.487+0000] {logging_mixin.py:188} INFO - [2026-02-18T22:12:31.487+0000] {dag.py:3954} INFO - Setting next_dagrun for data_quality to 2026-02-18 16:00:00+00:00, run_after=2026-02-19 16:00:00+00:00
[2026-02-18T22:12:31.503+0000] {logging_mixin.py:188} INFO - [2026-02-18T22:12:31.502+0000] {dag.py:3954} INFO - Setting next_dagrun for produce_json to 2026-02-18 14:00:00+00:00, run_after=2026-02-19 14:00:00+00:00
[2026-02-18T22:12:31.523+0000] {logging_mixin.py:188} INFO - [2026-02-18T22:12:31.522+0000] {dag.py:3954} INFO - Setting next_dagrun for update_db to 2026-02-18 15:00:00+00:00, run_after=2026-02-19 15:00:00+00:00
[2026-02-18T22:12:31.621+0000] {processor.py:183} INFO - Processing /opt/airflow/dags/main.py took 0.563 seconds
[2026-02-18T22:13:01.713+0000] {processor.py:161} INFO - Started process (PID=222) to work on /opt/airflow/dags/main.py
[2026-02-18T22:13:01.717+0000] {processor.py:830} INFO - Processing file /opt/airflow/dags/main.py for tasks to queue
[2026-02-18T22:13:01.720+0000] {logging_mixin.py:188} INFO - [2026-02-18T22:13:01.720+0000] {dagbag.py:545} INFO - Filling up the DagBag from /opt/airflow/dags/main.py
[2026-02-18T22:13:01.824+0000] {processor.py:840} INFO - DAG(s) 'update_db', 'produce_json', 'data_quality' retrieved from /opt/airflow/dags/main.py
[2026-02-18T22:13:01.923+0000] {logging_mixin.py:188} INFO - [2026-02-18T22:13:01.923+0000] {dag.py:3096} INFO - Sync 3 DAGs
[2026-02-18T22:13:01.976+0000] {logging_mixin.py:188} INFO - [2026-02-18T22:13:01.976+0000] {dag.py:3954} INFO - Setting next_dagrun for data_quality to 2026-02-18 16:00:00+00:00, run_after=2026-02-19 16:00:00+00:00
[2026-02-18T22:13:02.001+0000] {logging_mixin.py:188} INFO - [2026-02-18T22:13:01.995+0000] {dag.py:3954} INFO - Setting next_dagrun for produce_json to 2026-02-18 14:00:00+00:00, run_after=2026-02-19 14:00:00+00:00
[2026-02-18T22:13:02.011+0000] {logging_mixin.py:188} INFO - [2026-02-18T22:13:02.011+0000] {dag.py:3954} INFO - Setting next_dagrun for update_db to 2026-02-18 15:00:00+00:00, run_after=2026-02-19 15:00:00+00:00
[2026-02-18T22:13:02.059+0000] {processor.py:183} INFO - Processing /opt/airflow/dags/main.py took 0.361 seconds
[2026-02-18T22:13:32.898+0000] {processor.py:161} INFO - Started process (PID=229) to work on /opt/airflow/dags/main.py
[2026-02-18T22:13:32.901+0000] {processor.py:830} INFO - Processing file /opt/airflow/dags/main.py for tasks to queue
[2026-02-18T22:13:32.906+0000] {logging_mixin.py:188} INFO - [2026-02-18T22:13:32.905+0000] {dagbag.py:545} INFO - Filling up the DagBag from /opt/airflow/dags/main.py
[2026-02-18T22:13:32.982+0000] {processor.py:840} INFO - DAG(s) 'produce_json', 'data_quality', 'update_db' retrieved from /opt/airflow/dags/main.py
[2026-02-18T22:13:33.041+0000] {logging_mixin.py:188} INFO - [2026-02-18T22:13:33.041+0000] {dag.py:3096} INFO - Sync 3 DAGs
[2026-02-18T22:13:33.079+0000] {logging_mixin.py:188} INFO - [2026-02-18T22:13:33.079+0000] {dag.py:3954} INFO - Setting next_dagrun for data_quality to 2026-02-18 16:00:00+00:00, run_after=2026-02-19 16:00:00+00:00
[2026-02-18T22:13:33.108+0000] {logging_mixin.py:188} INFO - [2026-02-18T22:13:33.107+0000] {dag.py:3954} INFO - Setting next_dagrun for produce_json to 2026-02-18 14:00:00+00:00, run_after=2026-02-19 14:00:00+00:00
[2026-02-18T22:13:33.118+0000] {logging_mixin.py:188} INFO - [2026-02-18T22:13:33.118+0000] {dag.py:3954} INFO - Setting next_dagrun for update_db to 2026-02-18 15:00:00+00:00, run_after=2026-02-19 15:00:00+00:00
[2026-02-18T22:13:33.163+0000] {processor.py:183} INFO - Processing /opt/airflow/dags/main.py took 0.284 seconds
[2026-02-18T22:14:03.695+0000] {processor.py:161} INFO - Started process (PID=236) to work on /opt/airflow/dags/main.py
[2026-02-18T22:14:03.699+0000] {processor.py:830} INFO - Processing file /opt/airflow/dags/main.py for tasks to queue
[2026-02-18T22:14:03.705+0000] {logging_mixin.py:188} INFO - [2026-02-18T22:14:03.704+0000] {dagbag.py:545} INFO - Filling up the DagBag from /opt/airflow/dags/main.py
[2026-02-18T22:14:03.802+0000] {processor.py:840} INFO - DAG(s) 'update_db', 'data_quality', 'produce_json' retrieved from /opt/airflow/dags/main.py
[2026-02-18T22:14:03.911+0000] {logging_mixin.py:188} INFO - [2026-02-18T22:14:03.911+0000] {dag.py:3096} INFO - Sync 3 DAGs
[2026-02-18T22:14:03.976+0000] {logging_mixin.py:188} INFO - [2026-02-18T22:14:03.975+0000] {dag.py:3954} INFO - Setting next_dagrun for data_quality to 2026-02-18 16:00:00+00:00, run_after=2026-02-19 16:00:00+00:00
[2026-02-18T22:14:03.987+0000] {logging_mixin.py:188} INFO - [2026-02-18T22:14:03.987+0000] {dag.py:3954} INFO - Setting next_dagrun for produce_json to 2026-02-18 14:00:00+00:00, run_after=2026-02-19 14:00:00+00:00
[2026-02-18T22:14:03.995+0000] {logging_mixin.py:188} INFO - [2026-02-18T22:14:03.995+0000] {dag.py:3954} INFO - Setting next_dagrun for update_db to 2026-02-18 15:00:00+00:00, run_after=2026-02-19 15:00:00+00:00
[2026-02-18T22:14:04.044+0000] {processor.py:183} INFO - Processing /opt/airflow/dags/main.py took 0.368 seconds
[2026-02-18T22:14:34.151+0000] {processor.py:161} INFO - Started process (PID=243) to work on /opt/airflow/dags/main.py
[2026-02-18T22:14:34.182+0000] {processor.py:830} INFO - Processing file /opt/airflow/dags/main.py for tasks to queue
[2026-02-18T22:14:34.203+0000] {logging_mixin.py:188} INFO - [2026-02-18T22:14:34.199+0000] {dagbag.py:545} INFO - Filling up the DagBag from /opt/airflow/dags/main.py
[2026-02-18T22:14:34.332+0000] {processor.py:840} INFO - DAG(s) 'produce_json', 'data_quality', 'update_db' retrieved from /opt/airflow/dags/main.py
[2026-02-18T22:14:34.643+0000] {logging_mixin.py:188} INFO - [2026-02-18T22:14:34.642+0000] {dag.py:3096} INFO - Sync 3 DAGs
[2026-02-18T22:14:34.696+0000] {logging_mixin.py:188} INFO - [2026-02-18T22:14:34.695+0000] {dag.py:3954} INFO - Setting next_dagrun for data_quality to 2026-02-18 16:00:00+00:00, run_after=2026-02-19 16:00:00+00:00
[2026-02-18T22:14:34.724+0000] {logging_mixin.py:188} INFO - [2026-02-18T22:14:34.724+0000] {dag.py:3954} INFO - Setting next_dagrun for produce_json to 2026-02-18 14:00:00+00:00, run_after=2026-02-19 14:00:00+00:00
[2026-02-18T22:14:34.733+0000] {logging_mixin.py:188} INFO - [2026-02-18T22:14:34.733+0000] {dag.py:3954} INFO - Setting next_dagrun for update_db to 2026-02-18 15:00:00+00:00, run_after=2026-02-19 15:00:00+00:00
[2026-02-18T22:14:34.781+0000] {processor.py:183} INFO - Processing /opt/airflow/dags/main.py took 0.642 seconds
[2026-02-18T22:15:05.180+0000] {processor.py:161} INFO - Started process (PID=251) to work on /opt/airflow/dags/main.py
[2026-02-18T22:15:05.189+0000] {processor.py:830} INFO - Processing file /opt/airflow/dags/main.py for tasks to queue
[2026-02-18T22:15:05.196+0000] {logging_mixin.py:188} INFO - [2026-02-18T22:15:05.196+0000] {dagbag.py:545} INFO - Filling up the DagBag from /opt/airflow/dags/main.py
[2026-02-18T22:15:05.314+0000] {processor.py:840} INFO - DAG(s) 'produce_json', 'data_quality', 'update_db' retrieved from /opt/airflow/dags/main.py
[2026-02-18T22:15:05.603+0000] {logging_mixin.py:188} INFO - [2026-02-18T22:15:05.603+0000] {dag.py:3096} INFO - Sync 3 DAGs
[2026-02-18T22:15:05.785+0000] {logging_mixin.py:188} INFO - [2026-02-18T22:15:05.784+0000] {dag.py:3954} INFO - Setting next_dagrun for data_quality to 2026-02-18 16:00:00+00:00, run_after=2026-02-19 16:00:00+00:00
[2026-02-18T22:15:05.801+0000] {logging_mixin.py:188} INFO - [2026-02-18T22:15:05.800+0000] {dag.py:3954} INFO - Setting next_dagrun for produce_json to 2026-02-18 14:00:00+00:00, run_after=2026-02-19 14:00:00+00:00
[2026-02-18T22:15:05.817+0000] {logging_mixin.py:188} INFO - [2026-02-18T22:15:05.814+0000] {dag.py:3954} INFO - Setting next_dagrun for update_db to 2026-02-18 15:00:00+00:00, run_after=2026-02-19 15:00:00+00:00
[2026-02-18T22:15:05.885+0000] {processor.py:183} INFO - Processing /opt/airflow/dags/main.py took 0.733 seconds
[2026-02-18T22:15:36.827+0000] {processor.py:161} INFO - Started process (PID=264) to work on /opt/airflow/dags/main.py
[2026-02-18T22:15:36.832+0000] {processor.py:830} INFO - Processing file /opt/airflow/dags/main.py for tasks to queue
[2026-02-18T22:15:36.839+0000] {logging_mixin.py:188} INFO - [2026-02-18T22:15:36.838+0000] {dagbag.py:545} INFO - Filling up the DagBag from /opt/airflow/dags/main.py
[2026-02-18T22:15:37.005+0000] {processor.py:840} INFO - DAG(s) 'data_quality', 'update_db', 'produce_json' retrieved from /opt/airflow/dags/main.py
[2026-02-18T22:15:37.120+0000] {logging_mixin.py:188} INFO - [2026-02-18T22:15:37.120+0000] {dag.py:3096} INFO - Sync 3 DAGs
[2026-02-18T22:15:37.210+0000] {logging_mixin.py:188} INFO - [2026-02-18T22:15:37.209+0000] {dag.py:3954} INFO - Setting next_dagrun for data_quality to 2026-02-18 16:00:00+00:00, run_after=2026-02-19 16:00:00+00:00
[2026-02-18T22:15:37.243+0000] {logging_mixin.py:188} INFO - [2026-02-18T22:15:37.241+0000] {dag.py:3954} INFO - Setting next_dagrun for produce_json to 2026-02-18 14:00:00+00:00, run_after=2026-02-19 14:00:00+00:00
[2026-02-18T22:15:37.257+0000] {logging_mixin.py:188} INFO - [2026-02-18T22:15:37.256+0000] {dag.py:3954} INFO - Setting next_dagrun for update_db to 2026-02-18 15:00:00+00:00, run_after=2026-02-19 15:00:00+00:00
[2026-02-18T22:15:37.331+0000] {processor.py:183} INFO - Processing /opt/airflow/dags/main.py took 0.518 seconds
[2026-02-18T22:16:08.035+0000] {processor.py:161} INFO - Started process (PID=272) to work on /opt/airflow/dags/main.py
[2026-02-18T22:16:08.037+0000] {processor.py:830} INFO - Processing file /opt/airflow/dags/main.py for tasks to queue
[2026-02-18T22:16:08.040+0000] {logging_mixin.py:188} INFO - [2026-02-18T22:16:08.039+0000] {dagbag.py:545} INFO - Filling up the DagBag from /opt/airflow/dags/main.py
[2026-02-18T22:16:08.141+0000] {processor.py:840} INFO - DAG(s) 'update_db', 'produce_json', 'data_quality' retrieved from /opt/airflow/dags/main.py
[2026-02-18T22:16:08.234+0000] {logging_mixin.py:188} INFO - [2026-02-18T22:16:08.233+0000] {dag.py:3096} INFO - Sync 3 DAGs
[2026-02-18T22:16:08.295+0000] {logging_mixin.py:188} INFO - [2026-02-18T22:16:08.295+0000] {dag.py:3954} INFO - Setting next_dagrun for data_quality to 2026-02-18 16:00:00+00:00, run_after=2026-02-19 16:00:00+00:00
[2026-02-18T22:16:08.308+0000] {logging_mixin.py:188} INFO - [2026-02-18T22:16:08.308+0000] {dag.py:3954} INFO - Setting next_dagrun for produce_json to 2026-02-18 14:00:00+00:00, run_after=2026-02-19 14:00:00+00:00
[2026-02-18T22:16:08.316+0000] {logging_mixin.py:188} INFO - [2026-02-18T22:16:08.315+0000] {dag.py:3954} INFO - Setting next_dagrun for update_db to 2026-02-18 15:00:00+00:00, run_after=2026-02-19 15:00:00+00:00
[2026-02-18T22:16:08.346+0000] {processor.py:183} INFO - Processing /opt/airflow/dags/main.py took 0.321 seconds
[2026-02-18T22:16:38.633+0000] {processor.py:161} INFO - Started process (PID=279) to work on /opt/airflow/dags/main.py
[2026-02-18T22:16:38.638+0000] {processor.py:830} INFO - Processing file /opt/airflow/dags/main.py for tasks to queue
[2026-02-18T22:16:38.642+0000] {logging_mixin.py:188} INFO - [2026-02-18T22:16:38.642+0000] {dagbag.py:545} INFO - Filling up the DagBag from /opt/airflow/dags/main.py
[2026-02-18T22:16:38.742+0000] {processor.py:840} INFO - DAG(s) 'produce_json', 'data_quality', 'update_db' retrieved from /opt/airflow/dags/main.py
[2026-02-18T22:16:38.846+0000] {logging_mixin.py:188} INFO - [2026-02-18T22:16:38.846+0000] {dag.py:3096} INFO - Sync 3 DAGs
[2026-02-18T22:16:38.909+0000] {logging_mixin.py:188} INFO - [2026-02-18T22:16:38.907+0000] {dag.py:3954} INFO - Setting next_dagrun for data_quality to 2026-02-18 16:00:00+00:00, run_after=2026-02-19 16:00:00+00:00
[2026-02-18T22:16:38.923+0000] {logging_mixin.py:188} INFO - [2026-02-18T22:16:38.922+0000] {dag.py:3954} INFO - Setting next_dagrun for produce_json to 2026-02-18 14:00:00+00:00, run_after=2026-02-19 14:00:00+00:00
[2026-02-18T22:16:38.930+0000] {logging_mixin.py:188} INFO - [2026-02-18T22:16:38.929+0000] {dag.py:3954} INFO - Setting next_dagrun for update_db to 2026-02-18 15:00:00+00:00, run_after=2026-02-19 15:00:00+00:00
[2026-02-18T22:16:38.998+0000] {processor.py:183} INFO - Processing /opt/airflow/dags/main.py took 0.379 seconds
[2026-02-18T22:17:09.172+0000] {processor.py:161} INFO - Started process (PID=286) to work on /opt/airflow/dags/main.py
[2026-02-18T22:17:09.178+0000] {processor.py:830} INFO - Processing file /opt/airflow/dags/main.py for tasks to queue
[2026-02-18T22:17:09.184+0000] {logging_mixin.py:188} INFO - [2026-02-18T22:17:09.183+0000] {dagbag.py:545} INFO - Filling up the DagBag from /opt/airflow/dags/main.py
[2026-02-18T22:17:09.258+0000] {processor.py:840} INFO - DAG(s) 'data_quality', 'produce_json', 'update_db' retrieved from /opt/airflow/dags/main.py
[2026-02-18T22:17:09.378+0000] {logging_mixin.py:188} INFO - [2026-02-18T22:17:09.377+0000] {dag.py:3096} INFO - Sync 3 DAGs
[2026-02-18T22:17:09.458+0000] {logging_mixin.py:188} INFO - [2026-02-18T22:17:09.457+0000] {dag.py:3954} INFO - Setting next_dagrun for data_quality to 2026-02-18 16:00:00+00:00, run_after=2026-02-19 16:00:00+00:00
[2026-02-18T22:17:09.468+0000] {logging_mixin.py:188} INFO - [2026-02-18T22:17:09.467+0000] {dag.py:3954} INFO - Setting next_dagrun for produce_json to 2026-02-18 14:00:00+00:00, run_after=2026-02-19 14:00:00+00:00
[2026-02-18T22:17:09.477+0000] {logging_mixin.py:188} INFO - [2026-02-18T22:17:09.476+0000] {dag.py:3954} INFO - Setting next_dagrun for update_db to 2026-02-18 15:00:00+00:00, run_after=2026-02-19 15:00:00+00:00
[2026-02-18T22:17:09.533+0000] {processor.py:183} INFO - Processing /opt/airflow/dags/main.py took 0.376 seconds
[2026-02-18T22:17:39.616+0000] {processor.py:161} INFO - Started process (PID=292) to work on /opt/airflow/dags/main.py
[2026-02-18T22:17:39.620+0000] {processor.py:830} INFO - Processing file /opt/airflow/dags/main.py for tasks to queue
[2026-02-18T22:17:39.623+0000] {logging_mixin.py:188} INFO - [2026-02-18T22:17:39.622+0000] {dagbag.py:545} INFO - Filling up the DagBag from /opt/airflow/dags/main.py
[2026-02-18T22:17:39.730+0000] {processor.py:840} INFO - DAG(s) 'produce_json', 'update_db', 'data_quality' retrieved from /opt/airflow/dags/main.py
[2026-02-18T22:17:39.812+0000] {logging_mixin.py:188} INFO - [2026-02-18T22:17:39.812+0000] {dag.py:3096} INFO - Sync 3 DAGs
[2026-02-18T22:17:39.876+0000] {logging_mixin.py:188} INFO - [2026-02-18T22:17:39.875+0000] {dag.py:3954} INFO - Setting next_dagrun for data_quality to 2026-02-18 16:00:00+00:00, run_after=2026-02-19 16:00:00+00:00
[2026-02-18T22:17:39.891+0000] {logging_mixin.py:188} INFO - [2026-02-18T22:17:39.891+0000] {dag.py:3954} INFO - Setting next_dagrun for produce_json to 2026-02-18 14:00:00+00:00, run_after=2026-02-19 14:00:00+00:00
[2026-02-18T22:17:39.897+0000] {logging_mixin.py:188} INFO - [2026-02-18T22:17:39.897+0000] {dag.py:3954} INFO - Setting next_dagrun for update_db to 2026-02-18 15:00:00+00:00, run_after=2026-02-19 15:00:00+00:00
[2026-02-18T22:17:39.946+0000] {processor.py:183} INFO - Processing /opt/airflow/dags/main.py took 0.352 seconds
[2026-02-18T22:18:10.433+0000] {processor.py:161} INFO - Started process (PID=300) to work on /opt/airflow/dags/main.py
[2026-02-18T22:18:10.437+0000] {processor.py:830} INFO - Processing file /opt/airflow/dags/main.py for tasks to queue
[2026-02-18T22:18:10.446+0000] {logging_mixin.py:188} INFO - [2026-02-18T22:18:10.444+0000] {dagbag.py:545} INFO - Filling up the DagBag from /opt/airflow/dags/main.py
[2026-02-18T22:18:10.618+0000] {processor.py:840} INFO - DAG(s) 'update_db', 'produce_json', 'data_quality' retrieved from /opt/airflow/dags/main.py
[2026-02-18T22:18:10.681+0000] {logging_mixin.py:188} INFO - [2026-02-18T22:18:10.680+0000] {dag.py:3096} INFO - Sync 3 DAGs
[2026-02-18T22:18:10.730+0000] {logging_mixin.py:188} INFO - [2026-02-18T22:18:10.730+0000] {dag.py:3954} INFO - Setting next_dagrun for data_quality to 2026-02-18 16:00:00+00:00, run_after=2026-02-19 16:00:00+00:00
[2026-02-18T22:18:10.741+0000] {logging_mixin.py:188} INFO - [2026-02-18T22:18:10.741+0000] {dag.py:3954} INFO - Setting next_dagrun for produce_json to 2026-02-18 14:00:00+00:00, run_after=2026-02-19 14:00:00+00:00
[2026-02-18T22:18:10.749+0000] {logging_mixin.py:188} INFO - [2026-02-18T22:18:10.748+0000] {dag.py:3954} INFO - Setting next_dagrun for update_db to 2026-02-18 15:00:00+00:00, run_after=2026-02-19 15:00:00+00:00
[2026-02-18T22:18:10.791+0000] {processor.py:183} INFO - Processing /opt/airflow/dags/main.py took 0.400 seconds
[2026-02-18T22:18:41.586+0000] {processor.py:161} INFO - Started process (PID=306) to work on /opt/airflow/dags/main.py
[2026-02-18T22:18:41.676+0000] {processor.py:830} INFO - Processing file /opt/airflow/dags/main.py for tasks to queue
[2026-02-18T22:18:41.679+0000] {logging_mixin.py:188} INFO - [2026-02-18T22:18:41.679+0000] {dagbag.py:545} INFO - Filling up the DagBag from /opt/airflow/dags/main.py
[2026-02-18T22:18:41.794+0000] {processor.py:840} INFO - DAG(s) 'data_quality', 'update_db', 'produce_json' retrieved from /opt/airflow/dags/main.py
[2026-02-18T22:18:41.964+0000] {logging_mixin.py:188} INFO - [2026-02-18T22:18:41.964+0000] {dag.py:3096} INFO - Sync 3 DAGs
[2026-02-18T22:18:42.023+0000] {logging_mixin.py:188} INFO - [2026-02-18T22:18:42.023+0000] {dag.py:3954} INFO - Setting next_dagrun for data_quality to 2026-02-18 16:00:00+00:00, run_after=2026-02-19 16:00:00+00:00
[2026-02-18T22:18:42.035+0000] {logging_mixin.py:188} INFO - [2026-02-18T22:18:42.034+0000] {dag.py:3954} INFO - Setting next_dagrun for produce_json to 2026-02-18 14:00:00+00:00, run_after=2026-02-19 14:00:00+00:00
[2026-02-18T22:18:42.041+0000] {logging_mixin.py:188} INFO - [2026-02-18T22:18:42.040+0000] {dag.py:3954} INFO - Setting next_dagrun for update_db to 2026-02-18 15:00:00+00:00, run_after=2026-02-19 15:00:00+00:00
[2026-02-18T22:18:42.311+0000] {processor.py:183} INFO - Processing /opt/airflow/dags/main.py took 0.746 seconds
[2026-02-18T22:19:12.643+0000] {processor.py:161} INFO - Started process (PID=313) to work on /opt/airflow/dags/main.py
[2026-02-18T22:19:12.647+0000] {processor.py:830} INFO - Processing file /opt/airflow/dags/main.py for tasks to queue
[2026-02-18T22:19:12.652+0000] {logging_mixin.py:188} INFO - [2026-02-18T22:19:12.651+0000] {dagbag.py:545} INFO - Filling up the DagBag from /opt/airflow/dags/main.py
[2026-02-18T22:19:12.761+0000] {processor.py:840} INFO - DAG(s) 'data_quality', 'produce_json', 'update_db' retrieved from /opt/airflow/dags/main.py
[2026-02-18T22:19:12.848+0000] {logging_mixin.py:188} INFO - [2026-02-18T22:19:12.847+0000] {dag.py:3096} INFO - Sync 3 DAGs
[2026-02-18T22:19:12.903+0000] {logging_mixin.py:188} INFO - [2026-02-18T22:19:12.900+0000] {dag.py:3954} INFO - Setting next_dagrun for data_quality to 2026-02-18 16:00:00+00:00, run_after=2026-02-19 16:00:00+00:00
[2026-02-18T22:19:12.914+0000] {logging_mixin.py:188} INFO - [2026-02-18T22:19:12.913+0000] {dag.py:3954} INFO - Setting next_dagrun for produce_json to 2026-02-18 14:00:00+00:00, run_after=2026-02-19 14:00:00+00:00
[2026-02-18T22:19:12.925+0000] {logging_mixin.py:188} INFO - [2026-02-18T22:19:12.925+0000] {dag.py:3954} INFO - Setting next_dagrun for update_db to 2026-02-18 15:00:00+00:00, run_after=2026-02-19 15:00:00+00:00
[2026-02-18T22:19:12.965+0000] {processor.py:183} INFO - Processing /opt/airflow/dags/main.py took 0.342 seconds
[2026-02-18T22:19:43.814+0000] {processor.py:161} INFO - Started process (PID=321) to work on /opt/airflow/dags/main.py
[2026-02-18T22:19:43.817+0000] {processor.py:830} INFO - Processing file /opt/airflow/dags/main.py for tasks to queue
[2026-02-18T22:19:43.820+0000] {logging_mixin.py:188} INFO - [2026-02-18T22:19:43.819+0000] {dagbag.py:545} INFO - Filling up the DagBag from /opt/airflow/dags/main.py
[2026-02-18T22:19:43.911+0000] {processor.py:840} INFO - DAG(s) 'data_quality', 'produce_json', 'update_db' retrieved from /opt/airflow/dags/main.py
[2026-02-18T22:19:44.038+0000] {logging_mixin.py:188} INFO - [2026-02-18T22:19:44.038+0000] {dag.py:3096} INFO - Sync 3 DAGs
[2026-02-18T22:19:44.120+0000] {logging_mixin.py:188} INFO - [2026-02-18T22:19:44.119+0000] {dag.py:3954} INFO - Setting next_dagrun for data_quality to 2026-02-18 16:00:00+00:00, run_after=2026-02-19 16:00:00+00:00
[2026-02-18T22:19:44.130+0000] {logging_mixin.py:188} INFO - [2026-02-18T22:19:44.130+0000] {dag.py:3954} INFO - Setting next_dagrun for produce_json to 2026-02-18 14:00:00+00:00, run_after=2026-02-19 14:00:00+00:00
[2026-02-18T22:19:44.137+0000] {logging_mixin.py:188} INFO - [2026-02-18T22:19:44.137+0000] {dag.py:3954} INFO - Setting next_dagrun for update_db to 2026-02-18 15:00:00+00:00, run_after=2026-02-19 15:00:00+00:00
[2026-02-18T22:19:44.178+0000] {processor.py:183} INFO - Processing /opt/airflow/dags/main.py took 0.379 seconds
[2026-02-18T22:20:14.839+0000] {processor.py:161} INFO - Started process (PID=328) to work on /opt/airflow/dags/main.py
[2026-02-18T22:20:14.843+0000] {processor.py:830} INFO - Processing file /opt/airflow/dags/main.py for tasks to queue
[2026-02-18T22:20:14.849+0000] {logging_mixin.py:188} INFO - [2026-02-18T22:20:14.849+0000] {dagbag.py:545} INFO - Filling up the DagBag from /opt/airflow/dags/main.py
[2026-02-18T22:20:14.972+0000] {processor.py:840} INFO - DAG(s) 'update_db', 'produce_json', 'data_quality' retrieved from /opt/airflow/dags/main.py
[2026-02-18T22:20:15.060+0000] {logging_mixin.py:188} INFO - [2026-02-18T22:20:15.059+0000] {dag.py:3096} INFO - Sync 3 DAGs
[2026-02-18T22:20:15.122+0000] {logging_mixin.py:188} INFO - [2026-02-18T22:20:15.122+0000] {dag.py:3954} INFO - Setting next_dagrun for data_quality to 2026-02-18 16:00:00+00:00, run_after=2026-02-19 16:00:00+00:00
[2026-02-18T22:20:15.136+0000] {logging_mixin.py:188} INFO - [2026-02-18T22:20:15.136+0000] {dag.py:3954} INFO - Setting next_dagrun for produce_json to 2026-02-18 14:00:00+00:00, run_after=2026-02-19 14:00:00+00:00
[2026-02-18T22:20:15.143+0000] {logging_mixin.py:188} INFO - [2026-02-18T22:20:15.143+0000] {dag.py:3954} INFO - Setting next_dagrun for update_db to 2026-02-18 15:00:00+00:00, run_after=2026-02-19 15:00:00+00:00
[2026-02-18T22:20:15.203+0000] {processor.py:183} INFO - Processing /opt/airflow/dags/main.py took 0.387 seconds
[2026-02-18T22:20:45.846+0000] {processor.py:161} INFO - Started process (PID=335) to work on /opt/airflow/dags/main.py
[2026-02-18T22:20:45.852+0000] {processor.py:830} INFO - Processing file /opt/airflow/dags/main.py for tasks to queue
[2026-02-18T22:20:45.856+0000] {logging_mixin.py:188} INFO - [2026-02-18T22:20:45.856+0000] {dagbag.py:545} INFO - Filling up the DagBag from /opt/airflow/dags/main.py
[2026-02-18T22:20:45.972+0000] {processor.py:840} INFO - DAG(s) 'update_db', 'produce_json', 'data_quality' retrieved from /opt/airflow/dags/main.py
[2026-02-18T22:20:46.104+0000] {logging_mixin.py:188} INFO - [2026-02-18T22:20:46.103+0000] {dag.py:3096} INFO - Sync 3 DAGs
[2026-02-18T22:20:46.212+0000] {logging_mixin.py:188} INFO - [2026-02-18T22:20:46.212+0000] {dag.py:3954} INFO - Setting next_dagrun for data_quality to 2026-02-18 16:00:00+00:00, run_after=2026-02-19 16:00:00+00:00
[2026-02-18T22:20:46.235+0000] {logging_mixin.py:188} INFO - [2026-02-18T22:20:46.234+0000] {dag.py:3954} INFO - Setting next_dagrun for produce_json to 2026-02-18 14:00:00+00:00, run_after=2026-02-19 14:00:00+00:00
[2026-02-18T22:20:46.240+0000] {logging_mixin.py:188} INFO - [2026-02-18T22:20:46.240+0000] {dag.py:3954} INFO - Setting next_dagrun for update_db to 2026-02-18 15:00:00+00:00, run_after=2026-02-19 15:00:00+00:00
[2026-02-18T22:20:46.282+0000] {processor.py:183} INFO - Processing /opt/airflow/dags/main.py took 0.447 seconds
[2026-02-18T22:21:16.490+0000] {processor.py:161} INFO - Started process (PID=342) to work on /opt/airflow/dags/main.py
[2026-02-18T22:21:16.498+0000] {processor.py:830} INFO - Processing file /opt/airflow/dags/main.py for tasks to queue
[2026-02-18T22:21:16.505+0000] {logging_mixin.py:188} INFO - [2026-02-18T22:21:16.505+0000] {dagbag.py:545} INFO - Filling up the DagBag from /opt/airflow/dags/main.py
[2026-02-18T22:21:16.585+0000] {processor.py:840} INFO - DAG(s) 'data_quality', 'update_db', 'produce_json' retrieved from /opt/airflow/dags/main.py
[2026-02-18T22:21:16.745+0000] {logging_mixin.py:188} INFO - [2026-02-18T22:21:16.745+0000] {dag.py:3096} INFO - Sync 3 DAGs
[2026-02-18T22:21:16.821+0000] {logging_mixin.py:188} INFO - [2026-02-18T22:21:16.821+0000] {dag.py:3954} INFO - Setting next_dagrun for data_quality to 2026-02-18 16:00:00+00:00, run_after=2026-02-19 16:00:00+00:00
[2026-02-18T22:21:16.848+0000] {logging_mixin.py:188} INFO - [2026-02-18T22:21:16.848+0000] {dag.py:3954} INFO - Setting next_dagrun for produce_json to 2026-02-18 14:00:00+00:00, run_after=2026-02-19 14:00:00+00:00
[2026-02-18T22:21:16.866+0000] {logging_mixin.py:188} INFO - [2026-02-18T22:21:16.866+0000] {dag.py:3954} INFO - Setting next_dagrun for update_db to 2026-02-18 15:00:00+00:00, run_after=2026-02-19 15:00:00+00:00
[2026-02-18T22:21:16.925+0000] {processor.py:183} INFO - Processing /opt/airflow/dags/main.py took 0.450 seconds
[2026-02-18T22:21:47.907+0000] {processor.py:161} INFO - Started process (PID=349) to work on /opt/airflow/dags/main.py
[2026-02-18T22:21:47.910+0000] {processor.py:830} INFO - Processing file /opt/airflow/dags/main.py for tasks to queue
[2026-02-18T22:21:47.918+0000] {logging_mixin.py:188} INFO - [2026-02-18T22:21:47.916+0000] {dagbag.py:545} INFO - Filling up the DagBag from /opt/airflow/dags/main.py
[2026-02-18T22:21:48.060+0000] {processor.py:840} INFO - DAG(s) 'update_db', 'produce_json', 'data_quality' retrieved from /opt/airflow/dags/main.py
[2026-02-18T22:21:48.155+0000] {logging_mixin.py:188} INFO - [2026-02-18T22:21:48.155+0000] {dag.py:3096} INFO - Sync 3 DAGs
[2026-02-18T22:21:48.220+0000] {logging_mixin.py:188} INFO - [2026-02-18T22:21:48.219+0000] {dag.py:3954} INFO - Setting next_dagrun for data_quality to 2026-02-18 16:00:00+00:00, run_after=2026-02-19 16:00:00+00:00
[2026-02-18T22:21:48.239+0000] {logging_mixin.py:188} INFO - [2026-02-18T22:21:48.238+0000] {dag.py:3954} INFO - Setting next_dagrun for produce_json to 2026-02-18 14:00:00+00:00, run_after=2026-02-19 14:00:00+00:00
[2026-02-18T22:21:48.249+0000] {logging_mixin.py:188} INFO - [2026-02-18T22:21:48.248+0000] {dag.py:3954} INFO - Setting next_dagrun for update_db to 2026-02-18 15:00:00+00:00, run_after=2026-02-19 15:00:00+00:00
[2026-02-18T22:21:48.306+0000] {processor.py:183} INFO - Processing /opt/airflow/dags/main.py took 0.424 seconds
[2026-02-18T22:22:19.060+0000] {processor.py:161} INFO - Started process (PID=356) to work on /opt/airflow/dags/main.py
[2026-02-18T22:22:19.071+0000] {processor.py:830} INFO - Processing file /opt/airflow/dags/main.py for tasks to queue
[2026-02-18T22:22:19.076+0000] {logging_mixin.py:188} INFO - [2026-02-18T22:22:19.076+0000] {dagbag.py:545} INFO - Filling up the DagBag from /opt/airflow/dags/main.py
[2026-02-18T22:22:19.167+0000] {processor.py:840} INFO - DAG(s) 'data_quality', 'produce_json', 'update_db' retrieved from /opt/airflow/dags/main.py
[2026-02-18T22:22:19.271+0000] {logging_mixin.py:188} INFO - [2026-02-18T22:22:19.271+0000] {dag.py:3096} INFO - Sync 3 DAGs
[2026-02-18T22:22:19.333+0000] {logging_mixin.py:188} INFO - [2026-02-18T22:22:19.333+0000] {dag.py:3954} INFO - Setting next_dagrun for data_quality to 2026-02-18 16:00:00+00:00, run_after=2026-02-19 16:00:00+00:00
[2026-02-18T22:22:19.355+0000] {logging_mixin.py:188} INFO - [2026-02-18T22:22:19.354+0000] {dag.py:3954} INFO - Setting next_dagrun for produce_json to 2026-02-18 14:00:00+00:00, run_after=2026-02-19 14:00:00+00:00
[2026-02-18T22:22:19.362+0000] {logging_mixin.py:188} INFO - [2026-02-18T22:22:19.362+0000] {dag.py:3954} INFO - Setting next_dagrun for update_db to 2026-02-18 15:00:00+00:00, run_after=2026-02-19 15:00:00+00:00
[2026-02-18T22:22:19.420+0000] {processor.py:183} INFO - Processing /opt/airflow/dags/main.py took 0.374 seconds
[2026-02-18T22:22:49.749+0000] {processor.py:161} INFO - Started process (PID=364) to work on /opt/airflow/dags/main.py
[2026-02-18T22:22:49.765+0000] {processor.py:830} INFO - Processing file /opt/airflow/dags/main.py for tasks to queue
[2026-02-18T22:22:49.780+0000] {logging_mixin.py:188} INFO - [2026-02-18T22:22:49.779+0000] {dagbag.py:545} INFO - Filling up the DagBag from /opt/airflow/dags/main.py
[2026-02-18T22:22:49.871+0000] {processor.py:840} INFO - DAG(s) 'produce_json', 'data_quality', 'update_db' retrieved from /opt/airflow/dags/main.py
[2026-02-18T22:22:50.201+0000] {logging_mixin.py:188} INFO - [2026-02-18T22:22:50.201+0000] {dag.py:3096} INFO - Sync 3 DAGs
[2026-02-18T22:22:50.313+0000] {logging_mixin.py:188} INFO - [2026-02-18T22:22:50.313+0000] {dag.py:3954} INFO - Setting next_dagrun for data_quality to 2026-02-18 16:00:00+00:00, run_after=2026-02-19 16:00:00+00:00
[2026-02-18T22:22:50.328+0000] {logging_mixin.py:188} INFO - [2026-02-18T22:22:50.327+0000] {dag.py:3954} INFO - Setting next_dagrun for produce_json to 2026-02-18 14:00:00+00:00, run_after=2026-02-19 14:00:00+00:00
[2026-02-18T22:22:50.338+0000] {logging_mixin.py:188} INFO - [2026-02-18T22:22:50.337+0000] {dag.py:3954} INFO - Setting next_dagrun for update_db to 2026-02-18 15:00:00+00:00, run_after=2026-02-19 15:00:00+00:00
[2026-02-18T22:22:50.402+0000] {processor.py:183} INFO - Processing /opt/airflow/dags/main.py took 0.683 seconds
[2026-02-18T22:23:20.835+0000] {processor.py:161} INFO - Started process (PID=371) to work on /opt/airflow/dags/main.py
[2026-02-18T22:23:20.839+0000] {processor.py:830} INFO - Processing file /opt/airflow/dags/main.py for tasks to queue
[2026-02-18T22:23:20.845+0000] {logging_mixin.py:188} INFO - [2026-02-18T22:23:20.845+0000] {dagbag.py:545} INFO - Filling up the DagBag from /opt/airflow/dags/main.py
[2026-02-18T22:23:20.952+0000] {processor.py:840} INFO - DAG(s) 'data_quality', 'produce_json', 'update_db' retrieved from /opt/airflow/dags/main.py
[2026-02-18T22:23:21.035+0000] {logging_mixin.py:188} INFO - [2026-02-18T22:23:21.034+0000] {dag.py:3096} INFO - Sync 3 DAGs
[2026-02-18T22:23:21.084+0000] {logging_mixin.py:188} INFO - [2026-02-18T22:23:21.084+0000] {dag.py:3954} INFO - Setting next_dagrun for data_quality to 2026-02-18 16:00:00+00:00, run_after=2026-02-19 16:00:00+00:00
[2026-02-18T22:23:21.099+0000] {logging_mixin.py:188} INFO - [2026-02-18T22:23:21.098+0000] {dag.py:3954} INFO - Setting next_dagrun for produce_json to 2026-02-18 14:00:00+00:00, run_after=2026-02-19 14:00:00+00:00
[2026-02-18T22:23:21.108+0000] {logging_mixin.py:188} INFO - [2026-02-18T22:23:21.108+0000] {dag.py:3954} INFO - Setting next_dagrun for update_db to 2026-02-18 15:00:00+00:00, run_after=2026-02-19 15:00:00+00:00
[2026-02-18T22:23:21.179+0000] {processor.py:183} INFO - Processing /opt/airflow/dags/main.py took 0.375 seconds
[2026-02-18T22:23:51.654+0000] {processor.py:161} INFO - Started process (PID=386) to work on /opt/airflow/dags/main.py
[2026-02-18T22:23:51.659+0000] {processor.py:830} INFO - Processing file /opt/airflow/dags/main.py for tasks to queue
[2026-02-18T22:23:51.667+0000] {logging_mixin.py:188} INFO - [2026-02-18T22:23:51.666+0000] {dagbag.py:545} INFO - Filling up the DagBag from /opt/airflow/dags/main.py
[2026-02-18T22:23:51.851+0000] {processor.py:840} INFO - DAG(s) 'update_db', 'data_quality', 'produce_json' retrieved from /opt/airflow/dags/main.py
[2026-02-18T22:23:51.924+0000] {logging_mixin.py:188} INFO - [2026-02-18T22:23:51.923+0000] {dag.py:3096} INFO - Sync 3 DAGs
[2026-02-18T22:23:51.981+0000] {logging_mixin.py:188} INFO - [2026-02-18T22:23:51.980+0000] {dag.py:3954} INFO - Setting next_dagrun for data_quality to 2026-02-18 16:00:00+00:00, run_after=2026-02-19 16:00:00+00:00
[2026-02-18T22:23:51.993+0000] {logging_mixin.py:188} INFO - [2026-02-18T22:23:51.993+0000] {dag.py:3954} INFO - Setting next_dagrun for produce_json to 2026-02-18 14:00:00+00:00, run_after=2026-02-19 14:00:00+00:00
[2026-02-18T22:23:52.002+0000] {logging_mixin.py:188} INFO - [2026-02-18T22:23:52.002+0000] {dag.py:3954} INFO - Setting next_dagrun for update_db to 2026-02-18 15:00:00+00:00, run_after=2026-02-19 15:00:00+00:00
[2026-02-18T22:23:52.058+0000] {processor.py:183} INFO - Processing /opt/airflow/dags/main.py took 0.424 seconds
[2026-02-18T22:24:22.165+0000] {processor.py:161} INFO - Started process (PID=393) to work on /opt/airflow/dags/main.py
[2026-02-18T22:24:22.169+0000] {processor.py:830} INFO - Processing file /opt/airflow/dags/main.py for tasks to queue
[2026-02-18T22:24:22.177+0000] {logging_mixin.py:188} INFO - [2026-02-18T22:24:22.177+0000] {dagbag.py:545} INFO - Filling up the DagBag from /opt/airflow/dags/main.py
[2026-02-18T22:24:22.281+0000] {processor.py:840} INFO - DAG(s) 'produce_json', 'data_quality', 'update_db' retrieved from /opt/airflow/dags/main.py
[2026-02-18T22:24:22.407+0000] {logging_mixin.py:188} INFO - [2026-02-18T22:24:22.407+0000] {dag.py:3096} INFO - Sync 3 DAGs
[2026-02-18T22:24:22.487+0000] {logging_mixin.py:188} INFO - [2026-02-18T22:24:22.486+0000] {dag.py:3954} INFO - Setting next_dagrun for data_quality to 2026-02-18 16:00:00+00:00, run_after=2026-02-19 16:00:00+00:00
[2026-02-18T22:24:22.500+0000] {logging_mixin.py:188} INFO - [2026-02-18T22:24:22.499+0000] {dag.py:3954} INFO - Setting next_dagrun for produce_json to 2026-02-18 14:00:00+00:00, run_after=2026-02-19 14:00:00+00:00
[2026-02-18T22:24:22.510+0000] {logging_mixin.py:188} INFO - [2026-02-18T22:24:22.509+0000] {dag.py:3954} INFO - Setting next_dagrun for update_db to 2026-02-18 15:00:00+00:00, run_after=2026-02-19 15:00:00+00:00
[2026-02-18T22:24:22.581+0000] {processor.py:183} INFO - Processing /opt/airflow/dags/main.py took 0.435 seconds
[2026-02-18T22:24:52.654+0000] {processor.py:161} INFO - Started process (PID=400) to work on /opt/airflow/dags/main.py
[2026-02-18T22:24:52.659+0000] {processor.py:830} INFO - Processing file /opt/airflow/dags/main.py for tasks to queue
[2026-02-18T22:24:52.663+0000] {logging_mixin.py:188} INFO - [2026-02-18T22:24:52.663+0000] {dagbag.py:545} INFO - Filling up the DagBag from /opt/airflow/dags/main.py
[2026-02-18T22:24:52.738+0000] {processor.py:840} INFO - DAG(s) 'data_quality', 'produce_json', 'update_db' retrieved from /opt/airflow/dags/main.py
[2026-02-18T22:24:52.869+0000] {logging_mixin.py:188} INFO - [2026-02-18T22:24:52.868+0000] {dag.py:3096} INFO - Sync 3 DAGs
[2026-02-18T22:24:52.923+0000] {logging_mixin.py:188} INFO - [2026-02-18T22:24:52.923+0000] {dag.py:3954} INFO - Setting next_dagrun for data_quality to 2026-02-18 16:00:00+00:00, run_after=2026-02-19 16:00:00+00:00
[2026-02-18T22:24:52.935+0000] {logging_mixin.py:188} INFO - [2026-02-18T22:24:52.934+0000] {dag.py:3954} INFO - Setting next_dagrun for produce_json to 2026-02-18 14:00:00+00:00, run_after=2026-02-19 14:00:00+00:00
[2026-02-18T22:24:52.942+0000] {logging_mixin.py:188} INFO - [2026-02-18T22:24:52.942+0000] {dag.py:3954} INFO - Setting next_dagrun for update_db to 2026-02-18 15:00:00+00:00, run_after=2026-02-19 15:00:00+00:00
[2026-02-18T22:24:52.994+0000] {processor.py:183} INFO - Processing /opt/airflow/dags/main.py took 0.357 seconds
[2026-02-18T22:25:23.201+0000] {processor.py:161} INFO - Started process (PID=406) to work on /opt/airflow/dags/main.py
[2026-02-18T22:25:23.205+0000] {processor.py:830} INFO - Processing file /opt/airflow/dags/main.py for tasks to queue
[2026-02-18T22:25:23.210+0000] {logging_mixin.py:188} INFO - [2026-02-18T22:25:23.209+0000] {dagbag.py:545} INFO - Filling up the DagBag from /opt/airflow/dags/main.py
[2026-02-18T22:25:23.285+0000] {processor.py:840} INFO - DAG(s) 'data_quality', 'produce_json', 'update_db' retrieved from /opt/airflow/dags/main.py
[2026-02-18T22:25:23.395+0000] {logging_mixin.py:188} INFO - [2026-02-18T22:25:23.395+0000] {dag.py:3096} INFO - Sync 3 DAGs
[2026-02-18T22:25:23.448+0000] {logging_mixin.py:188} INFO - [2026-02-18T22:25:23.448+0000] {dag.py:3954} INFO - Setting next_dagrun for data_quality to 2026-02-18 16:00:00+00:00, run_after=2026-02-19 16:00:00+00:00
[2026-02-18T22:25:23.461+0000] {logging_mixin.py:188} INFO - [2026-02-18T22:25:23.461+0000] {dag.py:3954} INFO - Setting next_dagrun for produce_json to 2026-02-18 14:00:00+00:00, run_after=2026-02-19 14:00:00+00:00
[2026-02-18T22:25:23.468+0000] {logging_mixin.py:188} INFO - [2026-02-18T22:25:23.468+0000] {dag.py:3954} INFO - Setting next_dagrun for update_db to 2026-02-18 15:00:00+00:00, run_after=2026-02-19 15:00:00+00:00
[2026-02-18T22:25:23.518+0000] {processor.py:183} INFO - Processing /opt/airflow/dags/main.py took 0.337 seconds
[2026-02-18T22:25:54.394+0000] {processor.py:161} INFO - Started process (PID=415) to work on /opt/airflow/dags/main.py
[2026-02-18T22:25:54.402+0000] {processor.py:830} INFO - Processing file /opt/airflow/dags/main.py for tasks to queue
[2026-02-18T22:25:54.405+0000] {logging_mixin.py:188} INFO - [2026-02-18T22:25:54.405+0000] {dagbag.py:545} INFO - Filling up the DagBag from /opt/airflow/dags/main.py
[2026-02-18T22:25:54.512+0000] {processor.py:840} INFO - DAG(s) 'produce_json', 'data_quality', 'update_db' retrieved from /opt/airflow/dags/main.py
[2026-02-18T22:25:54.572+0000] {logging_mixin.py:188} INFO - [2026-02-18T22:25:54.571+0000] {dag.py:3096} INFO - Sync 3 DAGs
[2026-02-18T22:25:54.636+0000] {logging_mixin.py:188} INFO - [2026-02-18T22:25:54.636+0000] {dag.py:3954} INFO - Setting next_dagrun for data_quality to 2026-02-18 16:00:00+00:00, run_after=2026-02-19 16:00:00+00:00
[2026-02-18T22:25:54.653+0000] {logging_mixin.py:188} INFO - [2026-02-18T22:25:54.652+0000] {dag.py:3954} INFO - Setting next_dagrun for produce_json to 2026-02-18 14:00:00+00:00, run_after=2026-02-19 14:00:00+00:00
[2026-02-18T22:25:54.661+0000] {logging_mixin.py:188} INFO - [2026-02-18T22:25:54.660+0000] {dag.py:3954} INFO - Setting next_dagrun for update_db to 2026-02-18 15:00:00+00:00, run_after=2026-02-19 15:00:00+00:00
[2026-02-18T22:25:54.706+0000] {processor.py:183} INFO - Processing /opt/airflow/dags/main.py took 0.321 seconds
[2026-02-18T22:26:25.362+0000] {processor.py:161} INFO - Started process (PID=423) to work on /opt/airflow/dags/main.py
[2026-02-18T22:26:25.367+0000] {processor.py:830} INFO - Processing file /opt/airflow/dags/main.py for tasks to queue
[2026-02-18T22:26:25.372+0000] {logging_mixin.py:188} INFO - [2026-02-18T22:26:25.372+0000] {dagbag.py:545} INFO - Filling up the DagBag from /opt/airflow/dags/main.py
[2026-02-18T22:26:25.475+0000] {processor.py:840} INFO - DAG(s) 'produce_json', 'update_db', 'data_quality' retrieved from /opt/airflow/dags/main.py
[2026-02-18T22:26:25.566+0000] {logging_mixin.py:188} INFO - [2026-02-18T22:26:25.566+0000] {dag.py:3096} INFO - Sync 3 DAGs
[2026-02-18T22:26:25.604+0000] {logging_mixin.py:188} INFO - [2026-02-18T22:26:25.604+0000] {dag.py:3954} INFO - Setting next_dagrun for data_quality to 2026-02-18 16:00:00+00:00, run_after=2026-02-19 16:00:00+00:00
[2026-02-18T22:26:25.613+0000] {logging_mixin.py:188} INFO - [2026-02-18T22:26:25.612+0000] {dag.py:3954} INFO - Setting next_dagrun for produce_json to 2026-02-18 14:00:00+00:00, run_after=2026-02-19 14:00:00+00:00
[2026-02-18T22:26:25.621+0000] {logging_mixin.py:188} INFO - [2026-02-18T22:26:25.620+0000] {dag.py:3954} INFO - Setting next_dagrun for update_db to 2026-02-18 15:00:00+00:00, run_after=2026-02-19 15:00:00+00:00
[2026-02-18T22:26:25.689+0000] {processor.py:183} INFO - Processing /opt/airflow/dags/main.py took 0.337 seconds
[2026-02-18T22:26:56.038+0000] {processor.py:161} INFO - Started process (PID=430) to work on /opt/airflow/dags/main.py
[2026-02-18T22:26:56.057+0000] {processor.py:830} INFO - Processing file /opt/airflow/dags/main.py for tasks to queue
[2026-02-18T22:26:56.062+0000] {logging_mixin.py:188} INFO - [2026-02-18T22:26:56.061+0000] {dagbag.py:545} INFO - Filling up the DagBag from /opt/airflow/dags/main.py
[2026-02-18T22:26:56.169+0000] {processor.py:840} INFO - DAG(s) 'update_db', 'data_quality', 'produce_json' retrieved from /opt/airflow/dags/main.py
[2026-02-18T22:26:56.409+0000] {logging_mixin.py:188} INFO - [2026-02-18T22:26:56.408+0000] {dag.py:3096} INFO - Sync 3 DAGs
[2026-02-18T22:26:56.678+0000] {logging_mixin.py:188} INFO - [2026-02-18T22:26:56.678+0000] {dag.py:3954} INFO - Setting next_dagrun for data_quality to 2026-02-18 16:00:00+00:00, run_after=2026-02-19 16:00:00+00:00
[2026-02-18T22:26:56.738+0000] {logging_mixin.py:188} INFO - [2026-02-18T22:26:56.738+0000] {dag.py:3954} INFO - Setting next_dagrun for produce_json to 2026-02-18 14:00:00+00:00, run_after=2026-02-19 14:00:00+00:00
[2026-02-18T22:26:56.778+0000] {logging_mixin.py:188} INFO - [2026-02-18T22:26:56.777+0000] {dag.py:3954} INFO - Setting next_dagrun for update_db to 2026-02-18 15:00:00+00:00, run_after=2026-02-19 15:00:00+00:00
[2026-02-18T22:26:56.895+0000] {processor.py:183} INFO - Processing /opt/airflow/dags/main.py took 0.875 seconds
[2026-02-18T22:27:27.985+0000] {processor.py:161} INFO - Started process (PID=437) to work on /opt/airflow/dags/main.py
[2026-02-18T22:27:28.007+0000] {processor.py:830} INFO - Processing file /opt/airflow/dags/main.py for tasks to queue
[2026-02-18T22:27:28.024+0000] {logging_mixin.py:188} INFO - [2026-02-18T22:27:28.022+0000] {dagbag.py:545} INFO - Filling up the DagBag from /opt/airflow/dags/main.py
[2026-02-18T22:27:28.153+0000] {processor.py:840} INFO - DAG(s) 'update_db', 'produce_json', 'data_quality' retrieved from /opt/airflow/dags/main.py
[2026-02-18T22:27:28.366+0000] {logging_mixin.py:188} INFO - [2026-02-18T22:27:28.366+0000] {dag.py:3096} INFO - Sync 3 DAGs
[2026-02-18T22:27:28.539+0000] {logging_mixin.py:188} INFO - [2026-02-18T22:27:28.539+0000] {dag.py:3954} INFO - Setting next_dagrun for data_quality to 2026-02-18 16:00:00+00:00, run_after=2026-02-19 16:00:00+00:00
[2026-02-18T22:27:28.590+0000] {logging_mixin.py:188} INFO - [2026-02-18T22:27:28.589+0000] {dag.py:3954} INFO - Setting next_dagrun for produce_json to 2026-02-18 14:00:00+00:00, run_after=2026-02-19 14:00:00+00:00
[2026-02-18T22:27:29.637+0000] {logging_mixin.py:188} INFO - [2026-02-18T22:27:29.636+0000] {dag.py:3954} INFO - Setting next_dagrun for update_db to 2026-02-18 15:00:00+00:00, run_after=2026-02-19 15:00:00+00:00
[2026-02-18T22:27:29.952+0000] {processor.py:183} INFO - Processing /opt/airflow/dags/main.py took 2.000 seconds
[2026-02-18T22:28:00.774+0000] {processor.py:161} INFO - Started process (PID=444) to work on /opt/airflow/dags/main.py
[2026-02-18T22:28:00.781+0000] {processor.py:830} INFO - Processing file /opt/airflow/dags/main.py for tasks to queue
[2026-02-18T22:28:00.784+0000] {logging_mixin.py:188} INFO - [2026-02-18T22:28:00.784+0000] {dagbag.py:545} INFO - Filling up the DagBag from /opt/airflow/dags/main.py
[2026-02-18T22:28:00.896+0000] {processor.py:840} INFO - DAG(s) 'produce_json', 'update_db', 'data_quality' retrieved from /opt/airflow/dags/main.py
[2026-02-18T22:28:00.997+0000] {logging_mixin.py:188} INFO - [2026-02-18T22:28:00.997+0000] {dag.py:3096} INFO - Sync 3 DAGs
[2026-02-18T22:28:01.048+0000] {logging_mixin.py:188} INFO - [2026-02-18T22:28:01.048+0000] {dag.py:3954} INFO - Setting next_dagrun for data_quality to 2026-02-18 16:00:00+00:00, run_after=2026-02-19 16:00:00+00:00
[2026-02-18T22:28:01.068+0000] {logging_mixin.py:188} INFO - [2026-02-18T22:28:01.066+0000] {dag.py:3954} INFO - Setting next_dagrun for produce_json to 2026-02-18 14:00:00+00:00, run_after=2026-02-19 14:00:00+00:00
[2026-02-18T22:28:01.074+0000] {logging_mixin.py:188} INFO - [2026-02-18T22:28:01.074+0000] {dag.py:3954} INFO - Setting next_dagrun for update_db to 2026-02-18 15:00:00+00:00, run_after=2026-02-19 15:00:00+00:00
[2026-02-18T22:28:01.118+0000] {processor.py:183} INFO - Processing /opt/airflow/dags/main.py took 0.374 seconds
[2026-02-18T22:28:32.125+0000] {processor.py:161} INFO - Started process (PID=451) to work on /opt/airflow/dags/main.py
[2026-02-18T22:28:32.128+0000] {processor.py:830} INFO - Processing file /opt/airflow/dags/main.py for tasks to queue
[2026-02-18T22:28:32.132+0000] {logging_mixin.py:188} INFO - [2026-02-18T22:28:32.131+0000] {dagbag.py:545} INFO - Filling up the DagBag from /opt/airflow/dags/main.py
[2026-02-18T22:28:32.234+0000] {processor.py:840} INFO - DAG(s) 'data_quality', 'update_db', 'produce_json' retrieved from /opt/airflow/dags/main.py
[2026-02-18T22:28:32.321+0000] {logging_mixin.py:188} INFO - [2026-02-18T22:28:32.321+0000] {dag.py:3096} INFO - Sync 3 DAGs
[2026-02-18T22:28:32.392+0000] {logging_mixin.py:188} INFO - [2026-02-18T22:28:32.391+0000] {dag.py:3954} INFO - Setting next_dagrun for data_quality to 2026-02-18 16:00:00+00:00, run_after=2026-02-19 16:00:00+00:00
[2026-02-18T22:28:32.407+0000] {logging_mixin.py:188} INFO - [2026-02-18T22:28:32.406+0000] {dag.py:3954} INFO - Setting next_dagrun for produce_json to 2026-02-18 14:00:00+00:00, run_after=2026-02-19 14:00:00+00:00
[2026-02-18T22:28:32.415+0000] {logging_mixin.py:188} INFO - [2026-02-18T22:28:32.414+0000] {dag.py:3954} INFO - Setting next_dagrun for update_db to 2026-02-18 15:00:00+00:00, run_after=2026-02-19 15:00:00+00:00
[2026-02-18T22:28:32.488+0000] {processor.py:183} INFO - Processing /opt/airflow/dags/main.py took 0.374 seconds
[2026-02-18T22:29:02.668+0000] {processor.py:161} INFO - Started process (PID=457) to work on /opt/airflow/dags/main.py
[2026-02-18T22:29:02.674+0000] {processor.py:830} INFO - Processing file /opt/airflow/dags/main.py for tasks to queue
[2026-02-18T22:29:02.683+0000] {logging_mixin.py:188} INFO - [2026-02-18T22:29:02.683+0000] {dagbag.py:545} INFO - Filling up the DagBag from /opt/airflow/dags/main.py
[2026-02-18T22:29:02.756+0000] {processor.py:840} INFO - DAG(s) 'data_quality', 'update_db', 'produce_json' retrieved from /opt/airflow/dags/main.py
[2026-02-18T22:29:02.838+0000] {logging_mixin.py:188} INFO - [2026-02-18T22:29:02.837+0000] {dag.py:3096} INFO - Sync 3 DAGs
[2026-02-18T22:29:02.899+0000] {logging_mixin.py:188} INFO - [2026-02-18T22:29:02.898+0000] {dag.py:3954} INFO - Setting next_dagrun for data_quality to 2026-02-18 16:00:00+00:00, run_after=2026-02-19 16:00:00+00:00
[2026-02-18T22:29:02.912+0000] {logging_mixin.py:188} INFO - [2026-02-18T22:29:02.911+0000] {dag.py:3954} INFO - Setting next_dagrun for produce_json to 2026-02-18 14:00:00+00:00, run_after=2026-02-19 14:00:00+00:00
[2026-02-18T22:29:02.922+0000] {logging_mixin.py:188} INFO - [2026-02-18T22:29:02.922+0000] {dag.py:3954} INFO - Setting next_dagrun for update_db to 2026-02-18 15:00:00+00:00, run_after=2026-02-19 15:00:00+00:00
[2026-02-18T22:29:02.985+0000] {processor.py:183} INFO - Processing /opt/airflow/dags/main.py took 0.332 seconds
[2026-02-18T22:29:33.614+0000] {processor.py:161} INFO - Started process (PID=464) to work on /opt/airflow/dags/main.py
[2026-02-18T22:29:33.620+0000] {processor.py:830} INFO - Processing file /opt/airflow/dags/main.py for tasks to queue
[2026-02-18T22:29:33.623+0000] {logging_mixin.py:188} INFO - [2026-02-18T22:29:33.623+0000] {dagbag.py:545} INFO - Filling up the DagBag from /opt/airflow/dags/main.py
[2026-02-18T22:29:33.715+0000] {processor.py:840} INFO - DAG(s) 'update_db', 'produce_json', 'data_quality' retrieved from /opt/airflow/dags/main.py
[2026-02-18T22:29:33.803+0000] {logging_mixin.py:188} INFO - [2026-02-18T22:29:33.802+0000] {dag.py:3096} INFO - Sync 3 DAGs
[2026-02-18T22:29:33.864+0000] {logging_mixin.py:188} INFO - [2026-02-18T22:29:33.864+0000] {dag.py:3954} INFO - Setting next_dagrun for data_quality to 2026-02-18 16:00:00+00:00, run_after=2026-02-19 16:00:00+00:00
[2026-02-18T22:29:33.879+0000] {logging_mixin.py:188} INFO - [2026-02-18T22:29:33.879+0000] {dag.py:3954} INFO - Setting next_dagrun for produce_json to 2026-02-18 14:00:00+00:00, run_after=2026-02-19 14:00:00+00:00
[2026-02-18T22:29:33.888+0000] {logging_mixin.py:188} INFO - [2026-02-18T22:29:33.888+0000] {dag.py:3954} INFO - Setting next_dagrun for update_db to 2026-02-18 15:00:00+00:00, run_after=2026-02-19 15:00:00+00:00
[2026-02-18T22:29:33.951+0000] {processor.py:183} INFO - Processing /opt/airflow/dags/main.py took 0.354 seconds
[2026-02-18T22:30:04.361+0000] {processor.py:161} INFO - Started process (PID=472) to work on /opt/airflow/dags/main.py
[2026-02-18T22:30:04.374+0000] {processor.py:830} INFO - Processing file /opt/airflow/dags/main.py for tasks to queue
[2026-02-18T22:30:04.380+0000] {logging_mixin.py:188} INFO - [2026-02-18T22:30:04.379+0000] {dagbag.py:545} INFO - Filling up the DagBag from /opt/airflow/dags/main.py
[2026-02-18T22:30:04.477+0000] {processor.py:840} INFO - DAG(s) 'data_quality', 'update_db', 'produce_json' retrieved from /opt/airflow/dags/main.py
[2026-02-18T22:30:04.658+0000] {logging_mixin.py:188} INFO - [2026-02-18T22:30:04.657+0000] {dag.py:3096} INFO - Sync 3 DAGs
[2026-02-18T22:30:04.707+0000] {logging_mixin.py:188} INFO - [2026-02-18T22:30:04.707+0000] {dag.py:3954} INFO - Setting next_dagrun for data_quality to 2026-02-18 16:00:00+00:00, run_after=2026-02-19 16:00:00+00:00
[2026-02-18T22:30:04.718+0000] {logging_mixin.py:188} INFO - [2026-02-18T22:30:04.717+0000] {dag.py:3954} INFO - Setting next_dagrun for produce_json to 2026-02-18 14:00:00+00:00, run_after=2026-02-19 14:00:00+00:00
[2026-02-18T22:30:04.727+0000] {logging_mixin.py:188} INFO - [2026-02-18T22:30:04.725+0000] {dag.py:3954} INFO - Setting next_dagrun for update_db to 2026-02-18 15:00:00+00:00, run_after=2026-02-19 15:00:00+00:00
[2026-02-18T22:30:04.769+0000] {processor.py:183} INFO - Processing /opt/airflow/dags/main.py took 0.421 seconds
[2026-02-18T22:30:35.073+0000] {processor.py:161} INFO - Started process (PID=480) to work on /opt/airflow/dags/main.py
[2026-02-18T22:30:35.087+0000] {processor.py:830} INFO - Processing file /opt/airflow/dags/main.py for tasks to queue
[2026-02-18T22:30:35.096+0000] {logging_mixin.py:188} INFO - [2026-02-18T22:30:35.093+0000] {dagbag.py:545} INFO - Filling up the DagBag from /opt/airflow/dags/main.py
[2026-02-18T22:30:35.264+0000] {processor.py:840} INFO - DAG(s) 'update_db', 'data_quality', 'produce_json' retrieved from /opt/airflow/dags/main.py
[2026-02-18T22:30:35.363+0000] {logging_mixin.py:188} INFO - [2026-02-18T22:30:35.363+0000] {dag.py:3096} INFO - Sync 3 DAGs
[2026-02-18T22:30:35.421+0000] {logging_mixin.py:188} INFO - [2026-02-18T22:30:35.420+0000] {dag.py:3954} INFO - Setting next_dagrun for data_quality to 2026-02-18 16:00:00+00:00, run_after=2026-02-19 16:00:00+00:00
[2026-02-18T22:30:35.437+0000] {logging_mixin.py:188} INFO - [2026-02-18T22:30:35.436+0000] {dag.py:3954} INFO - Setting next_dagrun for produce_json to 2026-02-18 14:00:00+00:00, run_after=2026-02-19 14:00:00+00:00
[2026-02-18T22:30:35.445+0000] {logging_mixin.py:188} INFO - [2026-02-18T22:30:35.444+0000] {dag.py:3954} INFO - Setting next_dagrun for update_db to 2026-02-18 15:00:00+00:00, run_after=2026-02-19 15:00:00+00:00
[2026-02-18T22:30:35.476+0000] {processor.py:183} INFO - Processing /opt/airflow/dags/main.py took 0.441 seconds
[2026-02-18T22:31:05.771+0000] {processor.py:161} INFO - Started process (PID=488) to work on /opt/airflow/dags/main.py
[2026-02-18T22:31:05.776+0000] {processor.py:830} INFO - Processing file /opt/airflow/dags/main.py for tasks to queue
[2026-02-18T22:31:05.780+0000] {logging_mixin.py:188} INFO - [2026-02-18T22:31:05.779+0000] {dagbag.py:545} INFO - Filling up the DagBag from /opt/airflow/dags/main.py
[2026-02-18T22:31:05.887+0000] {processor.py:840} INFO - DAG(s) 'produce_json', 'update_db', 'data_quality' retrieved from /opt/airflow/dags/main.py
[2026-02-18T22:31:05.983+0000] {logging_mixin.py:188} INFO - [2026-02-18T22:31:05.983+0000] {dag.py:3096} INFO - Sync 3 DAGs
[2026-02-18T22:31:06.034+0000] {logging_mixin.py:188} INFO - [2026-02-18T22:31:06.034+0000] {dag.py:3954} INFO - Setting next_dagrun for data_quality to 2026-02-18 16:00:00+00:00, run_after=2026-02-19 16:00:00+00:00
[2026-02-18T22:31:06.053+0000] {logging_mixin.py:188} INFO - [2026-02-18T22:31:06.053+0000] {dag.py:3954} INFO - Setting next_dagrun for produce_json to 2026-02-18 14:00:00+00:00, run_after=2026-02-19 14:00:00+00:00
[2026-02-18T22:31:06.060+0000] {logging_mixin.py:188} INFO - [2026-02-18T22:31:06.060+0000] {dag.py:3954} INFO - Setting next_dagrun for update_db to 2026-02-18 15:00:00+00:00, run_after=2026-02-19 15:00:00+00:00
[2026-02-18T22:31:06.100+0000] {processor.py:183} INFO - Processing /opt/airflow/dags/main.py took 0.356 seconds
[2026-02-18T22:31:37.619+0000] {processor.py:161} INFO - Started process (PID=495) to work on /opt/airflow/dags/main.py
[2026-02-18T22:31:37.627+0000] {processor.py:830} INFO - Processing file /opt/airflow/dags/main.py for tasks to queue
[2026-02-18T22:31:37.654+0000] {logging_mixin.py:188} INFO - [2026-02-18T22:31:37.651+0000] {dagbag.py:545} INFO - Filling up the DagBag from /opt/airflow/dags/main.py
[2026-02-18T22:31:37.739+0000] {processor.py:840} INFO - DAG(s) 'produce_json', 'data_quality', 'update_db' retrieved from /opt/airflow/dags/main.py
[2026-02-18T22:31:37.834+0000] {logging_mixin.py:188} INFO - [2026-02-18T22:31:37.833+0000] {dag.py:3096} INFO - Sync 3 DAGs
[2026-02-18T22:31:37.886+0000] {logging_mixin.py:188} INFO - [2026-02-18T22:31:37.885+0000] {dag.py:3954} INFO - Setting next_dagrun for data_quality to 2026-02-18 16:00:00+00:00, run_after=2026-02-19 16:00:00+00:00
[2026-02-18T22:31:37.899+0000] {logging_mixin.py:188} INFO - [2026-02-18T22:31:37.898+0000] {dag.py:3954} INFO - Setting next_dagrun for produce_json to 2026-02-18 14:00:00+00:00, run_after=2026-02-19 14:00:00+00:00
[2026-02-18T22:31:37.906+0000] {logging_mixin.py:188} INFO - [2026-02-18T22:31:37.906+0000] {dag.py:3954} INFO - Setting next_dagrun for update_db to 2026-02-18 15:00:00+00:00, run_after=2026-02-19 15:00:00+00:00
[2026-02-18T22:31:38.006+0000] {processor.py:183} INFO - Processing /opt/airflow/dags/main.py took 0.403 seconds
[2026-02-18T22:32:08.811+0000] {processor.py:161} INFO - Started process (PID=502) to work on /opt/airflow/dags/main.py
[2026-02-18T22:32:08.815+0000] {processor.py:830} INFO - Processing file /opt/airflow/dags/main.py for tasks to queue
[2026-02-18T22:32:08.819+0000] {logging_mixin.py:188} INFO - [2026-02-18T22:32:08.819+0000] {dagbag.py:545} INFO - Filling up the DagBag from /opt/airflow/dags/main.py
[2026-02-18T22:32:08.887+0000] {processor.py:840} INFO - DAG(s) 'produce_json', 'update_db', 'data_quality' retrieved from /opt/airflow/dags/main.py
[2026-02-18T22:32:08.950+0000] {logging_mixin.py:188} INFO - [2026-02-18T22:32:08.950+0000] {dag.py:3096} INFO - Sync 3 DAGs
[2026-02-18T22:32:09.013+0000] {logging_mixin.py:188} INFO - [2026-02-18T22:32:09.012+0000] {dag.py:3954} INFO - Setting next_dagrun for data_quality to 2026-02-18 16:00:00+00:00, run_after=2026-02-19 16:00:00+00:00
[2026-02-18T22:32:09.024+0000] {logging_mixin.py:188} INFO - [2026-02-18T22:32:09.024+0000] {dag.py:3954} INFO - Setting next_dagrun for produce_json to 2026-02-18 14:00:00+00:00, run_after=2026-02-19 14:00:00+00:00
[2026-02-18T22:32:09.031+0000] {logging_mixin.py:188} INFO - [2026-02-18T22:32:09.031+0000] {dag.py:3954} INFO - Setting next_dagrun for update_db to 2026-02-18 15:00:00+00:00, run_after=2026-02-19 15:00:00+00:00
[2026-02-18T22:32:09.073+0000] {processor.py:183} INFO - Processing /opt/airflow/dags/main.py took 0.283 seconds
[2026-02-18T22:32:39.962+0000] {processor.py:161} INFO - Started process (PID=509) to work on /opt/airflow/dags/main.py
[2026-02-18T22:32:39.971+0000] {processor.py:830} INFO - Processing file /opt/airflow/dags/main.py for tasks to queue
[2026-02-18T22:32:39.976+0000] {logging_mixin.py:188} INFO - [2026-02-18T22:32:39.975+0000] {dagbag.py:545} INFO - Filling up the DagBag from /opt/airflow/dags/main.py
[2026-02-18T22:32:40.054+0000] {processor.py:840} INFO - DAG(s) 'update_db', 'produce_json', 'data_quality' retrieved from /opt/airflow/dags/main.py
[2026-02-18T22:32:40.139+0000] {logging_mixin.py:188} INFO - [2026-02-18T22:32:40.139+0000] {dag.py:3096} INFO - Sync 3 DAGs
[2026-02-18T22:32:40.204+0000] {logging_mixin.py:188} INFO - [2026-02-18T22:32:40.203+0000] {dag.py:3954} INFO - Setting next_dagrun for data_quality to 2026-02-18 16:00:00+00:00, run_after=2026-02-19 16:00:00+00:00
[2026-02-18T22:32:40.215+0000] {logging_mixin.py:188} INFO - [2026-02-18T22:32:40.215+0000] {dag.py:3954} INFO - Setting next_dagrun for produce_json to 2026-02-18 14:00:00+00:00, run_after=2026-02-19 14:00:00+00:00
[2026-02-18T22:32:40.223+0000] {logging_mixin.py:188} INFO - [2026-02-18T22:32:40.223+0000] {dag.py:3954} INFO - Setting next_dagrun for update_db to 2026-02-18 15:00:00+00:00, run_after=2026-02-19 15:00:00+00:00
[2026-02-18T22:32:40.256+0000] {processor.py:183} INFO - Processing /opt/airflow/dags/main.py took 0.308 seconds
[2026-02-18T22:33:10.713+0000] {processor.py:161} INFO - Started process (PID=516) to work on /opt/airflow/dags/main.py
[2026-02-18T22:33:10.717+0000] {processor.py:830} INFO - Processing file /opt/airflow/dags/main.py for tasks to queue
[2026-02-18T22:33:10.721+0000] {logging_mixin.py:188} INFO - [2026-02-18T22:33:10.720+0000] {dagbag.py:545} INFO - Filling up the DagBag from /opt/airflow/dags/main.py
[2026-02-18T22:33:10.792+0000] {processor.py:840} INFO - DAG(s) 'data_quality', 'update_db', 'produce_json' retrieved from /opt/airflow/dags/main.py
[2026-02-18T22:33:10.916+0000] {logging_mixin.py:188} INFO - [2026-02-18T22:33:10.916+0000] {dag.py:3096} INFO - Sync 3 DAGs
[2026-02-18T22:33:10.972+0000] {logging_mixin.py:188} INFO - [2026-02-18T22:33:10.972+0000] {dag.py:3954} INFO - Setting next_dagrun for data_quality to 2026-02-18 16:00:00+00:00, run_after=2026-02-19 16:00:00+00:00
[2026-02-18T22:33:10.985+0000] {logging_mixin.py:188} INFO - [2026-02-18T22:33:10.985+0000] {dag.py:3954} INFO - Setting next_dagrun for produce_json to 2026-02-18 14:00:00+00:00, run_after=2026-02-19 14:00:00+00:00
[2026-02-18T22:33:10.994+0000] {logging_mixin.py:188} INFO - [2026-02-18T22:33:10.994+0000] {dag.py:3954} INFO - Setting next_dagrun for update_db to 2026-02-18 15:00:00+00:00, run_after=2026-02-19 15:00:00+00:00
[2026-02-18T22:33:11.041+0000] {processor.py:183} INFO - Processing /opt/airflow/dags/main.py took 0.339 seconds
[2026-02-18T22:33:41.859+0000] {processor.py:161} INFO - Started process (PID=523) to work on /opt/airflow/dags/main.py
[2026-02-18T22:33:41.861+0000] {processor.py:830} INFO - Processing file /opt/airflow/dags/main.py for tasks to queue
[2026-02-18T22:33:41.864+0000] {logging_mixin.py:188} INFO - [2026-02-18T22:33:41.863+0000] {dagbag.py:545} INFO - Filling up the DagBag from /opt/airflow/dags/main.py
[2026-02-18T22:33:41.937+0000] {processor.py:840} INFO - DAG(s) 'produce_json', 'data_quality', 'update_db' retrieved from /opt/airflow/dags/main.py
[2026-02-18T22:33:42.009+0000] {logging_mixin.py:188} INFO - [2026-02-18T22:33:42.009+0000] {dag.py:3096} INFO - Sync 3 DAGs
[2026-02-18T22:33:42.058+0000] {logging_mixin.py:188} INFO - [2026-02-18T22:33:42.057+0000] {dag.py:3954} INFO - Setting next_dagrun for data_quality to 2026-02-18 16:00:00+00:00, run_after=2026-02-19 16:00:00+00:00
[2026-02-18T22:33:42.075+0000] {logging_mixin.py:188} INFO - [2026-02-18T22:33:42.075+0000] {dag.py:3954} INFO - Setting next_dagrun for produce_json to 2026-02-18 14:00:00+00:00, run_after=2026-02-19 14:00:00+00:00
[2026-02-18T22:33:42.086+0000] {logging_mixin.py:188} INFO - [2026-02-18T22:33:42.086+0000] {dag.py:3954} INFO - Setting next_dagrun for update_db to 2026-02-18 15:00:00+00:00, run_after=2026-02-19 15:00:00+00:00
[2026-02-18T22:33:42.141+0000] {processor.py:183} INFO - Processing /opt/airflow/dags/main.py took 0.294 seconds
[2026-02-18T22:34:12.644+0000] {processor.py:161} INFO - Started process (PID=530) to work on /opt/airflow/dags/main.py
[2026-02-18T22:34:12.658+0000] {processor.py:830} INFO - Processing file /opt/airflow/dags/main.py for tasks to queue
[2026-02-18T22:34:12.663+0000] {logging_mixin.py:188} INFO - [2026-02-18T22:34:12.662+0000] {dagbag.py:545} INFO - Filling up the DagBag from /opt/airflow/dags/main.py
[2026-02-18T22:34:12.753+0000] {processor.py:840} INFO - DAG(s) 'data_quality', 'update_db', 'produce_json' retrieved from /opt/airflow/dags/main.py
[2026-02-18T22:34:12.845+0000] {logging_mixin.py:188} INFO - [2026-02-18T22:34:12.844+0000] {dag.py:3096} INFO - Sync 3 DAGs
[2026-02-18T22:34:12.886+0000] {logging_mixin.py:188} INFO - [2026-02-18T22:34:12.886+0000] {dag.py:3954} INFO - Setting next_dagrun for data_quality to 2026-02-18 16:00:00+00:00, run_after=2026-02-19 16:00:00+00:00
[2026-02-18T22:34:12.900+0000] {logging_mixin.py:188} INFO - [2026-02-18T22:34:12.900+0000] {dag.py:3954} INFO - Setting next_dagrun for produce_json to 2026-02-18 14:00:00+00:00, run_after=2026-02-19 14:00:00+00:00
[2026-02-18T22:34:12.907+0000] {logging_mixin.py:188} INFO - [2026-02-18T22:34:12.907+0000] {dag.py:3954} INFO - Setting next_dagrun for update_db to 2026-02-18 15:00:00+00:00, run_after=2026-02-19 15:00:00+00:00
[2026-02-18T22:34:12.958+0000] {processor.py:183} INFO - Processing /opt/airflow/dags/main.py took 0.324 seconds
[2026-02-18T22:34:44.001+0000] {processor.py:161} INFO - Started process (PID=538) to work on /opt/airflow/dags/main.py
[2026-02-18T22:34:44.009+0000] {processor.py:830} INFO - Processing file /opt/airflow/dags/main.py for tasks to queue
[2026-02-18T22:34:44.015+0000] {logging_mixin.py:188} INFO - [2026-02-18T22:34:44.014+0000] {dagbag.py:545} INFO - Filling up the DagBag from /opt/airflow/dags/main.py
[2026-02-18T22:34:44.090+0000] {processor.py:840} INFO - DAG(s) 'produce_json', 'data_quality', 'update_db' retrieved from /opt/airflow/dags/main.py
[2026-02-18T22:34:44.161+0000] {logging_mixin.py:188} INFO - [2026-02-18T22:34:44.161+0000] {dag.py:3096} INFO - Sync 3 DAGs
[2026-02-18T22:34:44.211+0000] {logging_mixin.py:188} INFO - [2026-02-18T22:34:44.210+0000] {dag.py:3954} INFO - Setting next_dagrun for data_quality to 2026-02-18 16:00:00+00:00, run_after=2026-02-19 16:00:00+00:00
[2026-02-18T22:34:44.228+0000] {logging_mixin.py:188} INFO - [2026-02-18T22:34:44.227+0000] {dag.py:3954} INFO - Setting next_dagrun for produce_json to 2026-02-18 14:00:00+00:00, run_after=2026-02-19 14:00:00+00:00
[2026-02-18T22:34:44.235+0000] {logging_mixin.py:188} INFO - [2026-02-18T22:34:44.235+0000] {dag.py:3954} INFO - Setting next_dagrun for update_db to 2026-02-18 15:00:00+00:00, run_after=2026-02-19 15:00:00+00:00
[2026-02-18T22:34:44.263+0000] {processor.py:183} INFO - Processing /opt/airflow/dags/main.py took 0.272 seconds
[2026-02-18T22:35:14.380+0000] {processor.py:161} INFO - Started process (PID=545) to work on /opt/airflow/dags/main.py
[2026-02-18T22:35:14.385+0000] {processor.py:830} INFO - Processing file /opt/airflow/dags/main.py for tasks to queue
[2026-02-18T22:35:14.389+0000] {logging_mixin.py:188} INFO - [2026-02-18T22:35:14.389+0000] {dagbag.py:545} INFO - Filling up the DagBag from /opt/airflow/dags/main.py
[2026-02-18T22:35:14.459+0000] {processor.py:840} INFO - DAG(s) 'data_quality', 'update_db', 'produce_json' retrieved from /opt/airflow/dags/main.py
[2026-02-18T22:35:14.536+0000] {logging_mixin.py:188} INFO - [2026-02-18T22:35:14.536+0000] {dag.py:3096} INFO - Sync 3 DAGs
[2026-02-18T22:35:14.579+0000] {logging_mixin.py:188} INFO - [2026-02-18T22:35:14.578+0000] {dag.py:3954} INFO - Setting next_dagrun for data_quality to 2026-02-18 16:00:00+00:00, run_after=2026-02-19 16:00:00+00:00
[2026-02-18T22:35:14.595+0000] {logging_mixin.py:188} INFO - [2026-02-18T22:35:14.595+0000] {dag.py:3954} INFO - Setting next_dagrun for produce_json to 2026-02-18 14:00:00+00:00, run_after=2026-02-19 14:00:00+00:00
[2026-02-18T22:35:14.601+0000] {logging_mixin.py:188} INFO - [2026-02-18T22:35:14.600+0000] {dag.py:3954} INFO - Setting next_dagrun for update_db to 2026-02-18 15:00:00+00:00, run_after=2026-02-19 15:00:00+00:00
[2026-02-18T22:35:14.660+0000] {processor.py:183} INFO - Processing /opt/airflow/dags/main.py took 0.292 seconds
[2026-02-18T22:35:45.221+0000] {processor.py:161} INFO - Started process (PID=552) to work on /opt/airflow/dags/main.py
[2026-02-18T22:35:45.229+0000] {processor.py:830} INFO - Processing file /opt/airflow/dags/main.py for tasks to queue
[2026-02-18T22:35:45.233+0000] {logging_mixin.py:188} INFO - [2026-02-18T22:35:45.232+0000] {dagbag.py:545} INFO - Filling up the DagBag from /opt/airflow/dags/main.py
[2026-02-18T22:35:45.300+0000] {processor.py:840} INFO - DAG(s) 'produce_json', 'data_quality', 'update_db' retrieved from /opt/airflow/dags/main.py
[2026-02-18T22:35:45.403+0000] {logging_mixin.py:188} INFO - [2026-02-18T22:35:45.403+0000] {dag.py:3096} INFO - Sync 3 DAGs
[2026-02-18T22:35:45.458+0000] {logging_mixin.py:188} INFO - [2026-02-18T22:35:45.458+0000] {dag.py:3954} INFO - Setting next_dagrun for data_quality to 2026-02-18 16:00:00+00:00, run_after=2026-02-19 16:00:00+00:00
[2026-02-18T22:35:45.470+0000] {logging_mixin.py:188} INFO - [2026-02-18T22:35:45.470+0000] {dag.py:3954} INFO - Setting next_dagrun for produce_json to 2026-02-18 14:00:00+00:00, run_after=2026-02-19 14:00:00+00:00
[2026-02-18T22:35:45.478+0000] {logging_mixin.py:188} INFO - [2026-02-18T22:35:45.477+0000] {dag.py:3954} INFO - Setting next_dagrun for update_db to 2026-02-18 15:00:00+00:00, run_after=2026-02-19 15:00:00+00:00
[2026-02-18T22:35:45.525+0000] {processor.py:183} INFO - Processing /opt/airflow/dags/main.py took 0.318 seconds
[2026-02-18T22:36:15.824+0000] {processor.py:161} INFO - Started process (PID=560) to work on /opt/airflow/dags/main.py
[2026-02-18T22:36:15.836+0000] {processor.py:830} INFO - Processing file /opt/airflow/dags/main.py for tasks to queue
[2026-02-18T22:36:15.840+0000] {logging_mixin.py:188} INFO - [2026-02-18T22:36:15.839+0000] {dagbag.py:545} INFO - Filling up the DagBag from /opt/airflow/dags/main.py
[2026-02-18T22:36:15.923+0000] {processor.py:840} INFO - DAG(s) 'update_db', 'data_quality', 'produce_json' retrieved from /opt/airflow/dags/main.py
[2026-02-18T22:36:16.585+0000] {logging_mixin.py:188} INFO - [2026-02-18T22:36:16.584+0000] {dag.py:3096} INFO - Sync 3 DAGs
[2026-02-18T22:36:16.692+0000] {logging_mixin.py:188} INFO - [2026-02-18T22:36:16.692+0000] {dag.py:3954} INFO - Setting next_dagrun for data_quality to 2026-02-18 16:00:00+00:00, run_after=2026-02-19 16:00:00+00:00
[2026-02-18T22:36:16.777+0000] {logging_mixin.py:188} INFO - [2026-02-18T22:36:16.777+0000] {dag.py:3954} INFO - Setting next_dagrun for produce_json to 2026-02-18 14:00:00+00:00, run_after=2026-02-19 14:00:00+00:00
[2026-02-18T22:36:16.817+0000] {logging_mixin.py:188} INFO - [2026-02-18T22:36:16.817+0000] {dag.py:3954} INFO - Setting next_dagrun for update_db to 2026-02-18 15:00:00+00:00, run_after=2026-02-19 15:00:00+00:00
[2026-02-18T22:36:16.960+0000] {processor.py:183} INFO - Processing /opt/airflow/dags/main.py took 1.150 seconds
[2026-02-18T22:36:47.269+0000] {processor.py:161} INFO - Started process (PID=566) to work on /opt/airflow/dags/main.py
[2026-02-18T22:36:47.275+0000] {processor.py:830} INFO - Processing file /opt/airflow/dags/main.py for tasks to queue
[2026-02-18T22:36:47.279+0000] {logging_mixin.py:188} INFO - [2026-02-18T22:36:47.279+0000] {dagbag.py:545} INFO - Filling up the DagBag from /opt/airflow/dags/main.py
[2026-02-18T22:36:47.400+0000] {processor.py:840} INFO - DAG(s) 'update_db', 'produce_json', 'data_quality' retrieved from /opt/airflow/dags/main.py
[2026-02-18T22:36:47.489+0000] {logging_mixin.py:188} INFO - [2026-02-18T22:36:47.489+0000] {dag.py:3096} INFO - Sync 3 DAGs
[2026-02-18T22:36:47.539+0000] {logging_mixin.py:188} INFO - [2026-02-18T22:36:47.539+0000] {dag.py:3954} INFO - Setting next_dagrun for data_quality to 2026-02-18 16:00:00+00:00, run_after=2026-02-19 16:00:00+00:00
[2026-02-18T22:36:47.555+0000] {logging_mixin.py:188} INFO - [2026-02-18T22:36:47.555+0000] {dag.py:3954} INFO - Setting next_dagrun for produce_json to 2026-02-18 14:00:00+00:00, run_after=2026-02-19 14:00:00+00:00
[2026-02-18T22:36:47.564+0000] {logging_mixin.py:188} INFO - [2026-02-18T22:36:47.563+0000] {dag.py:3954} INFO - Setting next_dagrun for update_db to 2026-02-18 15:00:00+00:00, run_after=2026-02-19 15:00:00+00:00
[2026-02-18T22:36:47.611+0000] {processor.py:183} INFO - Processing /opt/airflow/dags/main.py took 0.358 seconds
[2026-02-18T22:37:17.849+0000] {processor.py:161} INFO - Started process (PID=573) to work on /opt/airflow/dags/main.py
[2026-02-18T22:37:17.858+0000] {processor.py:830} INFO - Processing file /opt/airflow/dags/main.py for tasks to queue
[2026-02-18T22:37:17.863+0000] {logging_mixin.py:188} INFO - [2026-02-18T22:37:17.862+0000] {dagbag.py:545} INFO - Filling up the DagBag from /opt/airflow/dags/main.py
[2026-02-18T22:37:17.977+0000] {processor.py:840} INFO - DAG(s) 'update_db', 'data_quality', 'produce_json' retrieved from /opt/airflow/dags/main.py
[2026-02-18T22:37:18.037+0000] {logging_mixin.py:188} INFO - [2026-02-18T22:37:18.037+0000] {dag.py:3096} INFO - Sync 3 DAGs
[2026-02-18T22:37:18.099+0000] {logging_mixin.py:188} INFO - [2026-02-18T22:37:18.099+0000] {dag.py:3954} INFO - Setting next_dagrun for data_quality to 2026-02-18 16:00:00+00:00, run_after=2026-02-19 16:00:00+00:00
[2026-02-18T22:37:18.111+0000] {logging_mixin.py:188} INFO - [2026-02-18T22:37:18.111+0000] {dag.py:3954} INFO - Setting next_dagrun for produce_json to 2026-02-18 14:00:00+00:00, run_after=2026-02-19 14:00:00+00:00
[2026-02-18T22:37:18.120+0000] {logging_mixin.py:188} INFO - [2026-02-18T22:37:18.119+0000] {dag.py:3954} INFO - Setting next_dagrun for update_db to 2026-02-18 15:00:00+00:00, run_after=2026-02-19 15:00:00+00:00
[2026-02-18T22:37:18.181+0000] {processor.py:183} INFO - Processing /opt/airflow/dags/main.py took 0.344 seconds
[2026-02-18T22:37:48.610+0000] {processor.py:161} INFO - Started process (PID=580) to work on /opt/airflow/dags/main.py
[2026-02-18T22:37:48.619+0000] {processor.py:830} INFO - Processing file /opt/airflow/dags/main.py for tasks to queue
[2026-02-18T22:37:48.624+0000] {logging_mixin.py:188} INFO - [2026-02-18T22:37:48.623+0000] {dagbag.py:545} INFO - Filling up the DagBag from /opt/airflow/dags/main.py
[2026-02-18T22:37:48.738+0000] {processor.py:840} INFO - DAG(s) 'produce_json', 'update_db', 'data_quality' retrieved from /opt/airflow/dags/main.py
[2026-02-18T22:37:48.833+0000] {logging_mixin.py:188} INFO - [2026-02-18T22:37:48.833+0000] {dag.py:3096} INFO - Sync 3 DAGs
[2026-02-18T22:37:48.884+0000] {logging_mixin.py:188} INFO - [2026-02-18T22:37:48.884+0000] {dag.py:3954} INFO - Setting next_dagrun for data_quality to 2026-02-18 16:00:00+00:00, run_after=2026-02-19 16:00:00+00:00
[2026-02-18T22:37:48.904+0000] {logging_mixin.py:188} INFO - [2026-02-18T22:37:48.904+0000] {dag.py:3954} INFO - Setting next_dagrun for produce_json to 2026-02-18 14:00:00+00:00, run_after=2026-02-19 14:00:00+00:00
[2026-02-18T22:37:48.910+0000] {logging_mixin.py:188} INFO - [2026-02-18T22:37:48.910+0000] {dag.py:3954} INFO - Setting next_dagrun for update_db to 2026-02-18 15:00:00+00:00, run_after=2026-02-19 15:00:00+00:00
[2026-02-18T22:37:48.957+0000] {processor.py:183} INFO - Processing /opt/airflow/dags/main.py took 0.359 seconds
[2026-02-18T22:38:19.069+0000] {processor.py:161} INFO - Started process (PID=586) to work on /opt/airflow/dags/main.py
[2026-02-18T22:38:19.081+0000] {processor.py:830} INFO - Processing file /opt/airflow/dags/main.py for tasks to queue
[2026-02-18T22:38:19.085+0000] {logging_mixin.py:188} INFO - [2026-02-18T22:38:19.084+0000] {dagbag.py:545} INFO - Filling up the DagBag from /opt/airflow/dags/main.py
[2026-02-18T22:38:19.203+0000] {processor.py:840} INFO - DAG(s) 'update_db', 'data_quality', 'produce_json' retrieved from /opt/airflow/dags/main.py
[2026-02-18T22:38:19.285+0000] {logging_mixin.py:188} INFO - [2026-02-18T22:38:19.285+0000] {dag.py:3096} INFO - Sync 3 DAGs
[2026-02-18T22:38:19.362+0000] {logging_mixin.py:188} INFO - [2026-02-18T22:38:19.362+0000] {dag.py:3954} INFO - Setting next_dagrun for data_quality to 2026-02-18 16:00:00+00:00, run_after=2026-02-19 16:00:00+00:00
[2026-02-18T22:38:19.384+0000] {logging_mixin.py:188} INFO - [2026-02-18T22:38:19.383+0000] {dag.py:3954} INFO - Setting next_dagrun for produce_json to 2026-02-18 14:00:00+00:00, run_after=2026-02-19 14:00:00+00:00
[2026-02-18T22:38:19.399+0000] {logging_mixin.py:188} INFO - [2026-02-18T22:38:19.399+0000] {dag.py:3954} INFO - Setting next_dagrun for update_db to 2026-02-18 15:00:00+00:00, run_after=2026-02-19 15:00:00+00:00
[2026-02-18T22:38:19.462+0000] {processor.py:183} INFO - Processing /opt/airflow/dags/main.py took 0.417 seconds
[2026-02-18T22:38:49.606+0000] {processor.py:161} INFO - Started process (PID=594) to work on /opt/airflow/dags/main.py
[2026-02-18T22:38:49.611+0000] {processor.py:830} INFO - Processing file /opt/airflow/dags/main.py for tasks to queue
[2026-02-18T22:38:49.615+0000] {logging_mixin.py:188} INFO - [2026-02-18T22:38:49.614+0000] {dagbag.py:545} INFO - Filling up the DagBag from /opt/airflow/dags/main.py
[2026-02-18T22:38:49.711+0000] {processor.py:840} INFO - DAG(s) 'data_quality', 'update_db', 'produce_json' retrieved from /opt/airflow/dags/main.py
[2026-02-18T22:38:49.798+0000] {logging_mixin.py:188} INFO - [2026-02-18T22:38:49.798+0000] {dag.py:3096} INFO - Sync 3 DAGs
[2026-02-18T22:38:49.843+0000] {logging_mixin.py:188} INFO - [2026-02-18T22:38:49.843+0000] {dag.py:3954} INFO - Setting next_dagrun for data_quality to 2026-02-18 16:00:00+00:00, run_after=2026-02-19 16:00:00+00:00
[2026-02-18T22:38:49.857+0000] {logging_mixin.py:188} INFO - [2026-02-18T22:38:49.856+0000] {dag.py:3954} INFO - Setting next_dagrun for produce_json to 2026-02-18 14:00:00+00:00, run_after=2026-02-19 14:00:00+00:00
[2026-02-18T22:38:49.870+0000] {logging_mixin.py:188} INFO - [2026-02-18T22:38:49.870+0000] {dag.py:3954} INFO - Setting next_dagrun for update_db to 2026-02-18 15:00:00+00:00, run_after=2026-02-19 15:00:00+00:00
[2026-02-18T22:38:49.927+0000] {processor.py:183} INFO - Processing /opt/airflow/dags/main.py took 0.343 seconds
[2026-02-18T22:39:20.873+0000] {processor.py:161} INFO - Started process (PID=601) to work on /opt/airflow/dags/main.py
[2026-02-18T22:39:20.881+0000] {processor.py:830} INFO - Processing file /opt/airflow/dags/main.py for tasks to queue
[2026-02-18T22:39:20.890+0000] {logging_mixin.py:188} INFO - [2026-02-18T22:39:20.889+0000] {dagbag.py:545} INFO - Filling up the DagBag from /opt/airflow/dags/main.py
[2026-02-18T22:39:20.989+0000] {processor.py:840} INFO - DAG(s) 'data_quality', 'update_db', 'produce_json' retrieved from /opt/airflow/dags/main.py
[2026-02-18T22:39:21.066+0000] {logging_mixin.py:188} INFO - [2026-02-18T22:39:21.066+0000] {dag.py:3096} INFO - Sync 3 DAGs
[2026-02-18T22:39:21.132+0000] {logging_mixin.py:188} INFO - [2026-02-18T22:39:21.132+0000] {dag.py:3954} INFO - Setting next_dagrun for data_quality to 2026-02-18 16:00:00+00:00, run_after=2026-02-19 16:00:00+00:00
[2026-02-18T22:39:21.147+0000] {logging_mixin.py:188} INFO - [2026-02-18T22:39:21.146+0000] {dag.py:3954} INFO - Setting next_dagrun for produce_json to 2026-02-18 14:00:00+00:00, run_after=2026-02-19 14:00:00+00:00
[2026-02-18T22:39:21.158+0000] {logging_mixin.py:188} INFO - [2026-02-18T22:39:21.158+0000] {dag.py:3954} INFO - Setting next_dagrun for update_db to 2026-02-18 15:00:00+00:00, run_after=2026-02-19 15:00:00+00:00
[2026-02-18T22:39:21.225+0000] {processor.py:183} INFO - Processing /opt/airflow/dags/main.py took 0.367 seconds
[2026-02-18T22:39:51.478+0000] {processor.py:161} INFO - Started process (PID=615) to work on /opt/airflow/dags/main.py
[2026-02-18T22:39:51.492+0000] {processor.py:830} INFO - Processing file /opt/airflow/dags/main.py for tasks to queue
[2026-02-18T22:39:51.506+0000] {logging_mixin.py:188} INFO - [2026-02-18T22:39:51.506+0000] {dagbag.py:545} INFO - Filling up the DagBag from /opt/airflow/dags/main.py
[2026-02-18T22:39:51.626+0000] {processor.py:840} INFO - DAG(s) 'produce_json', 'data_quality', 'update_db' retrieved from /opt/airflow/dags/main.py
[2026-02-18T22:39:51.725+0000] {logging_mixin.py:188} INFO - [2026-02-18T22:39:51.722+0000] {dag.py:3096} INFO - Sync 3 DAGs
[2026-02-18T22:39:51.826+0000] {logging_mixin.py:188} INFO - [2026-02-18T22:39:51.826+0000] {dag.py:3954} INFO - Setting next_dagrun for data_quality to 2026-02-18 16:00:00+00:00, run_after=2026-02-19 16:00:00+00:00
[2026-02-18T22:39:51.845+0000] {logging_mixin.py:188} INFO - [2026-02-18T22:39:51.844+0000] {dag.py:3954} INFO - Setting next_dagrun for produce_json to 2026-02-18 14:00:00+00:00, run_after=2026-02-19 14:00:00+00:00
[2026-02-18T22:39:51.854+0000] {logging_mixin.py:188} INFO - [2026-02-18T22:39:51.854+0000] {dag.py:3954} INFO - Setting next_dagrun for update_db to 2026-02-18 15:00:00+00:00, run_after=2026-02-19 15:00:00+00:00
[2026-02-18T22:39:51.918+0000] {processor.py:183} INFO - Processing /opt/airflow/dags/main.py took 0.450 seconds
[2026-02-18T22:40:22.584+0000] {processor.py:161} INFO - Started process (PID=616) to work on /opt/airflow/dags/main.py
[2026-02-18T22:40:22.634+0000] {processor.py:830} INFO - Processing file /opt/airflow/dags/main.py for tasks to queue
[2026-02-18T22:40:22.639+0000] {logging_mixin.py:188} INFO - [2026-02-18T22:40:22.637+0000] {dagbag.py:545} INFO - Filling up the DagBag from /opt/airflow/dags/main.py
[2026-02-18T22:40:22.844+0000] {processor.py:840} INFO - DAG(s) 'data_quality', 'update_db', 'produce_json' retrieved from /opt/airflow/dags/main.py
[2026-02-18T22:40:23.356+0000] {logging_mixin.py:188} INFO - [2026-02-18T22:40:23.356+0000] {dag.py:3096} INFO - Sync 3 DAGs
[2026-02-18T22:40:23.515+0000] {logging_mixin.py:188} INFO - [2026-02-18T22:40:23.514+0000] {dag.py:3954} INFO - Setting next_dagrun for data_quality to 2026-02-18 16:00:00+00:00, run_after=2026-02-19 16:00:00+00:00
[2026-02-18T22:40:23.556+0000] {logging_mixin.py:188} INFO - [2026-02-18T22:40:23.555+0000] {dag.py:3954} INFO - Setting next_dagrun for produce_json to 2026-02-18 14:00:00+00:00, run_after=2026-02-19 14:00:00+00:00
[2026-02-18T22:40:23.579+0000] {logging_mixin.py:188} INFO - [2026-02-18T22:40:23.578+0000] {dag.py:3954} INFO - Setting next_dagrun for update_db to 2026-02-18 15:00:00+00:00, run_after=2026-02-19 15:00:00+00:00
[2026-02-18T22:40:23.639+0000] {processor.py:183} INFO - Processing /opt/airflow/dags/main.py took 1.068 seconds
[2026-02-18T22:40:54.024+0000] {processor.py:161} INFO - Started process (PID=630) to work on /opt/airflow/dags/main.py
[2026-02-18T22:40:54.027+0000] {processor.py:830} INFO - Processing file /opt/airflow/dags/main.py for tasks to queue
[2026-02-18T22:40:54.033+0000] {logging_mixin.py:188} INFO - [2026-02-18T22:40:54.030+0000] {dagbag.py:545} INFO - Filling up the DagBag from /opt/airflow/dags/main.py
[2026-02-18T22:40:54.132+0000] {processor.py:840} INFO - DAG(s) 'produce_json', 'update_db', 'data_quality' retrieved from /opt/airflow/dags/main.py
[2026-02-18T22:40:54.292+0000] {logging_mixin.py:188} INFO - [2026-02-18T22:40:54.291+0000] {dag.py:3096} INFO - Sync 3 DAGs
[2026-02-18T22:40:54.357+0000] {logging_mixin.py:188} INFO - [2026-02-18T22:40:54.357+0000] {dag.py:3954} INFO - Setting next_dagrun for data_quality to 2026-02-18 16:00:00+00:00, run_after=2026-02-19 16:00:00+00:00
[2026-02-18T22:40:54.372+0000] {logging_mixin.py:188} INFO - [2026-02-18T22:40:54.372+0000] {dag.py:3954} INFO - Setting next_dagrun for produce_json to 2026-02-18 14:00:00+00:00, run_after=2026-02-19 14:00:00+00:00
[2026-02-18T22:40:54.386+0000] {logging_mixin.py:188} INFO - [2026-02-18T22:40:54.384+0000] {dag.py:3954} INFO - Setting next_dagrun for update_db to 2026-02-18 15:00:00+00:00, run_after=2026-02-19 15:00:00+00:00
[2026-02-18T22:40:54.422+0000] {processor.py:183} INFO - Processing /opt/airflow/dags/main.py took 0.414 seconds
[2026-02-18T22:41:24.944+0000] {processor.py:161} INFO - Started process (PID=637) to work on /opt/airflow/dags/main.py
[2026-02-18T22:41:24.948+0000] {processor.py:830} INFO - Processing file /opt/airflow/dags/main.py for tasks to queue
[2026-02-18T22:41:24.951+0000] {logging_mixin.py:188} INFO - [2026-02-18T22:41:24.951+0000] {dagbag.py:545} INFO - Filling up the DagBag from /opt/airflow/dags/main.py
[2026-02-18T22:41:25.089+0000] {processor.py:840} INFO - DAG(s) 'produce_json', 'update_db', 'data_quality' retrieved from /opt/airflow/dags/main.py
[2026-02-18T22:41:25.162+0000] {logging_mixin.py:188} INFO - [2026-02-18T22:41:25.162+0000] {dag.py:3096} INFO - Sync 3 DAGs
[2026-02-18T22:41:25.278+0000] {logging_mixin.py:188} INFO - [2026-02-18T22:41:25.278+0000] {dag.py:3954} INFO - Setting next_dagrun for data_quality to 2026-02-18 16:00:00+00:00, run_after=2026-02-19 16:00:00+00:00
[2026-02-18T22:41:25.299+0000] {logging_mixin.py:188} INFO - [2026-02-18T22:41:25.298+0000] {dag.py:3954} INFO - Setting next_dagrun for produce_json to 2026-02-18 14:00:00+00:00, run_after=2026-02-19 14:00:00+00:00
[2026-02-18T22:41:25.307+0000] {logging_mixin.py:188} INFO - [2026-02-18T22:41:25.307+0000] {dag.py:3954} INFO - Setting next_dagrun for update_db to 2026-02-18 15:00:00+00:00, run_after=2026-02-19 15:00:00+00:00
[2026-02-18T22:41:25.337+0000] {processor.py:183} INFO - Processing /opt/airflow/dags/main.py took 0.419 seconds
[2026-02-18T22:41:55.827+0000] {processor.py:161} INFO - Started process (PID=645) to work on /opt/airflow/dags/main.py
[2026-02-18T22:41:55.832+0000] {processor.py:830} INFO - Processing file /opt/airflow/dags/main.py for tasks to queue
[2026-02-18T22:41:55.836+0000] {logging_mixin.py:188} INFO - [2026-02-18T22:41:55.836+0000] {dagbag.py:545} INFO - Filling up the DagBag from /opt/airflow/dags/main.py
[2026-02-18T22:41:55.905+0000] {processor.py:840} INFO - DAG(s) 'produce_json', 'update_db', 'data_quality' retrieved from /opt/airflow/dags/main.py
[2026-02-18T22:41:55.995+0000] {logging_mixin.py:188} INFO - [2026-02-18T22:41:55.995+0000] {dag.py:3096} INFO - Sync 3 DAGs
[2026-02-18T22:41:56.062+0000] {logging_mixin.py:188} INFO - [2026-02-18T22:41:56.061+0000] {dag.py:3954} INFO - Setting next_dagrun for data_quality to 2026-02-18 16:00:00+00:00, run_after=2026-02-19 16:00:00+00:00
[2026-02-18T22:41:56.084+0000] {logging_mixin.py:188} INFO - [2026-02-18T22:41:56.084+0000] {dag.py:3954} INFO - Setting next_dagrun for produce_json to 2026-02-18 14:00:00+00:00, run_after=2026-02-19 14:00:00+00:00
[2026-02-18T22:41:56.097+0000] {logging_mixin.py:188} INFO - [2026-02-18T22:41:56.096+0000] {dag.py:3954} INFO - Setting next_dagrun for update_db to 2026-02-18 15:00:00+00:00, run_after=2026-02-19 15:00:00+00:00
[2026-02-18T22:41:56.148+0000] {processor.py:183} INFO - Processing /opt/airflow/dags/main.py took 0.336 seconds
[2026-02-18T22:42:26.391+0000] {processor.py:161} INFO - Started process (PID=653) to work on /opt/airflow/dags/main.py
[2026-02-18T22:42:26.396+0000] {processor.py:830} INFO - Processing file /opt/airflow/dags/main.py for tasks to queue
[2026-02-18T22:42:26.403+0000] {logging_mixin.py:188} INFO - [2026-02-18T22:42:26.403+0000] {dagbag.py:545} INFO - Filling up the DagBag from /opt/airflow/dags/main.py
[2026-02-18T22:42:26.501+0000] {processor.py:840} INFO - DAG(s) 'data_quality', 'produce_json', 'update_db' retrieved from /opt/airflow/dags/main.py
[2026-02-18T22:42:26.643+0000] {logging_mixin.py:188} INFO - [2026-02-18T22:42:26.643+0000] {dag.py:3096} INFO - Sync 3 DAGs
[2026-02-18T22:42:26.733+0000] {logging_mixin.py:188} INFO - [2026-02-18T22:42:26.733+0000] {dag.py:3954} INFO - Setting next_dagrun for data_quality to 2026-02-18 16:00:00+00:00, run_after=2026-02-19 16:00:00+00:00
[2026-02-18T22:42:26.752+0000] {logging_mixin.py:188} INFO - [2026-02-18T22:42:26.752+0000] {dag.py:3954} INFO - Setting next_dagrun for produce_json to 2026-02-18 14:00:00+00:00, run_after=2026-02-19 14:00:00+00:00
[2026-02-18T22:42:26.762+0000] {logging_mixin.py:188} INFO - [2026-02-18T22:42:26.762+0000] {dag.py:3954} INFO - Setting next_dagrun for update_db to 2026-02-18 15:00:00+00:00, run_after=2026-02-19 15:00:00+00:00
[2026-02-18T22:42:26.845+0000] {processor.py:183} INFO - Processing /opt/airflow/dags/main.py took 0.486 seconds
[2026-02-18T22:42:57.228+0000] {processor.py:161} INFO - Started process (PID=659) to work on /opt/airflow/dags/main.py
[2026-02-18T22:42:57.232+0000] {processor.py:830} INFO - Processing file /opt/airflow/dags/main.py for tasks to queue
[2026-02-18T22:42:57.240+0000] {logging_mixin.py:188} INFO - [2026-02-18T22:42:57.239+0000] {dagbag.py:545} INFO - Filling up the DagBag from /opt/airflow/dags/main.py
[2026-02-18T22:42:57.372+0000] {processor.py:840} INFO - DAG(s) 'data_quality', 'produce_json', 'update_db' retrieved from /opt/airflow/dags/main.py
[2026-02-18T22:42:57.452+0000] {logging_mixin.py:188} INFO - [2026-02-18T22:42:57.451+0000] {dag.py:3096} INFO - Sync 3 DAGs
[2026-02-18T22:42:57.522+0000] {logging_mixin.py:188} INFO - [2026-02-18T22:42:57.522+0000] {dag.py:3954} INFO - Setting next_dagrun for data_quality to 2026-02-18 16:00:00+00:00, run_after=2026-02-19 16:00:00+00:00
[2026-02-18T22:42:57.535+0000] {logging_mixin.py:188} INFO - [2026-02-18T22:42:57.535+0000] {dag.py:3954} INFO - Setting next_dagrun for produce_json to 2026-02-18 14:00:00+00:00, run_after=2026-02-19 14:00:00+00:00
[2026-02-18T22:42:57.540+0000] {logging_mixin.py:188} INFO - [2026-02-18T22:42:57.540+0000] {dag.py:3954} INFO - Setting next_dagrun for update_db to 2026-02-18 15:00:00+00:00, run_after=2026-02-19 15:00:00+00:00
[2026-02-18T22:42:57.590+0000] {processor.py:183} INFO - Processing /opt/airflow/dags/main.py took 0.378 seconds
[2026-02-18T22:43:27.722+0000] {processor.py:161} INFO - Started process (PID=668) to work on /opt/airflow/dags/main.py
[2026-02-18T22:43:27.731+0000] {processor.py:830} INFO - Processing file /opt/airflow/dags/main.py for tasks to queue
[2026-02-18T22:43:27.738+0000] {logging_mixin.py:188} INFO - [2026-02-18T22:43:27.735+0000] {dagbag.py:545} INFO - Filling up the DagBag from /opt/airflow/dags/main.py
[2026-02-18T22:43:27.847+0000] {processor.py:840} INFO - DAG(s) 'data_quality', 'produce_json', 'update_db' retrieved from /opt/airflow/dags/main.py
[2026-02-18T22:43:27.926+0000] {logging_mixin.py:188} INFO - [2026-02-18T22:43:27.926+0000] {dag.py:3096} INFO - Sync 3 DAGs
[2026-02-18T22:43:28.056+0000] {logging_mixin.py:188} INFO - [2026-02-18T22:43:28.053+0000] {dag.py:3954} INFO - Setting next_dagrun for data_quality to 2026-02-18 16:00:00+00:00, run_after=2026-02-19 16:00:00+00:00
[2026-02-18T22:43:28.089+0000] {logging_mixin.py:188} INFO - [2026-02-18T22:43:28.088+0000] {dag.py:3954} INFO - Setting next_dagrun for produce_json to 2026-02-18 14:00:00+00:00, run_after=2026-02-19 14:00:00+00:00
[2026-02-18T22:43:28.107+0000] {logging_mixin.py:188} INFO - [2026-02-18T22:43:28.107+0000] {dag.py:3954} INFO - Setting next_dagrun for update_db to 2026-02-18 15:00:00+00:00, run_after=2026-02-19 15:00:00+00:00
[2026-02-18T22:43:28.258+0000] {processor.py:183} INFO - Processing /opt/airflow/dags/main.py took 0.546 seconds
[2026-02-18T22:43:59.857+0000] {processor.py:161} INFO - Started process (PID=675) to work on /opt/airflow/dags/main.py
[2026-02-18T22:43:59.864+0000] {processor.py:830} INFO - Processing file /opt/airflow/dags/main.py for tasks to queue
[2026-02-18T22:43:59.868+0000] {logging_mixin.py:188} INFO - [2026-02-18T22:43:59.867+0000] {dagbag.py:545} INFO - Filling up the DagBag from /opt/airflow/dags/main.py
[2026-02-18T22:44:00.077+0000] {processor.py:840} INFO - DAG(s) 'produce_json', 'update_db', 'data_quality' retrieved from /opt/airflow/dags/main.py
[2026-02-18T22:44:00.161+0000] {logging_mixin.py:188} INFO - [2026-02-18T22:44:00.160+0000] {dag.py:3096} INFO - Sync 3 DAGs
[2026-02-18T22:44:00.205+0000] {logging_mixin.py:188} INFO - [2026-02-18T22:44:00.205+0000] {dag.py:3954} INFO - Setting next_dagrun for data_quality to 2026-02-18 16:00:00+00:00, run_after=2026-02-19 16:00:00+00:00
[2026-02-18T22:44:00.219+0000] {logging_mixin.py:188} INFO - [2026-02-18T22:44:00.219+0000] {dag.py:3954} INFO - Setting next_dagrun for produce_json to 2026-02-18 14:00:00+00:00, run_after=2026-02-19 14:00:00+00:00
[2026-02-18T22:44:00.229+0000] {logging_mixin.py:188} INFO - [2026-02-18T22:44:00.228+0000] {dag.py:3954} INFO - Setting next_dagrun for update_db to 2026-02-18 15:00:00+00:00, run_after=2026-02-19 15:00:00+00:00
[2026-02-18T22:44:00.285+0000] {processor.py:183} INFO - Processing /opt/airflow/dags/main.py took 0.490 seconds
[2026-02-18T22:44:31.151+0000] {processor.py:161} INFO - Started process (PID=682) to work on /opt/airflow/dags/main.py
[2026-02-18T22:44:31.165+0000] {processor.py:830} INFO - Processing file /opt/airflow/dags/main.py for tasks to queue
[2026-02-18T22:44:31.185+0000] {logging_mixin.py:188} INFO - [2026-02-18T22:44:31.184+0000] {dagbag.py:545} INFO - Filling up the DagBag from /opt/airflow/dags/main.py
[2026-02-18T22:44:31.287+0000] {processor.py:840} INFO - DAG(s) 'produce_json', 'update_db', 'data_quality' retrieved from /opt/airflow/dags/main.py
[2026-02-18T22:44:31.591+0000] {logging_mixin.py:188} INFO - [2026-02-18T22:44:31.590+0000] {dag.py:3096} INFO - Sync 3 DAGs
[2026-02-18T22:44:31.662+0000] {logging_mixin.py:188} INFO - [2026-02-18T22:44:31.662+0000] {dag.py:3954} INFO - Setting next_dagrun for data_quality to 2026-02-18 16:00:00+00:00, run_after=2026-02-19 16:00:00+00:00
[2026-02-18T22:44:31.671+0000] {logging_mixin.py:188} INFO - [2026-02-18T22:44:31.670+0000] {dag.py:3954} INFO - Setting next_dagrun for produce_json to 2026-02-18 14:00:00+00:00, run_after=2026-02-19 14:00:00+00:00
[2026-02-18T22:44:31.676+0000] {logging_mixin.py:188} INFO - [2026-02-18T22:44:31.675+0000] {dag.py:3954} INFO - Setting next_dagrun for update_db to 2026-02-18 15:00:00+00:00, run_after=2026-02-19 15:00:00+00:00
[2026-02-18T22:44:31.736+0000] {processor.py:183} INFO - Processing /opt/airflow/dags/main.py took 0.617 seconds
[2026-02-18T22:45:02.651+0000] {processor.py:161} INFO - Started process (PID=689) to work on /opt/airflow/dags/main.py
[2026-02-18T22:45:02.666+0000] {processor.py:830} INFO - Processing file /opt/airflow/dags/main.py for tasks to queue
[2026-02-18T22:45:02.684+0000] {logging_mixin.py:188} INFO - [2026-02-18T22:45:02.684+0000] {dagbag.py:545} INFO - Filling up the DagBag from /opt/airflow/dags/main.py
[2026-02-18T22:45:02.776+0000] {processor.py:840} INFO - DAG(s) 'data_quality', 'produce_json', 'update_db' retrieved from /opt/airflow/dags/main.py
[2026-02-18T22:45:02.874+0000] {logging_mixin.py:188} INFO - [2026-02-18T22:45:02.874+0000] {dag.py:3096} INFO - Sync 3 DAGs
[2026-02-18T22:45:02.921+0000] {logging_mixin.py:188} INFO - [2026-02-18T22:45:02.921+0000] {dag.py:3954} INFO - Setting next_dagrun for data_quality to 2026-02-18 16:00:00+00:00, run_after=2026-02-19 16:00:00+00:00
[2026-02-18T22:45:02.932+0000] {logging_mixin.py:188} INFO - [2026-02-18T22:45:02.932+0000] {dag.py:3954} INFO - Setting next_dagrun for produce_json to 2026-02-18 14:00:00+00:00, run_after=2026-02-19 14:00:00+00:00
[2026-02-18T22:45:02.937+0000] {logging_mixin.py:188} INFO - [2026-02-18T22:45:02.937+0000] {dag.py:3954} INFO - Setting next_dagrun for update_db to 2026-02-18 15:00:00+00:00, run_after=2026-02-19 15:00:00+00:00
[2026-02-18T22:45:03.008+0000] {processor.py:183} INFO - Processing /opt/airflow/dags/main.py took 0.370 seconds
[2026-02-18T22:45:33.722+0000] {processor.py:161} INFO - Started process (PID=696) to work on /opt/airflow/dags/main.py
[2026-02-18T22:45:33.734+0000] {processor.py:830} INFO - Processing file /opt/airflow/dags/main.py for tasks to queue
[2026-02-18T22:45:33.746+0000] {logging_mixin.py:188} INFO - [2026-02-18T22:45:33.745+0000] {dagbag.py:545} INFO - Filling up the DagBag from /opt/airflow/dags/main.py
[2026-02-18T22:45:33.919+0000] {processor.py:840} INFO - DAG(s) 'update_db', 'data_quality', 'produce_json' retrieved from /opt/airflow/dags/main.py
[2026-02-18T22:45:34.038+0000] {logging_mixin.py:188} INFO - [2026-02-18T22:45:34.038+0000] {dag.py:3096} INFO - Sync 3 DAGs
[2026-02-18T22:45:34.131+0000] {logging_mixin.py:188} INFO - [2026-02-18T22:45:34.130+0000] {dag.py:3954} INFO - Setting next_dagrun for data_quality to 2026-02-18 16:00:00+00:00, run_after=2026-02-19 16:00:00+00:00
[2026-02-18T22:45:34.143+0000] {logging_mixin.py:188} INFO - [2026-02-18T22:45:34.143+0000] {dag.py:3954} INFO - Setting next_dagrun for produce_json to 2026-02-18 14:00:00+00:00, run_after=2026-02-19 14:00:00+00:00
[2026-02-18T22:45:34.149+0000] {logging_mixin.py:188} INFO - [2026-02-18T22:45:34.148+0000] {dag.py:3954} INFO - Setting next_dagrun for update_db to 2026-02-18 15:00:00+00:00, run_after=2026-02-19 15:00:00+00:00
[2026-02-18T22:45:34.199+0000] {processor.py:183} INFO - Processing /opt/airflow/dags/main.py took 0.517 seconds
[2026-02-18T22:46:04.644+0000] {processor.py:161} INFO - Started process (PID=703) to work on /opt/airflow/dags/main.py
[2026-02-18T22:46:04.683+0000] {processor.py:830} INFO - Processing file /opt/airflow/dags/main.py for tasks to queue
[2026-02-18T22:46:04.692+0000] {logging_mixin.py:188} INFO - [2026-02-18T22:46:04.691+0000] {dagbag.py:545} INFO - Filling up the DagBag from /opt/airflow/dags/main.py
[2026-02-18T22:46:04.780+0000] {processor.py:840} INFO - DAG(s) 'produce_json', 'update_db', 'data_quality' retrieved from /opt/airflow/dags/main.py
[2026-02-18T22:46:04.895+0000] {logging_mixin.py:188} INFO - [2026-02-18T22:46:04.895+0000] {dag.py:3096} INFO - Sync 3 DAGs
[2026-02-18T22:46:04.941+0000] {logging_mixin.py:188} INFO - [2026-02-18T22:46:04.941+0000] {dag.py:3954} INFO - Setting next_dagrun for data_quality to 2026-02-18 16:00:00+00:00, run_after=2026-02-19 16:00:00+00:00
[2026-02-18T22:46:04.951+0000] {logging_mixin.py:188} INFO - [2026-02-18T22:46:04.950+0000] {dag.py:3954} INFO - Setting next_dagrun for produce_json to 2026-02-18 14:00:00+00:00, run_after=2026-02-19 14:00:00+00:00
[2026-02-18T22:46:04.960+0000] {logging_mixin.py:188} INFO - [2026-02-18T22:46:04.960+0000] {dag.py:3954} INFO - Setting next_dagrun for update_db to 2026-02-18 15:00:00+00:00, run_after=2026-02-19 15:00:00+00:00
[2026-02-18T22:46:04.994+0000] {processor.py:183} INFO - Processing /opt/airflow/dags/main.py took 0.364 seconds
[2026-02-18T22:46:35.728+0000] {processor.py:161} INFO - Started process (PID=710) to work on /opt/airflow/dags/main.py
[2026-02-18T22:46:35.735+0000] {processor.py:830} INFO - Processing file /opt/airflow/dags/main.py for tasks to queue
[2026-02-18T22:46:35.739+0000] {logging_mixin.py:188} INFO - [2026-02-18T22:46:35.738+0000] {dagbag.py:545} INFO - Filling up the DagBag from /opt/airflow/dags/main.py
[2026-02-18T22:46:35.830+0000] {processor.py:840} INFO - DAG(s) 'update_db', 'data_quality', 'produce_json' retrieved from /opt/airflow/dags/main.py
[2026-02-18T22:46:35.926+0000] {logging_mixin.py:188} INFO - [2026-02-18T22:46:35.925+0000] {dag.py:3096} INFO - Sync 3 DAGs
[2026-02-18T22:46:36.016+0000] {logging_mixin.py:188} INFO - [2026-02-18T22:46:36.016+0000] {dag.py:3954} INFO - Setting next_dagrun for data_quality to 2026-02-18 16:00:00+00:00, run_after=2026-02-19 16:00:00+00:00
[2026-02-18T22:46:36.026+0000] {logging_mixin.py:188} INFO - [2026-02-18T22:46:36.026+0000] {dag.py:3954} INFO - Setting next_dagrun for produce_json to 2026-02-18 14:00:00+00:00, run_after=2026-02-19 14:00:00+00:00
[2026-02-18T22:46:36.033+0000] {logging_mixin.py:188} INFO - [2026-02-18T22:46:36.033+0000] {dag.py:3954} INFO - Setting next_dagrun for update_db to 2026-02-18 15:00:00+00:00, run_after=2026-02-19 15:00:00+00:00
[2026-02-18T22:46:36.071+0000] {processor.py:183} INFO - Processing /opt/airflow/dags/main.py took 0.361 seconds
[2026-02-18T22:47:06.655+0000] {processor.py:161} INFO - Started process (PID=717) to work on /opt/airflow/dags/main.py
[2026-02-18T22:47:06.661+0000] {processor.py:830} INFO - Processing file /opt/airflow/dags/main.py for tasks to queue
[2026-02-18T22:47:06.666+0000] {logging_mixin.py:188} INFO - [2026-02-18T22:47:06.665+0000] {dagbag.py:545} INFO - Filling up the DagBag from /opt/airflow/dags/main.py
[2026-02-18T22:47:06.769+0000] {processor.py:840} INFO - DAG(s) 'data_quality', 'update_db', 'produce_json' retrieved from /opt/airflow/dags/main.py
[2026-02-18T22:47:06.844+0000] {logging_mixin.py:188} INFO - [2026-02-18T22:47:06.844+0000] {dag.py:3096} INFO - Sync 3 DAGs
[2026-02-18T22:47:06.898+0000] {logging_mixin.py:188} INFO - [2026-02-18T22:47:06.897+0000] {dag.py:3954} INFO - Setting next_dagrun for data_quality to 2026-02-18 16:00:00+00:00, run_after=2026-02-19 16:00:00+00:00
[2026-02-18T22:47:06.915+0000] {logging_mixin.py:188} INFO - [2026-02-18T22:47:06.915+0000] {dag.py:3954} INFO - Setting next_dagrun for produce_json to 2026-02-18 14:00:00+00:00, run_after=2026-02-19 14:00:00+00:00
[2026-02-18T22:47:06.923+0000] {logging_mixin.py:188} INFO - [2026-02-18T22:47:06.923+0000] {dag.py:3954} INFO - Setting next_dagrun for update_db to 2026-02-18 15:00:00+00:00, run_after=2026-02-19 15:00:00+00:00
[2026-02-18T22:47:06.974+0000] {processor.py:183} INFO - Processing /opt/airflow/dags/main.py took 0.340 seconds
[2026-02-18T22:47:37.314+0000] {processor.py:161} INFO - Started process (PID=725) to work on /opt/airflow/dags/main.py
[2026-02-18T22:47:37.317+0000] {processor.py:830} INFO - Processing file /opt/airflow/dags/main.py for tasks to queue
[2026-02-18T22:47:37.320+0000] {logging_mixin.py:188} INFO - [2026-02-18T22:47:37.319+0000] {dagbag.py:545} INFO - Filling up the DagBag from /opt/airflow/dags/main.py
[2026-02-18T22:47:37.389+0000] {processor.py:840} INFO - DAG(s) 'produce_json', 'data_quality', 'update_db' retrieved from /opt/airflow/dags/main.py
[2026-02-18T22:47:37.491+0000] {logging_mixin.py:188} INFO - [2026-02-18T22:47:37.490+0000] {dag.py:3096} INFO - Sync 3 DAGs
[2026-02-18T22:47:37.545+0000] {logging_mixin.py:188} INFO - [2026-02-18T22:47:37.544+0000] {dag.py:3954} INFO - Setting next_dagrun for data_quality to 2026-02-18 16:00:00+00:00, run_after=2026-02-19 16:00:00+00:00
[2026-02-18T22:47:37.558+0000] {logging_mixin.py:188} INFO - [2026-02-18T22:47:37.558+0000] {dag.py:3954} INFO - Setting next_dagrun for produce_json to 2026-02-18 14:00:00+00:00, run_after=2026-02-19 14:00:00+00:00
[2026-02-18T22:47:37.567+0000] {logging_mixin.py:188} INFO - [2026-02-18T22:47:37.567+0000] {dag.py:3954} INFO - Setting next_dagrun for update_db to 2026-02-18 15:00:00+00:00, run_after=2026-02-19 15:00:00+00:00
[2026-02-18T22:47:37.622+0000] {processor.py:183} INFO - Processing /opt/airflow/dags/main.py took 0.320 seconds
[2026-02-18T22:48:07.684+0000] {processor.py:161} INFO - Started process (PID=732) to work on /opt/airflow/dags/main.py
[2026-02-18T22:48:07.690+0000] {processor.py:830} INFO - Processing file /opt/airflow/dags/main.py for tasks to queue
[2026-02-18T22:48:07.694+0000] {logging_mixin.py:188} INFO - [2026-02-18T22:48:07.694+0000] {dagbag.py:545} INFO - Filling up the DagBag from /opt/airflow/dags/main.py
[2026-02-18T22:48:07.770+0000] {processor.py:840} INFO - DAG(s) 'update_db', 'produce_json', 'data_quality' retrieved from /opt/airflow/dags/main.py
[2026-02-18T22:48:07.869+0000] {logging_mixin.py:188} INFO - [2026-02-18T22:48:07.869+0000] {dag.py:3096} INFO - Sync 3 DAGs
[2026-02-18T22:48:07.922+0000] {logging_mixin.py:188} INFO - [2026-02-18T22:48:07.922+0000] {dag.py:3954} INFO - Setting next_dagrun for data_quality to 2026-02-18 16:00:00+00:00, run_after=2026-02-19 16:00:00+00:00
[2026-02-18T22:48:07.936+0000] {logging_mixin.py:188} INFO - [2026-02-18T22:48:07.936+0000] {dag.py:3954} INFO - Setting next_dagrun for produce_json to 2026-02-18 14:00:00+00:00, run_after=2026-02-19 14:00:00+00:00
[2026-02-18T22:48:07.944+0000] {logging_mixin.py:188} INFO - [2026-02-18T22:48:07.944+0000] {dag.py:3954} INFO - Setting next_dagrun for update_db to 2026-02-18 15:00:00+00:00, run_after=2026-02-19 15:00:00+00:00
[2026-02-18T22:48:07.996+0000] {processor.py:183} INFO - Processing /opt/airflow/dags/main.py took 0.327 seconds
[2026-02-18T22:48:38.919+0000] {processor.py:161} INFO - Started process (PID=738) to work on /opt/airflow/dags/main.py
[2026-02-18T22:48:38.945+0000] {processor.py:830} INFO - Processing file /opt/airflow/dags/main.py for tasks to queue
[2026-02-18T22:48:38.952+0000] {logging_mixin.py:188} INFO - [2026-02-18T22:48:38.951+0000] {dagbag.py:545} INFO - Filling up the DagBag from /opt/airflow/dags/main.py
[2026-02-18T22:48:39.033+0000] {processor.py:840} INFO - DAG(s) 'data_quality', 'update_db', 'produce_json' retrieved from /opt/airflow/dags/main.py
[2026-02-18T22:48:39.117+0000] {logging_mixin.py:188} INFO - [2026-02-18T22:48:39.116+0000] {dag.py:3096} INFO - Sync 3 DAGs
[2026-02-18T22:48:39.161+0000] {logging_mixin.py:188} INFO - [2026-02-18T22:48:39.161+0000] {dag.py:3954} INFO - Setting next_dagrun for data_quality to 2026-02-18 16:00:00+00:00, run_after=2026-02-19 16:00:00+00:00
[2026-02-18T22:48:39.172+0000] {logging_mixin.py:188} INFO - [2026-02-18T22:48:39.172+0000] {dag.py:3954} INFO - Setting next_dagrun for produce_json to 2026-02-18 14:00:00+00:00, run_after=2026-02-19 14:00:00+00:00
[2026-02-18T22:48:39.177+0000] {logging_mixin.py:188} INFO - [2026-02-18T22:48:39.177+0000] {dag.py:3954} INFO - Setting next_dagrun for update_db to 2026-02-18 15:00:00+00:00, run_after=2026-02-19 15:00:00+00:00
[2026-02-18T22:48:39.212+0000] {processor.py:183} INFO - Processing /opt/airflow/dags/main.py took 0.306 seconds
[2026-02-18T22:49:09.504+0000] {processor.py:161} INFO - Started process (PID=745) to work on /opt/airflow/dags/main.py
[2026-02-18T22:49:09.507+0000] {processor.py:830} INFO - Processing file /opt/airflow/dags/main.py for tasks to queue
[2026-02-18T22:49:09.510+0000] {logging_mixin.py:188} INFO - [2026-02-18T22:49:09.509+0000] {dagbag.py:545} INFO - Filling up the DagBag from /opt/airflow/dags/main.py
[2026-02-18T22:49:09.587+0000] {processor.py:840} INFO - DAG(s) 'update_db', 'produce_json', 'data_quality' retrieved from /opt/airflow/dags/main.py
[2026-02-18T22:49:09.686+0000] {logging_mixin.py:188} INFO - [2026-02-18T22:49:09.686+0000] {dag.py:3096} INFO - Sync 3 DAGs
[2026-02-18T22:49:09.755+0000] {logging_mixin.py:188} INFO - [2026-02-18T22:49:09.755+0000] {dag.py:3954} INFO - Setting next_dagrun for data_quality to 2026-02-18 16:00:00+00:00, run_after=2026-02-19 16:00:00+00:00
[2026-02-18T22:49:09.769+0000] {logging_mixin.py:188} INFO - [2026-02-18T22:49:09.769+0000] {dag.py:3954} INFO - Setting next_dagrun for produce_json to 2026-02-18 14:00:00+00:00, run_after=2026-02-19 14:00:00+00:00
[2026-02-18T22:49:09.776+0000] {logging_mixin.py:188} INFO - [2026-02-18T22:49:09.776+0000] {dag.py:3954} INFO - Setting next_dagrun for update_db to 2026-02-18 15:00:00+00:00, run_after=2026-02-19 15:00:00+00:00
[2026-02-18T22:49:09.832+0000] {processor.py:183} INFO - Processing /opt/airflow/dags/main.py took 0.363 seconds
[2026-02-18T22:49:40.642+0000] {processor.py:161} INFO - Started process (PID=752) to work on /opt/airflow/dags/main.py
[2026-02-18T22:49:40.652+0000] {processor.py:830} INFO - Processing file /opt/airflow/dags/main.py for tasks to queue
[2026-02-18T22:49:40.657+0000] {logging_mixin.py:188} INFO - [2026-02-18T22:49:40.656+0000] {dagbag.py:545} INFO - Filling up the DagBag from /opt/airflow/dags/main.py
[2026-02-18T22:49:40.735+0000] {processor.py:840} INFO - DAG(s) 'produce_json', 'update_db', 'data_quality' retrieved from /opt/airflow/dags/main.py
[2026-02-18T22:49:40.823+0000] {logging_mixin.py:188} INFO - [2026-02-18T22:49:40.823+0000] {dag.py:3096} INFO - Sync 3 DAGs
[2026-02-18T22:49:40.885+0000] {logging_mixin.py:188} INFO - [2026-02-18T22:49:40.884+0000] {dag.py:3954} INFO - Setting next_dagrun for data_quality to 2026-02-18 16:00:00+00:00, run_after=2026-02-19 16:00:00+00:00
[2026-02-18T22:49:40.895+0000] {logging_mixin.py:188} INFO - [2026-02-18T22:49:40.895+0000] {dag.py:3954} INFO - Setting next_dagrun for produce_json to 2026-02-18 14:00:00+00:00, run_after=2026-02-19 14:00:00+00:00
[2026-02-18T22:49:40.902+0000] {logging_mixin.py:188} INFO - [2026-02-18T22:49:40.902+0000] {dag.py:3954} INFO - Setting next_dagrun for update_db to 2026-02-18 15:00:00+00:00, run_after=2026-02-19 15:00:00+00:00
[2026-02-18T22:49:40.950+0000] {processor.py:183} INFO - Processing /opt/airflow/dags/main.py took 0.325 seconds
[2026-02-18T22:50:11.628+0000] {processor.py:161} INFO - Started process (PID=759) to work on /opt/airflow/dags/main.py
[2026-02-18T22:50:11.631+0000] {processor.py:830} INFO - Processing file /opt/airflow/dags/main.py for tasks to queue
[2026-02-18T22:50:11.636+0000] {logging_mixin.py:188} INFO - [2026-02-18T22:50:11.635+0000] {dagbag.py:545} INFO - Filling up the DagBag from /opt/airflow/dags/main.py
[2026-02-18T22:50:11.761+0000] {processor.py:840} INFO - DAG(s) 'data_quality', 'update_db', 'produce_json' retrieved from /opt/airflow/dags/main.py
[2026-02-18T22:50:11.843+0000] {logging_mixin.py:188} INFO - [2026-02-18T22:50:11.842+0000] {dag.py:3096} INFO - Sync 3 DAGs
[2026-02-18T22:50:11.905+0000] {logging_mixin.py:188} INFO - [2026-02-18T22:50:11.904+0000] {dag.py:3954} INFO - Setting next_dagrun for data_quality to 2026-02-18 16:00:00+00:00, run_after=2026-02-19 16:00:00+00:00
[2026-02-18T22:50:11.928+0000] {logging_mixin.py:188} INFO - [2026-02-18T22:50:11.924+0000] {dag.py:3954} INFO - Setting next_dagrun for produce_json to 2026-02-18 14:00:00+00:00, run_after=2026-02-19 14:00:00+00:00
[2026-02-18T22:50:11.934+0000] {logging_mixin.py:188} INFO - [2026-02-18T22:50:11.933+0000] {dag.py:3954} INFO - Setting next_dagrun for update_db to 2026-02-18 15:00:00+00:00, run_after=2026-02-19 15:00:00+00:00
[2026-02-18T22:50:11.964+0000] {processor.py:183} INFO - Processing /opt/airflow/dags/main.py took 0.360 seconds
[2026-02-18T22:50:42.823+0000] {processor.py:161} INFO - Started process (PID=767) to work on /opt/airflow/dags/main.py
[2026-02-18T22:50:42.830+0000] {processor.py:830} INFO - Processing file /opt/airflow/dags/main.py for tasks to queue
[2026-02-18T22:50:42.833+0000] {logging_mixin.py:188} INFO - [2026-02-18T22:50:42.833+0000] {dagbag.py:545} INFO - Filling up the DagBag from /opt/airflow/dags/main.py
[2026-02-18T22:50:42.931+0000] {processor.py:840} INFO - DAG(s) 'data_quality', 'produce_json', 'update_db' retrieved from /opt/airflow/dags/main.py
[2026-02-18T22:50:43.046+0000] {logging_mixin.py:188} INFO - [2026-02-18T22:50:43.046+0000] {dag.py:3096} INFO - Sync 3 DAGs
[2026-02-18T22:50:43.134+0000] {logging_mixin.py:188} INFO - [2026-02-18T22:50:43.133+0000] {dag.py:3954} INFO - Setting next_dagrun for data_quality to 2026-02-18 16:00:00+00:00, run_after=2026-02-19 16:00:00+00:00
[2026-02-18T22:50:43.152+0000] {logging_mixin.py:188} INFO - [2026-02-18T22:50:43.151+0000] {dag.py:3954} INFO - Setting next_dagrun for produce_json to 2026-02-18 14:00:00+00:00, run_after=2026-02-19 14:00:00+00:00
[2026-02-18T22:50:43.169+0000] {logging_mixin.py:188} INFO - [2026-02-18T22:50:43.168+0000] {dag.py:3954} INFO - Setting next_dagrun for update_db to 2026-02-18 15:00:00+00:00, run_after=2026-02-19 15:00:00+00:00
[2026-02-18T22:50:43.222+0000] {processor.py:183} INFO - Processing /opt/airflow/dags/main.py took 0.414 seconds
[2026-02-18T22:51:13.915+0000] {processor.py:161} INFO - Started process (PID=774) to work on /opt/airflow/dags/main.py
[2026-02-18T22:51:13.919+0000] {processor.py:830} INFO - Processing file /opt/airflow/dags/main.py for tasks to queue
[2026-02-18T22:51:13.922+0000] {logging_mixin.py:188} INFO - [2026-02-18T22:51:13.921+0000] {dagbag.py:545} INFO - Filling up the DagBag from /opt/airflow/dags/main.py
[2026-02-18T22:51:14.029+0000] {processor.py:840} INFO - DAG(s) 'produce_json', 'data_quality', 'update_db' retrieved from /opt/airflow/dags/main.py
[2026-02-18T22:51:14.101+0000] {logging_mixin.py:188} INFO - [2026-02-18T22:51:14.100+0000] {dag.py:3096} INFO - Sync 3 DAGs
[2026-02-18T22:51:14.189+0000] {logging_mixin.py:188} INFO - [2026-02-18T22:51:14.187+0000] {dag.py:3954} INFO - Setting next_dagrun for data_quality to 2026-02-18 16:00:00+00:00, run_after=2026-02-19 16:00:00+00:00
[2026-02-18T22:51:14.204+0000] {logging_mixin.py:188} INFO - [2026-02-18T22:51:14.203+0000] {dag.py:3954} INFO - Setting next_dagrun for produce_json to 2026-02-18 14:00:00+00:00, run_after=2026-02-19 14:00:00+00:00
[2026-02-18T22:51:14.210+0000] {logging_mixin.py:188} INFO - [2026-02-18T22:51:14.209+0000] {dag.py:3954} INFO - Setting next_dagrun for update_db to 2026-02-18 15:00:00+00:00, run_after=2026-02-19 15:00:00+00:00
[2026-02-18T22:51:14.268+0000] {processor.py:183} INFO - Processing /opt/airflow/dags/main.py took 0.372 seconds
[2026-02-18T22:51:44.790+0000] {processor.py:161} INFO - Started process (PID=782) to work on /opt/airflow/dags/main.py
[2026-02-18T22:51:44.793+0000] {processor.py:830} INFO - Processing file /opt/airflow/dags/main.py for tasks to queue
[2026-02-18T22:51:44.795+0000] {logging_mixin.py:188} INFO - [2026-02-18T22:51:44.795+0000] {dagbag.py:545} INFO - Filling up the DagBag from /opt/airflow/dags/main.py
[2026-02-18T22:51:44.925+0000] {processor.py:840} INFO - DAG(s) 'data_quality', 'produce_json', 'update_db' retrieved from /opt/airflow/dags/main.py
[2026-02-18T22:51:45.186+0000] {logging_mixin.py:188} INFO - [2026-02-18T22:51:45.183+0000] {dag.py:3096} INFO - Sync 3 DAGs
[2026-02-18T22:51:45.309+0000] {logging_mixin.py:188} INFO - [2026-02-18T22:51:45.308+0000] {dag.py:3954} INFO - Setting next_dagrun for data_quality to 2026-02-18 16:00:00+00:00, run_after=2026-02-19 16:00:00+00:00
[2026-02-18T22:51:45.327+0000] {logging_mixin.py:188} INFO - [2026-02-18T22:51:45.327+0000] {dag.py:3954} INFO - Setting next_dagrun for produce_json to 2026-02-18 14:00:00+00:00, run_after=2026-02-19 14:00:00+00:00
[2026-02-18T22:51:45.344+0000] {logging_mixin.py:188} INFO - [2026-02-18T22:51:45.343+0000] {dag.py:3954} INFO - Setting next_dagrun for update_db to 2026-02-18 15:00:00+00:00, run_after=2026-02-19 15:00:00+00:00
[2026-02-18T22:51:45.403+0000] {processor.py:183} INFO - Processing /opt/airflow/dags/main.py took 0.628 seconds
[2026-02-18T22:52:16.295+0000] {processor.py:161} INFO - Started process (PID=788) to work on /opt/airflow/dags/main.py
[2026-02-18T22:52:16.301+0000] {processor.py:830} INFO - Processing file /opt/airflow/dags/main.py for tasks to queue
[2026-02-18T22:52:16.315+0000] {logging_mixin.py:188} INFO - [2026-02-18T22:52:16.313+0000] {dagbag.py:545} INFO - Filling up the DagBag from /opt/airflow/dags/main.py
[2026-02-18T22:52:16.439+0000] {processor.py:840} INFO - DAG(s) 'produce_json', 'update_db', 'data_quality' retrieved from /opt/airflow/dags/main.py
[2026-02-18T22:52:16.523+0000] {logging_mixin.py:188} INFO - [2026-02-18T22:52:16.523+0000] {dag.py:3096} INFO - Sync 3 DAGs
[2026-02-18T22:52:16.616+0000] {logging_mixin.py:188} INFO - [2026-02-18T22:52:16.615+0000] {dag.py:3954} INFO - Setting next_dagrun for data_quality to 2026-02-18 16:00:00+00:00, run_after=2026-02-19 16:00:00+00:00
[2026-02-18T22:52:16.633+0000] {logging_mixin.py:188} INFO - [2026-02-18T22:52:16.632+0000] {dag.py:3954} INFO - Setting next_dagrun for produce_json to 2026-02-18 14:00:00+00:00, run_after=2026-02-19 14:00:00+00:00
[2026-02-18T22:52:16.640+0000] {logging_mixin.py:188} INFO - [2026-02-18T22:52:16.640+0000] {dag.py:3954} INFO - Setting next_dagrun for update_db to 2026-02-18 15:00:00+00:00, run_after=2026-02-19 15:00:00+00:00
[2026-02-18T22:52:16.676+0000] {processor.py:183} INFO - Processing /opt/airflow/dags/main.py took 0.408 seconds
[2026-02-18T22:52:47.024+0000] {processor.py:161} INFO - Started process (PID=795) to work on /opt/airflow/dags/main.py
[2026-02-18T22:52:47.035+0000] {processor.py:830} INFO - Processing file /opt/airflow/dags/main.py for tasks to queue
[2026-02-18T22:52:47.039+0000] {logging_mixin.py:188} INFO - [2026-02-18T22:52:47.038+0000] {dagbag.py:545} INFO - Filling up the DagBag from /opt/airflow/dags/main.py
[2026-02-18T22:52:47.118+0000] {processor.py:840} INFO - DAG(s) 'update_db', 'data_quality', 'produce_json' retrieved from /opt/airflow/dags/main.py
[2026-02-18T22:52:47.197+0000] {logging_mixin.py:188} INFO - [2026-02-18T22:52:47.197+0000] {dag.py:3096} INFO - Sync 3 DAGs
[2026-02-18T22:52:47.272+0000] {logging_mixin.py:188} INFO - [2026-02-18T22:52:47.271+0000] {dag.py:3954} INFO - Setting next_dagrun for data_quality to 2026-02-18 16:00:00+00:00, run_after=2026-02-19 16:00:00+00:00
[2026-02-18T22:52:47.285+0000] {logging_mixin.py:188} INFO - [2026-02-18T22:52:47.284+0000] {dag.py:3954} INFO - Setting next_dagrun for produce_json to 2026-02-18 14:00:00+00:00, run_after=2026-02-19 14:00:00+00:00
[2026-02-18T22:52:47.293+0000] {logging_mixin.py:188} INFO - [2026-02-18T22:52:47.292+0000] {dag.py:3954} INFO - Setting next_dagrun for update_db to 2026-02-18 15:00:00+00:00, run_after=2026-02-19 15:00:00+00:00
[2026-02-18T22:52:47.351+0000] {processor.py:183} INFO - Processing /opt/airflow/dags/main.py took 0.343 seconds
[2026-02-18T22:53:17.473+0000] {processor.py:161} INFO - Started process (PID=803) to work on /opt/airflow/dags/main.py
[2026-02-18T22:53:17.477+0000] {processor.py:830} INFO - Processing file /opt/airflow/dags/main.py for tasks to queue
[2026-02-18T22:53:17.481+0000] {logging_mixin.py:188} INFO - [2026-02-18T22:53:17.481+0000] {dagbag.py:545} INFO - Filling up the DagBag from /opt/airflow/dags/main.py
[2026-02-18T22:53:17.594+0000] {processor.py:840} INFO - DAG(s) 'update_db', 'produce_json', 'data_quality' retrieved from /opt/airflow/dags/main.py
[2026-02-18T22:53:17.695+0000] {logging_mixin.py:188} INFO - [2026-02-18T22:53:17.695+0000] {dag.py:3096} INFO - Sync 3 DAGs
[2026-02-18T22:53:17.791+0000] {logging_mixin.py:188} INFO - [2026-02-18T22:53:17.790+0000] {dag.py:3954} INFO - Setting next_dagrun for data_quality to 2026-02-18 16:00:00+00:00, run_after=2026-02-19 16:00:00+00:00
[2026-02-18T22:53:17.807+0000] {logging_mixin.py:188} INFO - [2026-02-18T22:53:17.807+0000] {dag.py:3954} INFO - Setting next_dagrun for produce_json to 2026-02-18 14:00:00+00:00, run_after=2026-02-19 14:00:00+00:00
[2026-02-18T22:53:17.828+0000] {logging_mixin.py:188} INFO - [2026-02-18T22:53:17.825+0000] {dag.py:3954} INFO - Setting next_dagrun for update_db to 2026-02-18 15:00:00+00:00, run_after=2026-02-19 15:00:00+00:00
[2026-02-18T22:53:17.880+0000] {processor.py:183} INFO - Processing /opt/airflow/dags/main.py took 0.422 seconds
[2026-02-18T22:53:48.274+0000] {processor.py:161} INFO - Started process (PID=811) to work on /opt/airflow/dags/main.py
[2026-02-18T22:53:48.278+0000] {processor.py:830} INFO - Processing file /opt/airflow/dags/main.py for tasks to queue
[2026-02-18T22:53:48.286+0000] {logging_mixin.py:188} INFO - [2026-02-18T22:53:48.285+0000] {dagbag.py:545} INFO - Filling up the DagBag from /opt/airflow/dags/main.py
[2026-02-18T22:53:48.387+0000] {processor.py:840} INFO - DAG(s) 'data_quality', 'update_db', 'produce_json' retrieved from /opt/airflow/dags/main.py
[2026-02-18T22:53:48.482+0000] {logging_mixin.py:188} INFO - [2026-02-18T22:53:48.481+0000] {dag.py:3096} INFO - Sync 3 DAGs
[2026-02-18T22:53:48.540+0000] {logging_mixin.py:188} INFO - [2026-02-18T22:53:48.540+0000] {dag.py:3954} INFO - Setting next_dagrun for data_quality to 2026-02-18 16:00:00+00:00, run_after=2026-02-19 16:00:00+00:00
[2026-02-18T22:53:48.555+0000] {logging_mixin.py:188} INFO - [2026-02-18T22:53:48.554+0000] {dag.py:3954} INFO - Setting next_dagrun for produce_json to 2026-02-18 14:00:00+00:00, run_after=2026-02-19 14:00:00+00:00
[2026-02-18T22:53:48.562+0000] {logging_mixin.py:188} INFO - [2026-02-18T22:53:48.562+0000] {dag.py:3954} INFO - Setting next_dagrun for update_db to 2026-02-18 15:00:00+00:00, run_after=2026-02-19 15:00:00+00:00
[2026-02-18T22:53:48.612+0000] {processor.py:183} INFO - Processing /opt/airflow/dags/main.py took 0.356 seconds
[2026-02-18T22:54:18.889+0000] {processor.py:161} INFO - Started process (PID=819) to work on /opt/airflow/dags/main.py
[2026-02-18T22:54:18.903+0000] {processor.py:830} INFO - Processing file /opt/airflow/dags/main.py for tasks to queue
[2026-02-18T22:54:18.910+0000] {logging_mixin.py:188} INFO - [2026-02-18T22:54:18.909+0000] {dagbag.py:545} INFO - Filling up the DagBag from /opt/airflow/dags/main.py
[2026-02-18T22:54:19.025+0000] {processor.py:840} INFO - DAG(s) 'data_quality', 'produce_json', 'update_db' retrieved from /opt/airflow/dags/main.py
[2026-02-18T22:54:19.117+0000] {logging_mixin.py:188} INFO - [2026-02-18T22:54:19.117+0000] {dag.py:3096} INFO - Sync 3 DAGs
[2026-02-18T22:54:19.176+0000] {logging_mixin.py:188} INFO - [2026-02-18T22:54:19.176+0000] {dag.py:3954} INFO - Setting next_dagrun for data_quality to 2026-02-18 16:00:00+00:00, run_after=2026-02-19 16:00:00+00:00
[2026-02-18T22:54:19.188+0000] {logging_mixin.py:188} INFO - [2026-02-18T22:54:19.187+0000] {dag.py:3954} INFO - Setting next_dagrun for produce_json to 2026-02-18 14:00:00+00:00, run_after=2026-02-19 14:00:00+00:00
[2026-02-18T22:54:19.195+0000] {logging_mixin.py:188} INFO - [2026-02-18T22:54:19.195+0000] {dag.py:3954} INFO - Setting next_dagrun for update_db to 2026-02-18 15:00:00+00:00, run_after=2026-02-19 15:00:00+00:00
[2026-02-18T22:54:19.244+0000] {processor.py:183} INFO - Processing /opt/airflow/dags/main.py took 0.423 seconds
[2026-02-18T22:54:49.550+0000] {processor.py:161} INFO - Started process (PID=826) to work on /opt/airflow/dags/main.py
[2026-02-18T22:54:49.563+0000] {processor.py:830} INFO - Processing file /opt/airflow/dags/main.py for tasks to queue
[2026-02-18T22:54:49.569+0000] {logging_mixin.py:188} INFO - [2026-02-18T22:54:49.567+0000] {dagbag.py:545} INFO - Filling up the DagBag from /opt/airflow/dags/main.py
[2026-02-18T22:54:49.642+0000] {processor.py:840} INFO - DAG(s) 'data_quality', 'update_db', 'produce_json' retrieved from /opt/airflow/dags/main.py
[2026-02-18T22:54:49.811+0000] {logging_mixin.py:188} INFO - [2026-02-18T22:54:49.811+0000] {dag.py:3096} INFO - Sync 3 DAGs
[2026-02-18T22:54:49.894+0000] {logging_mixin.py:188} INFO - [2026-02-18T22:54:49.894+0000] {dag.py:3954} INFO - Setting next_dagrun for data_quality to 2026-02-18 16:00:00+00:00, run_after=2026-02-19 16:00:00+00:00
[2026-02-18T22:54:49.918+0000] {logging_mixin.py:188} INFO - [2026-02-18T22:54:49.917+0000] {dag.py:3954} INFO - Setting next_dagrun for produce_json to 2026-02-18 14:00:00+00:00, run_after=2026-02-19 14:00:00+00:00
[2026-02-18T22:54:49.932+0000] {logging_mixin.py:188} INFO - [2026-02-18T22:54:49.932+0000] {dag.py:3954} INFO - Setting next_dagrun for update_db to 2026-02-18 15:00:00+00:00, run_after=2026-02-19 15:00:00+00:00
[2026-02-18T22:54:50.017+0000] {processor.py:183} INFO - Processing /opt/airflow/dags/main.py took 0.484 seconds
[2026-02-18T22:55:20.335+0000] {processor.py:161} INFO - Started process (PID=833) to work on /opt/airflow/dags/main.py
[2026-02-18T22:55:20.341+0000] {processor.py:830} INFO - Processing file /opt/airflow/dags/main.py for tasks to queue
[2026-02-18T22:55:20.351+0000] {logging_mixin.py:188} INFO - [2026-02-18T22:55:20.349+0000] {dagbag.py:545} INFO - Filling up the DagBag from /opt/airflow/dags/main.py
[2026-02-18T22:55:20.449+0000] {processor.py:840} INFO - DAG(s) 'produce_json', 'update_db', 'data_quality' retrieved from /opt/airflow/dags/main.py
[2026-02-18T22:55:20.558+0000] {logging_mixin.py:188} INFO - [2026-02-18T22:55:20.558+0000] {dag.py:3096} INFO - Sync 3 DAGs
[2026-02-18T22:55:20.616+0000] {logging_mixin.py:188} INFO - [2026-02-18T22:55:20.616+0000] {dag.py:3954} INFO - Setting next_dagrun for data_quality to 2026-02-18 16:00:00+00:00, run_after=2026-02-19 16:00:00+00:00
[2026-02-18T22:55:20.627+0000] {logging_mixin.py:188} INFO - [2026-02-18T22:55:20.627+0000] {dag.py:3954} INFO - Setting next_dagrun for produce_json to 2026-02-18 14:00:00+00:00, run_after=2026-02-19 14:00:00+00:00
[2026-02-18T22:55:20.634+0000] {logging_mixin.py:188} INFO - [2026-02-18T22:55:20.634+0000] {dag.py:3954} INFO - Setting next_dagrun for update_db to 2026-02-18 15:00:00+00:00, run_after=2026-02-19 15:00:00+00:00
[2026-02-18T22:55:20.686+0000] {processor.py:183} INFO - Processing /opt/airflow/dags/main.py took 0.361 seconds
[2026-02-18T22:55:50.907+0000] {processor.py:161} INFO - Started process (PID=840) to work on /opt/airflow/dags/main.py
[2026-02-18T22:55:50.912+0000] {processor.py:830} INFO - Processing file /opt/airflow/dags/main.py for tasks to queue
[2026-02-18T22:55:50.915+0000] {logging_mixin.py:188} INFO - [2026-02-18T22:55:50.914+0000] {dagbag.py:545} INFO - Filling up the DagBag from /opt/airflow/dags/main.py
[2026-02-18T22:55:50.998+0000] {processor.py:840} INFO - DAG(s) 'update_db', 'produce_json', 'data_quality' retrieved from /opt/airflow/dags/main.py
[2026-02-18T22:55:51.101+0000] {logging_mixin.py:188} INFO - [2026-02-18T22:55:51.100+0000] {dag.py:3096} INFO - Sync 3 DAGs
[2026-02-18T22:55:51.159+0000] {logging_mixin.py:188} INFO - [2026-02-18T22:55:51.159+0000] {dag.py:3954} INFO - Setting next_dagrun for data_quality to 2026-02-18 16:00:00+00:00, run_after=2026-02-19 16:00:00+00:00
[2026-02-18T22:55:51.171+0000] {logging_mixin.py:188} INFO - [2026-02-18T22:55:51.170+0000] {dag.py:3954} INFO - Setting next_dagrun for produce_json to 2026-02-18 14:00:00+00:00, run_after=2026-02-19 14:00:00+00:00
[2026-02-18T22:55:51.181+0000] {logging_mixin.py:188} INFO - [2026-02-18T22:55:51.180+0000] {dag.py:3954} INFO - Setting next_dagrun for update_db to 2026-02-18 15:00:00+00:00, run_after=2026-02-19 15:00:00+00:00
[2026-02-18T22:55:51.233+0000] {processor.py:183} INFO - Processing /opt/airflow/dags/main.py took 0.339 seconds
[2026-02-18T22:56:21.627+0000] {processor.py:161} INFO - Started process (PID=847) to work on /opt/airflow/dags/main.py
[2026-02-18T22:56:21.634+0000] {processor.py:830} INFO - Processing file /opt/airflow/dags/main.py for tasks to queue
[2026-02-18T22:56:21.637+0000] {logging_mixin.py:188} INFO - [2026-02-18T22:56:21.637+0000] {dagbag.py:545} INFO - Filling up the DagBag from /opt/airflow/dags/main.py
[2026-02-18T22:56:21.716+0000] {processor.py:840} INFO - DAG(s) 'data_quality', 'update_db', 'produce_json' retrieved from /opt/airflow/dags/main.py
[2026-02-18T22:56:21.815+0000] {logging_mixin.py:188} INFO - [2026-02-18T22:56:21.815+0000] {dag.py:3096} INFO - Sync 3 DAGs
[2026-02-18T22:56:21.875+0000] {logging_mixin.py:188} INFO - [2026-02-18T22:56:21.874+0000] {dag.py:3954} INFO - Setting next_dagrun for data_quality to 2026-02-18 16:00:00+00:00, run_after=2026-02-19 16:00:00+00:00
[2026-02-18T22:56:21.887+0000] {logging_mixin.py:188} INFO - [2026-02-18T22:56:21.887+0000] {dag.py:3954} INFO - Setting next_dagrun for produce_json to 2026-02-18 14:00:00+00:00, run_after=2026-02-19 14:00:00+00:00
[2026-02-18T22:56:21.894+0000] {logging_mixin.py:188} INFO - [2026-02-18T22:56:21.894+0000] {dag.py:3954} INFO - Setting next_dagrun for update_db to 2026-02-18 15:00:00+00:00, run_after=2026-02-19 15:00:00+00:00
[2026-02-18T22:56:21.946+0000] {processor.py:183} INFO - Processing /opt/airflow/dags/main.py took 0.339 seconds
[2026-02-18T22:56:52.175+0000] {processor.py:161} INFO - Started process (PID=855) to work on /opt/airflow/dags/main.py
[2026-02-18T22:56:52.195+0000] {processor.py:830} INFO - Processing file /opt/airflow/dags/main.py for tasks to queue
[2026-02-18T22:56:52.201+0000] {logging_mixin.py:188} INFO - [2026-02-18T22:56:52.201+0000] {dagbag.py:545} INFO - Filling up the DagBag from /opt/airflow/dags/main.py
[2026-02-18T22:56:52.272+0000] {processor.py:840} INFO - DAG(s) 'update_db', 'produce_json', 'data_quality' retrieved from /opt/airflow/dags/main.py
[2026-02-18T22:56:52.387+0000] {logging_mixin.py:188} INFO - [2026-02-18T22:56:52.387+0000] {dag.py:3096} INFO - Sync 3 DAGs
[2026-02-18T22:56:52.441+0000] {logging_mixin.py:188} INFO - [2026-02-18T22:56:52.441+0000] {dag.py:3954} INFO - Setting next_dagrun for data_quality to 2026-02-18 16:00:00+00:00, run_after=2026-02-19 16:00:00+00:00
[2026-02-18T22:56:52.458+0000] {logging_mixin.py:188} INFO - [2026-02-18T22:56:52.458+0000] {dag.py:3954} INFO - Setting next_dagrun for produce_json to 2026-02-18 14:00:00+00:00, run_after=2026-02-19 14:00:00+00:00
[2026-02-18T22:56:52.465+0000] {logging_mixin.py:188} INFO - [2026-02-18T22:56:52.465+0000] {dag.py:3954} INFO - Setting next_dagrun for update_db to 2026-02-18 15:00:00+00:00, run_after=2026-02-19 15:00:00+00:00
[2026-02-18T22:56:52.504+0000] {processor.py:183} INFO - Processing /opt/airflow/dags/main.py took 0.340 seconds
[2026-02-18T22:57:22.802+0000] {processor.py:161} INFO - Started process (PID=863) to work on /opt/airflow/dags/main.py
[2026-02-18T22:57:22.806+0000] {processor.py:830} INFO - Processing file /opt/airflow/dags/main.py for tasks to queue
[2026-02-18T22:57:22.810+0000] {logging_mixin.py:188} INFO - [2026-02-18T22:57:22.808+0000] {dagbag.py:545} INFO - Filling up the DagBag from /opt/airflow/dags/main.py
[2026-02-18T22:57:22.880+0000] {processor.py:840} INFO - DAG(s) 'update_db', 'produce_json', 'data_quality' retrieved from /opt/airflow/dags/main.py
[2026-02-18T22:57:22.977+0000] {logging_mixin.py:188} INFO - [2026-02-18T22:57:22.976+0000] {dag.py:3096} INFO - Sync 3 DAGs
[2026-02-18T22:57:23.029+0000] {logging_mixin.py:188} INFO - [2026-02-18T22:57:23.028+0000] {dag.py:3954} INFO - Setting next_dagrun for data_quality to 2026-02-18 16:00:00+00:00, run_after=2026-02-19 16:00:00+00:00
[2026-02-18T22:57:23.045+0000] {logging_mixin.py:188} INFO - [2026-02-18T22:57:23.045+0000] {dag.py:3954} INFO - Setting next_dagrun for produce_json to 2026-02-18 14:00:00+00:00, run_after=2026-02-19 14:00:00+00:00
[2026-02-18T22:57:23.058+0000] {logging_mixin.py:188} INFO - [2026-02-18T22:57:23.058+0000] {dag.py:3954} INFO - Setting next_dagrun for update_db to 2026-02-18 15:00:00+00:00, run_after=2026-02-19 15:00:00+00:00
[2026-02-18T22:57:23.101+0000] {processor.py:183} INFO - Processing /opt/airflow/dags/main.py took 0.316 seconds
[2026-02-18T22:57:53.992+0000] {processor.py:161} INFO - Started process (PID=869) to work on /opt/airflow/dags/main.py
[2026-02-18T22:57:53.999+0000] {processor.py:830} INFO - Processing file /opt/airflow/dags/main.py for tasks to queue
[2026-02-18T22:57:54.004+0000] {logging_mixin.py:188} INFO - [2026-02-18T22:57:54.003+0000] {dagbag.py:545} INFO - Filling up the DagBag from /opt/airflow/dags/main.py
[2026-02-18T22:57:54.077+0000] {processor.py:840} INFO - DAG(s) 'produce_json', 'update_db', 'data_quality' retrieved from /opt/airflow/dags/main.py
[2026-02-18T22:57:54.176+0000] {logging_mixin.py:188} INFO - [2026-02-18T22:57:54.176+0000] {dag.py:3096} INFO - Sync 3 DAGs
[2026-02-18T22:57:54.231+0000] {logging_mixin.py:188} INFO - [2026-02-18T22:57:54.230+0000] {dag.py:3954} INFO - Setting next_dagrun for data_quality to 2026-02-18 16:00:00+00:00, run_after=2026-02-19 16:00:00+00:00
[2026-02-18T22:57:54.246+0000] {logging_mixin.py:188} INFO - [2026-02-18T22:57:54.246+0000] {dag.py:3954} INFO - Setting next_dagrun for produce_json to 2026-02-18 14:00:00+00:00, run_after=2026-02-19 14:00:00+00:00
[2026-02-18T22:57:54.257+0000] {logging_mixin.py:188} INFO - [2026-02-18T22:57:54.257+0000] {dag.py:3954} INFO - Setting next_dagrun for update_db to 2026-02-18 15:00:00+00:00, run_after=2026-02-19 15:00:00+00:00
[2026-02-18T22:57:54.309+0000] {processor.py:183} INFO - Processing /opt/airflow/dags/main.py took 0.328 seconds
[2026-02-18T22:58:24.841+0000] {processor.py:161} INFO - Started process (PID=877) to work on /opt/airflow/dags/main.py
[2026-02-18T22:58:24.848+0000] {processor.py:830} INFO - Processing file /opt/airflow/dags/main.py for tasks to queue
[2026-02-18T22:58:24.853+0000] {logging_mixin.py:188} INFO - [2026-02-18T22:58:24.852+0000] {dagbag.py:545} INFO - Filling up the DagBag from /opt/airflow/dags/main.py
[2026-02-18T22:58:24.946+0000] {processor.py:840} INFO - DAG(s) 'data_quality', 'produce_json', 'update_db' retrieved from /opt/airflow/dags/main.py
[2026-02-18T22:58:25.041+0000] {logging_mixin.py:188} INFO - [2026-02-18T22:58:25.041+0000] {dag.py:3096} INFO - Sync 3 DAGs
[2026-02-18T22:58:25.087+0000] {logging_mixin.py:188} INFO - [2026-02-18T22:58:25.086+0000] {dag.py:3954} INFO - Setting next_dagrun for data_quality to 2026-02-18 16:00:00+00:00, run_after=2026-02-19 16:00:00+00:00
[2026-02-18T22:58:25.099+0000] {logging_mixin.py:188} INFO - [2026-02-18T22:58:25.098+0000] {dag.py:3954} INFO - Setting next_dagrun for produce_json to 2026-02-18 14:00:00+00:00, run_after=2026-02-19 14:00:00+00:00
[2026-02-18T22:58:25.107+0000] {logging_mixin.py:188} INFO - [2026-02-18T22:58:25.107+0000] {dag.py:3954} INFO - Setting next_dagrun for update_db to 2026-02-18 15:00:00+00:00, run_after=2026-02-19 15:00:00+00:00
[2026-02-18T22:58:25.151+0000] {processor.py:183} INFO - Processing /opt/airflow/dags/main.py took 0.319 seconds
[2026-02-18T22:58:55.739+0000] {processor.py:161} INFO - Started process (PID=884) to work on /opt/airflow/dags/main.py
[2026-02-18T22:58:55.746+0000] {processor.py:830} INFO - Processing file /opt/airflow/dags/main.py for tasks to queue
[2026-02-18T22:58:55.751+0000] {logging_mixin.py:188} INFO - [2026-02-18T22:58:55.751+0000] {dagbag.py:545} INFO - Filling up the DagBag from /opt/airflow/dags/main.py
[2026-02-18T22:58:55.867+0000] {processor.py:840} INFO - DAG(s) 'data_quality', 'produce_json', 'update_db' retrieved from /opt/airflow/dags/main.py
[2026-02-18T22:58:56.051+0000] {logging_mixin.py:188} INFO - [2026-02-18T22:58:56.051+0000] {dag.py:3096} INFO - Sync 3 DAGs
[2026-02-18T22:58:56.141+0000] {logging_mixin.py:188} INFO - [2026-02-18T22:58:56.140+0000] {dag.py:3954} INFO - Setting next_dagrun for data_quality to 2026-02-18 16:00:00+00:00, run_after=2026-02-19 16:00:00+00:00
[2026-02-18T22:58:56.170+0000] {logging_mixin.py:188} INFO - [2026-02-18T22:58:56.169+0000] {dag.py:3954} INFO - Setting next_dagrun for produce_json to 2026-02-18 14:00:00+00:00, run_after=2026-02-19 14:00:00+00:00
[2026-02-18T22:58:56.189+0000] {logging_mixin.py:188} INFO - [2026-02-18T22:58:56.187+0000] {dag.py:3954} INFO - Setting next_dagrun for update_db to 2026-02-18 15:00:00+00:00, run_after=2026-02-19 15:00:00+00:00
[2026-02-18T22:58:56.267+0000] {processor.py:183} INFO - Processing /opt/airflow/dags/main.py took 0.551 seconds
[2026-02-18T22:59:26.750+0000] {processor.py:161} INFO - Started process (PID=891) to work on /opt/airflow/dags/main.py
[2026-02-18T22:59:26.761+0000] {processor.py:830} INFO - Processing file /opt/airflow/dags/main.py for tasks to queue
[2026-02-18T22:59:26.766+0000] {logging_mixin.py:188} INFO - [2026-02-18T22:59:26.765+0000] {dagbag.py:545} INFO - Filling up the DagBag from /opt/airflow/dags/main.py
[2026-02-18T22:59:26.851+0000] {processor.py:840} INFO - DAG(s) 'produce_json', 'data_quality', 'update_db' retrieved from /opt/airflow/dags/main.py
[2026-02-18T22:59:26.971+0000] {logging_mixin.py:188} INFO - [2026-02-18T22:59:26.970+0000] {dag.py:3096} INFO - Sync 3 DAGs
[2026-02-18T22:59:27.037+0000] {logging_mixin.py:188} INFO - [2026-02-18T22:59:27.037+0000] {dag.py:3954} INFO - Setting next_dagrun for data_quality to 2026-02-18 16:00:00+00:00, run_after=2026-02-19 16:00:00+00:00
[2026-02-18T22:59:27.053+0000] {logging_mixin.py:188} INFO - [2026-02-18T22:59:27.053+0000] {dag.py:3954} INFO - Setting next_dagrun for produce_json to 2026-02-18 14:00:00+00:00, run_after=2026-02-19 14:00:00+00:00
[2026-02-18T22:59:27.064+0000] {logging_mixin.py:188} INFO - [2026-02-18T22:59:27.064+0000] {dag.py:3954} INFO - Setting next_dagrun for update_db to 2026-02-18 15:00:00+00:00, run_after=2026-02-19 15:00:00+00:00
[2026-02-18T22:59:27.121+0000] {processor.py:183} INFO - Processing /opt/airflow/dags/main.py took 0.394 seconds
[2026-02-18T22:59:57.591+0000] {processor.py:161} INFO - Started process (PID=898) to work on /opt/airflow/dags/main.py
[2026-02-18T22:59:57.598+0000] {processor.py:830} INFO - Processing file /opt/airflow/dags/main.py for tasks to queue
[2026-02-18T22:59:57.609+0000] {logging_mixin.py:188} INFO - [2026-02-18T22:59:57.602+0000] {dagbag.py:545} INFO - Filling up the DagBag from /opt/airflow/dags/main.py
[2026-02-18T22:59:57.727+0000] {processor.py:840} INFO - DAG(s) 'produce_json', 'data_quality', 'update_db' retrieved from /opt/airflow/dags/main.py
[2026-02-18T22:59:57.852+0000] {logging_mixin.py:188} INFO - [2026-02-18T22:59:57.852+0000] {dag.py:3096} INFO - Sync 3 DAGs
[2026-02-18T22:59:57.956+0000] {logging_mixin.py:188} INFO - [2026-02-18T22:59:57.955+0000] {dag.py:3954} INFO - Setting next_dagrun for data_quality to 2026-02-18 16:00:00+00:00, run_after=2026-02-19 16:00:00+00:00
[2026-02-18T22:59:57.976+0000] {logging_mixin.py:188} INFO - [2026-02-18T22:59:57.975+0000] {dag.py:3954} INFO - Setting next_dagrun for produce_json to 2026-02-18 14:00:00+00:00, run_after=2026-02-19 14:00:00+00:00
[2026-02-18T22:59:57.994+0000] {logging_mixin.py:188} INFO - [2026-02-18T22:59:57.993+0000] {dag.py:3954} INFO - Setting next_dagrun for update_db to 2026-02-18 15:00:00+00:00, run_after=2026-02-19 15:00:00+00:00
[2026-02-18T22:59:58.072+0000] {processor.py:183} INFO - Processing /opt/airflow/dags/main.py took 0.511 seconds
[2026-02-18T23:00:29.000+0000] {processor.py:161} INFO - Started process (PID=907) to work on /opt/airflow/dags/main.py
[2026-02-18T23:00:29.033+0000] {processor.py:830} INFO - Processing file /opt/airflow/dags/main.py for tasks to queue
[2026-02-18T23:00:29.039+0000] {logging_mixin.py:188} INFO - [2026-02-18T23:00:29.038+0000] {dagbag.py:545} INFO - Filling up the DagBag from /opt/airflow/dags/main.py
[2026-02-18T23:00:29.146+0000] {processor.py:840} INFO - DAG(s) 'produce_json', 'data_quality', 'update_db' retrieved from /opt/airflow/dags/main.py
[2026-02-18T23:00:29.403+0000] {logging_mixin.py:188} INFO - [2026-02-18T23:00:29.402+0000] {dag.py:3096} INFO - Sync 3 DAGs
[2026-02-18T23:00:29.558+0000] {logging_mixin.py:188} INFO - [2026-02-18T23:00:29.558+0000] {dag.py:3954} INFO - Setting next_dagrun for data_quality to 2026-02-18 16:00:00+00:00, run_after=2026-02-19 16:00:00+00:00
[2026-02-18T23:00:29.581+0000] {logging_mixin.py:188} INFO - [2026-02-18T23:00:29.581+0000] {dag.py:3954} INFO - Setting next_dagrun for produce_json to 2026-02-18 14:00:00+00:00, run_after=2026-02-19 14:00:00+00:00
[2026-02-18T23:00:29.599+0000] {logging_mixin.py:188} INFO - [2026-02-18T23:00:29.598+0000] {dag.py:3954} INFO - Setting next_dagrun for update_db to 2026-02-18 15:00:00+00:00, run_after=2026-02-19 15:00:00+00:00
[2026-02-18T23:00:29.686+0000] {processor.py:183} INFO - Processing /opt/airflow/dags/main.py took 0.719 seconds
[2026-02-18T23:00:59.741+0000] {processor.py:161} INFO - Started process (PID=914) to work on /opt/airflow/dags/main.py
[2026-02-18T23:00:59.752+0000] {processor.py:830} INFO - Processing file /opt/airflow/dags/main.py for tasks to queue
[2026-02-18T23:00:59.759+0000] {logging_mixin.py:188} INFO - [2026-02-18T23:00:59.758+0000] {dagbag.py:545} INFO - Filling up the DagBag from /opt/airflow/dags/main.py
[2026-02-18T23:00:59.907+0000] {processor.py:840} INFO - DAG(s) 'update_db', 'data_quality', 'produce_json' retrieved from /opt/airflow/dags/main.py
[2026-02-18T23:01:00.024+0000] {logging_mixin.py:188} INFO - [2026-02-18T23:01:00.024+0000] {dag.py:3096} INFO - Sync 3 DAGs
[2026-02-18T23:01:00.156+0000] {logging_mixin.py:188} INFO - [2026-02-18T23:01:00.155+0000] {dag.py:3954} INFO - Setting next_dagrun for data_quality to 2026-02-18 16:00:00+00:00, run_after=2026-02-19 16:00:00+00:00
[2026-02-18T23:01:00.184+0000] {logging_mixin.py:188} INFO - [2026-02-18T23:01:00.184+0000] {dag.py:3954} INFO - Setting next_dagrun for produce_json to 2026-02-18 14:00:00+00:00, run_after=2026-02-19 14:00:00+00:00
[2026-02-18T23:01:00.198+0000] {logging_mixin.py:188} INFO - [2026-02-18T23:01:00.197+0000] {dag.py:3954} INFO - Setting next_dagrun for update_db to 2026-02-18 15:00:00+00:00, run_after=2026-02-19 15:00:00+00:00
[2026-02-18T23:01:00.260+0000] {processor.py:183} INFO - Processing /opt/airflow/dags/main.py took 0.532 seconds
[2026-02-18T23:01:31.007+0000] {processor.py:161} INFO - Started process (PID=921) to work on /opt/airflow/dags/main.py
[2026-02-18T23:01:31.010+0000] {processor.py:830} INFO - Processing file /opt/airflow/dags/main.py for tasks to queue
[2026-02-18T23:01:31.013+0000] {logging_mixin.py:188} INFO - [2026-02-18T23:01:31.012+0000] {dagbag.py:545} INFO - Filling up the DagBag from /opt/airflow/dags/main.py
[2026-02-18T23:01:31.086+0000] {processor.py:840} INFO - DAG(s) 'produce_json', 'update_db', 'data_quality' retrieved from /opt/airflow/dags/main.py
[2026-02-18T23:01:31.209+0000] {logging_mixin.py:188} INFO - [2026-02-18T23:01:31.209+0000] {dag.py:3096} INFO - Sync 3 DAGs
[2026-02-18T23:01:31.265+0000] {logging_mixin.py:188} INFO - [2026-02-18T23:01:31.263+0000] {dag.py:3954} INFO - Setting next_dagrun for data_quality to 2026-02-18 16:00:00+00:00, run_after=2026-02-19 16:00:00+00:00
[2026-02-18T23:01:31.283+0000] {logging_mixin.py:188} INFO - [2026-02-18T23:01:31.282+0000] {dag.py:3954} INFO - Setting next_dagrun for produce_json to 2026-02-18 14:00:00+00:00, run_after=2026-02-19 14:00:00+00:00
[2026-02-18T23:01:31.293+0000] {logging_mixin.py:188} INFO - [2026-02-18T23:01:31.293+0000] {dag.py:3954} INFO - Setting next_dagrun for update_db to 2026-02-18 15:00:00+00:00, run_after=2026-02-19 15:00:00+00:00
[2026-02-18T23:01:31.352+0000] {processor.py:183} INFO - Processing /opt/airflow/dags/main.py took 0.357 seconds
[2026-02-18T23:02:02.099+0000] {processor.py:161} INFO - Started process (PID=928) to work on /opt/airflow/dags/main.py
[2026-02-18T23:02:02.104+0000] {processor.py:830} INFO - Processing file /opt/airflow/dags/main.py for tasks to queue
[2026-02-18T23:02:02.109+0000] {logging_mixin.py:188} INFO - [2026-02-18T23:02:02.108+0000] {dagbag.py:545} INFO - Filling up the DagBag from /opt/airflow/dags/main.py
[2026-02-18T23:02:02.209+0000] {processor.py:840} INFO - DAG(s) 'data_quality', 'produce_json', 'update_db' retrieved from /opt/airflow/dags/main.py
[2026-02-18T23:02:02.311+0000] {logging_mixin.py:188} INFO - [2026-02-18T23:02:02.310+0000] {dag.py:3096} INFO - Sync 3 DAGs
[2026-02-18T23:02:02.369+0000] {logging_mixin.py:188} INFO - [2026-02-18T23:02:02.369+0000] {dag.py:3954} INFO - Setting next_dagrun for data_quality to 2026-02-18 16:00:00+00:00, run_after=2026-02-19 16:00:00+00:00
[2026-02-18T23:02:02.384+0000] {logging_mixin.py:188} INFO - [2026-02-18T23:02:02.384+0000] {dag.py:3954} INFO - Setting next_dagrun for produce_json to 2026-02-18 14:00:00+00:00, run_after=2026-02-19 14:00:00+00:00
[2026-02-18T23:02:02.394+0000] {logging_mixin.py:188} INFO - [2026-02-18T23:02:02.394+0000] {dag.py:3954} INFO - Setting next_dagrun for update_db to 2026-02-18 15:00:00+00:00, run_after=2026-02-19 15:00:00+00:00
[2026-02-18T23:02:02.455+0000] {processor.py:183} INFO - Processing /opt/airflow/dags/main.py took 0.374 seconds
[2026-02-18T23:02:32.876+0000] {processor.py:161} INFO - Started process (PID=935) to work on /opt/airflow/dags/main.py
[2026-02-18T23:02:32.881+0000] {processor.py:830} INFO - Processing file /opt/airflow/dags/main.py for tasks to queue
[2026-02-18T23:02:32.887+0000] {logging_mixin.py:188} INFO - [2026-02-18T23:02:32.886+0000] {dagbag.py:545} INFO - Filling up the DagBag from /opt/airflow/dags/main.py
[2026-02-18T23:02:32.978+0000] {processor.py:840} INFO - DAG(s) 'produce_json', 'data_quality', 'update_db' retrieved from /opt/airflow/dags/main.py
[2026-02-18T23:02:33.086+0000] {logging_mixin.py:188} INFO - [2026-02-18T23:02:33.086+0000] {dag.py:3096} INFO - Sync 3 DAGs
[2026-02-18T23:02:33.126+0000] {logging_mixin.py:188} INFO - [2026-02-18T23:02:33.126+0000] {dag.py:3954} INFO - Setting next_dagrun for data_quality to 2026-02-18 16:00:00+00:00, run_after=2026-02-19 16:00:00+00:00
[2026-02-18T23:02:33.136+0000] {logging_mixin.py:188} INFO - [2026-02-18T23:02:33.136+0000] {dag.py:3954} INFO - Setting next_dagrun for produce_json to 2026-02-18 14:00:00+00:00, run_after=2026-02-19 14:00:00+00:00
[2026-02-18T23:02:33.141+0000] {logging_mixin.py:188} INFO - [2026-02-18T23:02:33.141+0000] {dag.py:3954} INFO - Setting next_dagrun for update_db to 2026-02-18 15:00:00+00:00, run_after=2026-02-19 15:00:00+00:00
[2026-02-18T23:02:33.175+0000] {processor.py:183} INFO - Processing /opt/airflow/dags/main.py took 0.318 seconds
[2026-02-18T23:03:03.756+0000] {processor.py:161} INFO - Started process (PID=943) to work on /opt/airflow/dags/main.py
[2026-02-18T23:03:03.761+0000] {processor.py:830} INFO - Processing file /opt/airflow/dags/main.py for tasks to queue
[2026-02-18T23:03:03.767+0000] {logging_mixin.py:188} INFO - [2026-02-18T23:03:03.767+0000] {dagbag.py:545} INFO - Filling up the DagBag from /opt/airflow/dags/main.py
[2026-02-18T23:03:03.861+0000] {processor.py:840} INFO - DAG(s) 'data_quality', 'update_db', 'produce_json' retrieved from /opt/airflow/dags/main.py
[2026-02-18T23:03:03.954+0000] {logging_mixin.py:188} INFO - [2026-02-18T23:03:03.954+0000] {dag.py:3096} INFO - Sync 3 DAGs
[2026-02-18T23:03:04.019+0000] {logging_mixin.py:188} INFO - [2026-02-18T23:03:04.018+0000] {dag.py:3954} INFO - Setting next_dagrun for data_quality to 2026-02-18 16:00:00+00:00, run_after=2026-02-19 16:00:00+00:00
[2026-02-18T23:03:04.033+0000] {logging_mixin.py:188} INFO - [2026-02-18T23:03:04.033+0000] {dag.py:3954} INFO - Setting next_dagrun for produce_json to 2026-02-18 14:00:00+00:00, run_after=2026-02-19 14:00:00+00:00
[2026-02-18T23:03:04.045+0000] {logging_mixin.py:188} INFO - [2026-02-18T23:03:04.045+0000] {dag.py:3954} INFO - Setting next_dagrun for update_db to 2026-02-18 15:00:00+00:00, run_after=2026-02-19 15:00:00+00:00
[2026-02-18T23:03:04.076+0000] {processor.py:183} INFO - Processing /opt/airflow/dags/main.py took 0.340 seconds
[2026-02-18T23:03:34.255+0000] {processor.py:161} INFO - Started process (PID=950) to work on /opt/airflow/dags/main.py
[2026-02-18T23:03:34.266+0000] {processor.py:830} INFO - Processing file /opt/airflow/dags/main.py for tasks to queue
[2026-02-18T23:03:34.275+0000] {logging_mixin.py:188} INFO - [2026-02-18T23:03:34.275+0000] {dagbag.py:545} INFO - Filling up the DagBag from /opt/airflow/dags/main.py
[2026-02-18T23:03:34.375+0000] {processor.py:840} INFO - DAG(s) 'update_db', 'produce_json', 'data_quality' retrieved from /opt/airflow/dags/main.py
[2026-02-18T23:03:34.523+0000] {logging_mixin.py:188} INFO - [2026-02-18T23:03:34.523+0000] {dag.py:3096} INFO - Sync 3 DAGs
[2026-02-18T23:03:34.587+0000] {logging_mixin.py:188} INFO - [2026-02-18T23:03:34.586+0000] {dag.py:3954} INFO - Setting next_dagrun for data_quality to 2026-02-18 16:00:00+00:00, run_after=2026-02-19 16:00:00+00:00
[2026-02-18T23:03:34.600+0000] {logging_mixin.py:188} INFO - [2026-02-18T23:03:34.600+0000] {dag.py:3954} INFO - Setting next_dagrun for produce_json to 2026-02-18 14:00:00+00:00, run_after=2026-02-19 14:00:00+00:00
[2026-02-18T23:03:34.605+0000] {logging_mixin.py:188} INFO - [2026-02-18T23:03:34.605+0000] {dag.py:3954} INFO - Setting next_dagrun for update_db to 2026-02-18 15:00:00+00:00, run_after=2026-02-19 15:00:00+00:00
[2026-02-18T23:03:34.645+0000] {processor.py:183} INFO - Processing /opt/airflow/dags/main.py took 0.427 seconds
[2026-02-18T23:04:04.702+0000] {processor.py:161} INFO - Started process (PID=957) to work on /opt/airflow/dags/main.py
[2026-02-18T23:04:04.707+0000] {processor.py:830} INFO - Processing file /opt/airflow/dags/main.py for tasks to queue
[2026-02-18T23:04:04.710+0000] {logging_mixin.py:188} INFO - [2026-02-18T23:04:04.710+0000] {dagbag.py:545} INFO - Filling up the DagBag from /opt/airflow/dags/main.py
[2026-02-18T23:04:04.783+0000] {processor.py:840} INFO - DAG(s) 'produce_json', 'data_quality', 'update_db' retrieved from /opt/airflow/dags/main.py
[2026-02-18T23:04:04.923+0000] {logging_mixin.py:188} INFO - [2026-02-18T23:04:04.920+0000] {dag.py:3096} INFO - Sync 3 DAGs
[2026-02-18T23:04:05.006+0000] {logging_mixin.py:188} INFO - [2026-02-18T23:04:05.004+0000] {dag.py:3954} INFO - Setting next_dagrun for data_quality to 2026-02-18 16:00:00+00:00, run_after=2026-02-19 16:00:00+00:00
[2026-02-18T23:04:05.028+0000] {logging_mixin.py:188} INFO - [2026-02-18T23:04:05.028+0000] {dag.py:3954} INFO - Setting next_dagrun for produce_json to 2026-02-18 14:00:00+00:00, run_after=2026-02-19 14:00:00+00:00
[2026-02-18T23:04:05.037+0000] {logging_mixin.py:188} INFO - [2026-02-18T23:04:05.036+0000] {dag.py:3954} INFO - Setting next_dagrun for update_db to 2026-02-18 15:00:00+00:00, run_after=2026-02-19 15:00:00+00:00
[2026-02-18T23:04:05.079+0000] {processor.py:183} INFO - Processing /opt/airflow/dags/main.py took 0.389 seconds
[2026-02-18T23:04:35.751+0000] {processor.py:161} INFO - Started process (PID=965) to work on /opt/airflow/dags/main.py
[2026-02-18T23:04:35.756+0000] {processor.py:830} INFO - Processing file /opt/airflow/dags/main.py for tasks to queue
[2026-02-18T23:04:35.760+0000] {logging_mixin.py:188} INFO - [2026-02-18T23:04:35.759+0000] {dagbag.py:545} INFO - Filling up the DagBag from /opt/airflow/dags/main.py
[2026-02-18T23:04:35.836+0000] {processor.py:840} INFO - DAG(s) 'produce_json', 'data_quality', 'update_db' retrieved from /opt/airflow/dags/main.py
[2026-02-18T23:04:35.913+0000] {logging_mixin.py:188} INFO - [2026-02-18T23:04:35.913+0000] {dag.py:3096} INFO - Sync 3 DAGs
[2026-02-18T23:04:35.981+0000] {logging_mixin.py:188} INFO - [2026-02-18T23:04:35.981+0000] {dag.py:3954} INFO - Setting next_dagrun for data_quality to 2026-02-18 16:00:00+00:00, run_after=2026-02-19 16:00:00+00:00
[2026-02-18T23:04:35.994+0000] {logging_mixin.py:188} INFO - [2026-02-18T23:04:35.994+0000] {dag.py:3954} INFO - Setting next_dagrun for produce_json to 2026-02-18 14:00:00+00:00, run_after=2026-02-19 14:00:00+00:00
[2026-02-18T23:04:36.001+0000] {logging_mixin.py:188} INFO - [2026-02-18T23:04:36.001+0000] {dag.py:3954} INFO - Setting next_dagrun for update_db to 2026-02-18 15:00:00+00:00, run_after=2026-02-19 15:00:00+00:00
[2026-02-18T23:04:36.047+0000] {processor.py:183} INFO - Processing /opt/airflow/dags/main.py took 0.316 seconds
[2026-02-18T23:05:06.262+0000] {processor.py:161} INFO - Started process (PID=971) to work on /opt/airflow/dags/main.py
[2026-02-18T23:05:06.269+0000] {processor.py:830} INFO - Processing file /opt/airflow/dags/main.py for tasks to queue
[2026-02-18T23:05:06.273+0000] {logging_mixin.py:188} INFO - [2026-02-18T23:05:06.273+0000] {dagbag.py:545} INFO - Filling up the DagBag from /opt/airflow/dags/main.py
[2026-02-18T23:05:06.347+0000] {processor.py:840} INFO - DAG(s) 'data_quality', 'produce_json', 'update_db' retrieved from /opt/airflow/dags/main.py
[2026-02-18T23:05:06.452+0000] {logging_mixin.py:188} INFO - [2026-02-18T23:05:06.451+0000] {dag.py:3096} INFO - Sync 3 DAGs
[2026-02-18T23:05:06.502+0000] {logging_mixin.py:188} INFO - [2026-02-18T23:05:06.501+0000] {dag.py:3954} INFO - Setting next_dagrun for data_quality to 2026-02-18 16:00:00+00:00, run_after=2026-02-19 16:00:00+00:00
[2026-02-18T23:05:06.515+0000] {logging_mixin.py:188} INFO - [2026-02-18T23:05:06.515+0000] {dag.py:3954} INFO - Setting next_dagrun for produce_json to 2026-02-18 14:00:00+00:00, run_after=2026-02-19 14:00:00+00:00
[2026-02-18T23:05:06.523+0000] {logging_mixin.py:188} INFO - [2026-02-18T23:05:06.523+0000] {dag.py:3954} INFO - Setting next_dagrun for update_db to 2026-02-18 15:00:00+00:00, run_after=2026-02-19 15:00:00+00:00
[2026-02-18T23:05:06.581+0000] {processor.py:183} INFO - Processing /opt/airflow/dags/main.py took 0.330 seconds
[2026-02-18T23:05:37.372+0000] {processor.py:161} INFO - Started process (PID=981) to work on /opt/airflow/dags/main.py
[2026-02-18T23:05:37.376+0000] {processor.py:830} INFO - Processing file /opt/airflow/dags/main.py for tasks to queue
[2026-02-18T23:05:37.379+0000] {logging_mixin.py:188} INFO - [2026-02-18T23:05:37.378+0000] {dagbag.py:545} INFO - Filling up the DagBag from /opt/airflow/dags/main.py
[2026-02-18T23:05:37.446+0000] {processor.py:840} INFO - DAG(s) 'produce_json', 'update_db', 'data_quality' retrieved from /opt/airflow/dags/main.py
[2026-02-18T23:05:37.568+0000] {logging_mixin.py:188} INFO - [2026-02-18T23:05:37.568+0000] {dag.py:3096} INFO - Sync 3 DAGs
[2026-02-18T23:05:37.639+0000] {logging_mixin.py:188} INFO - [2026-02-18T23:05:37.639+0000] {dag.py:3954} INFO - Setting next_dagrun for data_quality to 2026-02-18 16:00:00+00:00, run_after=2026-02-19 16:00:00+00:00
[2026-02-18T23:05:37.653+0000] {logging_mixin.py:188} INFO - [2026-02-18T23:05:37.653+0000] {dag.py:3954} INFO - Setting next_dagrun for produce_json to 2026-02-18 14:00:00+00:00, run_after=2026-02-19 14:00:00+00:00
[2026-02-18T23:05:37.666+0000] {logging_mixin.py:188} INFO - [2026-02-18T23:05:37.665+0000] {dag.py:3954} INFO - Setting next_dagrun for update_db to 2026-02-18 15:00:00+00:00, run_after=2026-02-19 15:00:00+00:00
[2026-02-18T23:05:37.702+0000] {processor.py:183} INFO - Processing /opt/airflow/dags/main.py took 0.350 seconds
[2026-02-18T23:06:07.825+0000] {processor.py:161} INFO - Started process (PID=989) to work on /opt/airflow/dags/main.py
[2026-02-18T23:06:07.830+0000] {processor.py:830} INFO - Processing file /opt/airflow/dags/main.py for tasks to queue
[2026-02-18T23:06:07.835+0000] {logging_mixin.py:188} INFO - [2026-02-18T23:06:07.834+0000] {dagbag.py:545} INFO - Filling up the DagBag from /opt/airflow/dags/main.py
[2026-02-18T23:06:07.902+0000] {processor.py:840} INFO - DAG(s) 'data_quality', 'produce_json', 'update_db' retrieved from /opt/airflow/dags/main.py
[2026-02-18T23:06:07.990+0000] {logging_mixin.py:188} INFO - [2026-02-18T23:06:07.989+0000] {dag.py:3096} INFO - Sync 3 DAGs
[2026-02-18T23:06:08.059+0000] {logging_mixin.py:188} INFO - [2026-02-18T23:06:08.059+0000] {dag.py:3954} INFO - Setting next_dagrun for data_quality to 2026-02-18 16:00:00+00:00, run_after=2026-02-19 16:00:00+00:00
[2026-02-18T23:06:08.070+0000] {logging_mixin.py:188} INFO - [2026-02-18T23:06:08.070+0000] {dag.py:3954} INFO - Setting next_dagrun for produce_json to 2026-02-18 14:00:00+00:00, run_after=2026-02-19 14:00:00+00:00
[2026-02-18T23:06:08.078+0000] {logging_mixin.py:188} INFO - [2026-02-18T23:06:08.078+0000] {dag.py:3954} INFO - Setting next_dagrun for update_db to 2026-02-18 15:00:00+00:00, run_after=2026-02-19 15:00:00+00:00
[2026-02-18T23:06:08.126+0000] {processor.py:183} INFO - Processing /opt/airflow/dags/main.py took 0.318 seconds
[2026-02-18T23:06:38.693+0000] {processor.py:161} INFO - Started process (PID=996) to work on /opt/airflow/dags/main.py
[2026-02-18T23:06:38.705+0000] {processor.py:830} INFO - Processing file /opt/airflow/dags/main.py for tasks to queue
[2026-02-18T23:06:38.718+0000] {logging_mixin.py:188} INFO - [2026-02-18T23:06:38.717+0000] {dagbag.py:545} INFO - Filling up the DagBag from /opt/airflow/dags/main.py
[2026-02-18T23:06:38.850+0000] {processor.py:840} INFO - DAG(s) 'update_db', 'produce_json', 'data_quality' retrieved from /opt/airflow/dags/main.py
[2026-02-18T23:06:39.026+0000] {logging_mixin.py:188} INFO - [2026-02-18T23:06:39.024+0000] {dag.py:3096} INFO - Sync 3 DAGs
[2026-02-18T23:06:39.137+0000] {logging_mixin.py:188} INFO - [2026-02-18T23:06:39.137+0000] {dag.py:3954} INFO - Setting next_dagrun for data_quality to 2026-02-18 16:00:00+00:00, run_after=2026-02-19 16:00:00+00:00
[2026-02-18T23:06:39.168+0000] {logging_mixin.py:188} INFO - [2026-02-18T23:06:39.167+0000] {dag.py:3954} INFO - Setting next_dagrun for produce_json to 2026-02-18 14:00:00+00:00, run_after=2026-02-19 14:00:00+00:00
[2026-02-18T23:06:39.177+0000] {logging_mixin.py:188} INFO - [2026-02-18T23:06:39.177+0000] {dag.py:3954} INFO - Setting next_dagrun for update_db to 2026-02-18 15:00:00+00:00, run_after=2026-02-19 15:00:00+00:00
[2026-02-18T23:06:39.230+0000] {processor.py:183} INFO - Processing /opt/airflow/dags/main.py took 0.553 seconds
[2026-02-18T23:07:10.148+0000] {processor.py:161} INFO - Started process (PID=1003) to work on /opt/airflow/dags/main.py
[2026-02-18T23:07:10.161+0000] {processor.py:830} INFO - Processing file /opt/airflow/dags/main.py for tasks to queue
[2026-02-18T23:07:10.165+0000] {logging_mixin.py:188} INFO - [2026-02-18T23:07:10.164+0000] {dagbag.py:545} INFO - Filling up the DagBag from /opt/airflow/dags/main.py
[2026-02-18T23:07:10.302+0000] {processor.py:840} INFO - DAG(s) 'data_quality', 'produce_json', 'update_db' retrieved from /opt/airflow/dags/main.py
[2026-02-18T23:07:10.395+0000] {logging_mixin.py:188} INFO - [2026-02-18T23:07:10.395+0000] {dag.py:3096} INFO - Sync 3 DAGs
[2026-02-18T23:07:10.439+0000] {logging_mixin.py:188} INFO - [2026-02-18T23:07:10.439+0000] {dag.py:3954} INFO - Setting next_dagrun for data_quality to 2026-02-18 16:00:00+00:00, run_after=2026-02-19 16:00:00+00:00
[2026-02-18T23:07:10.456+0000] {logging_mixin.py:188} INFO - [2026-02-18T23:07:10.455+0000] {dag.py:3954} INFO - Setting next_dagrun for produce_json to 2026-02-18 14:00:00+00:00, run_after=2026-02-19 14:00:00+00:00
[2026-02-18T23:07:10.464+0000] {logging_mixin.py:188} INFO - [2026-02-18T23:07:10.464+0000] {dag.py:3954} INFO - Setting next_dagrun for update_db to 2026-02-18 15:00:00+00:00, run_after=2026-02-19 15:00:00+00:00
[2026-02-18T23:07:10.512+0000] {processor.py:183} INFO - Processing /opt/airflow/dags/main.py took 0.395 seconds
[2026-02-18T23:07:41.760+0000] {processor.py:161} INFO - Started process (PID=1011) to work on /opt/airflow/dags/main.py
[2026-02-18T23:07:41.772+0000] {processor.py:830} INFO - Processing file /opt/airflow/dags/main.py for tasks to queue
[2026-02-18T23:07:41.831+0000] {logging_mixin.py:188} INFO - [2026-02-18T23:07:41.830+0000] {dagbag.py:545} INFO - Filling up the DagBag from /opt/airflow/dags/main.py
[2026-02-18T23:07:42.134+0000] {processor.py:840} INFO - DAG(s) 'update_db', 'produce_json', 'data_quality' retrieved from /opt/airflow/dags/main.py
[2026-02-18T23:07:42.317+0000] {logging_mixin.py:188} INFO - [2026-02-18T23:07:42.316+0000] {dag.py:3096} INFO - Sync 3 DAGs
[2026-02-18T23:07:42.366+0000] {logging_mixin.py:188} INFO - [2026-02-18T23:07:42.365+0000] {dag.py:3954} INFO - Setting next_dagrun for data_quality to 2026-02-18 16:00:00+00:00, run_after=2026-02-19 16:00:00+00:00
[2026-02-18T23:07:42.374+0000] {logging_mixin.py:188} INFO - [2026-02-18T23:07:42.374+0000] {dag.py:3954} INFO - Setting next_dagrun for produce_json to 2026-02-18 14:00:00+00:00, run_after=2026-02-19 14:00:00+00:00
[2026-02-18T23:07:42.379+0000] {logging_mixin.py:188} INFO - [2026-02-18T23:07:42.379+0000] {dag.py:3954} INFO - Setting next_dagrun for update_db to 2026-02-18 15:00:00+00:00, run_after=2026-02-19 15:00:00+00:00
[2026-02-18T23:07:42.411+0000] {processor.py:183} INFO - Processing /opt/airflow/dags/main.py took 0.669 seconds
[2026-02-18T23:08:12.901+0000] {processor.py:161} INFO - Started process (PID=1018) to work on /opt/airflow/dags/main.py
[2026-02-18T23:08:12.912+0000] {processor.py:830} INFO - Processing file /opt/airflow/dags/main.py for tasks to queue
[2026-02-18T23:08:12.920+0000] {logging_mixin.py:188} INFO - [2026-02-18T23:08:12.917+0000] {dagbag.py:545} INFO - Filling up the DagBag from /opt/airflow/dags/main.py
[2026-02-18T23:08:13.035+0000] {processor.py:840} INFO - DAG(s) 'produce_json', 'data_quality', 'update_db' retrieved from /opt/airflow/dags/main.py
[2026-02-18T23:08:13.113+0000] {logging_mixin.py:188} INFO - [2026-02-18T23:08:13.113+0000] {dag.py:3096} INFO - Sync 3 DAGs
[2026-02-18T23:08:13.265+0000] {logging_mixin.py:188} INFO - [2026-02-18T23:08:13.264+0000] {dag.py:3954} INFO - Setting next_dagrun for data_quality to 2026-02-18 16:00:00+00:00, run_after=2026-02-19 16:00:00+00:00
[2026-02-18T23:08:13.284+0000] {logging_mixin.py:188} INFO - [2026-02-18T23:08:13.284+0000] {dag.py:3954} INFO - Setting next_dagrun for produce_json to 2026-02-18 14:00:00+00:00, run_after=2026-02-19 14:00:00+00:00
[2026-02-18T23:08:13.297+0000] {logging_mixin.py:188} INFO - [2026-02-18T23:08:13.297+0000] {dag.py:3954} INFO - Setting next_dagrun for update_db to 2026-02-18 15:00:00+00:00, run_after=2026-02-19 15:00:00+00:00
[2026-02-18T23:08:13.349+0000] {processor.py:183} INFO - Processing /opt/airflow/dags/main.py took 0.483 seconds
[2026-02-18T23:08:43.913+0000] {processor.py:161} INFO - Started process (PID=1025) to work on /opt/airflow/dags/main.py
[2026-02-18T23:08:43.917+0000] {processor.py:830} INFO - Processing file /opt/airflow/dags/main.py for tasks to queue
[2026-02-18T23:08:43.925+0000] {logging_mixin.py:188} INFO - [2026-02-18T23:08:43.924+0000] {dagbag.py:545} INFO - Filling up the DagBag from /opt/airflow/dags/main.py
[2026-02-18T23:08:44.054+0000] {processor.py:840} INFO - DAG(s) 'data_quality', 'update_db', 'produce_json' retrieved from /opt/airflow/dags/main.py
[2026-02-18T23:08:44.139+0000] {logging_mixin.py:188} INFO - [2026-02-18T23:08:44.138+0000] {dag.py:3096} INFO - Sync 3 DAGs
[2026-02-18T23:08:44.208+0000] {logging_mixin.py:188} INFO - [2026-02-18T23:08:44.207+0000] {dag.py:3954} INFO - Setting next_dagrun for data_quality to 2026-02-18 16:00:00+00:00, run_after=2026-02-19 16:00:00+00:00
[2026-02-18T23:08:44.219+0000] {logging_mixin.py:188} INFO - [2026-02-18T23:08:44.218+0000] {dag.py:3954} INFO - Setting next_dagrun for produce_json to 2026-02-18 14:00:00+00:00, run_after=2026-02-19 14:00:00+00:00
[2026-02-18T23:08:44.227+0000] {logging_mixin.py:188} INFO - [2026-02-18T23:08:44.227+0000] {dag.py:3954} INFO - Setting next_dagrun for update_db to 2026-02-18 15:00:00+00:00, run_after=2026-02-19 15:00:00+00:00
[2026-02-18T23:08:44.258+0000] {processor.py:183} INFO - Processing /opt/airflow/dags/main.py took 0.370 seconds
[2026-02-18T23:09:14.627+0000] {processor.py:161} INFO - Started process (PID=1032) to work on /opt/airflow/dags/main.py
[2026-02-18T23:09:14.632+0000] {processor.py:830} INFO - Processing file /opt/airflow/dags/main.py for tasks to queue
[2026-02-18T23:09:14.638+0000] {logging_mixin.py:188} INFO - [2026-02-18T23:09:14.636+0000] {dagbag.py:545} INFO - Filling up the DagBag from /opt/airflow/dags/main.py
[2026-02-18T23:09:14.791+0000] {processor.py:840} INFO - DAG(s) 'produce_json', 'update_db', 'data_quality' retrieved from /opt/airflow/dags/main.py
[2026-02-18T23:09:14.964+0000] {logging_mixin.py:188} INFO - [2026-02-18T23:09:14.964+0000] {dag.py:3096} INFO - Sync 3 DAGs
[2026-02-18T23:09:15.089+0000] {logging_mixin.py:188} INFO - [2026-02-18T23:09:15.089+0000] {dag.py:3954} INFO - Setting next_dagrun for data_quality to 2026-02-18 16:00:00+00:00, run_after=2026-02-19 16:00:00+00:00
[2026-02-18T23:09:15.119+0000] {logging_mixin.py:188} INFO - [2026-02-18T23:09:15.118+0000] {dag.py:3954} INFO - Setting next_dagrun for produce_json to 2026-02-18 14:00:00+00:00, run_after=2026-02-19 14:00:00+00:00
[2026-02-18T23:09:15.125+0000] {logging_mixin.py:188} INFO - [2026-02-18T23:09:15.125+0000] {dag.py:3954} INFO - Setting next_dagrun for update_db to 2026-02-18 15:00:00+00:00, run_after=2026-02-19 15:00:00+00:00
[2026-02-18T23:09:15.174+0000] {processor.py:183} INFO - Processing /opt/airflow/dags/main.py took 0.560 seconds
[2026-02-18T23:09:45.703+0000] {processor.py:161} INFO - Started process (PID=1041) to work on /opt/airflow/dags/main.py
[2026-02-18T23:09:45.709+0000] {processor.py:830} INFO - Processing file /opt/airflow/dags/main.py for tasks to queue
[2026-02-18T23:09:45.713+0000] {logging_mixin.py:188} INFO - [2026-02-18T23:09:45.712+0000] {dagbag.py:545} INFO - Filling up the DagBag from /opt/airflow/dags/main.py
[2026-02-18T23:09:45.778+0000] {processor.py:840} INFO - DAG(s) 'produce_json', 'data_quality', 'update_db' retrieved from /opt/airflow/dags/main.py
[2026-02-18T23:09:45.883+0000] {logging_mixin.py:188} INFO - [2026-02-18T23:09:45.882+0000] {dag.py:3096} INFO - Sync 3 DAGs
[2026-02-18T23:09:45.936+0000] {logging_mixin.py:188} INFO - [2026-02-18T23:09:45.935+0000] {dag.py:3954} INFO - Setting next_dagrun for data_quality to 2026-02-18 16:00:00+00:00, run_after=2026-02-19 16:00:00+00:00
[2026-02-18T23:09:45.948+0000] {logging_mixin.py:188} INFO - [2026-02-18T23:09:45.948+0000] {dag.py:3954} INFO - Setting next_dagrun for produce_json to 2026-02-18 14:00:00+00:00, run_after=2026-02-19 14:00:00+00:00
[2026-02-18T23:09:45.957+0000] {logging_mixin.py:188} INFO - [2026-02-18T23:09:45.957+0000] {dag.py:3954} INFO - Setting next_dagrun for update_db to 2026-02-18 15:00:00+00:00, run_after=2026-02-19 15:00:00+00:00
[2026-02-18T23:09:46.004+0000] {processor.py:183} INFO - Processing /opt/airflow/dags/main.py took 0.314 seconds
[2026-02-18T23:10:16.964+0000] {processor.py:161} INFO - Started process (PID=1049) to work on /opt/airflow/dags/main.py
[2026-02-18T23:10:16.980+0000] {processor.py:830} INFO - Processing file /opt/airflow/dags/main.py for tasks to queue
[2026-02-18T23:10:16.994+0000] {logging_mixin.py:188} INFO - [2026-02-18T23:10:16.993+0000] {dagbag.py:545} INFO - Filling up the DagBag from /opt/airflow/dags/main.py
[2026-02-18T23:10:17.146+0000] {processor.py:840} INFO - DAG(s) 'produce_json', 'data_quality', 'update_db' retrieved from /opt/airflow/dags/main.py
[2026-02-18T23:10:17.252+0000] {logging_mixin.py:188} INFO - [2026-02-18T23:10:17.251+0000] {dag.py:3096} INFO - Sync 3 DAGs
[2026-02-18T23:10:17.324+0000] {logging_mixin.py:188} INFO - [2026-02-18T23:10:17.324+0000] {dag.py:3954} INFO - Setting next_dagrun for data_quality to 2026-02-18 16:00:00+00:00, run_after=2026-02-19 16:00:00+00:00
[2026-02-18T23:10:17.342+0000] {logging_mixin.py:188} INFO - [2026-02-18T23:10:17.341+0000] {dag.py:3954} INFO - Setting next_dagrun for produce_json to 2026-02-18 14:00:00+00:00, run_after=2026-02-19 14:00:00+00:00
[2026-02-18T23:10:17.351+0000] {logging_mixin.py:188} INFO - [2026-02-18T23:10:17.351+0000] {dag.py:3954} INFO - Setting next_dagrun for update_db to 2026-02-18 15:00:00+00:00, run_after=2026-02-19 15:00:00+00:00
[2026-02-18T23:10:17.420+0000] {processor.py:183} INFO - Processing /opt/airflow/dags/main.py took 0.563 seconds
[2026-02-18T23:10:48.442+0000] {processor.py:161} INFO - Started process (PID=1056) to work on /opt/airflow/dags/main.py
[2026-02-18T23:10:48.450+0000] {processor.py:830} INFO - Processing file /opt/airflow/dags/main.py for tasks to queue
[2026-02-18T23:10:48.475+0000] {logging_mixin.py:188} INFO - [2026-02-18T23:10:48.474+0000] {dagbag.py:545} INFO - Filling up the DagBag from /opt/airflow/dags/main.py
[2026-02-18T23:10:48.680+0000] {processor.py:840} INFO - DAG(s) 'update_db', 'produce_json', 'data_quality' retrieved from /opt/airflow/dags/main.py
[2026-02-18T23:10:48.894+0000] {logging_mixin.py:188} INFO - [2026-02-18T23:10:48.893+0000] {dag.py:3096} INFO - Sync 3 DAGs
[2026-02-18T23:10:49.145+0000] {logging_mixin.py:188} INFO - [2026-02-18T23:10:49.144+0000] {dag.py:3954} INFO - Setting next_dagrun for data_quality to 2026-02-18 16:00:00+00:00, run_after=2026-02-19 16:00:00+00:00
[2026-02-18T23:10:49.177+0000] {logging_mixin.py:188} INFO - [2026-02-18T23:10:49.175+0000] {dag.py:3954} INFO - Setting next_dagrun for produce_json to 2026-02-18 14:00:00+00:00, run_after=2026-02-19 14:00:00+00:00
[2026-02-18T23:10:49.196+0000] {logging_mixin.py:188} INFO - [2026-02-18T23:10:49.195+0000] {dag.py:3954} INFO - Setting next_dagrun for update_db to 2026-02-18 15:00:00+00:00, run_after=2026-02-19 15:00:00+00:00
[2026-02-18T23:10:49.283+0000] {processor.py:183} INFO - Processing /opt/airflow/dags/main.py took 0.867 seconds
[2026-02-18T23:11:19.955+0000] {processor.py:161} INFO - Started process (PID=1069) to work on /opt/airflow/dags/main.py
[2026-02-18T23:11:19.960+0000] {processor.py:830} INFO - Processing file /opt/airflow/dags/main.py for tasks to queue
[2026-02-18T23:11:19.967+0000] {logging_mixin.py:188} INFO - [2026-02-18T23:11:19.967+0000] {dagbag.py:545} INFO - Filling up the DagBag from /opt/airflow/dags/main.py
[2026-02-18T23:11:20.074+0000] {processor.py:840} INFO - DAG(s) 'update_db', 'data_quality', 'produce_json' retrieved from /opt/airflow/dags/main.py
[2026-02-18T23:11:20.303+0000] {logging_mixin.py:188} INFO - [2026-02-18T23:11:20.302+0000] {dag.py:3096} INFO - Sync 3 DAGs
[2026-02-18T23:11:20.375+0000] {logging_mixin.py:188} INFO - [2026-02-18T23:11:20.375+0000] {dag.py:3954} INFO - Setting next_dagrun for data_quality to 2026-02-18 16:00:00+00:00, run_after=2026-02-19 16:00:00+00:00
[2026-02-18T23:11:20.395+0000] {logging_mixin.py:188} INFO - [2026-02-18T23:11:20.395+0000] {dag.py:3954} INFO - Setting next_dagrun for produce_json to 2026-02-18 14:00:00+00:00, run_after=2026-02-19 14:00:00+00:00
[2026-02-18T23:11:20.401+0000] {logging_mixin.py:188} INFO - [2026-02-18T23:11:20.401+0000] {dag.py:3954} INFO - Setting next_dagrun for update_db to 2026-02-18 15:00:00+00:00, run_after=2026-02-19 15:00:00+00:00
[2026-02-18T23:11:20.633+0000] {processor.py:183} INFO - Processing /opt/airflow/dags/main.py took 0.719 seconds
[2026-02-18T23:11:51.055+0000] {processor.py:161} INFO - Started process (PID=1076) to work on /opt/airflow/dags/main.py
[2026-02-18T23:11:51.061+0000] {processor.py:830} INFO - Processing file /opt/airflow/dags/main.py for tasks to queue
[2026-02-18T23:11:51.068+0000] {logging_mixin.py:188} INFO - [2026-02-18T23:11:51.068+0000] {dagbag.py:545} INFO - Filling up the DagBag from /opt/airflow/dags/main.py
[2026-02-18T23:11:51.137+0000] {processor.py:840} INFO - DAG(s) 'produce_json', 'update_db', 'data_quality' retrieved from /opt/airflow/dags/main.py
[2026-02-18T23:11:51.233+0000] {logging_mixin.py:188} INFO - [2026-02-18T23:11:51.232+0000] {dag.py:3096} INFO - Sync 3 DAGs
[2026-02-18T23:11:51.271+0000] {logging_mixin.py:188} INFO - [2026-02-18T23:11:51.271+0000] {dag.py:3954} INFO - Setting next_dagrun for data_quality to 2026-02-18 16:00:00+00:00, run_after=2026-02-19 16:00:00+00:00
[2026-02-18T23:11:51.285+0000] {logging_mixin.py:188} INFO - [2026-02-18T23:11:51.284+0000] {dag.py:3954} INFO - Setting next_dagrun for produce_json to 2026-02-18 14:00:00+00:00, run_after=2026-02-19 14:00:00+00:00
[2026-02-18T23:11:51.298+0000] {logging_mixin.py:188} INFO - [2026-02-18T23:11:51.298+0000] {dag.py:3954} INFO - Setting next_dagrun for update_db to 2026-02-18 15:00:00+00:00, run_after=2026-02-19 15:00:00+00:00
[2026-02-18T23:11:51.325+0000] {processor.py:183} INFO - Processing /opt/airflow/dags/main.py took 0.281 seconds
[2026-02-18T23:12:21.951+0000] {processor.py:161} INFO - Started process (PID=1084) to work on /opt/airflow/dags/main.py
[2026-02-18T23:12:21.955+0000] {processor.py:830} INFO - Processing file /opt/airflow/dags/main.py for tasks to queue
[2026-02-18T23:12:21.960+0000] {logging_mixin.py:188} INFO - [2026-02-18T23:12:21.959+0000] {dagbag.py:545} INFO - Filling up the DagBag from /opt/airflow/dags/main.py
[2026-02-18T23:12:22.072+0000] {processor.py:840} INFO - DAG(s) 'update_db', 'produce_json', 'data_quality' retrieved from /opt/airflow/dags/main.py
[2026-02-18T23:12:22.127+0000] {logging_mixin.py:188} INFO - [2026-02-18T23:12:22.127+0000] {dag.py:3096} INFO - Sync 3 DAGs
[2026-02-18T23:12:22.198+0000] {logging_mixin.py:188} INFO - [2026-02-18T23:12:22.198+0000] {dag.py:3954} INFO - Setting next_dagrun for data_quality to 2026-02-18 16:00:00+00:00, run_after=2026-02-19 16:00:00+00:00
[2026-02-18T23:12:22.209+0000] {logging_mixin.py:188} INFO - [2026-02-18T23:12:22.209+0000] {dag.py:3954} INFO - Setting next_dagrun for produce_json to 2026-02-18 14:00:00+00:00, run_after=2026-02-19 14:00:00+00:00
[2026-02-18T23:12:22.223+0000] {logging_mixin.py:188} INFO - [2026-02-18T23:12:22.222+0000] {dag.py:3954} INFO - Setting next_dagrun for update_db to 2026-02-18 15:00:00+00:00, run_after=2026-02-19 15:00:00+00:00
[2026-02-18T23:12:22.273+0000] {processor.py:183} INFO - Processing /opt/airflow/dags/main.py took 0.337 seconds
[2026-02-18T23:12:52.518+0000] {processor.py:161} INFO - Started process (PID=1091) to work on /opt/airflow/dags/main.py
[2026-02-18T23:12:52.522+0000] {processor.py:830} INFO - Processing file /opt/airflow/dags/main.py for tasks to queue
[2026-02-18T23:12:52.527+0000] {logging_mixin.py:188} INFO - [2026-02-18T23:12:52.526+0000] {dagbag.py:545} INFO - Filling up the DagBag from /opt/airflow/dags/main.py
[2026-02-18T23:12:52.611+0000] {processor.py:840} INFO - DAG(s) 'data_quality', 'produce_json', 'update_db' retrieved from /opt/airflow/dags/main.py
[2026-02-18T23:12:52.711+0000] {logging_mixin.py:188} INFO - [2026-02-18T23:12:52.711+0000] {dag.py:3096} INFO - Sync 3 DAGs
[2026-02-18T23:12:52.758+0000] {logging_mixin.py:188} INFO - [2026-02-18T23:12:52.758+0000] {dag.py:3954} INFO - Setting next_dagrun for data_quality to 2026-02-18 16:00:00+00:00, run_after=2026-02-19 16:00:00+00:00
[2026-02-18T23:12:52.772+0000] {logging_mixin.py:188} INFO - [2026-02-18T23:12:52.771+0000] {dag.py:3954} INFO - Setting next_dagrun for produce_json to 2026-02-18 14:00:00+00:00, run_after=2026-02-19 14:00:00+00:00
[2026-02-18T23:12:52.778+0000] {logging_mixin.py:188} INFO - [2026-02-18T23:12:52.778+0000] {dag.py:3954} INFO - Setting next_dagrun for update_db to 2026-02-18 15:00:00+00:00, run_after=2026-02-19 15:00:00+00:00
[2026-02-18T23:12:52.824+0000] {processor.py:183} INFO - Processing /opt/airflow/dags/main.py took 0.321 seconds
[2026-02-18T23:13:23.611+0000] {processor.py:161} INFO - Started process (PID=1098) to work on /opt/airflow/dags/main.py
[2026-02-18T23:13:23.615+0000] {processor.py:830} INFO - Processing file /opt/airflow/dags/main.py for tasks to queue
[2026-02-18T23:13:23.620+0000] {logging_mixin.py:188} INFO - [2026-02-18T23:13:23.620+0000] {dagbag.py:545} INFO - Filling up the DagBag from /opt/airflow/dags/main.py
[2026-02-18T23:13:23.690+0000] {processor.py:840} INFO - DAG(s) 'produce_json', 'update_db', 'data_quality' retrieved from /opt/airflow/dags/main.py
[2026-02-18T23:13:23.761+0000] {logging_mixin.py:188} INFO - [2026-02-18T23:13:23.761+0000] {dag.py:3096} INFO - Sync 3 DAGs
[2026-02-18T23:13:23.815+0000] {logging_mixin.py:188} INFO - [2026-02-18T23:13:23.815+0000] {dag.py:3954} INFO - Setting next_dagrun for data_quality to 2026-02-18 16:00:00+00:00, run_after=2026-02-19 16:00:00+00:00
[2026-02-18T23:13:23.827+0000] {logging_mixin.py:188} INFO - [2026-02-18T23:13:23.827+0000] {dag.py:3954} INFO - Setting next_dagrun for produce_json to 2026-02-18 14:00:00+00:00, run_after=2026-02-19 14:00:00+00:00
[2026-02-18T23:13:23.834+0000] {logging_mixin.py:188} INFO - [2026-02-18T23:13:23.834+0000] {dag.py:3954} INFO - Setting next_dagrun for update_db to 2026-02-18 15:00:00+00:00, run_after=2026-02-19 15:00:00+00:00
[2026-02-18T23:13:23.883+0000] {processor.py:183} INFO - Processing /opt/airflow/dags/main.py took 0.294 seconds
[2026-02-18T23:13:54.166+0000] {processor.py:161} INFO - Started process (PID=1106) to work on /opt/airflow/dags/main.py
[2026-02-18T23:13:54.169+0000] {processor.py:830} INFO - Processing file /opt/airflow/dags/main.py for tasks to queue
[2026-02-18T23:13:54.173+0000] {logging_mixin.py:188} INFO - [2026-02-18T23:13:54.172+0000] {dagbag.py:545} INFO - Filling up the DagBag from /opt/airflow/dags/main.py
[2026-02-18T23:13:54.246+0000] {processor.py:840} INFO - DAG(s) 'data_quality', 'produce_json', 'update_db' retrieved from /opt/airflow/dags/main.py
[2026-02-18T23:13:54.336+0000] {logging_mixin.py:188} INFO - [2026-02-18T23:13:54.336+0000] {dag.py:3096} INFO - Sync 3 DAGs
[2026-02-18T23:13:54.397+0000] {logging_mixin.py:188} INFO - [2026-02-18T23:13:54.397+0000] {dag.py:3954} INFO - Setting next_dagrun for data_quality to 2026-02-18 16:00:00+00:00, run_after=2026-02-19 16:00:00+00:00
[2026-02-18T23:13:54.410+0000] {logging_mixin.py:188} INFO - [2026-02-18T23:13:54.410+0000] {dag.py:3954} INFO - Setting next_dagrun for produce_json to 2026-02-18 14:00:00+00:00, run_after=2026-02-19 14:00:00+00:00
[2026-02-18T23:13:54.421+0000] {logging_mixin.py:188} INFO - [2026-02-18T23:13:54.420+0000] {dag.py:3954} INFO - Setting next_dagrun for update_db to 2026-02-18 15:00:00+00:00, run_after=2026-02-19 15:00:00+00:00
[2026-02-18T23:13:54.474+0000] {processor.py:183} INFO - Processing /opt/airflow/dags/main.py took 0.320 seconds
[2026-02-18T23:14:24.564+0000] {processor.py:161} INFO - Started process (PID=1113) to work on /opt/airflow/dags/main.py
[2026-02-18T23:14:24.572+0000] {processor.py:830} INFO - Processing file /opt/airflow/dags/main.py for tasks to queue
[2026-02-18T23:14:24.577+0000] {logging_mixin.py:188} INFO - [2026-02-18T23:14:24.577+0000] {dagbag.py:545} INFO - Filling up the DagBag from /opt/airflow/dags/main.py
[2026-02-18T23:14:24.704+0000] {processor.py:840} INFO - DAG(s) 'update_db', 'data_quality', 'produce_json' retrieved from /opt/airflow/dags/main.py
[2026-02-18T23:14:24.795+0000] {logging_mixin.py:188} INFO - [2026-02-18T23:14:24.795+0000] {dag.py:3096} INFO - Sync 3 DAGs
[2026-02-18T23:14:24.853+0000] {logging_mixin.py:188} INFO - [2026-02-18T23:14:24.851+0000] {dag.py:3954} INFO - Setting next_dagrun for data_quality to 2026-02-18 16:00:00+00:00, run_after=2026-02-19 16:00:00+00:00
[2026-02-18T23:14:24.873+0000] {logging_mixin.py:188} INFO - [2026-02-18T23:14:24.873+0000] {dag.py:3954} INFO - Setting next_dagrun for produce_json to 2026-02-18 14:00:00+00:00, run_after=2026-02-19 14:00:00+00:00
[2026-02-18T23:14:24.881+0000] {logging_mixin.py:188} INFO - [2026-02-18T23:14:24.880+0000] {dag.py:3954} INFO - Setting next_dagrun for update_db to 2026-02-18 15:00:00+00:00, run_after=2026-02-19 15:00:00+00:00
[2026-02-18T23:14:24.934+0000] {processor.py:183} INFO - Processing /opt/airflow/dags/main.py took 0.383 seconds
[2026-02-18T23:14:55.803+0000] {processor.py:161} INFO - Started process (PID=1120) to work on /opt/airflow/dags/main.py
[2026-02-18T23:14:55.814+0000] {processor.py:830} INFO - Processing file /opt/airflow/dags/main.py for tasks to queue
[2026-02-18T23:14:55.825+0000] {logging_mixin.py:188} INFO - [2026-02-18T23:14:55.823+0000] {dagbag.py:545} INFO - Filling up the DagBag from /opt/airflow/dags/main.py
[2026-02-18T23:14:55.934+0000] {processor.py:840} INFO - DAG(s) 'produce_json', 'update_db', 'data_quality' retrieved from /opt/airflow/dags/main.py
[2026-02-18T23:14:56.033+0000] {logging_mixin.py:188} INFO - [2026-02-18T23:14:56.032+0000] {dag.py:3096} INFO - Sync 3 DAGs
[2026-02-18T23:14:56.090+0000] {logging_mixin.py:188} INFO - [2026-02-18T23:14:56.090+0000] {dag.py:3954} INFO - Setting next_dagrun for data_quality to 2026-02-18 16:00:00+00:00, run_after=2026-02-19 16:00:00+00:00
[2026-02-18T23:14:56.101+0000] {logging_mixin.py:188} INFO - [2026-02-18T23:14:56.101+0000] {dag.py:3954} INFO - Setting next_dagrun for produce_json to 2026-02-18 14:00:00+00:00, run_after=2026-02-19 14:00:00+00:00
[2026-02-18T23:14:56.110+0000] {logging_mixin.py:188} INFO - [2026-02-18T23:14:56.110+0000] {dag.py:3954} INFO - Setting next_dagrun for update_db to 2026-02-18 15:00:00+00:00, run_after=2026-02-19 15:00:00+00:00
[2026-02-18T23:14:56.159+0000] {processor.py:183} INFO - Processing /opt/airflow/dags/main.py took 0.374 seconds
[2026-02-18T23:15:26.665+0000] {processor.py:161} INFO - Started process (PID=1127) to work on /opt/airflow/dags/main.py
[2026-02-18T23:15:26.668+0000] {processor.py:830} INFO - Processing file /opt/airflow/dags/main.py for tasks to queue
[2026-02-18T23:15:26.671+0000] {logging_mixin.py:188} INFO - [2026-02-18T23:15:26.670+0000] {dagbag.py:545} INFO - Filling up the DagBag from /opt/airflow/dags/main.py
[2026-02-18T23:15:26.769+0000] {processor.py:840} INFO - DAG(s) 'produce_json', 'update_db', 'data_quality' retrieved from /opt/airflow/dags/main.py
[2026-02-18T23:15:26.864+0000] {logging_mixin.py:188} INFO - [2026-02-18T23:15:26.864+0000] {dag.py:3096} INFO - Sync 3 DAGs
[2026-02-18T23:15:26.921+0000] {logging_mixin.py:188} INFO - [2026-02-18T23:15:26.920+0000] {dag.py:3954} INFO - Setting next_dagrun for data_quality to 2026-02-18 16:00:00+00:00, run_after=2026-02-19 16:00:00+00:00
[2026-02-18T23:15:26.932+0000] {logging_mixin.py:188} INFO - [2026-02-18T23:15:26.932+0000] {dag.py:3954} INFO - Setting next_dagrun for produce_json to 2026-02-18 14:00:00+00:00, run_after=2026-02-19 14:00:00+00:00
[2026-02-18T23:15:26.941+0000] {logging_mixin.py:188} INFO - [2026-02-18T23:15:26.941+0000] {dag.py:3954} INFO - Setting next_dagrun for update_db to 2026-02-18 15:00:00+00:00, run_after=2026-02-19 15:00:00+00:00
[2026-02-18T23:15:26.987+0000] {processor.py:183} INFO - Processing /opt/airflow/dags/main.py took 0.339 seconds
[2026-02-18T23:15:57.188+0000] {processor.py:161} INFO - Started process (PID=1134) to work on /opt/airflow/dags/main.py
[2026-02-18T23:15:57.378+0000] {processor.py:830} INFO - Processing file /opt/airflow/dags/main.py for tasks to queue
[2026-02-18T23:15:57.382+0000] {logging_mixin.py:188} INFO - [2026-02-18T23:15:57.381+0000] {dagbag.py:545} INFO - Filling up the DagBag from /opt/airflow/dags/main.py
[2026-02-18T23:15:57.469+0000] {processor.py:840} INFO - DAG(s) 'data_quality', 'produce_json', 'update_db' retrieved from /opt/airflow/dags/main.py
[2026-02-18T23:15:57.649+0000] {logging_mixin.py:188} INFO - [2026-02-18T23:15:57.648+0000] {dag.py:3096} INFO - Sync 3 DAGs
[2026-02-18T23:15:57.693+0000] {logging_mixin.py:188} INFO - [2026-02-18T23:15:57.693+0000] {dag.py:3954} INFO - Setting next_dagrun for data_quality to 2026-02-18 16:00:00+00:00, run_after=2026-02-19 16:00:00+00:00
[2026-02-18T23:15:57.703+0000] {logging_mixin.py:188} INFO - [2026-02-18T23:15:57.703+0000] {dag.py:3954} INFO - Setting next_dagrun for produce_json to 2026-02-18 14:00:00+00:00, run_after=2026-02-19 14:00:00+00:00
[2026-02-18T23:15:57.710+0000] {logging_mixin.py:188} INFO - [2026-02-18T23:15:57.709+0000] {dag.py:3954} INFO - Setting next_dagrun for update_db to 2026-02-18 15:00:00+00:00, run_after=2026-02-19 15:00:00+00:00
[2026-02-18T23:15:57.740+0000] {processor.py:183} INFO - Processing /opt/airflow/dags/main.py took 0.562 seconds
[2026-02-18T23:16:28.243+0000] {processor.py:161} INFO - Started process (PID=1141) to work on /opt/airflow/dags/main.py
[2026-02-18T23:16:28.247+0000] {processor.py:830} INFO - Processing file /opt/airflow/dags/main.py for tasks to queue
[2026-02-18T23:16:28.250+0000] {logging_mixin.py:188} INFO - [2026-02-18T23:16:28.250+0000] {dagbag.py:545} INFO - Filling up the DagBag from /opt/airflow/dags/main.py
[2026-02-18T23:16:28.342+0000] {processor.py:840} INFO - DAG(s) 'data_quality', 'update_db', 'produce_json' retrieved from /opt/airflow/dags/main.py
[2026-02-18T23:16:28.411+0000] {logging_mixin.py:188} INFO - [2026-02-18T23:16:28.411+0000] {dag.py:3096} INFO - Sync 3 DAGs
[2026-02-18T23:16:28.452+0000] {logging_mixin.py:188} INFO - [2026-02-18T23:16:28.452+0000] {dag.py:3954} INFO - Setting next_dagrun for data_quality to 2026-02-18 16:00:00+00:00, run_after=2026-02-19 16:00:00+00:00
[2026-02-18T23:16:28.463+0000] {logging_mixin.py:188} INFO - [2026-02-18T23:16:28.463+0000] {dag.py:3954} INFO - Setting next_dagrun for produce_json to 2026-02-18 14:00:00+00:00, run_after=2026-02-19 14:00:00+00:00
[2026-02-18T23:16:28.471+0000] {logging_mixin.py:188} INFO - [2026-02-18T23:16:28.470+0000] {dag.py:3954} INFO - Setting next_dagrun for update_db to 2026-02-18 15:00:00+00:00, run_after=2026-02-19 15:00:00+00:00
[2026-02-18T23:16:28.512+0000] {processor.py:183} INFO - Processing /opt/airflow/dags/main.py took 0.286 seconds
[2026-02-18T23:16:58.800+0000] {processor.py:161} INFO - Started process (PID=1147) to work on /opt/airflow/dags/main.py
[2026-02-18T23:16:58.806+0000] {processor.py:830} INFO - Processing file /opt/airflow/dags/main.py for tasks to queue
[2026-02-18T23:16:58.810+0000] {logging_mixin.py:188} INFO - [2026-02-18T23:16:58.810+0000] {dagbag.py:545} INFO - Filling up the DagBag from /opt/airflow/dags/main.py
[2026-02-18T23:16:58.878+0000] {processor.py:840} INFO - DAG(s) 'update_db', 'data_quality', 'produce_json' retrieved from /opt/airflow/dags/main.py
[2026-02-18T23:16:58.989+0000] {logging_mixin.py:188} INFO - [2026-02-18T23:16:58.989+0000] {dag.py:3096} INFO - Sync 3 DAGs
[2026-02-18T23:16:59.036+0000] {logging_mixin.py:188} INFO - [2026-02-18T23:16:59.035+0000] {dag.py:3954} INFO - Setting next_dagrun for data_quality to 2026-02-18 16:00:00+00:00, run_after=2026-02-19 16:00:00+00:00
[2026-02-18T23:16:59.047+0000] {logging_mixin.py:188} INFO - [2026-02-18T23:16:59.047+0000] {dag.py:3954} INFO - Setting next_dagrun for produce_json to 2026-02-18 14:00:00+00:00, run_after=2026-02-19 14:00:00+00:00
[2026-02-18T23:16:59.055+0000] {logging_mixin.py:188} INFO - [2026-02-18T23:16:59.055+0000] {dag.py:3954} INFO - Setting next_dagrun for update_db to 2026-02-18 15:00:00+00:00, run_after=2026-02-19 15:00:00+00:00
[2026-02-18T23:16:59.100+0000] {processor.py:183} INFO - Processing /opt/airflow/dags/main.py took 0.317 seconds
[2026-02-18T23:17:29.797+0000] {processor.py:161} INFO - Started process (PID=1154) to work on /opt/airflow/dags/main.py
[2026-02-18T23:17:29.820+0000] {processor.py:830} INFO - Processing file /opt/airflow/dags/main.py for tasks to queue
[2026-02-18T23:17:29.853+0000] {logging_mixin.py:188} INFO - [2026-02-18T23:17:29.852+0000] {dagbag.py:545} INFO - Filling up the DagBag from /opt/airflow/dags/main.py
[2026-02-18T23:17:30.065+0000] {processor.py:840} INFO - DAG(s) 'update_db', 'produce_json', 'data_quality' retrieved from /opt/airflow/dags/main.py
[2026-02-18T23:17:30.176+0000] {logging_mixin.py:188} INFO - [2026-02-18T23:17:30.176+0000] {dag.py:3096} INFO - Sync 3 DAGs
[2026-02-18T23:17:30.213+0000] {logging_mixin.py:188} INFO - [2026-02-18T23:17:30.212+0000] {dag.py:3954} INFO - Setting next_dagrun for data_quality to 2026-02-18 16:00:00+00:00, run_after=2026-02-19 16:00:00+00:00
[2026-02-18T23:17:30.226+0000] {logging_mixin.py:188} INFO - [2026-02-18T23:17:30.226+0000] {dag.py:3954} INFO - Setting next_dagrun for produce_json to 2026-02-18 14:00:00+00:00, run_after=2026-02-19 14:00:00+00:00
[2026-02-18T23:17:30.241+0000] {logging_mixin.py:188} INFO - [2026-02-18T23:17:30.241+0000] {dag.py:3954} INFO - Setting next_dagrun for update_db to 2026-02-18 15:00:00+00:00, run_after=2026-02-19 15:00:00+00:00
[2026-02-18T23:17:30.290+0000] {processor.py:183} INFO - Processing /opt/airflow/dags/main.py took 0.610 seconds
[2026-02-18T23:18:01.248+0000] {processor.py:161} INFO - Started process (PID=1161) to work on /opt/airflow/dags/main.py
[2026-02-18T23:18:01.265+0000] {processor.py:830} INFO - Processing file /opt/airflow/dags/main.py for tasks to queue
[2026-02-18T23:18:01.269+0000] {logging_mixin.py:188} INFO - [2026-02-18T23:18:01.268+0000] {dagbag.py:545} INFO - Filling up the DagBag from /opt/airflow/dags/main.py
[2026-02-18T23:18:01.405+0000] {processor.py:840} INFO - DAG(s) 'produce_json', 'data_quality', 'update_db' retrieved from /opt/airflow/dags/main.py
[2026-02-18T23:18:01.546+0000] {logging_mixin.py:188} INFO - [2026-02-18T23:18:01.545+0000] {dag.py:3096} INFO - Sync 3 DAGs
[2026-02-18T23:18:01.619+0000] {logging_mixin.py:188} INFO - [2026-02-18T23:18:01.618+0000] {dag.py:3954} INFO - Setting next_dagrun for data_quality to 2026-02-18 16:00:00+00:00, run_after=2026-02-19 16:00:00+00:00
[2026-02-18T23:18:01.639+0000] {logging_mixin.py:188} INFO - [2026-02-18T23:18:01.639+0000] {dag.py:3954} INFO - Setting next_dagrun for produce_json to 2026-02-18 14:00:00+00:00, run_after=2026-02-19 14:00:00+00:00
[2026-02-18T23:18:01.649+0000] {logging_mixin.py:188} INFO - [2026-02-18T23:18:01.649+0000] {dag.py:3954} INFO - Setting next_dagrun for update_db to 2026-02-18 15:00:00+00:00, run_after=2026-02-19 15:00:00+00:00
[2026-02-18T23:18:01.696+0000] {processor.py:183} INFO - Processing /opt/airflow/dags/main.py took 0.464 seconds
[2026-02-18T23:18:31.838+0000] {processor.py:161} INFO - Started process (PID=1170) to work on /opt/airflow/dags/main.py
[2026-02-18T23:18:31.845+0000] {processor.py:830} INFO - Processing file /opt/airflow/dags/main.py for tasks to queue
[2026-02-18T23:18:31.850+0000] {logging_mixin.py:188} INFO - [2026-02-18T23:18:31.850+0000] {dagbag.py:545} INFO - Filling up the DagBag from /opt/airflow/dags/main.py
[2026-02-18T23:18:31.984+0000] {processor.py:840} INFO - DAG(s) 'data_quality', 'update_db', 'produce_json' retrieved from /opt/airflow/dags/main.py
[2026-02-18T23:18:32.180+0000] {logging_mixin.py:188} INFO - [2026-02-18T23:18:32.179+0000] {dag.py:3096} INFO - Sync 3 DAGs
[2026-02-18T23:18:32.260+0000] {logging_mixin.py:188} INFO - [2026-02-18T23:18:32.259+0000] {dag.py:3954} INFO - Setting next_dagrun for data_quality to 2026-02-18 16:00:00+00:00, run_after=2026-02-19 16:00:00+00:00
[2026-02-18T23:18:32.334+0000] {logging_mixin.py:188} INFO - [2026-02-18T23:18:32.328+0000] {dag.py:3954} INFO - Setting next_dagrun for produce_json to 2026-02-18 14:00:00+00:00, run_after=2026-02-19 14:00:00+00:00
[2026-02-18T23:18:32.344+0000] {logging_mixin.py:188} INFO - [2026-02-18T23:18:32.344+0000] {dag.py:3954} INFO - Setting next_dagrun for update_db to 2026-02-18 15:00:00+00:00, run_after=2026-02-19 15:00:00+00:00
[2026-02-18T23:18:32.454+0000] {processor.py:183} INFO - Processing /opt/airflow/dags/main.py took 0.658 seconds
[2026-02-18T23:19:02.793+0000] {processor.py:161} INFO - Started process (PID=1177) to work on /opt/airflow/dags/main.py
[2026-02-18T23:19:02.798+0000] {processor.py:830} INFO - Processing file /opt/airflow/dags/main.py for tasks to queue
[2026-02-18T23:19:02.802+0000] {logging_mixin.py:188} INFO - [2026-02-18T23:19:02.802+0000] {dagbag.py:545} INFO - Filling up the DagBag from /opt/airflow/dags/main.py
[2026-02-18T23:19:02.886+0000] {processor.py:840} INFO - DAG(s) 'update_db', 'data_quality', 'produce_json' retrieved from /opt/airflow/dags/main.py
[2026-02-18T23:19:02.979+0000] {logging_mixin.py:188} INFO - [2026-02-18T23:19:02.978+0000] {dag.py:3096} INFO - Sync 3 DAGs
[2026-02-18T23:19:03.044+0000] {logging_mixin.py:188} INFO - [2026-02-18T23:19:03.044+0000] {dag.py:3954} INFO - Setting next_dagrun for data_quality to 2026-02-18 16:00:00+00:00, run_after=2026-02-19 16:00:00+00:00
[2026-02-18T23:19:03.057+0000] {logging_mixin.py:188} INFO - [2026-02-18T23:19:03.057+0000] {dag.py:3954} INFO - Setting next_dagrun for produce_json to 2026-02-18 14:00:00+00:00, run_after=2026-02-19 14:00:00+00:00
[2026-02-18T23:19:03.064+0000] {logging_mixin.py:188} INFO - [2026-02-18T23:19:03.064+0000] {dag.py:3954} INFO - Setting next_dagrun for update_db to 2026-02-18 15:00:00+00:00, run_after=2026-02-19 15:00:00+00:00
[2026-02-18T23:19:03.111+0000] {processor.py:183} INFO - Processing /opt/airflow/dags/main.py took 0.335 seconds
[2026-02-18T23:19:33.856+0000] {processor.py:161} INFO - Started process (PID=1183) to work on /opt/airflow/dags/main.py
[2026-02-18T23:19:33.862+0000] {processor.py:830} INFO - Processing file /opt/airflow/dags/main.py for tasks to queue
[2026-02-18T23:19:33.871+0000] {logging_mixin.py:188} INFO - [2026-02-18T23:19:33.867+0000] {dagbag.py:545} INFO - Filling up the DagBag from /opt/airflow/dags/main.py
[2026-02-18T23:19:33.972+0000] {processor.py:840} INFO - DAG(s) 'data_quality', 'update_db', 'produce_json' retrieved from /opt/airflow/dags/main.py
[2026-02-18T23:19:34.064+0000] {logging_mixin.py:188} INFO - [2026-02-18T23:19:34.064+0000] {dag.py:3096} INFO - Sync 3 DAGs
[2026-02-18T23:19:34.123+0000] {logging_mixin.py:188} INFO - [2026-02-18T23:19:34.123+0000] {dag.py:3954} INFO - Setting next_dagrun for data_quality to 2026-02-18 16:00:00+00:00, run_after=2026-02-19 16:00:00+00:00
[2026-02-18T23:19:34.135+0000] {logging_mixin.py:188} INFO - [2026-02-18T23:19:34.135+0000] {dag.py:3954} INFO - Setting next_dagrun for produce_json to 2026-02-18 14:00:00+00:00, run_after=2026-02-19 14:00:00+00:00
[2026-02-18T23:19:34.143+0000] {logging_mixin.py:188} INFO - [2026-02-18T23:19:34.143+0000] {dag.py:3954} INFO - Setting next_dagrun for update_db to 2026-02-18 15:00:00+00:00, run_after=2026-02-19 15:00:00+00:00
[2026-02-18T23:19:34.191+0000] {processor.py:183} INFO - Processing /opt/airflow/dags/main.py took 0.361 seconds
[2026-02-18T23:20:04.986+0000] {processor.py:161} INFO - Started process (PID=1190) to work on /opt/airflow/dags/main.py
[2026-02-18T23:20:04.992+0000] {processor.py:830} INFO - Processing file /opt/airflow/dags/main.py for tasks to queue
[2026-02-18T23:20:04.994+0000] {logging_mixin.py:188} INFO - [2026-02-18T23:20:04.994+0000] {dagbag.py:545} INFO - Filling up the DagBag from /opt/airflow/dags/main.py
[2026-02-18T23:20:05.063+0000] {processor.py:840} INFO - DAG(s) 'data_quality', 'update_db', 'produce_json' retrieved from /opt/airflow/dags/main.py
[2026-02-18T23:20:05.173+0000] {logging_mixin.py:188} INFO - [2026-02-18T23:20:05.172+0000] {dag.py:3096} INFO - Sync 3 DAGs
[2026-02-18T23:20:05.235+0000] {logging_mixin.py:188} INFO - [2026-02-18T23:20:05.234+0000] {dag.py:3954} INFO - Setting next_dagrun for data_quality to 2026-02-18 16:00:00+00:00, run_after=2026-02-19 16:00:00+00:00
[2026-02-18T23:20:05.247+0000] {logging_mixin.py:188} INFO - [2026-02-18T23:20:05.247+0000] {dag.py:3954} INFO - Setting next_dagrun for produce_json to 2026-02-18 14:00:00+00:00, run_after=2026-02-19 14:00:00+00:00
[2026-02-18T23:20:05.256+0000] {logging_mixin.py:188} INFO - [2026-02-18T23:20:05.255+0000] {dag.py:3954} INFO - Setting next_dagrun for update_db to 2026-02-18 15:00:00+00:00, run_after=2026-02-19 15:00:00+00:00
[2026-02-18T23:20:05.302+0000] {processor.py:183} INFO - Processing /opt/airflow/dags/main.py took 0.331 seconds
[2026-02-18T23:20:35.738+0000] {processor.py:161} INFO - Started process (PID=1197) to work on /opt/airflow/dags/main.py
[2026-02-18T23:20:35.751+0000] {processor.py:830} INFO - Processing file /opt/airflow/dags/main.py for tasks to queue
[2026-02-18T23:20:35.756+0000] {logging_mixin.py:188} INFO - [2026-02-18T23:20:35.756+0000] {dagbag.py:545} INFO - Filling up the DagBag from /opt/airflow/dags/main.py
[2026-02-18T23:20:35.890+0000] {processor.py:840} INFO - DAG(s) 'data_quality', 'produce_json', 'update_db' retrieved from /opt/airflow/dags/main.py
[2026-02-18T23:20:36.020+0000] {logging_mixin.py:188} INFO - [2026-02-18T23:20:36.019+0000] {dag.py:3096} INFO - Sync 3 DAGs
[2026-02-18T23:20:36.088+0000] {logging_mixin.py:188} INFO - [2026-02-18T23:20:36.087+0000] {dag.py:3954} INFO - Setting next_dagrun for data_quality to 2026-02-18 16:00:00+00:00, run_after=2026-02-19 16:00:00+00:00
[2026-02-18T23:20:36.114+0000] {logging_mixin.py:188} INFO - [2026-02-18T23:20:36.114+0000] {dag.py:3954} INFO - Setting next_dagrun for produce_json to 2026-02-18 14:00:00+00:00, run_after=2026-02-19 14:00:00+00:00
[2026-02-18T23:20:36.123+0000] {logging_mixin.py:188} INFO - [2026-02-18T23:20:36.122+0000] {dag.py:3954} INFO - Setting next_dagrun for update_db to 2026-02-18 15:00:00+00:00, run_after=2026-02-19 15:00:00+00:00
[2026-02-18T23:20:36.208+0000] {processor.py:183} INFO - Processing /opt/airflow/dags/main.py took 0.499 seconds
[2026-02-18T23:21:06.466+0000] {processor.py:161} INFO - Started process (PID=1204) to work on /opt/airflow/dags/main.py
[2026-02-18T23:21:06.470+0000] {processor.py:830} INFO - Processing file /opt/airflow/dags/main.py for tasks to queue
[2026-02-18T23:21:06.482+0000] {logging_mixin.py:188} INFO - [2026-02-18T23:21:06.481+0000] {dagbag.py:545} INFO - Filling up the DagBag from /opt/airflow/dags/main.py
[2026-02-18T23:21:06.630+0000] {processor.py:840} INFO - DAG(s) 'produce_json', 'update_db', 'data_quality' retrieved from /opt/airflow/dags/main.py
[2026-02-18T23:21:06.781+0000] {logging_mixin.py:188} INFO - [2026-02-18T23:21:06.780+0000] {dag.py:3096} INFO - Sync 3 DAGs
[2026-02-18T23:21:06.879+0000] {logging_mixin.py:188} INFO - [2026-02-18T23:21:06.878+0000] {dag.py:3954} INFO - Setting next_dagrun for data_quality to 2026-02-18 16:00:00+00:00, run_after=2026-02-19 16:00:00+00:00
[2026-02-18T23:21:06.894+0000] {logging_mixin.py:188} INFO - [2026-02-18T23:21:06.893+0000] {dag.py:3954} INFO - Setting next_dagrun for produce_json to 2026-02-18 14:00:00+00:00, run_after=2026-02-19 14:00:00+00:00
[2026-02-18T23:21:06.902+0000] {logging_mixin.py:188} INFO - [2026-02-18T23:21:06.901+0000] {dag.py:3954} INFO - Setting next_dagrun for update_db to 2026-02-18 15:00:00+00:00, run_after=2026-02-19 15:00:00+00:00
[2026-02-18T23:21:06.966+0000] {processor.py:183} INFO - Processing /opt/airflow/dags/main.py took 0.518 seconds
[2026-02-18T23:21:37.497+0000] {processor.py:161} INFO - Started process (PID=1211) to work on /opt/airflow/dags/main.py
[2026-02-18T23:21:37.502+0000] {processor.py:830} INFO - Processing file /opt/airflow/dags/main.py for tasks to queue
[2026-02-18T23:21:37.509+0000] {logging_mixin.py:188} INFO - [2026-02-18T23:21:37.508+0000] {dagbag.py:545} INFO - Filling up the DagBag from /opt/airflow/dags/main.py
[2026-02-18T23:21:37.589+0000] {processor.py:840} INFO - DAG(s) 'produce_json', 'update_db', 'data_quality' retrieved from /opt/airflow/dags/main.py
[2026-02-18T23:21:37.678+0000] {logging_mixin.py:188} INFO - [2026-02-18T23:21:37.678+0000] {dag.py:3096} INFO - Sync 3 DAGs
[2026-02-18T23:21:37.750+0000] {logging_mixin.py:188} INFO - [2026-02-18T23:21:37.750+0000] {dag.py:3954} INFO - Setting next_dagrun for data_quality to 2026-02-18 16:00:00+00:00, run_after=2026-02-19 16:00:00+00:00
[2026-02-18T23:21:37.764+0000] {logging_mixin.py:188} INFO - [2026-02-18T23:21:37.764+0000] {dag.py:3954} INFO - Setting next_dagrun for produce_json to 2026-02-18 14:00:00+00:00, run_after=2026-02-19 14:00:00+00:00
[2026-02-18T23:21:37.773+0000] {logging_mixin.py:188} INFO - [2026-02-18T23:21:37.773+0000] {dag.py:3954} INFO - Setting next_dagrun for update_db to 2026-02-18 15:00:00+00:00, run_after=2026-02-19 15:00:00+00:00
[2026-02-18T23:21:37.842+0000] {processor.py:183} INFO - Processing /opt/airflow/dags/main.py took 0.366 seconds
[2026-02-18T23:22:08.073+0000] {processor.py:161} INFO - Started process (PID=1219) to work on /opt/airflow/dags/main.py
[2026-02-18T23:22:08.080+0000] {processor.py:830} INFO - Processing file /opt/airflow/dags/main.py for tasks to queue
[2026-02-18T23:22:08.083+0000] {logging_mixin.py:188} INFO - [2026-02-18T23:22:08.083+0000] {dagbag.py:545} INFO - Filling up the DagBag from /opt/airflow/dags/main.py
[2026-02-18T23:22:08.162+0000] {processor.py:840} INFO - DAG(s) 'update_db', 'produce_json', 'data_quality' retrieved from /opt/airflow/dags/main.py
[2026-02-18T23:22:08.278+0000] {logging_mixin.py:188} INFO - [2026-02-18T23:22:08.278+0000] {dag.py:3096} INFO - Sync 3 DAGs
[2026-02-18T23:22:08.333+0000] {logging_mixin.py:188} INFO - [2026-02-18T23:22:08.333+0000] {dag.py:3954} INFO - Setting next_dagrun for data_quality to 2026-02-18 16:00:00+00:00, run_after=2026-02-19 16:00:00+00:00
[2026-02-18T23:22:08.355+0000] {logging_mixin.py:188} INFO - [2026-02-18T23:22:08.354+0000] {dag.py:3954} INFO - Setting next_dagrun for produce_json to 2026-02-18 14:00:00+00:00, run_after=2026-02-19 14:00:00+00:00
[2026-02-18T23:22:08.363+0000] {logging_mixin.py:188} INFO - [2026-02-18T23:22:08.363+0000] {dag.py:3954} INFO - Setting next_dagrun for update_db to 2026-02-18 15:00:00+00:00, run_after=2026-02-19 15:00:00+00:00
[2026-02-18T23:22:08.417+0000] {processor.py:183} INFO - Processing /opt/airflow/dags/main.py took 0.358 seconds
[2026-02-18T23:22:38.736+0000] {processor.py:161} INFO - Started process (PID=1226) to work on /opt/airflow/dags/main.py
[2026-02-18T23:22:38.742+0000] {processor.py:830} INFO - Processing file /opt/airflow/dags/main.py for tasks to queue
[2026-02-18T23:22:38.748+0000] {logging_mixin.py:188} INFO - [2026-02-18T23:22:38.748+0000] {dagbag.py:545} INFO - Filling up the DagBag from /opt/airflow/dags/main.py
[2026-02-18T23:22:38.867+0000] {processor.py:840} INFO - DAG(s) 'data_quality', 'produce_json', 'update_db' retrieved from /opt/airflow/dags/main.py
[2026-02-18T23:22:38.963+0000] {logging_mixin.py:188} INFO - [2026-02-18T23:22:38.963+0000] {dag.py:3096} INFO - Sync 3 DAGs
[2026-02-18T23:22:39.029+0000] {logging_mixin.py:188} INFO - [2026-02-18T23:22:39.029+0000] {dag.py:3954} INFO - Setting next_dagrun for data_quality to 2026-02-18 16:00:00+00:00, run_after=2026-02-19 16:00:00+00:00
[2026-02-18T23:22:39.041+0000] {logging_mixin.py:188} INFO - [2026-02-18T23:22:39.041+0000] {dag.py:3954} INFO - Setting next_dagrun for produce_json to 2026-02-18 14:00:00+00:00, run_after=2026-02-19 14:00:00+00:00
[2026-02-18T23:22:39.050+0000] {logging_mixin.py:188} INFO - [2026-02-18T23:22:39.050+0000] {dag.py:3954} INFO - Setting next_dagrun for update_db to 2026-02-18 15:00:00+00:00, run_after=2026-02-19 15:00:00+00:00
[2026-02-18T23:22:39.108+0000] {processor.py:183} INFO - Processing /opt/airflow/dags/main.py took 0.384 seconds
[2026-02-18T23:23:09.950+0000] {processor.py:161} INFO - Started process (PID=1234) to work on /opt/airflow/dags/main.py
[2026-02-18T23:23:09.955+0000] {processor.py:830} INFO - Processing file /opt/airflow/dags/main.py for tasks to queue
[2026-02-18T23:23:09.962+0000] {logging_mixin.py:188} INFO - [2026-02-18T23:23:09.961+0000] {dagbag.py:545} INFO - Filling up the DagBag from /opt/airflow/dags/main.py
[2026-02-18T23:23:10.063+0000] {processor.py:840} INFO - DAG(s) 'produce_json', 'update_db', 'data_quality' retrieved from /opt/airflow/dags/main.py
[2026-02-18T23:23:10.160+0000] {logging_mixin.py:188} INFO - [2026-02-18T23:23:10.159+0000] {dag.py:3096} INFO - Sync 3 DAGs
[2026-02-18T23:23:10.246+0000] {logging_mixin.py:188} INFO - [2026-02-18T23:23:10.245+0000] {dag.py:3954} INFO - Setting next_dagrun for data_quality to 2026-02-18 16:00:00+00:00, run_after=2026-02-19 16:00:00+00:00
[2026-02-18T23:23:10.258+0000] {logging_mixin.py:188} INFO - [2026-02-18T23:23:10.258+0000] {dag.py:3954} INFO - Setting next_dagrun for produce_json to 2026-02-18 14:00:00+00:00, run_after=2026-02-19 14:00:00+00:00
[2026-02-18T23:23:10.267+0000] {logging_mixin.py:188} INFO - [2026-02-18T23:23:10.267+0000] {dag.py:3954} INFO - Setting next_dagrun for update_db to 2026-02-18 15:00:00+00:00, run_after=2026-02-19 15:00:00+00:00
[2026-02-18T23:23:10.323+0000] {processor.py:183} INFO - Processing /opt/airflow/dags/main.py took 0.383 seconds
[2026-02-18T23:23:41.050+0000] {processor.py:161} INFO - Started process (PID=1241) to work on /opt/airflow/dags/main.py
[2026-02-18T23:23:41.055+0000] {processor.py:830} INFO - Processing file /opt/airflow/dags/main.py for tasks to queue
[2026-02-18T23:23:41.059+0000] {logging_mixin.py:188} INFO - [2026-02-18T23:23:41.059+0000] {dagbag.py:545} INFO - Filling up the DagBag from /opt/airflow/dags/main.py
[2026-02-18T23:23:41.151+0000] {processor.py:840} INFO - DAG(s) 'produce_json', 'data_quality', 'update_db' retrieved from /opt/airflow/dags/main.py
[2026-02-18T23:23:41.249+0000] {logging_mixin.py:188} INFO - [2026-02-18T23:23:41.248+0000] {dag.py:3096} INFO - Sync 3 DAGs
[2026-02-18T23:23:41.298+0000] {logging_mixin.py:188} INFO - [2026-02-18T23:23:41.297+0000] {dag.py:3954} INFO - Setting next_dagrun for data_quality to 2026-02-18 16:00:00+00:00, run_after=2026-02-19 16:00:00+00:00
[2026-02-18T23:23:41.309+0000] {logging_mixin.py:188} INFO - [2026-02-18T23:23:41.308+0000] {dag.py:3954} INFO - Setting next_dagrun for produce_json to 2026-02-18 14:00:00+00:00, run_after=2026-02-19 14:00:00+00:00
[2026-02-18T23:23:41.321+0000] {logging_mixin.py:188} INFO - [2026-02-18T23:23:41.321+0000] {dag.py:3954} INFO - Setting next_dagrun for update_db to 2026-02-18 15:00:00+00:00, run_after=2026-02-19 15:00:00+00:00
[2026-02-18T23:23:41.375+0000] {processor.py:183} INFO - Processing /opt/airflow/dags/main.py took 0.340 seconds
[2026-02-18T23:24:12.032+0000] {processor.py:161} INFO - Started process (PID=1247) to work on /opt/airflow/dags/main.py
[2026-02-18T23:24:12.036+0000] {processor.py:830} INFO - Processing file /opt/airflow/dags/main.py for tasks to queue
[2026-02-18T23:24:12.051+0000] {logging_mixin.py:188} INFO - [2026-02-18T23:24:12.047+0000] {dagbag.py:545} INFO - Filling up the DagBag from /opt/airflow/dags/main.py
[2026-02-18T23:24:12.202+0000] {processor.py:840} INFO - DAG(s) 'produce_json', 'data_quality', 'update_db' retrieved from /opt/airflow/dags/main.py
[2026-02-18T23:24:12.332+0000] {logging_mixin.py:188} INFO - [2026-02-18T23:24:12.332+0000] {dag.py:3096} INFO - Sync 3 DAGs
[2026-02-18T23:24:12.403+0000] {logging_mixin.py:188} INFO - [2026-02-18T23:24:12.402+0000] {dag.py:3954} INFO - Setting next_dagrun for data_quality to 2026-02-18 16:00:00+00:00, run_after=2026-02-19 16:00:00+00:00
[2026-02-18T23:24:12.416+0000] {logging_mixin.py:188} INFO - [2026-02-18T23:24:12.416+0000] {dag.py:3954} INFO - Setting next_dagrun for produce_json to 2026-02-18 14:00:00+00:00, run_after=2026-02-19 14:00:00+00:00
[2026-02-18T23:24:12.428+0000] {logging_mixin.py:188} INFO - [2026-02-18T23:24:12.427+0000] {dag.py:3954} INFO - Setting next_dagrun for update_db to 2026-02-18 15:00:00+00:00, run_after=2026-02-19 15:00:00+00:00
[2026-02-18T23:24:12.463+0000] {processor.py:183} INFO - Processing /opt/airflow/dags/main.py took 0.447 seconds
[2026-02-18T23:24:42.728+0000] {processor.py:161} INFO - Started process (PID=1254) to work on /opt/airflow/dags/main.py
[2026-02-18T23:24:42.771+0000] {processor.py:830} INFO - Processing file /opt/airflow/dags/main.py for tasks to queue
[2026-02-18T23:24:42.773+0000] {logging_mixin.py:188} INFO - [2026-02-18T23:24:42.773+0000] {dagbag.py:545} INFO - Filling up the DagBag from /opt/airflow/dags/main.py
[2026-02-18T23:24:43.034+0000] {processor.py:840} INFO - DAG(s) 'data_quality', 'produce_json', 'update_db' retrieved from /opt/airflow/dags/main.py
[2026-02-18T23:24:43.177+0000] {logging_mixin.py:188} INFO - [2026-02-18T23:24:43.176+0000] {dag.py:3096} INFO - Sync 3 DAGs
[2026-02-18T23:24:43.213+0000] {logging_mixin.py:188} INFO - [2026-02-18T23:24:43.213+0000] {dag.py:3954} INFO - Setting next_dagrun for data_quality to 2026-02-18 16:00:00+00:00, run_after=2026-02-19 16:00:00+00:00
[2026-02-18T23:24:43.221+0000] {logging_mixin.py:188} INFO - [2026-02-18T23:24:43.221+0000] {dag.py:3954} INFO - Setting next_dagrun for produce_json to 2026-02-18 14:00:00+00:00, run_after=2026-02-19 14:00:00+00:00
[2026-02-18T23:24:43.226+0000] {logging_mixin.py:188} INFO - [2026-02-18T23:24:43.226+0000] {dag.py:3954} INFO - Setting next_dagrun for update_db to 2026-02-18 15:00:00+00:00, run_after=2026-02-19 15:00:00+00:00
[2026-02-18T23:24:43.301+0000] {processor.py:183} INFO - Processing /opt/airflow/dags/main.py took 0.584 seconds
[2026-02-18T23:25:13.872+0000] {processor.py:161} INFO - Started process (PID=1262) to work on /opt/airflow/dags/main.py
[2026-02-18T23:25:13.877+0000] {processor.py:830} INFO - Processing file /opt/airflow/dags/main.py for tasks to queue
[2026-02-18T23:25:13.884+0000] {logging_mixin.py:188} INFO - [2026-02-18T23:25:13.883+0000] {dagbag.py:545} INFO - Filling up the DagBag from /opt/airflow/dags/main.py
[2026-02-18T23:25:13.986+0000] {processor.py:840} INFO - DAG(s) 'produce_json', 'data_quality', 'update_db' retrieved from /opt/airflow/dags/main.py
[2026-02-18T23:25:14.097+0000] {logging_mixin.py:188} INFO - [2026-02-18T23:25:14.096+0000] {dag.py:3096} INFO - Sync 3 DAGs
[2026-02-18T23:25:14.154+0000] {logging_mixin.py:188} INFO - [2026-02-18T23:25:14.153+0000] {dag.py:3954} INFO - Setting next_dagrun for data_quality to 2026-02-18 16:00:00+00:00, run_after=2026-02-19 16:00:00+00:00
[2026-02-18T23:25:14.170+0000] {logging_mixin.py:188} INFO - [2026-02-18T23:25:14.170+0000] {dag.py:3954} INFO - Setting next_dagrun for produce_json to 2026-02-18 14:00:00+00:00, run_after=2026-02-19 14:00:00+00:00
[2026-02-18T23:25:14.186+0000] {logging_mixin.py:188} INFO - [2026-02-18T23:25:14.185+0000] {dag.py:3954} INFO - Setting next_dagrun for update_db to 2026-02-18 15:00:00+00:00, run_after=2026-02-19 15:00:00+00:00
[2026-02-18T23:25:14.232+0000] {processor.py:183} INFO - Processing /opt/airflow/dags/main.py took 0.377 seconds
[2026-02-18T23:25:44.895+0000] {processor.py:161} INFO - Started process (PID=1269) to work on /opt/airflow/dags/main.py
[2026-02-18T23:25:44.908+0000] {processor.py:830} INFO - Processing file /opt/airflow/dags/main.py for tasks to queue
[2026-02-18T23:25:44.911+0000] {logging_mixin.py:188} INFO - [2026-02-18T23:25:44.911+0000] {dagbag.py:545} INFO - Filling up the DagBag from /opt/airflow/dags/main.py
[2026-02-18T23:25:45.005+0000] {processor.py:840} INFO - DAG(s) 'data_quality', 'produce_json', 'update_db' retrieved from /opt/airflow/dags/main.py
[2026-02-18T23:25:45.145+0000] {logging_mixin.py:188} INFO - [2026-02-18T23:25:45.144+0000] {dag.py:3096} INFO - Sync 3 DAGs
[2026-02-18T23:25:45.211+0000] {logging_mixin.py:188} INFO - [2026-02-18T23:25:45.211+0000] {dag.py:3954} INFO - Setting next_dagrun for data_quality to 2026-02-18 16:00:00+00:00, run_after=2026-02-19 16:00:00+00:00
[2026-02-18T23:25:45.223+0000] {logging_mixin.py:188} INFO - [2026-02-18T23:25:45.223+0000] {dag.py:3954} INFO - Setting next_dagrun for produce_json to 2026-02-18 14:00:00+00:00, run_after=2026-02-19 14:00:00+00:00
[2026-02-18T23:25:45.235+0000] {logging_mixin.py:188} INFO - [2026-02-18T23:25:45.235+0000] {dag.py:3954} INFO - Setting next_dagrun for update_db to 2026-02-18 15:00:00+00:00, run_after=2026-02-19 15:00:00+00:00
[2026-02-18T23:25:45.308+0000] {processor.py:183} INFO - Processing /opt/airflow/dags/main.py took 0.424 seconds
[2026-02-18T23:26:15.888+0000] {processor.py:161} INFO - Started process (PID=1276) to work on /opt/airflow/dags/main.py
[2026-02-18T23:26:15.896+0000] {processor.py:830} INFO - Processing file /opt/airflow/dags/main.py for tasks to queue
[2026-02-18T23:26:15.904+0000] {logging_mixin.py:188} INFO - [2026-02-18T23:26:15.904+0000] {dagbag.py:545} INFO - Filling up the DagBag from /opt/airflow/dags/main.py
[2026-02-18T23:26:16.042+0000] {processor.py:840} INFO - DAG(s) 'data_quality', 'update_db', 'produce_json' retrieved from /opt/airflow/dags/main.py
[2026-02-18T23:26:16.159+0000] {logging_mixin.py:188} INFO - [2026-02-18T23:26:16.159+0000] {dag.py:3096} INFO - Sync 3 DAGs
[2026-02-18T23:26:16.265+0000] {logging_mixin.py:188} INFO - [2026-02-18T23:26:16.264+0000] {dag.py:3954} INFO - Setting next_dagrun for data_quality to 2026-02-18 16:00:00+00:00, run_after=2026-02-19 16:00:00+00:00
[2026-02-18T23:26:16.277+0000] {logging_mixin.py:188} INFO - [2026-02-18T23:26:16.277+0000] {dag.py:3954} INFO - Setting next_dagrun for produce_json to 2026-02-18 14:00:00+00:00, run_after=2026-02-19 14:00:00+00:00
[2026-02-18T23:26:16.288+0000] {logging_mixin.py:188} INFO - [2026-02-18T23:26:16.287+0000] {dag.py:3954} INFO - Setting next_dagrun for update_db to 2026-02-18 15:00:00+00:00, run_after=2026-02-19 15:00:00+00:00
[2026-02-18T23:26:16.349+0000] {processor.py:183} INFO - Processing /opt/airflow/dags/main.py took 0.475 seconds
[2026-02-18T23:26:46.751+0000] {processor.py:161} INFO - Started process (PID=1283) to work on /opt/airflow/dags/main.py
[2026-02-18T23:26:46.754+0000] {processor.py:830} INFO - Processing file /opt/airflow/dags/main.py for tasks to queue
[2026-02-18T23:26:46.757+0000] {logging_mixin.py:188} INFO - [2026-02-18T23:26:46.757+0000] {dagbag.py:545} INFO - Filling up the DagBag from /opt/airflow/dags/main.py
[2026-02-18T23:26:46.870+0000] {processor.py:840} INFO - DAG(s) 'update_db', 'data_quality', 'produce_json' retrieved from /opt/airflow/dags/main.py
[2026-02-18T23:26:47.038+0000] {logging_mixin.py:188} INFO - [2026-02-18T23:26:47.038+0000] {dag.py:3096} INFO - Sync 3 DAGs
[2026-02-18T23:26:47.123+0000] {logging_mixin.py:188} INFO - [2026-02-18T23:26:47.122+0000] {dag.py:3954} INFO - Setting next_dagrun for data_quality to 2026-02-18 16:00:00+00:00, run_after=2026-02-19 16:00:00+00:00
[2026-02-18T23:26:47.142+0000] {logging_mixin.py:188} INFO - [2026-02-18T23:26:47.141+0000] {dag.py:3954} INFO - Setting next_dagrun for produce_json to 2026-02-18 14:00:00+00:00, run_after=2026-02-19 14:00:00+00:00
[2026-02-18T23:26:47.154+0000] {logging_mixin.py:188} INFO - [2026-02-18T23:26:47.154+0000] {dag.py:3954} INFO - Setting next_dagrun for update_db to 2026-02-18 15:00:00+00:00, run_after=2026-02-19 15:00:00+00:00
[2026-02-18T23:26:47.215+0000] {processor.py:183} INFO - Processing /opt/airflow/dags/main.py took 0.483 seconds
[2026-02-18T23:27:18.033+0000] {processor.py:161} INFO - Started process (PID=1290) to work on /opt/airflow/dags/main.py
[2026-02-18T23:27:18.036+0000] {processor.py:830} INFO - Processing file /opt/airflow/dags/main.py for tasks to queue
[2026-02-18T23:27:18.040+0000] {logging_mixin.py:188} INFO - [2026-02-18T23:27:18.040+0000] {dagbag.py:545} INFO - Filling up the DagBag from /opt/airflow/dags/main.py
[2026-02-18T23:27:18.150+0000] {processor.py:840} INFO - DAG(s) 'data_quality', 'update_db', 'produce_json' retrieved from /opt/airflow/dags/main.py
[2026-02-18T23:27:18.220+0000] {logging_mixin.py:188} INFO - [2026-02-18T23:27:18.220+0000] {dag.py:3096} INFO - Sync 3 DAGs
[2026-02-18T23:27:18.286+0000] {logging_mixin.py:188} INFO - [2026-02-18T23:27:18.286+0000] {dag.py:3954} INFO - Setting next_dagrun for data_quality to 2026-02-18 16:00:00+00:00, run_after=2026-02-19 16:00:00+00:00
[2026-02-18T23:27:18.307+0000] {logging_mixin.py:188} INFO - [2026-02-18T23:27:18.306+0000] {dag.py:3954} INFO - Setting next_dagrun for produce_json to 2026-02-18 14:00:00+00:00, run_after=2026-02-19 14:00:00+00:00
[2026-02-18T23:27:18.320+0000] {logging_mixin.py:188} INFO - [2026-02-18T23:27:18.320+0000] {dag.py:3954} INFO - Setting next_dagrun for update_db to 2026-02-18 15:00:00+00:00, run_after=2026-02-19 15:00:00+00:00
[2026-02-18T23:27:18.380+0000] {processor.py:183} INFO - Processing /opt/airflow/dags/main.py took 0.367 seconds
[2026-02-18T23:27:48.846+0000] {processor.py:161} INFO - Started process (PID=1296) to work on /opt/airflow/dags/main.py
[2026-02-18T23:27:48.853+0000] {processor.py:830} INFO - Processing file /opt/airflow/dags/main.py for tasks to queue
[2026-02-18T23:27:48.865+0000] {logging_mixin.py:188} INFO - [2026-02-18T23:27:48.864+0000] {dagbag.py:545} INFO - Filling up the DagBag from /opt/airflow/dags/main.py
[2026-02-18T23:27:49.030+0000] {processor.py:840} INFO - DAG(s) 'update_db', 'produce_json', 'data_quality' retrieved from /opt/airflow/dags/main.py
[2026-02-18T23:27:49.247+0000] {logging_mixin.py:188} INFO - [2026-02-18T23:27:49.247+0000] {dag.py:3096} INFO - Sync 3 DAGs
[2026-02-18T23:27:49.338+0000] {logging_mixin.py:188} INFO - [2026-02-18T23:27:49.338+0000] {dag.py:3954} INFO - Setting next_dagrun for data_quality to 2026-02-18 16:00:00+00:00, run_after=2026-02-19 16:00:00+00:00
[2026-02-18T23:27:49.354+0000] {logging_mixin.py:188} INFO - [2026-02-18T23:27:49.354+0000] {dag.py:3954} INFO - Setting next_dagrun for produce_json to 2026-02-18 14:00:00+00:00, run_after=2026-02-19 14:00:00+00:00
[2026-02-18T23:27:49.371+0000] {logging_mixin.py:188} INFO - [2026-02-18T23:27:49.370+0000] {dag.py:3954} INFO - Setting next_dagrun for update_db to 2026-02-18 15:00:00+00:00, run_after=2026-02-19 15:00:00+00:00
[2026-02-18T23:27:49.435+0000] {processor.py:183} INFO - Processing /opt/airflow/dags/main.py took 0.606 seconds
[2026-02-18T23:28:20.223+0000] {processor.py:161} INFO - Started process (PID=1303) to work on /opt/airflow/dags/main.py
[2026-02-18T23:28:20.265+0000] {processor.py:830} INFO - Processing file /opt/airflow/dags/main.py for tasks to queue
[2026-02-18T23:28:20.270+0000] {logging_mixin.py:188} INFO - [2026-02-18T23:28:20.269+0000] {dagbag.py:545} INFO - Filling up the DagBag from /opt/airflow/dags/main.py
[2026-02-18T23:28:20.405+0000] {processor.py:840} INFO - DAG(s) 'update_db', 'produce_json', 'data_quality' retrieved from /opt/airflow/dags/main.py
[2026-02-18T23:28:20.478+0000] {logging_mixin.py:188} INFO - [2026-02-18T23:28:20.477+0000] {dag.py:3096} INFO - Sync 3 DAGs
[2026-02-18T23:28:20.538+0000] {logging_mixin.py:188} INFO - [2026-02-18T23:28:20.538+0000] {dag.py:3954} INFO - Setting next_dagrun for data_quality to 2026-02-18 16:00:00+00:00, run_after=2026-02-19 16:00:00+00:00
[2026-02-18T23:28:20.550+0000] {logging_mixin.py:188} INFO - [2026-02-18T23:28:20.550+0000] {dag.py:3954} INFO - Setting next_dagrun for produce_json to 2026-02-18 14:00:00+00:00, run_after=2026-02-19 14:00:00+00:00
[2026-02-18T23:28:20.558+0000] {logging_mixin.py:188} INFO - [2026-02-18T23:28:20.558+0000] {dag.py:3954} INFO - Setting next_dagrun for update_db to 2026-02-18 15:00:00+00:00, run_after=2026-02-19 15:00:00+00:00
[2026-02-18T23:28:20.637+0000] {processor.py:183} INFO - Processing /opt/airflow/dags/main.py took 0.452 seconds
[2026-02-18T23:28:51.009+0000] {processor.py:161} INFO - Started process (PID=1310) to work on /opt/airflow/dags/main.py
[2026-02-18T23:28:51.015+0000] {processor.py:830} INFO - Processing file /opt/airflow/dags/main.py for tasks to queue
[2026-02-18T23:28:51.020+0000] {logging_mixin.py:188} INFO - [2026-02-18T23:28:51.020+0000] {dagbag.py:545} INFO - Filling up the DagBag from /opt/airflow/dags/main.py
[2026-02-18T23:28:51.097+0000] {processor.py:840} INFO - DAG(s) 'produce_json', 'update_db', 'data_quality' retrieved from /opt/airflow/dags/main.py
[2026-02-18T23:28:51.180+0000] {logging_mixin.py:188} INFO - [2026-02-18T23:28:51.179+0000] {dag.py:3096} INFO - Sync 3 DAGs
[2026-02-18T23:28:51.230+0000] {logging_mixin.py:188} INFO - [2026-02-18T23:28:51.230+0000] {dag.py:3954} INFO - Setting next_dagrun for data_quality to 2026-02-18 16:00:00+00:00, run_after=2026-02-19 16:00:00+00:00
[2026-02-18T23:28:51.242+0000] {logging_mixin.py:188} INFO - [2026-02-18T23:28:51.242+0000] {dag.py:3954} INFO - Setting next_dagrun for produce_json to 2026-02-18 14:00:00+00:00, run_after=2026-02-19 14:00:00+00:00
[2026-02-18T23:28:51.248+0000] {logging_mixin.py:188} INFO - [2026-02-18T23:28:51.248+0000] {dag.py:3954} INFO - Setting next_dagrun for update_db to 2026-02-18 15:00:00+00:00, run_after=2026-02-19 15:00:00+00:00
[2026-02-18T23:28:51.286+0000] {processor.py:183} INFO - Processing /opt/airflow/dags/main.py took 0.288 seconds
[2026-02-18T23:29:22.026+0000] {processor.py:161} INFO - Started process (PID=1318) to work on /opt/airflow/dags/main.py
[2026-02-18T23:29:22.034+0000] {processor.py:830} INFO - Processing file /opt/airflow/dags/main.py for tasks to queue
[2026-02-18T23:29:22.040+0000] {logging_mixin.py:188} INFO - [2026-02-18T23:29:22.039+0000] {dagbag.py:545} INFO - Filling up the DagBag from /opt/airflow/dags/main.py
[2026-02-18T23:29:22.119+0000] {processor.py:840} INFO - DAG(s) 'update_db', 'produce_json', 'data_quality' retrieved from /opt/airflow/dags/main.py
[2026-02-18T23:29:22.235+0000] {logging_mixin.py:188} INFO - [2026-02-18T23:29:22.235+0000] {dag.py:3096} INFO - Sync 3 DAGs
[2026-02-18T23:29:22.313+0000] {logging_mixin.py:188} INFO - [2026-02-18T23:29:22.310+0000] {dag.py:3954} INFO - Setting next_dagrun for data_quality to 2026-02-18 16:00:00+00:00, run_after=2026-02-19 16:00:00+00:00
[2026-02-18T23:29:22.328+0000] {logging_mixin.py:188} INFO - [2026-02-18T23:29:22.328+0000] {dag.py:3954} INFO - Setting next_dagrun for produce_json to 2026-02-18 14:00:00+00:00, run_after=2026-02-19 14:00:00+00:00
[2026-02-18T23:29:22.337+0000] {logging_mixin.py:188} INFO - [2026-02-18T23:29:22.337+0000] {dag.py:3954} INFO - Setting next_dagrun for update_db to 2026-02-18 15:00:00+00:00, run_after=2026-02-19 15:00:00+00:00
[2026-02-18T23:29:22.395+0000] {processor.py:183} INFO - Processing /opt/airflow/dags/main.py took 0.382 seconds
[2026-02-18T23:29:53.423+0000] {processor.py:161} INFO - Started process (PID=1325) to work on /opt/airflow/dags/main.py
[2026-02-18T23:29:53.426+0000] {processor.py:830} INFO - Processing file /opt/airflow/dags/main.py for tasks to queue
[2026-02-18T23:29:53.432+0000] {logging_mixin.py:188} INFO - [2026-02-18T23:29:53.431+0000] {dagbag.py:545} INFO - Filling up the DagBag from /opt/airflow/dags/main.py
[2026-02-18T23:29:53.540+0000] {processor.py:840} INFO - DAG(s) 'update_db', 'produce_json', 'data_quality' retrieved from /opt/airflow/dags/main.py
[2026-02-18T23:29:53.631+0000] {logging_mixin.py:188} INFO - [2026-02-18T23:29:53.631+0000] {dag.py:3096} INFO - Sync 3 DAGs
[2026-02-18T23:29:53.719+0000] {logging_mixin.py:188} INFO - [2026-02-18T23:29:53.719+0000] {dag.py:3954} INFO - Setting next_dagrun for data_quality to 2026-02-18 16:00:00+00:00, run_after=2026-02-19 16:00:00+00:00
[2026-02-18T23:29:53.732+0000] {logging_mixin.py:188} INFO - [2026-02-18T23:29:53.731+0000] {dag.py:3954} INFO - Setting next_dagrun for produce_json to 2026-02-18 14:00:00+00:00, run_after=2026-02-19 14:00:00+00:00
[2026-02-18T23:29:53.742+0000] {logging_mixin.py:188} INFO - [2026-02-18T23:29:53.741+0000] {dag.py:3954} INFO - Setting next_dagrun for update_db to 2026-02-18 15:00:00+00:00, run_after=2026-02-19 15:00:00+00:00
[2026-02-18T23:29:53.797+0000] {processor.py:183} INFO - Processing /opt/airflow/dags/main.py took 0.391 seconds
[2026-02-18T23:30:24.273+0000] {processor.py:161} INFO - Started process (PID=1332) to work on /opt/airflow/dags/main.py
[2026-02-18T23:30:24.279+0000] {processor.py:830} INFO - Processing file /opt/airflow/dags/main.py for tasks to queue
[2026-02-18T23:30:24.291+0000] {logging_mixin.py:188} INFO - [2026-02-18T23:30:24.290+0000] {dagbag.py:545} INFO - Filling up the DagBag from /opt/airflow/dags/main.py
[2026-02-18T23:30:24.407+0000] {processor.py:840} INFO - DAG(s) 'update_db', 'produce_json', 'data_quality' retrieved from /opt/airflow/dags/main.py
[2026-02-18T23:30:24.501+0000] {logging_mixin.py:188} INFO - [2026-02-18T23:30:24.501+0000] {dag.py:3096} INFO - Sync 3 DAGs
[2026-02-18T23:30:24.580+0000] {logging_mixin.py:188} INFO - [2026-02-18T23:30:24.580+0000] {dag.py:3954} INFO - Setting next_dagrun for data_quality to 2026-02-18 16:00:00+00:00, run_after=2026-02-19 16:00:00+00:00
[2026-02-18T23:30:24.602+0000] {logging_mixin.py:188} INFO - [2026-02-18T23:30:24.602+0000] {dag.py:3954} INFO - Setting next_dagrun for produce_json to 2026-02-18 14:00:00+00:00, run_after=2026-02-19 14:00:00+00:00
[2026-02-18T23:30:24.611+0000] {logging_mixin.py:188} INFO - [2026-02-18T23:30:24.610+0000] {dag.py:3954} INFO - Setting next_dagrun for update_db to 2026-02-18 15:00:00+00:00, run_after=2026-02-19 15:00:00+00:00
[2026-02-18T23:30:24.663+0000] {processor.py:183} INFO - Processing /opt/airflow/dags/main.py took 0.423 seconds
[2026-02-18T23:30:54.854+0000] {processor.py:161} INFO - Started process (PID=1338) to work on /opt/airflow/dags/main.py
[2026-02-18T23:30:54.858+0000] {processor.py:830} INFO - Processing file /opt/airflow/dags/main.py for tasks to queue
[2026-02-18T23:30:54.862+0000] {logging_mixin.py:188} INFO - [2026-02-18T23:30:54.861+0000] {dagbag.py:545} INFO - Filling up the DagBag from /opt/airflow/dags/main.py
[2026-02-18T23:30:54.957+0000] {processor.py:840} INFO - DAG(s) 'produce_json', 'data_quality', 'update_db' retrieved from /opt/airflow/dags/main.py
[2026-02-18T23:30:55.034+0000] {logging_mixin.py:188} INFO - [2026-02-18T23:30:55.034+0000] {dag.py:3096} INFO - Sync 3 DAGs
[2026-02-18T23:30:55.076+0000] {logging_mixin.py:188} INFO - [2026-02-18T23:30:55.075+0000] {dag.py:3954} INFO - Setting next_dagrun for data_quality to 2026-02-18 16:00:00+00:00, run_after=2026-02-19 16:00:00+00:00
[2026-02-18T23:30:55.085+0000] {logging_mixin.py:188} INFO - [2026-02-18T23:30:55.085+0000] {dag.py:3954} INFO - Setting next_dagrun for produce_json to 2026-02-18 14:00:00+00:00, run_after=2026-02-19 14:00:00+00:00
[2026-02-18T23:30:55.090+0000] {logging_mixin.py:188} INFO - [2026-02-18T23:30:55.090+0000] {dag.py:3954} INFO - Setting next_dagrun for update_db to 2026-02-18 15:00:00+00:00, run_after=2026-02-19 15:00:00+00:00
[2026-02-18T23:30:55.145+0000] {processor.py:183} INFO - Processing /opt/airflow/dags/main.py took 0.319 seconds
[2026-02-18T23:31:25.429+0000] {processor.py:161} INFO - Started process (PID=1344) to work on /opt/airflow/dags/main.py
[2026-02-18T23:31:25.435+0000] {processor.py:830} INFO - Processing file /opt/airflow/dags/main.py for tasks to queue
[2026-02-18T23:31:25.442+0000] {logging_mixin.py:188} INFO - [2026-02-18T23:31:25.442+0000] {dagbag.py:545} INFO - Filling up the DagBag from /opt/airflow/dags/main.py
[2026-02-18T23:31:25.527+0000] {processor.py:840} INFO - DAG(s) 'produce_json', 'update_db', 'data_quality' retrieved from /opt/airflow/dags/main.py
[2026-02-18T23:31:25.609+0000] {logging_mixin.py:188} INFO - [2026-02-18T23:31:25.609+0000] {dag.py:3096} INFO - Sync 3 DAGs
[2026-02-18T23:31:25.658+0000] {logging_mixin.py:188} INFO - [2026-02-18T23:31:25.658+0000] {dag.py:3954} INFO - Setting next_dagrun for data_quality to 2026-02-18 16:00:00+00:00, run_after=2026-02-19 16:00:00+00:00
[2026-02-18T23:31:25.673+0000] {logging_mixin.py:188} INFO - [2026-02-18T23:31:25.673+0000] {dag.py:3954} INFO - Setting next_dagrun for produce_json to 2026-02-18 14:00:00+00:00, run_after=2026-02-19 14:00:00+00:00
[2026-02-18T23:31:25.681+0000] {logging_mixin.py:188} INFO - [2026-02-18T23:31:25.681+0000] {dag.py:3954} INFO - Setting next_dagrun for update_db to 2026-02-18 15:00:00+00:00, run_after=2026-02-19 15:00:00+00:00
[2026-02-18T23:31:25.726+0000] {processor.py:183} INFO - Processing /opt/airflow/dags/main.py took 0.309 seconds
[2026-02-18T23:31:55.929+0000] {processor.py:161} INFO - Started process (PID=1351) to work on /opt/airflow/dags/main.py
[2026-02-18T23:31:55.934+0000] {processor.py:830} INFO - Processing file /opt/airflow/dags/main.py for tasks to queue
[2026-02-18T23:31:55.941+0000] {logging_mixin.py:188} INFO - [2026-02-18T23:31:55.940+0000] {dagbag.py:545} INFO - Filling up the DagBag from /opt/airflow/dags/main.py
[2026-02-18T23:31:56.006+0000] {processor.py:840} INFO - DAG(s) 'update_db', 'data_quality', 'produce_json' retrieved from /opt/airflow/dags/main.py
[2026-02-18T23:31:56.104+0000] {logging_mixin.py:188} INFO - [2026-02-18T23:31:56.104+0000] {dag.py:3096} INFO - Sync 3 DAGs
[2026-02-18T23:31:56.154+0000] {logging_mixin.py:188} INFO - [2026-02-18T23:31:56.151+0000] {dag.py:3954} INFO - Setting next_dagrun for data_quality to 2026-02-18 16:00:00+00:00, run_after=2026-02-19 16:00:00+00:00
[2026-02-18T23:31:56.166+0000] {logging_mixin.py:188} INFO - [2026-02-18T23:31:56.165+0000] {dag.py:3954} INFO - Setting next_dagrun for produce_json to 2026-02-18 14:00:00+00:00, run_after=2026-02-19 14:00:00+00:00
[2026-02-18T23:31:56.175+0000] {logging_mixin.py:188} INFO - [2026-02-18T23:31:56.175+0000] {dag.py:3954} INFO - Setting next_dagrun for update_db to 2026-02-18 15:00:00+00:00, run_after=2026-02-19 15:00:00+00:00
[2026-02-18T23:31:56.218+0000] {processor.py:183} INFO - Processing /opt/airflow/dags/main.py took 0.303 seconds
[2026-02-18T23:32:27.503+0000] {processor.py:161} INFO - Started process (PID=1358) to work on /opt/airflow/dags/main.py
[2026-02-18T23:32:27.509+0000] {processor.py:830} INFO - Processing file /opt/airflow/dags/main.py for tasks to queue
[2026-02-18T23:32:27.527+0000] {logging_mixin.py:188} INFO - [2026-02-18T23:32:27.526+0000] {dagbag.py:545} INFO - Filling up the DagBag from /opt/airflow/dags/main.py
[2026-02-18T23:32:27.631+0000] {processor.py:840} INFO - DAG(s) 'data_quality', 'update_db', 'produce_json' retrieved from /opt/airflow/dags/main.py
[2026-02-18T23:32:27.780+0000] {logging_mixin.py:188} INFO - [2026-02-18T23:32:27.779+0000] {dag.py:3096} INFO - Sync 3 DAGs
[2026-02-18T23:32:27.819+0000] {logging_mixin.py:188} INFO - [2026-02-18T23:32:27.818+0000] {dag.py:3954} INFO - Setting next_dagrun for data_quality to 2026-02-18 16:00:00+00:00, run_after=2026-02-19 16:00:00+00:00
[2026-02-18T23:32:27.833+0000] {logging_mixin.py:188} INFO - [2026-02-18T23:32:27.832+0000] {dag.py:3954} INFO - Setting next_dagrun for produce_json to 2026-02-18 14:00:00+00:00, run_after=2026-02-19 14:00:00+00:00
[2026-02-18T23:32:27.841+0000] {logging_mixin.py:188} INFO - [2026-02-18T23:32:27.841+0000] {dag.py:3954} INFO - Setting next_dagrun for update_db to 2026-02-18 15:00:00+00:00, run_after=2026-02-19 15:00:00+00:00
[2026-02-18T23:32:27.883+0000] {processor.py:183} INFO - Processing /opt/airflow/dags/main.py took 0.404 seconds
[2026-02-18T23:32:58.276+0000] {processor.py:161} INFO - Started process (PID=1365) to work on /opt/airflow/dags/main.py
[2026-02-18T23:32:58.294+0000] {processor.py:830} INFO - Processing file /opt/airflow/dags/main.py for tasks to queue
[2026-02-18T23:32:58.310+0000] {logging_mixin.py:188} INFO - [2026-02-18T23:32:58.309+0000] {dagbag.py:545} INFO - Filling up the DagBag from /opt/airflow/dags/main.py
[2026-02-18T23:32:58.415+0000] {processor.py:840} INFO - DAG(s) 'produce_json', 'data_quality', 'update_db' retrieved from /opt/airflow/dags/main.py
[2026-02-18T23:32:58.679+0000] {logging_mixin.py:188} INFO - [2026-02-18T23:32:58.678+0000] {dag.py:3096} INFO - Sync 3 DAGs
[2026-02-18T23:32:58.760+0000] {logging_mixin.py:188} INFO - [2026-02-18T23:32:58.760+0000] {dag.py:3954} INFO - Setting next_dagrun for data_quality to 2026-02-18 16:00:00+00:00, run_after=2026-02-19 16:00:00+00:00
[2026-02-18T23:32:58.777+0000] {logging_mixin.py:188} INFO - [2026-02-18T23:32:58.776+0000] {dag.py:3954} INFO - Setting next_dagrun for produce_json to 2026-02-18 14:00:00+00:00, run_after=2026-02-19 14:00:00+00:00
[2026-02-18T23:32:58.788+0000] {logging_mixin.py:188} INFO - [2026-02-18T23:32:58.787+0000] {dag.py:3954} INFO - Setting next_dagrun for update_db to 2026-02-18 15:00:00+00:00, run_after=2026-02-19 15:00:00+00:00
[2026-02-18T23:32:58.904+0000] {processor.py:183} INFO - Processing /opt/airflow/dags/main.py took 0.643 seconds
[2026-02-18T23:33:29.070+0000] {processor.py:161} INFO - Started process (PID=1373) to work on /opt/airflow/dags/main.py
[2026-02-18T23:33:29.075+0000] {processor.py:830} INFO - Processing file /opt/airflow/dags/main.py for tasks to queue
[2026-02-18T23:33:29.083+0000] {logging_mixin.py:188} INFO - [2026-02-18T23:33:29.081+0000] {dagbag.py:545} INFO - Filling up the DagBag from /opt/airflow/dags/main.py
[2026-02-18T23:33:29.273+0000] {processor.py:840} INFO - DAG(s) 'update_db', 'produce_json', 'data_quality' retrieved from /opt/airflow/dags/main.py
[2026-02-18T23:33:29.361+0000] {logging_mixin.py:188} INFO - [2026-02-18T23:33:29.361+0000] {dag.py:3096} INFO - Sync 3 DAGs
[2026-02-18T23:33:29.409+0000] {logging_mixin.py:188} INFO - [2026-02-18T23:33:29.409+0000] {dag.py:3954} INFO - Setting next_dagrun for data_quality to 2026-02-18 16:00:00+00:00, run_after=2026-02-19 16:00:00+00:00
[2026-02-18T23:33:29.433+0000] {logging_mixin.py:188} INFO - [2026-02-18T23:33:29.432+0000] {dag.py:3954} INFO - Setting next_dagrun for produce_json to 2026-02-18 14:00:00+00:00, run_after=2026-02-19 14:00:00+00:00
[2026-02-18T23:33:29.440+0000] {logging_mixin.py:188} INFO - [2026-02-18T23:33:29.440+0000] {dag.py:3954} INFO - Setting next_dagrun for update_db to 2026-02-18 15:00:00+00:00, run_after=2026-02-19 15:00:00+00:00
[2026-02-18T23:33:29.486+0000] {processor.py:183} INFO - Processing /opt/airflow/dags/main.py took 0.446 seconds
[2026-02-18T23:33:59.529+0000] {processor.py:161} INFO - Started process (PID=1381) to work on /opt/airflow/dags/main.py
[2026-02-18T23:33:59.532+0000] {processor.py:830} INFO - Processing file /opt/airflow/dags/main.py for tasks to queue
[2026-02-18T23:33:59.537+0000] {logging_mixin.py:188} INFO - [2026-02-18T23:33:59.536+0000] {dagbag.py:545} INFO - Filling up the DagBag from /opt/airflow/dags/main.py
[2026-02-18T23:33:59.606+0000] {processor.py:840} INFO - DAG(s) 'data_quality', 'produce_json', 'update_db' retrieved from /opt/airflow/dags/main.py
[2026-02-18T23:33:59.866+0000] {logging_mixin.py:188} INFO - [2026-02-18T23:33:59.866+0000] {dag.py:3096} INFO - Sync 3 DAGs
[2026-02-18T23:34:00.035+0000] {logging_mixin.py:188} INFO - [2026-02-18T23:34:00.034+0000] {dag.py:3954} INFO - Setting next_dagrun for data_quality to 2026-02-18 16:00:00+00:00, run_after=2026-02-19 16:00:00+00:00
[2026-02-18T23:34:00.058+0000] {logging_mixin.py:188} INFO - [2026-02-18T23:34:00.057+0000] {dag.py:3954} INFO - Setting next_dagrun for produce_json to 2026-02-18 14:00:00+00:00, run_after=2026-02-19 14:00:00+00:00
[2026-02-18T23:34:00.076+0000] {logging_mixin.py:188} INFO - [2026-02-18T23:34:00.075+0000] {dag.py:3954} INFO - Setting next_dagrun for update_db to 2026-02-18 15:00:00+00:00, run_after=2026-02-19 15:00:00+00:00
[2026-02-18T23:34:00.180+0000] {processor.py:183} INFO - Processing /opt/airflow/dags/main.py took 0.663 seconds
[2026-02-18T23:34:30.624+0000] {processor.py:161} INFO - Started process (PID=1388) to work on /opt/airflow/dags/main.py
[2026-02-18T23:34:30.629+0000] {processor.py:830} INFO - Processing file /opt/airflow/dags/main.py for tasks to queue
[2026-02-18T23:34:30.633+0000] {logging_mixin.py:188} INFO - [2026-02-18T23:34:30.632+0000] {dagbag.py:545} INFO - Filling up the DagBag from /opt/airflow/dags/main.py
[2026-02-18T23:34:30.719+0000] {processor.py:840} INFO - DAG(s) 'update_db', 'data_quality', 'produce_json' retrieved from /opt/airflow/dags/main.py
[2026-02-18T23:34:30.791+0000] {logging_mixin.py:188} INFO - [2026-02-18T23:34:30.791+0000] {dag.py:3096} INFO - Sync 3 DAGs
[2026-02-18T23:34:30.865+0000] {logging_mixin.py:188} INFO - [2026-02-18T23:34:30.865+0000] {dag.py:3954} INFO - Setting next_dagrun for data_quality to 2026-02-18 16:00:00+00:00, run_after=2026-02-19 16:00:00+00:00
[2026-02-18T23:34:30.881+0000] {logging_mixin.py:188} INFO - [2026-02-18T23:34:30.881+0000] {dag.py:3954} INFO - Setting next_dagrun for produce_json to 2026-02-18 14:00:00+00:00, run_after=2026-02-19 14:00:00+00:00
[2026-02-18T23:34:30.888+0000] {logging_mixin.py:188} INFO - [2026-02-18T23:34:30.888+0000] {dag.py:3954} INFO - Setting next_dagrun for update_db to 2026-02-18 15:00:00+00:00, run_after=2026-02-19 15:00:00+00:00
[2026-02-18T23:34:30.938+0000] {processor.py:183} INFO - Processing /opt/airflow/dags/main.py took 0.329 seconds
[2026-02-18T23:35:01.152+0000] {processor.py:161} INFO - Started process (PID=1395) to work on /opt/airflow/dags/main.py
[2026-02-18T23:35:01.155+0000] {processor.py:830} INFO - Processing file /opt/airflow/dags/main.py for tasks to queue
[2026-02-18T23:35:01.158+0000] {logging_mixin.py:188} INFO - [2026-02-18T23:35:01.157+0000] {dagbag.py:545} INFO - Filling up the DagBag from /opt/airflow/dags/main.py
[2026-02-18T23:35:01.240+0000] {processor.py:840} INFO - DAG(s) 'update_db', 'produce_json', 'data_quality' retrieved from /opt/airflow/dags/main.py
[2026-02-18T23:35:01.354+0000] {logging_mixin.py:188} INFO - [2026-02-18T23:35:01.354+0000] {dag.py:3096} INFO - Sync 3 DAGs
[2026-02-18T23:35:01.423+0000] {logging_mixin.py:188} INFO - [2026-02-18T23:35:01.422+0000] {dag.py:3954} INFO - Setting next_dagrun for data_quality to 2026-02-18 16:00:00+00:00, run_after=2026-02-19 16:00:00+00:00
[2026-02-18T23:35:01.440+0000] {logging_mixin.py:188} INFO - [2026-02-18T23:35:01.440+0000] {dag.py:3954} INFO - Setting next_dagrun for produce_json to 2026-02-18 14:00:00+00:00, run_after=2026-02-19 14:00:00+00:00
[2026-02-18T23:35:01.453+0000] {logging_mixin.py:188} INFO - [2026-02-18T23:35:01.453+0000] {dag.py:3954} INFO - Setting next_dagrun for update_db to 2026-02-18 15:00:00+00:00, run_after=2026-02-19 15:00:00+00:00
[2026-02-18T23:35:01.497+0000] {processor.py:183} INFO - Processing /opt/airflow/dags/main.py took 0.356 seconds
[2026-02-18T23:35:32.042+0000] {processor.py:161} INFO - Started process (PID=1401) to work on /opt/airflow/dags/main.py
[2026-02-18T23:35:32.047+0000] {processor.py:830} INFO - Processing file /opt/airflow/dags/main.py for tasks to queue
[2026-02-18T23:35:32.051+0000] {logging_mixin.py:188} INFO - [2026-02-18T23:35:32.050+0000] {dagbag.py:545} INFO - Filling up the DagBag from /opt/airflow/dags/main.py
[2026-02-18T23:35:32.151+0000] {processor.py:840} INFO - DAG(s) 'produce_json', 'data_quality', 'update_db' retrieved from /opt/airflow/dags/main.py
[2026-02-18T23:35:32.238+0000] {logging_mixin.py:188} INFO - [2026-02-18T23:35:32.238+0000] {dag.py:3096} INFO - Sync 3 DAGs
[2026-02-18T23:35:32.319+0000] {logging_mixin.py:188} INFO - [2026-02-18T23:35:32.319+0000] {dag.py:3954} INFO - Setting next_dagrun for data_quality to 2026-02-18 16:00:00+00:00, run_after=2026-02-19 16:00:00+00:00
[2026-02-18T23:35:32.353+0000] {logging_mixin.py:188} INFO - [2026-02-18T23:35:32.353+0000] {dag.py:3954} INFO - Setting next_dagrun for produce_json to 2026-02-18 14:00:00+00:00, run_after=2026-02-19 14:00:00+00:00
[2026-02-18T23:35:32.365+0000] {logging_mixin.py:188} INFO - [2026-02-18T23:35:32.364+0000] {dag.py:3954} INFO - Setting next_dagrun for update_db to 2026-02-18 15:00:00+00:00, run_after=2026-02-19 15:00:00+00:00
[2026-02-18T23:35:32.402+0000] {processor.py:183} INFO - Processing /opt/airflow/dags/main.py took 0.372 seconds
[2026-02-18T23:36:03.313+0000] {processor.py:161} INFO - Started process (PID=1408) to work on /opt/airflow/dags/main.py
[2026-02-18T23:36:03.318+0000] {processor.py:830} INFO - Processing file /opt/airflow/dags/main.py for tasks to queue
[2026-02-18T23:36:03.321+0000] {logging_mixin.py:188} INFO - [2026-02-18T23:36:03.321+0000] {dagbag.py:545} INFO - Filling up the DagBag from /opt/airflow/dags/main.py
[2026-02-18T23:36:03.410+0000] {processor.py:840} INFO - DAG(s) 'data_quality', 'produce_json', 'update_db' retrieved from /opt/airflow/dags/main.py
[2026-02-18T23:36:03.590+0000] {logging_mixin.py:188} INFO - [2026-02-18T23:36:03.590+0000] {dag.py:3096} INFO - Sync 3 DAGs
[2026-02-18T23:36:03.768+0000] {logging_mixin.py:188} INFO - [2026-02-18T23:36:03.767+0000] {dag.py:3954} INFO - Setting next_dagrun for data_quality to 2026-02-18 16:00:00+00:00, run_after=2026-02-19 16:00:00+00:00
[2026-02-18T23:36:03.787+0000] {logging_mixin.py:188} INFO - [2026-02-18T23:36:03.787+0000] {dag.py:3954} INFO - Setting next_dagrun for produce_json to 2026-02-18 14:00:00+00:00, run_after=2026-02-19 14:00:00+00:00
[2026-02-18T23:36:03.814+0000] {logging_mixin.py:188} INFO - [2026-02-18T23:36:03.813+0000] {dag.py:3954} INFO - Setting next_dagrun for update_db to 2026-02-18 15:00:00+00:00, run_after=2026-02-19 15:00:00+00:00
[2026-02-18T23:36:03.941+0000] {processor.py:183} INFO - Processing /opt/airflow/dags/main.py took 0.646 seconds
[2026-02-18T23:36:34.118+0000] {processor.py:161} INFO - Started process (PID=1415) to work on /opt/airflow/dags/main.py
[2026-02-18T23:36:34.125+0000] {processor.py:830} INFO - Processing file /opt/airflow/dags/main.py for tasks to queue
[2026-02-18T23:36:34.134+0000] {logging_mixin.py:188} INFO - [2026-02-18T23:36:34.131+0000] {dagbag.py:545} INFO - Filling up the DagBag from /opt/airflow/dags/main.py
[2026-02-18T23:36:34.223+0000] {processor.py:840} INFO - DAG(s) 'data_quality', 'produce_json', 'update_db' retrieved from /opt/airflow/dags/main.py
[2026-02-18T23:36:34.613+0000] {logging_mixin.py:188} INFO - [2026-02-18T23:36:34.612+0000] {dag.py:3096} INFO - Sync 3 DAGs
[2026-02-18T23:36:34.654+0000] {logging_mixin.py:188} INFO - [2026-02-18T23:36:34.654+0000] {dag.py:3954} INFO - Setting next_dagrun for data_quality to 2026-02-18 16:00:00+00:00, run_after=2026-02-19 16:00:00+00:00
[2026-02-18T23:36:34.668+0000] {logging_mixin.py:188} INFO - [2026-02-18T23:36:34.668+0000] {dag.py:3954} INFO - Setting next_dagrun for produce_json to 2026-02-18 14:00:00+00:00, run_after=2026-02-19 14:00:00+00:00
[2026-02-18T23:36:34.681+0000] {logging_mixin.py:188} INFO - [2026-02-18T23:36:34.681+0000] {dag.py:3954} INFO - Setting next_dagrun for update_db to 2026-02-18 15:00:00+00:00, run_after=2026-02-19 15:00:00+00:00
[2026-02-18T23:36:34.720+0000] {processor.py:183} INFO - Processing /opt/airflow/dags/main.py took 0.615 seconds
[2026-02-18T23:37:05.412+0000] {processor.py:161} INFO - Started process (PID=1428) to work on /opt/airflow/dags/main.py
[2026-02-18T23:37:05.420+0000] {processor.py:830} INFO - Processing file /opt/airflow/dags/main.py for tasks to queue
[2026-02-18T23:37:05.424+0000] {logging_mixin.py:188} INFO - [2026-02-18T23:37:05.424+0000] {dagbag.py:545} INFO - Filling up the DagBag from /opt/airflow/dags/main.py
[2026-02-18T23:37:05.547+0000] {processor.py:840} INFO - DAG(s) 'produce_json', 'data_quality', 'update_db' retrieved from /opt/airflow/dags/main.py
[2026-02-18T23:37:05.639+0000] {logging_mixin.py:188} INFO - [2026-02-18T23:37:05.639+0000] {dag.py:3096} INFO - Sync 3 DAGs
[2026-02-18T23:37:05.699+0000] {logging_mixin.py:188} INFO - [2026-02-18T23:37:05.698+0000] {dag.py:3954} INFO - Setting next_dagrun for data_quality to 2026-02-18 16:00:00+00:00, run_after=2026-02-19 16:00:00+00:00
[2026-02-18T23:37:05.712+0000] {logging_mixin.py:188} INFO - [2026-02-18T23:37:05.712+0000] {dag.py:3954} INFO - Setting next_dagrun for produce_json to 2026-02-18 14:00:00+00:00, run_after=2026-02-19 14:00:00+00:00
[2026-02-18T23:37:05.719+0000] {logging_mixin.py:188} INFO - [2026-02-18T23:37:05.719+0000] {dag.py:3954} INFO - Setting next_dagrun for update_db to 2026-02-18 15:00:00+00:00, run_after=2026-02-19 15:00:00+00:00
[2026-02-18T23:37:05.794+0000] {processor.py:183} INFO - Processing /opt/airflow/dags/main.py took 0.401 seconds
[2026-02-18T23:37:35.898+0000] {processor.py:161} INFO - Started process (PID=1435) to work on /opt/airflow/dags/main.py
[2026-02-18T23:37:35.902+0000] {processor.py:830} INFO - Processing file /opt/airflow/dags/main.py for tasks to queue
[2026-02-18T23:37:35.908+0000] {logging_mixin.py:188} INFO - [2026-02-18T23:37:35.908+0000] {dagbag.py:545} INFO - Filling up the DagBag from /opt/airflow/dags/main.py
[2026-02-18T23:37:35.989+0000] {processor.py:840} INFO - DAG(s) 'update_db', 'data_quality', 'produce_json' retrieved from /opt/airflow/dags/main.py
[2026-02-18T23:37:36.122+0000] {logging_mixin.py:188} INFO - [2026-02-18T23:37:36.122+0000] {dag.py:3096} INFO - Sync 3 DAGs
[2026-02-18T23:37:36.178+0000] {logging_mixin.py:188} INFO - [2026-02-18T23:37:36.178+0000] {dag.py:3954} INFO - Setting next_dagrun for data_quality to 2026-02-18 16:00:00+00:00, run_after=2026-02-19 16:00:00+00:00
[2026-02-18T23:37:36.191+0000] {logging_mixin.py:188} INFO - [2026-02-18T23:37:36.191+0000] {dag.py:3954} INFO - Setting next_dagrun for produce_json to 2026-02-18 14:00:00+00:00, run_after=2026-02-19 14:00:00+00:00
[2026-02-18T23:37:36.199+0000] {logging_mixin.py:188} INFO - [2026-02-18T23:37:36.199+0000] {dag.py:3954} INFO - Setting next_dagrun for update_db to 2026-02-18 15:00:00+00:00, run_after=2026-02-19 15:00:00+00:00
[2026-02-18T23:37:36.253+0000] {processor.py:183} INFO - Processing /opt/airflow/dags/main.py took 0.370 seconds
[2026-02-18T23:38:06.840+0000] {processor.py:161} INFO - Started process (PID=1441) to work on /opt/airflow/dags/main.py
[2026-02-18T23:38:06.844+0000] {processor.py:830} INFO - Processing file /opt/airflow/dags/main.py for tasks to queue
[2026-02-18T23:38:06.849+0000] {logging_mixin.py:188} INFO - [2026-02-18T23:38:06.848+0000] {dagbag.py:545} INFO - Filling up the DagBag from /opt/airflow/dags/main.py
[2026-02-18T23:38:06.947+0000] {processor.py:840} INFO - DAG(s) 'data_quality', 'produce_json', 'update_db' retrieved from /opt/airflow/dags/main.py
[2026-02-18T23:38:07.030+0000] {logging_mixin.py:188} INFO - [2026-02-18T23:38:07.030+0000] {dag.py:3096} INFO - Sync 3 DAGs
[2026-02-18T23:38:07.096+0000] {logging_mixin.py:188} INFO - [2026-02-18T23:38:07.096+0000] {dag.py:3954} INFO - Setting next_dagrun for data_quality to 2026-02-18 16:00:00+00:00, run_after=2026-02-19 16:00:00+00:00
[2026-02-18T23:38:07.109+0000] {logging_mixin.py:188} INFO - [2026-02-18T23:38:07.109+0000] {dag.py:3954} INFO - Setting next_dagrun for produce_json to 2026-02-18 14:00:00+00:00, run_after=2026-02-19 14:00:00+00:00
[2026-02-18T23:38:07.119+0000] {logging_mixin.py:188} INFO - [2026-02-18T23:38:07.119+0000] {dag.py:3954} INFO - Setting next_dagrun for update_db to 2026-02-18 15:00:00+00:00, run_after=2026-02-19 15:00:00+00:00
[2026-02-18T23:38:07.169+0000] {processor.py:183} INFO - Processing /opt/airflow/dags/main.py took 0.341 seconds
[2026-02-18T23:38:37.845+0000] {processor.py:161} INFO - Started process (PID=1448) to work on /opt/airflow/dags/main.py
[2026-02-18T23:38:37.854+0000] {processor.py:830} INFO - Processing file /opt/airflow/dags/main.py for tasks to queue
[2026-02-18T23:38:37.861+0000] {logging_mixin.py:188} INFO - [2026-02-18T23:38:37.860+0000] {dagbag.py:545} INFO - Filling up the DagBag from /opt/airflow/dags/main.py
[2026-02-18T23:38:37.963+0000] {processor.py:840} INFO - DAG(s) 'update_db', 'data_quality', 'produce_json' retrieved from /opt/airflow/dags/main.py
[2026-02-18T23:38:38.104+0000] {logging_mixin.py:188} INFO - [2026-02-18T23:38:38.103+0000] {dag.py:3096} INFO - Sync 3 DAGs
[2026-02-18T23:38:38.167+0000] {logging_mixin.py:188} INFO - [2026-02-18T23:38:38.166+0000] {dag.py:3954} INFO - Setting next_dagrun for data_quality to 2026-02-18 16:00:00+00:00, run_after=2026-02-19 16:00:00+00:00
[2026-02-18T23:38:38.193+0000] {logging_mixin.py:188} INFO - [2026-02-18T23:38:38.192+0000] {dag.py:3954} INFO - Setting next_dagrun for produce_json to 2026-02-18 14:00:00+00:00, run_after=2026-02-19 14:00:00+00:00
[2026-02-18T23:38:38.205+0000] {logging_mixin.py:188} INFO - [2026-02-18T23:38:38.204+0000] {dag.py:3954} INFO - Setting next_dagrun for update_db to 2026-02-18 15:00:00+00:00, run_after=2026-02-19 15:00:00+00:00
[2026-02-18T23:38:38.281+0000] {processor.py:183} INFO - Processing /opt/airflow/dags/main.py took 0.451 seconds
[2026-02-18T23:39:09.141+0000] {processor.py:161} INFO - Started process (PID=1456) to work on /opt/airflow/dags/main.py
[2026-02-18T23:39:09.145+0000] {processor.py:830} INFO - Processing file /opt/airflow/dags/main.py for tasks to queue
[2026-02-18T23:39:09.150+0000] {logging_mixin.py:188} INFO - [2026-02-18T23:39:09.149+0000] {dagbag.py:545} INFO - Filling up the DagBag from /opt/airflow/dags/main.py
[2026-02-18T23:39:09.223+0000] {processor.py:840} INFO - DAG(s) 'produce_json', 'data_quality', 'update_db' retrieved from /opt/airflow/dags/main.py
[2026-02-18T23:39:09.293+0000] {logging_mixin.py:188} INFO - [2026-02-18T23:39:09.293+0000] {dag.py:3096} INFO - Sync 3 DAGs
[2026-02-18T23:39:09.352+0000] {logging_mixin.py:188} INFO - [2026-02-18T23:39:09.351+0000] {dag.py:3954} INFO - Setting next_dagrun for data_quality to 2026-02-18 16:00:00+00:00, run_after=2026-02-19 16:00:00+00:00
[2026-02-18T23:39:09.368+0000] {logging_mixin.py:188} INFO - [2026-02-18T23:39:09.368+0000] {dag.py:3954} INFO - Setting next_dagrun for produce_json to 2026-02-18 14:00:00+00:00, run_after=2026-02-19 14:00:00+00:00
[2026-02-18T23:39:09.386+0000] {logging_mixin.py:188} INFO - [2026-02-18T23:39:09.385+0000] {dag.py:3954} INFO - Setting next_dagrun for update_db to 2026-02-18 15:00:00+00:00, run_after=2026-02-19 15:00:00+00:00
[2026-02-18T23:39:09.453+0000] {processor.py:183} INFO - Processing /opt/airflow/dags/main.py took 0.328 seconds
[2026-02-18T23:39:40.261+0000] {processor.py:161} INFO - Started process (PID=1463) to work on /opt/airflow/dags/main.py
[2026-02-18T23:39:40.268+0000] {processor.py:830} INFO - Processing file /opt/airflow/dags/main.py for tasks to queue
[2026-02-18T23:39:40.274+0000] {logging_mixin.py:188} INFO - [2026-02-18T23:39:40.273+0000] {dagbag.py:545} INFO - Filling up the DagBag from /opt/airflow/dags/main.py
[2026-02-18T23:39:40.366+0000] {processor.py:840} INFO - DAG(s) 'data_quality', 'update_db', 'produce_json' retrieved from /opt/airflow/dags/main.py
[2026-02-18T23:39:40.459+0000] {logging_mixin.py:188} INFO - [2026-02-18T23:39:40.459+0000] {dag.py:3096} INFO - Sync 3 DAGs
[2026-02-18T23:39:40.526+0000] {logging_mixin.py:188} INFO - [2026-02-18T23:39:40.526+0000] {dag.py:3954} INFO - Setting next_dagrun for data_quality to 2026-02-18 16:00:00+00:00, run_after=2026-02-19 16:00:00+00:00
[2026-02-18T23:39:40.552+0000] {logging_mixin.py:188} INFO - [2026-02-18T23:39:40.552+0000] {dag.py:3954} INFO - Setting next_dagrun for produce_json to 2026-02-18 14:00:00+00:00, run_after=2026-02-19 14:00:00+00:00
[2026-02-18T23:39:40.565+0000] {logging_mixin.py:188} INFO - [2026-02-18T23:39:40.565+0000] {dag.py:3954} INFO - Setting next_dagrun for update_db to 2026-02-18 15:00:00+00:00, run_after=2026-02-19 15:00:00+00:00
[2026-02-18T23:39:40.637+0000] {processor.py:183} INFO - Processing /opt/airflow/dags/main.py took 0.392 seconds
[2026-02-18T23:40:10.831+0000] {processor.py:161} INFO - Started process (PID=1470) to work on /opt/airflow/dags/main.py
[2026-02-18T23:40:10.837+0000] {processor.py:830} INFO - Processing file /opt/airflow/dags/main.py for tasks to queue
[2026-02-18T23:40:10.841+0000] {logging_mixin.py:188} INFO - [2026-02-18T23:40:10.841+0000] {dagbag.py:545} INFO - Filling up the DagBag from /opt/airflow/dags/main.py
[2026-02-18T23:40:10.954+0000] {processor.py:840} INFO - DAG(s) 'produce_json', 'update_db', 'data_quality' retrieved from /opt/airflow/dags/main.py
[2026-02-18T23:40:11.091+0000] {logging_mixin.py:188} INFO - [2026-02-18T23:40:11.090+0000] {dag.py:3096} INFO - Sync 3 DAGs
[2026-02-18T23:40:11.169+0000] {logging_mixin.py:188} INFO - [2026-02-18T23:40:11.168+0000] {dag.py:3954} INFO - Setting next_dagrun for data_quality to 2026-02-18 16:00:00+00:00, run_after=2026-02-19 16:00:00+00:00
[2026-02-18T23:40:11.183+0000] {logging_mixin.py:188} INFO - [2026-02-18T23:40:11.183+0000] {dag.py:3954} INFO - Setting next_dagrun for produce_json to 2026-02-18 14:00:00+00:00, run_after=2026-02-19 14:00:00+00:00
[2026-02-18T23:40:11.188+0000] {logging_mixin.py:188} INFO - [2026-02-18T23:40:11.188+0000] {dag.py:3954} INFO - Setting next_dagrun for update_db to 2026-02-18 15:00:00+00:00, run_after=2026-02-19 15:00:00+00:00
[2026-02-18T23:40:11.233+0000] {processor.py:183} INFO - Processing /opt/airflow/dags/main.py took 0.440 seconds
[2026-02-18T23:40:41.542+0000] {processor.py:161} INFO - Started process (PID=1478) to work on /opt/airflow/dags/main.py
[2026-02-18T23:40:41.548+0000] {processor.py:830} INFO - Processing file /opt/airflow/dags/main.py for tasks to queue
[2026-02-18T23:40:41.551+0000] {logging_mixin.py:188} INFO - [2026-02-18T23:40:41.550+0000] {dagbag.py:545} INFO - Filling up the DagBag from /opt/airflow/dags/main.py
[2026-02-18T23:40:41.715+0000] {processor.py:840} INFO - DAG(s) 'produce_json', 'data_quality', 'update_db' retrieved from /opt/airflow/dags/main.py
[2026-02-18T23:40:41.824+0000] {logging_mixin.py:188} INFO - [2026-02-18T23:40:41.823+0000] {dag.py:3096} INFO - Sync 3 DAGs
[2026-02-18T23:40:41.883+0000] {logging_mixin.py:188} INFO - [2026-02-18T23:40:41.882+0000] {dag.py:3954} INFO - Setting next_dagrun for data_quality to 2026-02-18 16:00:00+00:00, run_after=2026-02-19 16:00:00+00:00
[2026-02-18T23:40:41.903+0000] {logging_mixin.py:188} INFO - [2026-02-18T23:40:41.902+0000] {dag.py:3954} INFO - Setting next_dagrun for produce_json to 2026-02-18 14:00:00+00:00, run_after=2026-02-19 14:00:00+00:00
[2026-02-18T23:40:41.911+0000] {logging_mixin.py:188} INFO - [2026-02-18T23:40:41.910+0000] {dag.py:3954} INFO - Setting next_dagrun for update_db to 2026-02-18 15:00:00+00:00, run_after=2026-02-19 15:00:00+00:00
[2026-02-18T23:40:41.961+0000] {processor.py:183} INFO - Processing /opt/airflow/dags/main.py took 0.467 seconds
[2026-02-18T23:41:12.252+0000] {processor.py:161} INFO - Started process (PID=1485) to work on /opt/airflow/dags/main.py
[2026-02-18T23:41:12.264+0000] {processor.py:830} INFO - Processing file /opt/airflow/dags/main.py for tasks to queue
[2026-02-18T23:41:12.288+0000] {logging_mixin.py:188} INFO - [2026-02-18T23:41:12.287+0000] {dagbag.py:545} INFO - Filling up the DagBag from /opt/airflow/dags/main.py
[2026-02-18T23:41:12.460+0000] {processor.py:840} INFO - DAG(s) 'update_db', 'data_quality', 'produce_json' retrieved from /opt/airflow/dags/main.py
[2026-02-18T23:41:12.592+0000] {logging_mixin.py:188} INFO - [2026-02-18T23:41:12.591+0000] {dag.py:3096} INFO - Sync 3 DAGs
[2026-02-18T23:41:12.650+0000] {logging_mixin.py:188} INFO - [2026-02-18T23:41:12.649+0000] {dag.py:3954} INFO - Setting next_dagrun for data_quality to 2026-02-18 16:00:00+00:00, run_after=2026-02-19 16:00:00+00:00
[2026-02-18T23:41:12.663+0000] {logging_mixin.py:188} INFO - [2026-02-18T23:41:12.663+0000] {dag.py:3954} INFO - Setting next_dagrun for produce_json to 2026-02-18 14:00:00+00:00, run_after=2026-02-19 14:00:00+00:00
[2026-02-18T23:41:12.671+0000] {logging_mixin.py:188} INFO - [2026-02-18T23:41:12.671+0000] {dag.py:3954} INFO - Setting next_dagrun for update_db to 2026-02-18 15:00:00+00:00, run_after=2026-02-19 15:00:00+00:00
[2026-02-18T23:41:12.721+0000] {processor.py:183} INFO - Processing /opt/airflow/dags/main.py took 0.537 seconds
[2026-02-18T23:41:43.402+0000] {processor.py:161} INFO - Started process (PID=1493) to work on /opt/airflow/dags/main.py
[2026-02-18T23:41:43.410+0000] {processor.py:830} INFO - Processing file /opt/airflow/dags/main.py for tasks to queue
[2026-02-18T23:41:43.422+0000] {logging_mixin.py:188} INFO - [2026-02-18T23:41:43.421+0000] {dagbag.py:545} INFO - Filling up the DagBag from /opt/airflow/dags/main.py
[2026-02-18T23:41:43.501+0000] {processor.py:840} INFO - DAG(s) 'produce_json', 'data_quality', 'update_db' retrieved from /opt/airflow/dags/main.py
[2026-02-18T23:41:43.621+0000] {logging_mixin.py:188} INFO - [2026-02-18T23:41:43.620+0000] {dag.py:3096} INFO - Sync 3 DAGs
[2026-02-18T23:41:43.676+0000] {logging_mixin.py:188} INFO - [2026-02-18T23:41:43.675+0000] {dag.py:3954} INFO - Setting next_dagrun for data_quality to 2026-02-18 16:00:00+00:00, run_after=2026-02-19 16:00:00+00:00
[2026-02-18T23:41:43.690+0000] {logging_mixin.py:188} INFO - [2026-02-18T23:41:43.689+0000] {dag.py:3954} INFO - Setting next_dagrun for produce_json to 2026-02-18 14:00:00+00:00, run_after=2026-02-19 14:00:00+00:00
[2026-02-18T23:41:43.697+0000] {logging_mixin.py:188} INFO - [2026-02-18T23:41:43.697+0000] {dag.py:3954} INFO - Setting next_dagrun for update_db to 2026-02-18 15:00:00+00:00, run_after=2026-02-19 15:00:00+00:00
[2026-02-18T23:41:43.742+0000] {processor.py:183} INFO - Processing /opt/airflow/dags/main.py took 0.352 seconds
[2026-02-18T23:42:14.673+0000] {processor.py:161} INFO - Started process (PID=1500) to work on /opt/airflow/dags/main.py
[2026-02-18T23:42:14.676+0000] {processor.py:830} INFO - Processing file /opt/airflow/dags/main.py for tasks to queue
[2026-02-18T23:42:14.687+0000] {logging_mixin.py:188} INFO - [2026-02-18T23:42:14.686+0000] {dagbag.py:545} INFO - Filling up the DagBag from /opt/airflow/dags/main.py
[2026-02-18T23:42:14.787+0000] {processor.py:840} INFO - DAG(s) 'update_db', 'produce_json', 'data_quality' retrieved from /opt/airflow/dags/main.py
[2026-02-18T23:42:14.878+0000] {logging_mixin.py:188} INFO - [2026-02-18T23:42:14.878+0000] {dag.py:3096} INFO - Sync 3 DAGs
[2026-02-18T23:42:14.969+0000] {logging_mixin.py:188} INFO - [2026-02-18T23:42:14.968+0000] {dag.py:3954} INFO - Setting next_dagrun for data_quality to 2026-02-18 16:00:00+00:00, run_after=2026-02-19 16:00:00+00:00
[2026-02-18T23:42:14.990+0000] {logging_mixin.py:188} INFO - [2026-02-18T23:42:14.990+0000] {dag.py:3954} INFO - Setting next_dagrun for produce_json to 2026-02-18 14:00:00+00:00, run_after=2026-02-19 14:00:00+00:00
[2026-02-18T23:42:15.008+0000] {logging_mixin.py:188} INFO - [2026-02-18T23:42:15.007+0000] {dag.py:3954} INFO - Setting next_dagrun for update_db to 2026-02-18 15:00:00+00:00, run_after=2026-02-19 15:00:00+00:00
[2026-02-18T23:42:15.079+0000] {processor.py:183} INFO - Processing /opt/airflow/dags/main.py took 0.416 seconds
[2026-02-18T23:42:45.174+0000] {processor.py:161} INFO - Started process (PID=1507) to work on /opt/airflow/dags/main.py
[2026-02-18T23:42:45.178+0000] {processor.py:830} INFO - Processing file /opt/airflow/dags/main.py for tasks to queue
[2026-02-18T23:42:45.182+0000] {logging_mixin.py:188} INFO - [2026-02-18T23:42:45.181+0000] {dagbag.py:545} INFO - Filling up the DagBag from /opt/airflow/dags/main.py
[2026-02-18T23:42:45.250+0000] {processor.py:840} INFO - DAG(s) 'data_quality', 'produce_json', 'update_db' retrieved from /opt/airflow/dags/main.py
[2026-02-18T23:42:45.319+0000] {logging_mixin.py:188} INFO - [2026-02-18T23:42:45.319+0000] {dag.py:3096} INFO - Sync 3 DAGs
[2026-02-18T23:42:45.376+0000] {logging_mixin.py:188} INFO - [2026-02-18T23:42:45.376+0000] {dag.py:3954} INFO - Setting next_dagrun for data_quality to 2026-02-18 16:00:00+00:00, run_after=2026-02-19 16:00:00+00:00
[2026-02-18T23:42:45.387+0000] {logging_mixin.py:188} INFO - [2026-02-18T23:42:45.387+0000] {dag.py:3954} INFO - Setting next_dagrun for produce_json to 2026-02-18 14:00:00+00:00, run_after=2026-02-19 14:00:00+00:00
[2026-02-18T23:42:45.395+0000] {logging_mixin.py:188} INFO - [2026-02-18T23:42:45.395+0000] {dag.py:3954} INFO - Setting next_dagrun for update_db to 2026-02-18 15:00:00+00:00, run_after=2026-02-19 15:00:00+00:00
[2026-02-18T23:42:45.449+0000] {processor.py:183} INFO - Processing /opt/airflow/dags/main.py took 0.295 seconds
[2026-02-18T23:43:15.868+0000] {processor.py:161} INFO - Started process (PID=1514) to work on /opt/airflow/dags/main.py
[2026-02-18T23:43:15.873+0000] {processor.py:830} INFO - Processing file /opt/airflow/dags/main.py for tasks to queue
[2026-02-18T23:43:15.877+0000] {logging_mixin.py:188} INFO - [2026-02-18T23:43:15.877+0000] {dagbag.py:545} INFO - Filling up the DagBag from /opt/airflow/dags/main.py
[2026-02-18T23:43:15.995+0000] {processor.py:840} INFO - DAG(s) 'update_db', 'produce_json', 'data_quality' retrieved from /opt/airflow/dags/main.py
[2026-02-18T23:43:16.094+0000] {logging_mixin.py:188} INFO - [2026-02-18T23:43:16.094+0000] {dag.py:3096} INFO - Sync 3 DAGs
[2026-02-18T23:43:16.150+0000] {logging_mixin.py:188} INFO - [2026-02-18T23:43:16.150+0000] {dag.py:3954} INFO - Setting next_dagrun for data_quality to 2026-02-18 16:00:00+00:00, run_after=2026-02-19 16:00:00+00:00
[2026-02-18T23:43:16.179+0000] {logging_mixin.py:188} INFO - [2026-02-18T23:43:16.179+0000] {dag.py:3954} INFO - Setting next_dagrun for produce_json to 2026-02-18 14:00:00+00:00, run_after=2026-02-19 14:00:00+00:00
[2026-02-18T23:43:16.201+0000] {logging_mixin.py:188} INFO - [2026-02-18T23:43:16.195+0000] {dag.py:3954} INFO - Setting next_dagrun for update_db to 2026-02-18 15:00:00+00:00, run_after=2026-02-19 15:00:00+00:00
[2026-02-18T23:43:16.259+0000] {processor.py:183} INFO - Processing /opt/airflow/dags/main.py took 0.404 seconds
[2026-02-18T23:43:46.502+0000] {processor.py:161} INFO - Started process (PID=1521) to work on /opt/airflow/dags/main.py
[2026-02-18T23:43:46.507+0000] {processor.py:830} INFO - Processing file /opt/airflow/dags/main.py for tasks to queue
[2026-02-18T23:43:46.512+0000] {logging_mixin.py:188} INFO - [2026-02-18T23:43:46.511+0000] {dagbag.py:545} INFO - Filling up the DagBag from /opt/airflow/dags/main.py
[2026-02-18T23:43:46.616+0000] {processor.py:840} INFO - DAG(s) 'data_quality', 'produce_json', 'update_db' retrieved from /opt/airflow/dags/main.py
[2026-02-18T23:43:46.889+0000] {logging_mixin.py:188} INFO - [2026-02-18T23:43:46.888+0000] {dag.py:3096} INFO - Sync 3 DAGs
[2026-02-18T23:43:47.020+0000] {logging_mixin.py:188} INFO - [2026-02-18T23:43:47.020+0000] {dag.py:3954} INFO - Setting next_dagrun for data_quality to 2026-02-18 16:00:00+00:00, run_after=2026-02-19 16:00:00+00:00
[2026-02-18T23:43:47.039+0000] {logging_mixin.py:188} INFO - [2026-02-18T23:43:47.038+0000] {dag.py:3954} INFO - Setting next_dagrun for produce_json to 2026-02-18 14:00:00+00:00, run_after=2026-02-19 14:00:00+00:00
[2026-02-18T23:43:47.049+0000] {logging_mixin.py:188} INFO - [2026-02-18T23:43:47.048+0000] {dag.py:3954} INFO - Setting next_dagrun for update_db to 2026-02-18 15:00:00+00:00, run_after=2026-02-19 15:00:00+00:00
[2026-02-18T23:43:47.123+0000] {processor.py:183} INFO - Processing /opt/airflow/dags/main.py took 0.631 seconds
[2026-02-18T23:44:17.823+0000] {processor.py:161} INFO - Started process (PID=1529) to work on /opt/airflow/dags/main.py
[2026-02-18T23:44:17.839+0000] {processor.py:830} INFO - Processing file /opt/airflow/dags/main.py for tasks to queue
[2026-02-18T23:44:17.851+0000] {logging_mixin.py:188} INFO - [2026-02-18T23:44:17.851+0000] {dagbag.py:545} INFO - Filling up the DagBag from /opt/airflow/dags/main.py
[2026-02-18T23:44:17.950+0000] {processor.py:840} INFO - DAG(s) 'produce_json', 'update_db', 'data_quality' retrieved from /opt/airflow/dags/main.py
[2026-02-18T23:44:18.100+0000] {logging_mixin.py:188} INFO - [2026-02-18T23:44:18.100+0000] {dag.py:3096} INFO - Sync 3 DAGs
[2026-02-18T23:44:18.267+0000] {logging_mixin.py:188} INFO - [2026-02-18T23:44:18.267+0000] {dag.py:3954} INFO - Setting next_dagrun for data_quality to 2026-02-18 16:00:00+00:00, run_after=2026-02-19 16:00:00+00:00
[2026-02-18T23:44:18.297+0000] {logging_mixin.py:188} INFO - [2026-02-18T23:44:18.297+0000] {dag.py:3954} INFO - Setting next_dagrun for produce_json to 2026-02-18 14:00:00+00:00, run_after=2026-02-19 14:00:00+00:00
[2026-02-18T23:44:18.309+0000] {logging_mixin.py:188} INFO - [2026-02-18T23:44:18.309+0000] {dag.py:3954} INFO - Setting next_dagrun for update_db to 2026-02-18 15:00:00+00:00, run_after=2026-02-19 15:00:00+00:00
[2026-02-18T23:44:18.372+0000] {processor.py:183} INFO - Processing /opt/airflow/dags/main.py took 0.562 seconds
[2026-02-18T23:44:48.770+0000] {processor.py:161} INFO - Started process (PID=1536) to work on /opt/airflow/dags/main.py
[2026-02-18T23:44:48.775+0000] {processor.py:830} INFO - Processing file /opt/airflow/dags/main.py for tasks to queue
[2026-02-18T23:44:48.781+0000] {logging_mixin.py:188} INFO - [2026-02-18T23:44:48.781+0000] {dagbag.py:545} INFO - Filling up the DagBag from /opt/airflow/dags/main.py
[2026-02-18T23:44:48.866+0000] {processor.py:840} INFO - DAG(s) 'data_quality', 'produce_json', 'update_db' retrieved from /opt/airflow/dags/main.py
[2026-02-18T23:44:49.003+0000] {logging_mixin.py:188} INFO - [2026-02-18T23:44:49.002+0000] {dag.py:3096} INFO - Sync 3 DAGs
[2026-02-18T23:44:49.060+0000] {logging_mixin.py:188} INFO - [2026-02-18T23:44:49.060+0000] {dag.py:3954} INFO - Setting next_dagrun for data_quality to 2026-02-18 16:00:00+00:00, run_after=2026-02-19 16:00:00+00:00
[2026-02-18T23:44:49.077+0000] {logging_mixin.py:188} INFO - [2026-02-18T23:44:49.076+0000] {dag.py:3954} INFO - Setting next_dagrun for produce_json to 2026-02-18 14:00:00+00:00, run_after=2026-02-19 14:00:00+00:00
[2026-02-18T23:44:49.090+0000] {logging_mixin.py:188} INFO - [2026-02-18T23:44:49.090+0000] {dag.py:3954} INFO - Setting next_dagrun for update_db to 2026-02-18 15:00:00+00:00, run_after=2026-02-19 15:00:00+00:00
[2026-02-18T23:44:49.136+0000] {processor.py:183} INFO - Processing /opt/airflow/dags/main.py took 0.377 seconds
[2026-02-18T23:45:19.299+0000] {processor.py:161} INFO - Started process (PID=1543) to work on /opt/airflow/dags/main.py
[2026-02-18T23:45:19.307+0000] {processor.py:830} INFO - Processing file /opt/airflow/dags/main.py for tasks to queue
[2026-02-18T23:45:19.316+0000] {logging_mixin.py:188} INFO - [2026-02-18T23:45:19.315+0000] {dagbag.py:545} INFO - Filling up the DagBag from /opt/airflow/dags/main.py
[2026-02-18T23:45:19.410+0000] {processor.py:840} INFO - DAG(s) 'update_db', 'data_quality', 'produce_json' retrieved from /opt/airflow/dags/main.py
[2026-02-18T23:45:19.512+0000] {logging_mixin.py:188} INFO - [2026-02-18T23:45:19.510+0000] {dag.py:3096} INFO - Sync 3 DAGs
[2026-02-18T23:45:19.578+0000] {logging_mixin.py:188} INFO - [2026-02-18T23:45:19.578+0000] {dag.py:3954} INFO - Setting next_dagrun for data_quality to 2026-02-18 16:00:00+00:00, run_after=2026-02-19 16:00:00+00:00
[2026-02-18T23:45:19.674+0000] {logging_mixin.py:188} INFO - [2026-02-18T23:45:19.673+0000] {dag.py:3954} INFO - Setting next_dagrun for produce_json to 2026-02-18 14:00:00+00:00, run_after=2026-02-19 14:00:00+00:00
[2026-02-18T23:45:19.719+0000] {logging_mixin.py:188} INFO - [2026-02-18T23:45:19.716+0000] {dag.py:3954} INFO - Setting next_dagrun for update_db to 2026-02-18 15:00:00+00:00, run_after=2026-02-19 15:00:00+00:00
[2026-02-18T23:45:19.787+0000] {processor.py:183} INFO - Processing /opt/airflow/dags/main.py took 0.499 seconds
[2026-02-18T23:45:50.054+0000] {processor.py:161} INFO - Started process (PID=1550) to work on /opt/airflow/dags/main.py
[2026-02-18T23:45:50.061+0000] {processor.py:830} INFO - Processing file /opt/airflow/dags/main.py for tasks to queue
[2026-02-18T23:45:50.065+0000] {logging_mixin.py:188} INFO - [2026-02-18T23:45:50.064+0000] {dagbag.py:545} INFO - Filling up the DagBag from /opt/airflow/dags/main.py
[2026-02-18T23:45:50.151+0000] {processor.py:840} INFO - DAG(s) 'produce_json', 'update_db', 'data_quality' retrieved from /opt/airflow/dags/main.py
[2026-02-18T23:45:50.285+0000] {logging_mixin.py:188} INFO - [2026-02-18T23:45:50.285+0000] {dag.py:3096} INFO - Sync 3 DAGs
[2026-02-18T23:45:50.322+0000] {logging_mixin.py:188} INFO - [2026-02-18T23:45:50.322+0000] {dag.py:3954} INFO - Setting next_dagrun for data_quality to 2026-02-18 16:00:00+00:00, run_after=2026-02-19 16:00:00+00:00
[2026-02-18T23:45:50.331+0000] {logging_mixin.py:188} INFO - [2026-02-18T23:45:50.330+0000] {dag.py:3954} INFO - Setting next_dagrun for produce_json to 2026-02-18 14:00:00+00:00, run_after=2026-02-19 14:00:00+00:00
[2026-02-18T23:45:50.339+0000] {logging_mixin.py:188} INFO - [2026-02-18T23:45:50.339+0000] {dag.py:3954} INFO - Setting next_dagrun for update_db to 2026-02-18 15:00:00+00:00, run_after=2026-02-19 15:00:00+00:00
[2026-02-18T23:45:50.388+0000] {processor.py:183} INFO - Processing /opt/airflow/dags/main.py took 0.351 seconds
[2026-02-18T23:46:20.462+0000] {processor.py:161} INFO - Started process (PID=1557) to work on /opt/airflow/dags/main.py
[2026-02-18T23:46:20.477+0000] {processor.py:830} INFO - Processing file /opt/airflow/dags/main.py for tasks to queue
[2026-02-18T23:46:20.485+0000] {logging_mixin.py:188} INFO - [2026-02-18T23:46:20.484+0000] {dagbag.py:545} INFO - Filling up the DagBag from /opt/airflow/dags/main.py
[2026-02-18T23:46:20.582+0000] {processor.py:840} INFO - DAG(s) 'produce_json', 'data_quality', 'update_db' retrieved from /opt/airflow/dags/main.py
[2026-02-18T23:46:20.738+0000] {logging_mixin.py:188} INFO - [2026-02-18T23:46:20.737+0000] {dag.py:3096} INFO - Sync 3 DAGs
[2026-02-18T23:46:20.825+0000] {logging_mixin.py:188} INFO - [2026-02-18T23:46:20.825+0000] {dag.py:3954} INFO - Setting next_dagrun for data_quality to 2026-02-18 16:00:00+00:00, run_after=2026-02-19 16:00:00+00:00
[2026-02-18T23:46:20.845+0000] {logging_mixin.py:188} INFO - [2026-02-18T23:46:20.845+0000] {dag.py:3954} INFO - Setting next_dagrun for produce_json to 2026-02-18 14:00:00+00:00, run_after=2026-02-19 14:00:00+00:00
[2026-02-18T23:46:20.857+0000] {logging_mixin.py:188} INFO - [2026-02-18T23:46:20.857+0000] {dag.py:3954} INFO - Setting next_dagrun for update_db to 2026-02-18 15:00:00+00:00, run_after=2026-02-19 15:00:00+00:00
[2026-02-18T23:46:20.929+0000] {processor.py:183} INFO - Processing /opt/airflow/dags/main.py took 0.479 seconds
[2026-02-18T23:46:51.002+0000] {processor.py:161} INFO - Started process (PID=1564) to work on /opt/airflow/dags/main.py
[2026-02-18T23:46:51.009+0000] {processor.py:830} INFO - Processing file /opt/airflow/dags/main.py for tasks to queue
[2026-02-18T23:46:51.015+0000] {logging_mixin.py:188} INFO - [2026-02-18T23:46:51.014+0000] {dagbag.py:545} INFO - Filling up the DagBag from /opt/airflow/dags/main.py
[2026-02-18T23:46:51.094+0000] {processor.py:840} INFO - DAG(s) 'produce_json', 'data_quality', 'update_db' retrieved from /opt/airflow/dags/main.py
[2026-02-18T23:46:51.239+0000] {logging_mixin.py:188} INFO - [2026-02-18T23:46:51.238+0000] {dag.py:3096} INFO - Sync 3 DAGs
[2026-02-18T23:46:51.430+0000] {logging_mixin.py:188} INFO - [2026-02-18T23:46:51.429+0000] {dag.py:3954} INFO - Setting next_dagrun for data_quality to 2026-02-18 16:00:00+00:00, run_after=2026-02-19 16:00:00+00:00
[2026-02-18T23:46:51.480+0000] {logging_mixin.py:188} INFO - [2026-02-18T23:46:51.477+0000] {dag.py:3954} INFO - Setting next_dagrun for produce_json to 2026-02-18 14:00:00+00:00, run_after=2026-02-19 14:00:00+00:00
[2026-02-18T23:46:51.511+0000] {logging_mixin.py:188} INFO - [2026-02-18T23:46:51.510+0000] {dag.py:3954} INFO - Setting next_dagrun for update_db to 2026-02-18 15:00:00+00:00, run_after=2026-02-19 15:00:00+00:00
[2026-02-18T23:46:51.589+0000] {processor.py:183} INFO - Processing /opt/airflow/dags/main.py took 0.601 seconds
[2026-02-18T23:47:21.871+0000] {processor.py:161} INFO - Started process (PID=1571) to work on /opt/airflow/dags/main.py
[2026-02-18T23:47:21.880+0000] {processor.py:830} INFO - Processing file /opt/airflow/dags/main.py for tasks to queue
[2026-02-18T23:47:21.884+0000] {logging_mixin.py:188} INFO - [2026-02-18T23:47:21.883+0000] {dagbag.py:545} INFO - Filling up the DagBag from /opt/airflow/dags/main.py
[2026-02-18T23:47:21.964+0000] {processor.py:840} INFO - DAG(s) 'produce_json', 'data_quality', 'update_db' retrieved from /opt/airflow/dags/main.py
[2026-02-18T23:47:22.065+0000] {logging_mixin.py:188} INFO - [2026-02-18T23:47:22.065+0000] {dag.py:3096} INFO - Sync 3 DAGs
[2026-02-18T23:47:22.118+0000] {logging_mixin.py:188} INFO - [2026-02-18T23:47:22.118+0000] {dag.py:3954} INFO - Setting next_dagrun for data_quality to 2026-02-18 16:00:00+00:00, run_after=2026-02-19 16:00:00+00:00
[2026-02-18T23:47:22.134+0000] {logging_mixin.py:188} INFO - [2026-02-18T23:47:22.134+0000] {dag.py:3954} INFO - Setting next_dagrun for produce_json to 2026-02-18 14:00:00+00:00, run_after=2026-02-19 14:00:00+00:00
[2026-02-18T23:47:22.142+0000] {logging_mixin.py:188} INFO - [2026-02-18T23:47:22.142+0000] {dag.py:3954} INFO - Setting next_dagrun for update_db to 2026-02-18 15:00:00+00:00, run_after=2026-02-19 15:00:00+00:00
[2026-02-18T23:47:22.190+0000] {processor.py:183} INFO - Processing /opt/airflow/dags/main.py took 0.337 seconds
[2026-02-18T23:47:52.389+0000] {processor.py:161} INFO - Started process (PID=1579) to work on /opt/airflow/dags/main.py
[2026-02-18T23:47:52.409+0000] {processor.py:830} INFO - Processing file /opt/airflow/dags/main.py for tasks to queue
[2026-02-18T23:47:52.422+0000] {logging_mixin.py:188} INFO - [2026-02-18T23:47:52.422+0000] {dagbag.py:545} INFO - Filling up the DagBag from /opt/airflow/dags/main.py
[2026-02-18T23:47:52.530+0000] {processor.py:840} INFO - DAG(s) 'data_quality', 'produce_json', 'update_db' retrieved from /opt/airflow/dags/main.py
[2026-02-18T23:47:52.654+0000] {logging_mixin.py:188} INFO - [2026-02-18T23:47:52.654+0000] {dag.py:3096} INFO - Sync 3 DAGs
[2026-02-18T23:47:52.725+0000] {logging_mixin.py:188} INFO - [2026-02-18T23:47:52.725+0000] {dag.py:3954} INFO - Setting next_dagrun for data_quality to 2026-02-18 16:00:00+00:00, run_after=2026-02-19 16:00:00+00:00
[2026-02-18T23:47:52.743+0000] {logging_mixin.py:188} INFO - [2026-02-18T23:47:52.742+0000] {dag.py:3954} INFO - Setting next_dagrun for produce_json to 2026-02-18 14:00:00+00:00, run_after=2026-02-19 14:00:00+00:00
[2026-02-18T23:47:52.759+0000] {logging_mixin.py:188} INFO - [2026-02-18T23:47:52.759+0000] {dag.py:3954} INFO - Setting next_dagrun for update_db to 2026-02-18 15:00:00+00:00, run_after=2026-02-19 15:00:00+00:00
[2026-02-18T23:47:52.805+0000] {processor.py:183} INFO - Processing /opt/airflow/dags/main.py took 0.442 seconds
[2026-02-18T23:48:23.041+0000] {processor.py:161} INFO - Started process (PID=1588) to work on /opt/airflow/dags/main.py
[2026-02-18T23:48:23.047+0000] {processor.py:830} INFO - Processing file /opt/airflow/dags/main.py for tasks to queue
[2026-02-18T23:48:23.053+0000] {logging_mixin.py:188} INFO - [2026-02-18T23:48:23.052+0000] {dagbag.py:545} INFO - Filling up the DagBag from /opt/airflow/dags/main.py
[2026-02-18T23:48:23.170+0000] {processor.py:840} INFO - DAG(s) 'update_db', 'data_quality', 'produce_json' retrieved from /opt/airflow/dags/main.py
[2026-02-18T23:48:23.267+0000] {logging_mixin.py:188} INFO - [2026-02-18T23:48:23.267+0000] {dag.py:3096} INFO - Sync 3 DAGs
[2026-02-18T23:48:23.322+0000] {logging_mixin.py:188} INFO - [2026-02-18T23:48:23.322+0000] {dag.py:3954} INFO - Setting next_dagrun for data_quality to 2026-02-18 16:00:00+00:00, run_after=2026-02-19 16:00:00+00:00
[2026-02-18T23:48:23.339+0000] {logging_mixin.py:188} INFO - [2026-02-18T23:48:23.338+0000] {dag.py:3954} INFO - Setting next_dagrun for produce_json to 2026-02-18 14:00:00+00:00, run_after=2026-02-19 14:00:00+00:00
[2026-02-18T23:48:23.350+0000] {logging_mixin.py:188} INFO - [2026-02-18T23:48:23.349+0000] {dag.py:3954} INFO - Setting next_dagrun for update_db to 2026-02-18 15:00:00+00:00, run_after=2026-02-19 15:00:00+00:00
[2026-02-18T23:48:23.387+0000] {processor.py:183} INFO - Processing /opt/airflow/dags/main.py took 0.366 seconds
[2026-02-18T23:48:53.976+0000] {processor.py:161} INFO - Started process (PID=1595) to work on /opt/airflow/dags/main.py
[2026-02-18T23:48:53.984+0000] {processor.py:830} INFO - Processing file /opt/airflow/dags/main.py for tasks to queue
[2026-02-18T23:48:53.993+0000] {logging_mixin.py:188} INFO - [2026-02-18T23:48:53.992+0000] {dagbag.py:545} INFO - Filling up the DagBag from /opt/airflow/dags/main.py
[2026-02-18T23:48:54.096+0000] {processor.py:840} INFO - DAG(s) 'update_db', 'data_quality', 'produce_json' retrieved from /opt/airflow/dags/main.py
[2026-02-18T23:48:54.171+0000] {logging_mixin.py:188} INFO - [2026-02-18T23:48:54.170+0000] {dag.py:3096} INFO - Sync 3 DAGs
[2026-02-18T23:48:54.253+0000] {logging_mixin.py:188} INFO - [2026-02-18T23:48:54.253+0000] {dag.py:3954} INFO - Setting next_dagrun for data_quality to 2026-02-18 16:00:00+00:00, run_after=2026-02-19 16:00:00+00:00
[2026-02-18T23:48:54.268+0000] {logging_mixin.py:188} INFO - [2026-02-18T23:48:54.268+0000] {dag.py:3954} INFO - Setting next_dagrun for produce_json to 2026-02-18 14:00:00+00:00, run_after=2026-02-19 14:00:00+00:00
[2026-02-18T23:48:54.286+0000] {logging_mixin.py:188} INFO - [2026-02-18T23:48:54.286+0000] {dag.py:3954} INFO - Setting next_dagrun for update_db to 2026-02-18 15:00:00+00:00, run_after=2026-02-19 15:00:00+00:00
[2026-02-18T23:48:54.343+0000] {processor.py:183} INFO - Processing /opt/airflow/dags/main.py took 0.383 seconds
[2026-02-18T23:49:24.501+0000] {processor.py:161} INFO - Started process (PID=1603) to work on /opt/airflow/dags/main.py
[2026-02-18T23:49:24.519+0000] {processor.py:830} INFO - Processing file /opt/airflow/dags/main.py for tasks to queue
[2026-02-18T23:49:24.525+0000] {logging_mixin.py:188} INFO - [2026-02-18T23:49:24.525+0000] {dagbag.py:545} INFO - Filling up the DagBag from /opt/airflow/dags/main.py
[2026-02-18T23:49:24.601+0000] {processor.py:840} INFO - DAG(s) 'produce_json', 'data_quality', 'update_db' retrieved from /opt/airflow/dags/main.py
[2026-02-18T23:49:24.717+0000] {logging_mixin.py:188} INFO - [2026-02-18T23:49:24.717+0000] {dag.py:3096} INFO - Sync 3 DAGs
[2026-02-18T23:49:24.776+0000] {logging_mixin.py:188} INFO - [2026-02-18T23:49:24.776+0000] {dag.py:3954} INFO - Setting next_dagrun for data_quality to 2026-02-18 16:00:00+00:00, run_after=2026-02-19 16:00:00+00:00
[2026-02-18T23:49:24.789+0000] {logging_mixin.py:188} INFO - [2026-02-18T23:49:24.788+0000] {dag.py:3954} INFO - Setting next_dagrun for produce_json to 2026-02-18 14:00:00+00:00, run_after=2026-02-19 14:00:00+00:00
[2026-02-18T23:49:24.798+0000] {logging_mixin.py:188} INFO - [2026-02-18T23:49:24.797+0000] {dag.py:3954} INFO - Setting next_dagrun for update_db to 2026-02-18 15:00:00+00:00, run_after=2026-02-19 15:00:00+00:00
[2026-02-18T23:49:24.851+0000] {processor.py:183} INFO - Processing /opt/airflow/dags/main.py took 0.371 seconds
[2026-02-18T23:49:55.265+0000] {processor.py:161} INFO - Started process (PID=1610) to work on /opt/airflow/dags/main.py
[2026-02-18T23:49:55.274+0000] {processor.py:830} INFO - Processing file /opt/airflow/dags/main.py for tasks to queue
[2026-02-18T23:49:55.279+0000] {logging_mixin.py:188} INFO - [2026-02-18T23:49:55.279+0000] {dagbag.py:545} INFO - Filling up the DagBag from /opt/airflow/dags/main.py
[2026-02-18T23:49:55.411+0000] {processor.py:840} INFO - DAG(s) 'data_quality', 'update_db', 'produce_json' retrieved from /opt/airflow/dags/main.py
[2026-02-18T23:49:55.515+0000] {logging_mixin.py:188} INFO - [2026-02-18T23:49:55.515+0000] {dag.py:3096} INFO - Sync 3 DAGs
[2026-02-18T23:49:55.608+0000] {logging_mixin.py:188} INFO - [2026-02-18T23:49:55.607+0000] {dag.py:3954} INFO - Setting next_dagrun for data_quality to 2026-02-18 16:00:00+00:00, run_after=2026-02-19 16:00:00+00:00
[2026-02-18T23:49:55.635+0000] {logging_mixin.py:188} INFO - [2026-02-18T23:49:55.635+0000] {dag.py:3954} INFO - Setting next_dagrun for produce_json to 2026-02-18 14:00:00+00:00, run_after=2026-02-19 14:00:00+00:00
[2026-02-18T23:49:55.650+0000] {logging_mixin.py:188} INFO - [2026-02-18T23:49:55.649+0000] {dag.py:3954} INFO - Setting next_dagrun for update_db to 2026-02-18 15:00:00+00:00, run_after=2026-02-19 15:00:00+00:00
[2026-02-18T23:49:55.710+0000] {processor.py:183} INFO - Processing /opt/airflow/dags/main.py took 0.467 seconds
[2026-02-18T23:50:26.647+0000] {processor.py:161} INFO - Started process (PID=1618) to work on /opt/airflow/dags/main.py
[2026-02-18T23:50:26.654+0000] {processor.py:830} INFO - Processing file /opt/airflow/dags/main.py for tasks to queue
[2026-02-18T23:50:26.667+0000] {logging_mixin.py:188} INFO - [2026-02-18T23:50:26.666+0000] {dagbag.py:545} INFO - Filling up the DagBag from /opt/airflow/dags/main.py
[2026-02-18T23:50:26.832+0000] {processor.py:840} INFO - DAG(s) 'update_db', 'produce_json', 'data_quality' retrieved from /opt/airflow/dags/main.py
[2026-02-18T23:50:26.924+0000] {logging_mixin.py:188} INFO - [2026-02-18T23:50:26.923+0000] {dag.py:3096} INFO - Sync 3 DAGs
[2026-02-18T23:50:26.976+0000] {logging_mixin.py:188} INFO - [2026-02-18T23:50:26.971+0000] {dag.py:3954} INFO - Setting next_dagrun for data_quality to 2026-02-18 16:00:00+00:00, run_after=2026-02-19 16:00:00+00:00
[2026-02-18T23:50:26.988+0000] {logging_mixin.py:188} INFO - [2026-02-18T23:50:26.988+0000] {dag.py:3954} INFO - Setting next_dagrun for produce_json to 2026-02-18 14:00:00+00:00, run_after=2026-02-19 14:00:00+00:00
[2026-02-18T23:50:26.993+0000] {logging_mixin.py:188} INFO - [2026-02-18T23:50:26.993+0000] {dag.py:3954} INFO - Setting next_dagrun for update_db to 2026-02-18 15:00:00+00:00, run_after=2026-02-19 15:00:00+00:00
[2026-02-18T23:50:27.021+0000] {processor.py:183} INFO - Processing /opt/airflow/dags/main.py took 0.427 seconds
[2026-02-18T23:50:57.630+0000] {processor.py:161} INFO - Started process (PID=1625) to work on /opt/airflow/dags/main.py
[2026-02-18T23:50:57.646+0000] {processor.py:830} INFO - Processing file /opt/airflow/dags/main.py for tasks to queue
[2026-02-18T23:50:57.664+0000] {logging_mixin.py:188} INFO - [2026-02-18T23:50:57.664+0000] {dagbag.py:545} INFO - Filling up the DagBag from /opt/airflow/dags/main.py
[2026-02-18T23:50:57.869+0000] {processor.py:840} INFO - DAG(s) 'produce_json', 'update_db', 'data_quality' retrieved from /opt/airflow/dags/main.py
[2026-02-18T23:50:57.950+0000] {logging_mixin.py:188} INFO - [2026-02-18T23:50:57.950+0000] {dag.py:3096} INFO - Sync 3 DAGs
[2026-02-18T23:50:58.043+0000] {logging_mixin.py:188} INFO - [2026-02-18T23:50:58.042+0000] {dag.py:3954} INFO - Setting next_dagrun for data_quality to 2026-02-18 16:00:00+00:00, run_after=2026-02-19 16:00:00+00:00
[2026-02-18T23:50:58.060+0000] {logging_mixin.py:188} INFO - [2026-02-18T23:50:58.060+0000] {dag.py:3954} INFO - Setting next_dagrun for produce_json to 2026-02-18 14:00:00+00:00, run_after=2026-02-19 14:00:00+00:00
[2026-02-18T23:50:58.066+0000] {logging_mixin.py:188} INFO - [2026-02-18T23:50:58.066+0000] {dag.py:3954} INFO - Setting next_dagrun for update_db to 2026-02-18 15:00:00+00:00, run_after=2026-02-19 15:00:00+00:00
[2026-02-18T23:50:58.114+0000] {processor.py:183} INFO - Processing /opt/airflow/dags/main.py took 0.531 seconds
[2026-02-18T23:51:29.062+0000] {processor.py:161} INFO - Started process (PID=1632) to work on /opt/airflow/dags/main.py
[2026-02-18T23:51:29.066+0000] {processor.py:830} INFO - Processing file /opt/airflow/dags/main.py for tasks to queue
[2026-02-18T23:51:29.073+0000] {logging_mixin.py:188} INFO - [2026-02-18T23:51:29.072+0000] {dagbag.py:545} INFO - Filling up the DagBag from /opt/airflow/dags/main.py
[2026-02-18T23:51:29.226+0000] {processor.py:840} INFO - DAG(s) 'produce_json', 'data_quality', 'update_db' retrieved from /opt/airflow/dags/main.py
[2026-02-18T23:51:29.350+0000] {logging_mixin.py:188} INFO - [2026-02-18T23:51:29.349+0000] {dag.py:3096} INFO - Sync 3 DAGs
[2026-02-18T23:51:29.426+0000] {logging_mixin.py:188} INFO - [2026-02-18T23:51:29.426+0000] {dag.py:3954} INFO - Setting next_dagrun for data_quality to 2026-02-18 16:00:00+00:00, run_after=2026-02-19 16:00:00+00:00
[2026-02-18T23:51:29.440+0000] {logging_mixin.py:188} INFO - [2026-02-18T23:51:29.440+0000] {dag.py:3954} INFO - Setting next_dagrun for produce_json to 2026-02-18 14:00:00+00:00, run_after=2026-02-19 14:00:00+00:00
[2026-02-18T23:51:29.451+0000] {logging_mixin.py:188} INFO - [2026-02-18T23:51:29.451+0000] {dag.py:3954} INFO - Setting next_dagrun for update_db to 2026-02-18 15:00:00+00:00, run_after=2026-02-19 15:00:00+00:00
[2026-02-18T23:51:29.519+0000] {processor.py:183} INFO - Processing /opt/airflow/dags/main.py took 0.479 seconds
[2026-02-18T23:51:59.976+0000] {processor.py:161} INFO - Started process (PID=1639) to work on /opt/airflow/dags/main.py
[2026-02-18T23:51:59.996+0000] {processor.py:830} INFO - Processing file /opt/airflow/dags/main.py for tasks to queue
[2026-02-18T23:52:00.002+0000] {logging_mixin.py:188} INFO - [2026-02-18T23:52:00.002+0000] {dagbag.py:545} INFO - Filling up the DagBag from /opt/airflow/dags/main.py
[2026-02-18T23:52:00.079+0000] {processor.py:840} INFO - DAG(s) 'produce_json', 'data_quality', 'update_db' retrieved from /opt/airflow/dags/main.py
[2026-02-18T23:52:00.173+0000] {logging_mixin.py:188} INFO - [2026-02-18T23:52:00.172+0000] {dag.py:3096} INFO - Sync 3 DAGs
[2026-02-18T23:52:00.240+0000] {logging_mixin.py:188} INFO - [2026-02-18T23:52:00.239+0000] {dag.py:3954} INFO - Setting next_dagrun for data_quality to 2026-02-18 16:00:00+00:00, run_after=2026-02-19 16:00:00+00:00
[2026-02-18T23:52:00.255+0000] {logging_mixin.py:188} INFO - [2026-02-18T23:52:00.255+0000] {dag.py:3954} INFO - Setting next_dagrun for produce_json to 2026-02-18 14:00:00+00:00, run_after=2026-02-19 14:00:00+00:00
[2026-02-18T23:52:00.271+0000] {logging_mixin.py:188} INFO - [2026-02-18T23:52:00.271+0000] {dag.py:3954} INFO - Setting next_dagrun for update_db to 2026-02-18 15:00:00+00:00, run_after=2026-02-19 15:00:00+00:00
[2026-02-18T23:52:00.312+0000] {processor.py:183} INFO - Processing /opt/airflow/dags/main.py took 0.349 seconds
[2026-02-18T23:52:31.229+0000] {processor.py:161} INFO - Started process (PID=1648) to work on /opt/airflow/dags/main.py
[2026-02-18T23:52:31.250+0000] {processor.py:830} INFO - Processing file /opt/airflow/dags/main.py for tasks to queue
[2026-02-18T23:52:31.254+0000] {logging_mixin.py:188} INFO - [2026-02-18T23:52:31.253+0000] {dagbag.py:545} INFO - Filling up the DagBag from /opt/airflow/dags/main.py
[2026-02-18T23:52:31.348+0000] {processor.py:840} INFO - DAG(s) 'data_quality', 'produce_json', 'update_db' retrieved from /opt/airflow/dags/main.py
[2026-02-18T23:52:31.480+0000] {logging_mixin.py:188} INFO - [2026-02-18T23:52:31.480+0000] {dag.py:3096} INFO - Sync 3 DAGs
[2026-02-18T23:52:31.544+0000] {logging_mixin.py:188} INFO - [2026-02-18T23:52:31.543+0000] {dag.py:3954} INFO - Setting next_dagrun for data_quality to 2026-02-18 16:00:00+00:00, run_after=2026-02-19 16:00:00+00:00
[2026-02-18T23:52:31.559+0000] {logging_mixin.py:188} INFO - [2026-02-18T23:52:31.558+0000] {dag.py:3954} INFO - Setting next_dagrun for produce_json to 2026-02-18 14:00:00+00:00, run_after=2026-02-19 14:00:00+00:00
[2026-02-18T23:52:31.576+0000] {logging_mixin.py:188} INFO - [2026-02-18T23:52:31.575+0000] {dag.py:3954} INFO - Setting next_dagrun for update_db to 2026-02-18 15:00:00+00:00, run_after=2026-02-19 15:00:00+00:00
[2026-02-18T23:52:31.622+0000] {processor.py:183} INFO - Processing /opt/airflow/dags/main.py took 0.408 seconds
[2026-02-18T23:53:01.916+0000] {processor.py:161} INFO - Started process (PID=1656) to work on /opt/airflow/dags/main.py
[2026-02-18T23:53:01.937+0000] {processor.py:830} INFO - Processing file /opt/airflow/dags/main.py for tasks to queue
[2026-02-18T23:53:01.951+0000] {logging_mixin.py:188} INFO - [2026-02-18T23:53:01.946+0000] {dagbag.py:545} INFO - Filling up the DagBag from /opt/airflow/dags/main.py
[2026-02-18T23:53:02.111+0000] {processor.py:840} INFO - DAG(s) 'produce_json', 'update_db', 'data_quality' retrieved from /opt/airflow/dags/main.py
[2026-02-18T23:53:02.207+0000] {logging_mixin.py:188} INFO - [2026-02-18T23:53:02.207+0000] {dag.py:3096} INFO - Sync 3 DAGs
[2026-02-18T23:53:02.287+0000] {logging_mixin.py:188} INFO - [2026-02-18T23:53:02.286+0000] {dag.py:3954} INFO - Setting next_dagrun for data_quality to 2026-02-18 16:00:00+00:00, run_after=2026-02-19 16:00:00+00:00
[2026-02-18T23:53:02.304+0000] {logging_mixin.py:188} INFO - [2026-02-18T23:53:02.304+0000] {dag.py:3954} INFO - Setting next_dagrun for produce_json to 2026-02-18 14:00:00+00:00, run_after=2026-02-19 14:00:00+00:00
[2026-02-18T23:53:02.313+0000] {logging_mixin.py:188} INFO - [2026-02-18T23:53:02.313+0000] {dag.py:3954} INFO - Setting next_dagrun for update_db to 2026-02-18 15:00:00+00:00, run_after=2026-02-19 15:00:00+00:00
[2026-02-18T23:53:02.368+0000] {processor.py:183} INFO - Processing /opt/airflow/dags/main.py took 0.476 seconds
[2026-02-18T23:53:33.279+0000] {processor.py:161} INFO - Started process (PID=1663) to work on /opt/airflow/dags/main.py
[2026-02-18T23:53:33.285+0000] {processor.py:830} INFO - Processing file /opt/airflow/dags/main.py for tasks to queue
[2026-02-18T23:53:33.291+0000] {logging_mixin.py:188} INFO - [2026-02-18T23:53:33.290+0000] {dagbag.py:545} INFO - Filling up the DagBag from /opt/airflow/dags/main.py
[2026-02-18T23:53:33.389+0000] {processor.py:840} INFO - DAG(s) 'produce_json', 'data_quality', 'update_db' retrieved from /opt/airflow/dags/main.py
[2026-02-18T23:53:33.545+0000] {logging_mixin.py:188} INFO - [2026-02-18T23:53:33.544+0000] {dag.py:3096} INFO - Sync 3 DAGs
[2026-02-18T23:53:33.658+0000] {logging_mixin.py:188} INFO - [2026-02-18T23:53:33.658+0000] {dag.py:3954} INFO - Setting next_dagrun for data_quality to 2026-02-18 16:00:00+00:00, run_after=2026-02-19 16:00:00+00:00
[2026-02-18T23:53:33.677+0000] {logging_mixin.py:188} INFO - [2026-02-18T23:53:33.677+0000] {dag.py:3954} INFO - Setting next_dagrun for produce_json to 2026-02-18 14:00:00+00:00, run_after=2026-02-19 14:00:00+00:00
[2026-02-18T23:53:33.701+0000] {logging_mixin.py:188} INFO - [2026-02-18T23:53:33.700+0000] {dag.py:3954} INFO - Setting next_dagrun for update_db to 2026-02-18 15:00:00+00:00, run_after=2026-02-19 15:00:00+00:00
[2026-02-18T23:53:33.776+0000] {processor.py:183} INFO - Processing /opt/airflow/dags/main.py took 0.512 seconds
