[2026-02-16T21:46:32.368+0000] {processor.py:161} INFO - Started process (PID=54) to work on /opt/airflow/dags/main.py
[2026-02-16T21:46:32.369+0000] {processor.py:830} INFO - Processing file /opt/airflow/dags/main.py for tasks to queue
[2026-02-16T21:46:32.372+0000] {logging_mixin.py:188} INFO - [2026-02-16T21:46:32.371+0000] {dagbag.py:545} INFO - Filling up the DagBag from /opt/airflow/dags/main.py
[2026-02-16T21:46:32.535+0000] {processor.py:840} INFO - DAG(s) 'produce_json', 'update_db' retrieved from /opt/airflow/dags/main.py
[2026-02-16T21:46:32.664+0000] {logging_mixin.py:188} INFO - [2026-02-16T21:46:32.664+0000] {dag.py:3096} INFO - Sync 2 DAGs
[2026-02-16T21:46:35.244+0000] {logging_mixin.py:188} INFO - [2026-02-16T21:46:35.244+0000] {dag.py:3954} INFO - Setting next_dagrun for produce_json to 2026-02-16 14:00:00+00:00, run_after=2026-02-17 14:00:00+00:00
[2026-02-16T21:46:35.306+0000] {logging_mixin.py:188} INFO - [2026-02-16T21:46:35.305+0000] {dag.py:3954} INFO - Setting next_dagrun for update_db to 2026-02-16 15:00:00+00:00, run_after=2026-02-17 15:00:00+00:00
[2026-02-16T21:46:35.958+0000] {processor.py:183} INFO - Processing /opt/airflow/dags/main.py took 3.677 seconds
[2026-02-16T21:47:07.184+0000] {processor.py:161} INFO - Started process (PID=61) to work on /opt/airflow/dags/main.py
[2026-02-16T21:47:07.206+0000] {processor.py:830} INFO - Processing file /opt/airflow/dags/main.py for tasks to queue
[2026-02-16T21:47:07.228+0000] {logging_mixin.py:188} INFO - [2026-02-16T21:47:07.228+0000] {dagbag.py:545} INFO - Filling up the DagBag from /opt/airflow/dags/main.py
[2026-02-16T21:47:07.454+0000] {processor.py:840} INFO - DAG(s) 'produce_json', 'update_db' retrieved from /opt/airflow/dags/main.py
[2026-02-16T21:47:07.737+0000] {logging_mixin.py:188} INFO - [2026-02-16T21:47:07.736+0000] {dag.py:3096} INFO - Sync 2 DAGs
[2026-02-16T21:47:07.979+0000] {logging_mixin.py:188} INFO - [2026-02-16T21:47:07.979+0000] {dag.py:3954} INFO - Setting next_dagrun for produce_json to 2026-02-16 14:00:00+00:00, run_after=2026-02-17 14:00:00+00:00
[2026-02-16T21:47:08.017+0000] {logging_mixin.py:188} INFO - [2026-02-16T21:47:08.016+0000] {dag.py:3954} INFO - Setting next_dagrun for update_db to 2026-02-16 15:00:00+00:00, run_after=2026-02-17 15:00:00+00:00
[2026-02-16T21:47:08.226+0000] {processor.py:183} INFO - Processing /opt/airflow/dags/main.py took 1.056 seconds
[2026-02-16T21:47:38.848+0000] {processor.py:161} INFO - Started process (PID=68) to work on /opt/airflow/dags/main.py
[2026-02-16T21:47:38.922+0000] {processor.py:830} INFO - Processing file /opt/airflow/dags/main.py for tasks to queue
[2026-02-16T21:47:38.934+0000] {logging_mixin.py:188} INFO - [2026-02-16T21:47:38.933+0000] {dagbag.py:545} INFO - Filling up the DagBag from /opt/airflow/dags/main.py
[2026-02-16T21:47:39.931+0000] {processor.py:840} INFO - DAG(s) 'produce_json', 'update_db' retrieved from /opt/airflow/dags/main.py
[2026-02-16T21:47:40.800+0000] {logging_mixin.py:188} INFO - [2026-02-16T21:47:40.799+0000] {dag.py:3096} INFO - Sync 2 DAGs
[2026-02-16T21:47:41.810+0000] {logging_mixin.py:188} INFO - [2026-02-16T21:47:41.809+0000] {dag.py:3954} INFO - Setting next_dagrun for produce_json to 2026-02-16 14:00:00+00:00, run_after=2026-02-17 14:00:00+00:00
[2026-02-16T21:47:42.041+0000] {logging_mixin.py:188} INFO - [2026-02-16T21:47:42.041+0000] {dag.py:3954} INFO - Setting next_dagrun for update_db to 2026-02-16 15:00:00+00:00, run_after=2026-02-17 15:00:00+00:00
[2026-02-16T21:47:42.428+0000] {processor.py:183} INFO - Processing /opt/airflow/dags/main.py took 3.757 seconds
[2026-02-16T21:48:13.534+0000] {processor.py:161} INFO - Started process (PID=75) to work on /opt/airflow/dags/main.py
[2026-02-16T21:48:13.571+0000] {processor.py:830} INFO - Processing file /opt/airflow/dags/main.py for tasks to queue
[2026-02-16T21:48:13.599+0000] {logging_mixin.py:188} INFO - [2026-02-16T21:48:13.599+0000] {dagbag.py:545} INFO - Filling up the DagBag from /opt/airflow/dags/main.py
[2026-02-16T21:48:13.886+0000] {processor.py:840} INFO - DAG(s) 'update_db', 'produce_json' retrieved from /opt/airflow/dags/main.py
[2026-02-16T21:48:14.271+0000] {logging_mixin.py:188} INFO - [2026-02-16T21:48:14.271+0000] {dag.py:3096} INFO - Sync 2 DAGs
[2026-02-16T21:48:14.376+0000] {logging_mixin.py:188} INFO - [2026-02-16T21:48:14.375+0000] {dag.py:3954} INFO - Setting next_dagrun for produce_json to 2026-02-16 14:00:00+00:00, run_after=2026-02-17 14:00:00+00:00
[2026-02-16T21:48:14.401+0000] {logging_mixin.py:188} INFO - [2026-02-16T21:48:14.401+0000] {dag.py:3954} INFO - Setting next_dagrun for update_db to 2026-02-16 15:00:00+00:00, run_after=2026-02-17 15:00:00+00:00
[2026-02-16T21:48:14.538+0000] {processor.py:183} INFO - Processing /opt/airflow/dags/main.py took 1.018 seconds
[2026-02-16T21:48:45.370+0000] {processor.py:161} INFO - Started process (PID=82) to work on /opt/airflow/dags/main.py
[2026-02-16T21:48:45.420+0000] {processor.py:830} INFO - Processing file /opt/airflow/dags/main.py for tasks to queue
[2026-02-16T21:48:45.428+0000] {logging_mixin.py:188} INFO - [2026-02-16T21:48:45.427+0000] {dagbag.py:545} INFO - Filling up the DagBag from /opt/airflow/dags/main.py
[2026-02-16T21:48:45.665+0000] {processor.py:840} INFO - DAG(s) 'update_db', 'produce_json' retrieved from /opt/airflow/dags/main.py
[2026-02-16T21:48:45.770+0000] {logging_mixin.py:188} INFO - [2026-02-16T21:48:45.770+0000] {dag.py:3096} INFO - Sync 2 DAGs
[2026-02-16T21:48:45.826+0000] {logging_mixin.py:188} INFO - [2026-02-16T21:48:45.825+0000] {dag.py:3954} INFO - Setting next_dagrun for produce_json to 2026-02-16 14:00:00+00:00, run_after=2026-02-17 14:00:00+00:00
[2026-02-16T21:48:45.864+0000] {logging_mixin.py:188} INFO - [2026-02-16T21:48:45.864+0000] {dag.py:3954} INFO - Setting next_dagrun for update_db to 2026-02-16 15:00:00+00:00, run_after=2026-02-17 15:00:00+00:00
[2026-02-16T21:48:45.937+0000] {processor.py:183} INFO - Processing /opt/airflow/dags/main.py took 0.643 seconds
[2026-02-16T21:49:16.731+0000] {processor.py:161} INFO - Started process (PID=89) to work on /opt/airflow/dags/main.py
[2026-02-16T21:49:16.735+0000] {processor.py:830} INFO - Processing file /opt/airflow/dags/main.py for tasks to queue
[2026-02-16T21:49:16.738+0000] {logging_mixin.py:188} INFO - [2026-02-16T21:49:16.738+0000] {dagbag.py:545} INFO - Filling up the DagBag from /opt/airflow/dags/main.py
[2026-02-16T21:49:16.827+0000] {processor.py:840} INFO - DAG(s) 'produce_json', 'update_db' retrieved from /opt/airflow/dags/main.py
[2026-02-16T21:49:17.008+0000] {logging_mixin.py:188} INFO - [2026-02-16T21:49:17.007+0000] {dag.py:3096} INFO - Sync 2 DAGs
[2026-02-16T21:49:17.117+0000] {logging_mixin.py:188} INFO - [2026-02-16T21:49:17.116+0000] {dag.py:3954} INFO - Setting next_dagrun for produce_json to 2026-02-16 14:00:00+00:00, run_after=2026-02-17 14:00:00+00:00
[2026-02-16T21:49:17.126+0000] {logging_mixin.py:188} INFO - [2026-02-16T21:49:17.126+0000] {dag.py:3954} INFO - Setting next_dagrun for update_db to 2026-02-16 15:00:00+00:00, run_after=2026-02-17 15:00:00+00:00
[2026-02-16T21:49:17.177+0000] {processor.py:183} INFO - Processing /opt/airflow/dags/main.py took 0.578 seconds
[2026-02-16T21:49:47.514+0000] {processor.py:161} INFO - Started process (PID=96) to work on /opt/airflow/dags/main.py
[2026-02-16T21:49:47.520+0000] {processor.py:830} INFO - Processing file /opt/airflow/dags/main.py for tasks to queue
[2026-02-16T21:49:47.524+0000] {logging_mixin.py:188} INFO - [2026-02-16T21:49:47.523+0000] {dagbag.py:545} INFO - Filling up the DagBag from /opt/airflow/dags/main.py
[2026-02-16T21:49:47.614+0000] {processor.py:840} INFO - DAG(s) 'update_db', 'produce_json' retrieved from /opt/airflow/dags/main.py
[2026-02-16T21:49:47.751+0000] {logging_mixin.py:188} INFO - [2026-02-16T21:49:47.750+0000] {dag.py:3096} INFO - Sync 2 DAGs
[2026-02-16T21:49:47.873+0000] {logging_mixin.py:188} INFO - [2026-02-16T21:49:47.872+0000] {dag.py:3954} INFO - Setting next_dagrun for produce_json to 2026-02-16 14:00:00+00:00, run_after=2026-02-17 14:00:00+00:00
[2026-02-16T21:49:47.889+0000] {logging_mixin.py:188} INFO - [2026-02-16T21:49:47.888+0000] {dag.py:3954} INFO - Setting next_dagrun for update_db to 2026-02-16 15:00:00+00:00, run_after=2026-02-17 15:00:00+00:00
[2026-02-16T21:49:47.973+0000] {processor.py:183} INFO - Processing /opt/airflow/dags/main.py took 0.473 seconds
[2026-02-16T21:50:18.620+0000] {processor.py:161} INFO - Started process (PID=103) to work on /opt/airflow/dags/main.py
[2026-02-16T21:50:18.642+0000] {processor.py:830} INFO - Processing file /opt/airflow/dags/main.py for tasks to queue
[2026-02-16T21:50:18.660+0000] {logging_mixin.py:188} INFO - [2026-02-16T21:50:18.656+0000] {dagbag.py:545} INFO - Filling up the DagBag from /opt/airflow/dags/main.py
[2026-02-16T21:50:20.757+0000] {processor.py:840} INFO - DAG(s) 'update_db', 'produce_json' retrieved from /opt/airflow/dags/main.py
[2026-02-16T21:50:22.157+0000] {logging_mixin.py:188} INFO - [2026-02-16T21:50:22.157+0000] {dag.py:3096} INFO - Sync 2 DAGs
[2026-02-16T21:50:22.390+0000] {logging_mixin.py:188} INFO - [2026-02-16T21:50:22.390+0000] {dag.py:3954} INFO - Setting next_dagrun for produce_json to 2026-02-16 14:00:00+00:00, run_after=2026-02-17 14:00:00+00:00
[2026-02-16T21:50:22.437+0000] {logging_mixin.py:188} INFO - [2026-02-16T21:50:22.437+0000] {dag.py:3954} INFO - Setting next_dagrun for update_db to 2026-02-16 15:00:00+00:00, run_after=2026-02-17 15:00:00+00:00
[2026-02-16T21:50:23.437+0000] {processor.py:183} INFO - Processing /opt/airflow/dags/main.py took 4.869 seconds
[2026-02-16T21:50:54.426+0000] {processor.py:161} INFO - Started process (PID=110) to work on /opt/airflow/dags/main.py
[2026-02-16T21:50:54.510+0000] {processor.py:830} INFO - Processing file /opt/airflow/dags/main.py for tasks to queue
[2026-02-16T21:50:56.605+0000] {logging_mixin.py:188} INFO - [2026-02-16T21:50:56.541+0000] {dagbag.py:545} INFO - Filling up the DagBag from /opt/airflow/dags/main.py
[2026-02-16T21:50:56.787+0000] {processor.py:840} INFO - DAG(s) 'update_db', 'produce_json' retrieved from /opt/airflow/dags/main.py
[2026-02-16T21:50:58.800+0000] {logging_mixin.py:188} INFO - [2026-02-16T21:50:58.799+0000] {dag.py:3096} INFO - Sync 2 DAGs
[2026-02-16T21:50:58.872+0000] {logging_mixin.py:188} INFO - [2026-02-16T21:50:58.871+0000] {dag.py:3954} INFO - Setting next_dagrun for produce_json to 2026-02-16 14:00:00+00:00, run_after=2026-02-17 14:00:00+00:00
[2026-02-16T21:50:58.888+0000] {logging_mixin.py:188} INFO - [2026-02-16T21:50:58.887+0000] {dag.py:3954} INFO - Setting next_dagrun for update_db to 2026-02-16 15:00:00+00:00, run_after=2026-02-17 15:00:00+00:00
[2026-02-16T21:50:58.934+0000] {processor.py:183} INFO - Processing /opt/airflow/dags/main.py took 4.523 seconds
[2026-02-16T21:51:30.358+0000] {processor.py:161} INFO - Started process (PID=117) to work on /opt/airflow/dags/main.py
[2026-02-16T21:51:30.385+0000] {processor.py:830} INFO - Processing file /opt/airflow/dags/main.py for tasks to queue
[2026-02-16T21:51:30.401+0000] {logging_mixin.py:188} INFO - [2026-02-16T21:51:30.399+0000] {dagbag.py:545} INFO - Filling up the DagBag from /opt/airflow/dags/main.py
[2026-02-16T21:51:30.484+0000] {processor.py:840} INFO - DAG(s) 'update_db', 'produce_json' retrieved from /opt/airflow/dags/main.py
[2026-02-16T21:51:30.718+0000] {logging_mixin.py:188} INFO - [2026-02-16T21:51:30.717+0000] {dag.py:3096} INFO - Sync 2 DAGs
[2026-02-16T21:51:30.792+0000] {logging_mixin.py:188} INFO - [2026-02-16T21:51:30.791+0000] {dag.py:3954} INFO - Setting next_dagrun for produce_json to 2026-02-16 14:00:00+00:00, run_after=2026-02-17 14:00:00+00:00
[2026-02-16T21:51:30.805+0000] {logging_mixin.py:188} INFO - [2026-02-16T21:51:30.805+0000] {dag.py:3954} INFO - Setting next_dagrun for update_db to 2026-02-16 15:00:00+00:00, run_after=2026-02-17 15:00:00+00:00
[2026-02-16T21:51:30.839+0000] {processor.py:183} INFO - Processing /opt/airflow/dags/main.py took 0.500 seconds
[2026-02-16T21:52:01.779+0000] {processor.py:161} INFO - Started process (PID=124) to work on /opt/airflow/dags/main.py
[2026-02-16T21:52:01.798+0000] {processor.py:830} INFO - Processing file /opt/airflow/dags/main.py for tasks to queue
[2026-02-16T21:52:01.802+0000] {logging_mixin.py:188} INFO - [2026-02-16T21:52:01.801+0000] {dagbag.py:545} INFO - Filling up the DagBag from /opt/airflow/dags/main.py
[2026-02-16T21:52:01.908+0000] {processor.py:840} INFO - DAG(s) 'update_db', 'produce_json' retrieved from /opt/airflow/dags/main.py
[2026-02-16T21:52:02.688+0000] {logging_mixin.py:188} INFO - [2026-02-16T21:52:02.688+0000] {dag.py:3096} INFO - Sync 2 DAGs
[2026-02-16T21:52:02.746+0000] {logging_mixin.py:188} INFO - [2026-02-16T21:52:02.746+0000] {dag.py:3954} INFO - Setting next_dagrun for produce_json to 2026-02-16 14:00:00+00:00, run_after=2026-02-17 14:00:00+00:00
[2026-02-16T21:52:02.759+0000] {logging_mixin.py:188} INFO - [2026-02-16T21:52:02.759+0000] {dag.py:3954} INFO - Setting next_dagrun for update_db to 2026-02-16 15:00:00+00:00, run_after=2026-02-17 15:00:00+00:00
[2026-02-16T21:52:02.797+0000] {processor.py:183} INFO - Processing /opt/airflow/dags/main.py took 1.035 seconds
[2026-02-16T21:52:33.359+0000] {processor.py:161} INFO - Started process (PID=131) to work on /opt/airflow/dags/main.py
[2026-02-16T21:52:33.393+0000] {processor.py:830} INFO - Processing file /opt/airflow/dags/main.py for tasks to queue
[2026-02-16T21:52:33.405+0000] {logging_mixin.py:188} INFO - [2026-02-16T21:52:33.405+0000] {dagbag.py:545} INFO - Filling up the DagBag from /opt/airflow/dags/main.py
[2026-02-16T21:52:33.492+0000] {processor.py:840} INFO - DAG(s) 'produce_json', 'update_db' retrieved from /opt/airflow/dags/main.py
[2026-02-16T21:52:33.737+0000] {logging_mixin.py:188} INFO - [2026-02-16T21:52:33.736+0000] {dag.py:3096} INFO - Sync 2 DAGs
[2026-02-16T21:52:33.992+0000] {logging_mixin.py:188} INFO - [2026-02-16T21:52:33.991+0000] {dag.py:3954} INFO - Setting next_dagrun for produce_json to 2026-02-16 14:00:00+00:00, run_after=2026-02-17 14:00:00+00:00
[2026-02-16T21:52:34.005+0000] {logging_mixin.py:188} INFO - [2026-02-16T21:52:34.005+0000] {dag.py:3954} INFO - Setting next_dagrun for update_db to 2026-02-16 15:00:00+00:00, run_after=2026-02-17 15:00:00+00:00
[2026-02-16T21:52:34.047+0000] {processor.py:183} INFO - Processing /opt/airflow/dags/main.py took 0.701 seconds
[2026-02-16T21:53:04.188+0000] {processor.py:161} INFO - Started process (PID=138) to work on /opt/airflow/dags/main.py
[2026-02-16T21:53:04.194+0000] {processor.py:830} INFO - Processing file /opt/airflow/dags/main.py for tasks to queue
[2026-02-16T21:53:04.202+0000] {logging_mixin.py:188} INFO - [2026-02-16T21:53:04.201+0000] {dagbag.py:545} INFO - Filling up the DagBag from /opt/airflow/dags/main.py
[2026-02-16T21:53:04.303+0000] {processor.py:840} INFO - DAG(s) 'update_db', 'produce_json' retrieved from /opt/airflow/dags/main.py
[2026-02-16T21:53:04.415+0000] {logging_mixin.py:188} INFO - [2026-02-16T21:53:04.414+0000] {dag.py:3096} INFO - Sync 2 DAGs
[2026-02-16T21:53:04.486+0000] {logging_mixin.py:188} INFO - [2026-02-16T21:53:04.486+0000] {dag.py:3954} INFO - Setting next_dagrun for produce_json to 2026-02-16 14:00:00+00:00, run_after=2026-02-17 14:00:00+00:00
[2026-02-16T21:53:04.502+0000] {logging_mixin.py:188} INFO - [2026-02-16T21:53:04.502+0000] {dag.py:3954} INFO - Setting next_dagrun for update_db to 2026-02-16 15:00:00+00:00, run_after=2026-02-17 15:00:00+00:00
[2026-02-16T21:53:04.590+0000] {processor.py:183} INFO - Processing /opt/airflow/dags/main.py took 0.417 seconds
[2026-02-16T21:53:35.327+0000] {processor.py:161} INFO - Started process (PID=145) to work on /opt/airflow/dags/main.py
[2026-02-16T21:53:35.330+0000] {processor.py:830} INFO - Processing file /opt/airflow/dags/main.py for tasks to queue
[2026-02-16T21:53:35.334+0000] {logging_mixin.py:188} INFO - [2026-02-16T21:53:35.334+0000] {dagbag.py:545} INFO - Filling up the DagBag from /opt/airflow/dags/main.py
[2026-02-16T21:53:35.416+0000] {processor.py:840} INFO - DAG(s) 'produce_json', 'update_db' retrieved from /opt/airflow/dags/main.py
[2026-02-16T21:53:35.527+0000] {logging_mixin.py:188} INFO - [2026-02-16T21:53:35.527+0000] {dag.py:3096} INFO - Sync 2 DAGs
[2026-02-16T21:53:35.644+0000] {logging_mixin.py:188} INFO - [2026-02-16T21:53:35.644+0000] {dag.py:3954} INFO - Setting next_dagrun for produce_json to 2026-02-16 14:00:00+00:00, run_after=2026-02-17 14:00:00+00:00
[2026-02-16T21:53:35.658+0000] {logging_mixin.py:188} INFO - [2026-02-16T21:53:35.657+0000] {dag.py:3954} INFO - Setting next_dagrun for update_db to 2026-02-16 15:00:00+00:00, run_after=2026-02-17 15:00:00+00:00
[2026-02-16T21:53:35.711+0000] {processor.py:183} INFO - Processing /opt/airflow/dags/main.py took 0.449 seconds
[2026-02-16T21:54:07.348+0000] {processor.py:161} INFO - Started process (PID=152) to work on /opt/airflow/dags/main.py
[2026-02-16T21:54:07.439+0000] {processor.py:830} INFO - Processing file /opt/airflow/dags/main.py for tasks to queue
[2026-02-16T21:54:07.442+0000] {logging_mixin.py:188} INFO - [2026-02-16T21:54:07.441+0000] {dagbag.py:545} INFO - Filling up the DagBag from /opt/airflow/dags/main.py
[2026-02-16T21:54:07.521+0000] {processor.py:840} INFO - DAG(s) 'update_db', 'produce_json' retrieved from /opt/airflow/dags/main.py
[2026-02-16T21:54:07.664+0000] {logging_mixin.py:188} INFO - [2026-02-16T21:54:07.664+0000] {dag.py:3096} INFO - Sync 2 DAGs
[2026-02-16T21:54:07.742+0000] {logging_mixin.py:188} INFO - [2026-02-16T21:54:07.742+0000] {dag.py:3954} INFO - Setting next_dagrun for produce_json to 2026-02-16 14:00:00+00:00, run_after=2026-02-17 14:00:00+00:00
[2026-02-16T21:54:07.773+0000] {logging_mixin.py:188} INFO - [2026-02-16T21:54:07.773+0000] {dag.py:3954} INFO - Setting next_dagrun for update_db to 2026-02-16 15:00:00+00:00, run_after=2026-02-17 15:00:00+00:00
[2026-02-16T21:54:07.834+0000] {processor.py:183} INFO - Processing /opt/airflow/dags/main.py took 0.498 seconds
[2026-02-16T21:54:38.105+0000] {processor.py:161} INFO - Started process (PID=159) to work on /opt/airflow/dags/main.py
[2026-02-16T21:54:38.124+0000] {processor.py:830} INFO - Processing file /opt/airflow/dags/main.py for tasks to queue
[2026-02-16T21:54:38.150+0000] {logging_mixin.py:188} INFO - [2026-02-16T21:54:38.147+0000] {dagbag.py:545} INFO - Filling up the DagBag from /opt/airflow/dags/main.py
[2026-02-16T21:54:38.495+0000] {processor.py:840} INFO - DAG(s) 'update_db', 'produce_json' retrieved from /opt/airflow/dags/main.py
[2026-02-16T21:54:38.714+0000] {logging_mixin.py:188} INFO - [2026-02-16T21:54:38.713+0000] {dag.py:3096} INFO - Sync 2 DAGs
[2026-02-16T21:54:38.927+0000] {logging_mixin.py:188} INFO - [2026-02-16T21:54:38.926+0000] {dag.py:3954} INFO - Setting next_dagrun for produce_json to 2026-02-16 14:00:00+00:00, run_after=2026-02-17 14:00:00+00:00
[2026-02-16T21:54:39.040+0000] {logging_mixin.py:188} INFO - [2026-02-16T21:54:39.011+0000] {dag.py:3954} INFO - Setting next_dagrun for update_db to 2026-02-16 15:00:00+00:00, run_after=2026-02-17 15:00:00+00:00
[2026-02-16T21:54:39.344+0000] {processor.py:183} INFO - Processing /opt/airflow/dags/main.py took 1.292 seconds
[2026-02-16T21:55:09.639+0000] {processor.py:161} INFO - Started process (PID=167) to work on /opt/airflow/dags/main.py
[2026-02-16T21:55:09.805+0000] {processor.py:830} INFO - Processing file /opt/airflow/dags/main.py for tasks to queue
[2026-02-16T21:55:09.948+0000] {logging_mixin.py:188} INFO - [2026-02-16T21:55:09.929+0000] {dagbag.py:545} INFO - Filling up the DagBag from /opt/airflow/dags/main.py
[2026-02-16T21:55:10.458+0000] {processor.py:840} INFO - DAG(s) 'produce_json', 'update_db' retrieved from /opt/airflow/dags/main.py
[2026-02-16T21:55:10.656+0000] {logging_mixin.py:188} INFO - [2026-02-16T21:55:10.656+0000] {dag.py:3096} INFO - Sync 2 DAGs
[2026-02-16T21:55:10.778+0000] {logging_mixin.py:188} INFO - [2026-02-16T21:55:10.778+0000] {dag.py:3954} INFO - Setting next_dagrun for produce_json to 2026-02-16 14:00:00+00:00, run_after=2026-02-17 14:00:00+00:00
[2026-02-16T21:55:10.790+0000] {logging_mixin.py:188} INFO - [2026-02-16T21:55:10.790+0000] {dag.py:3954} INFO - Setting next_dagrun for update_db to 2026-02-16 15:00:00+00:00, run_after=2026-02-17 15:00:00+00:00
[2026-02-16T21:55:10.886+0000] {processor.py:183} INFO - Processing /opt/airflow/dags/main.py took 1.259 seconds
[2026-02-16T21:55:42.190+0000] {processor.py:161} INFO - Started process (PID=174) to work on /opt/airflow/dags/main.py
[2026-02-16T21:55:42.216+0000] {processor.py:830} INFO - Processing file /opt/airflow/dags/main.py for tasks to queue
[2026-02-16T21:55:42.220+0000] {logging_mixin.py:188} INFO - [2026-02-16T21:55:42.220+0000] {dagbag.py:545} INFO - Filling up the DagBag from /opt/airflow/dags/main.py
[2026-02-16T21:55:42.473+0000] {processor.py:840} INFO - DAG(s) 'produce_json', 'update_db' retrieved from /opt/airflow/dags/main.py
[2026-02-16T21:55:42.916+0000] {logging_mixin.py:188} INFO - [2026-02-16T21:55:42.915+0000] {dag.py:3096} INFO - Sync 2 DAGs
[2026-02-16T21:55:43.165+0000] {logging_mixin.py:188} INFO - [2026-02-16T21:55:43.165+0000] {dag.py:3954} INFO - Setting next_dagrun for produce_json to 2026-02-16 14:00:00+00:00, run_after=2026-02-17 14:00:00+00:00
[2026-02-16T21:55:43.216+0000] {logging_mixin.py:188} INFO - [2026-02-16T21:55:43.216+0000] {dag.py:3954} INFO - Setting next_dagrun for update_db to 2026-02-16 15:00:00+00:00, run_after=2026-02-17 15:00:00+00:00
[2026-02-16T21:55:43.297+0000] {processor.py:183} INFO - Processing /opt/airflow/dags/main.py took 1.213 seconds
[2026-02-16T21:56:13.789+0000] {processor.py:161} INFO - Started process (PID=181) to work on /opt/airflow/dags/main.py
[2026-02-16T21:56:13.803+0000] {processor.py:830} INFO - Processing file /opt/airflow/dags/main.py for tasks to queue
[2026-02-16T21:56:13.806+0000] {logging_mixin.py:188} INFO - [2026-02-16T21:56:13.806+0000] {dagbag.py:545} INFO - Filling up the DagBag from /opt/airflow/dags/main.py
[2026-02-16T21:56:13.916+0000] {processor.py:840} INFO - DAG(s) 'update_db', 'produce_json' retrieved from /opt/airflow/dags/main.py
[2026-02-16T21:56:13.976+0000] {logging_mixin.py:188} INFO - [2026-02-16T21:56:13.976+0000] {dag.py:3096} INFO - Sync 2 DAGs
[2026-02-16T21:56:14.023+0000] {logging_mixin.py:188} INFO - [2026-02-16T21:56:14.023+0000] {dag.py:3954} INFO - Setting next_dagrun for produce_json to 2026-02-16 14:00:00+00:00, run_after=2026-02-17 14:00:00+00:00
[2026-02-16T21:56:14.036+0000] {logging_mixin.py:188} INFO - [2026-02-16T21:56:14.036+0000] {dag.py:3954} INFO - Setting next_dagrun for update_db to 2026-02-16 15:00:00+00:00, run_after=2026-02-17 15:00:00+00:00
[2026-02-16T21:56:14.078+0000] {processor.py:183} INFO - Processing /opt/airflow/dags/main.py took 0.300 seconds
[2026-02-16T21:56:44.926+0000] {processor.py:161} INFO - Started process (PID=188) to work on /opt/airflow/dags/main.py
[2026-02-16T21:56:44.941+0000] {processor.py:830} INFO - Processing file /opt/airflow/dags/main.py for tasks to queue
[2026-02-16T21:56:44.953+0000] {logging_mixin.py:188} INFO - [2026-02-16T21:56:44.953+0000] {dagbag.py:545} INFO - Filling up the DagBag from /opt/airflow/dags/main.py
[2026-02-16T21:56:45.060+0000] {processor.py:840} INFO - DAG(s) 'produce_json', 'update_db' retrieved from /opt/airflow/dags/main.py
[2026-02-16T21:56:45.131+0000] {logging_mixin.py:188} INFO - [2026-02-16T21:56:45.130+0000] {dag.py:3096} INFO - Sync 2 DAGs
[2026-02-16T21:56:45.177+0000] {logging_mixin.py:188} INFO - [2026-02-16T21:56:45.176+0000] {dag.py:3954} INFO - Setting next_dagrun for produce_json to 2026-02-16 14:00:00+00:00, run_after=2026-02-17 14:00:00+00:00
[2026-02-16T21:56:45.193+0000] {logging_mixin.py:188} INFO - [2026-02-16T21:56:45.192+0000] {dag.py:3954} INFO - Setting next_dagrun for update_db to 2026-02-16 15:00:00+00:00, run_after=2026-02-17 15:00:00+00:00
[2026-02-16T21:56:45.366+0000] {processor.py:183} INFO - Processing /opt/airflow/dags/main.py took 0.452 seconds
[2026-02-16T21:57:15.477+0000] {processor.py:161} INFO - Started process (PID=195) to work on /opt/airflow/dags/main.py
[2026-02-16T21:57:15.562+0000] {processor.py:830} INFO - Processing file /opt/airflow/dags/main.py for tasks to queue
[2026-02-16T21:57:15.729+0000] {logging_mixin.py:188} INFO - [2026-02-16T21:57:15.703+0000] {dagbag.py:545} INFO - Filling up the DagBag from /opt/airflow/dags/main.py
[2026-02-16T21:57:15.951+0000] {processor.py:840} INFO - DAG(s) 'update_db', 'produce_json' retrieved from /opt/airflow/dags/main.py
[2026-02-16T21:57:17.184+0000] {logging_mixin.py:188} INFO - [2026-02-16T21:57:17.172+0000] {dag.py:3096} INFO - Sync 2 DAGs
[2026-02-16T21:57:17.654+0000] {logging_mixin.py:188} INFO - [2026-02-16T21:57:17.653+0000] {dag.py:3954} INFO - Setting next_dagrun for produce_json to 2026-02-16 14:00:00+00:00, run_after=2026-02-17 14:00:00+00:00
[2026-02-16T21:57:17.760+0000] {logging_mixin.py:188} INFO - [2026-02-16T21:57:17.759+0000] {dag.py:3954} INFO - Setting next_dagrun for update_db to 2026-02-16 15:00:00+00:00, run_after=2026-02-17 15:00:00+00:00
[2026-02-16T21:57:17.907+0000] {processor.py:183} INFO - Processing /opt/airflow/dags/main.py took 2.442 seconds
[2026-02-16T21:57:48.476+0000] {processor.py:161} INFO - Started process (PID=208) to work on /opt/airflow/dags/main.py
[2026-02-16T21:57:48.484+0000] {processor.py:830} INFO - Processing file /opt/airflow/dags/main.py for tasks to queue
[2026-02-16T21:57:48.491+0000] {logging_mixin.py:188} INFO - [2026-02-16T21:57:48.490+0000] {dagbag.py:545} INFO - Filling up the DagBag from /opt/airflow/dags/main.py
[2026-02-16T21:57:48.654+0000] {processor.py:840} INFO - DAG(s) 'update_db', 'produce_json' retrieved from /opt/airflow/dags/main.py
[2026-02-16T21:57:48.794+0000] {logging_mixin.py:188} INFO - [2026-02-16T21:57:48.793+0000] {dag.py:3096} INFO - Sync 2 DAGs
[2026-02-16T21:57:48.888+0000] {logging_mixin.py:188} INFO - [2026-02-16T21:57:48.888+0000] {dag.py:3954} INFO - Setting next_dagrun for produce_json to 2026-02-16 14:00:00+00:00, run_after=2026-02-17 14:00:00+00:00
[2026-02-16T21:57:48.897+0000] {logging_mixin.py:188} INFO - [2026-02-16T21:57:48.897+0000] {dag.py:3954} INFO - Setting next_dagrun for update_db to 2026-02-16 15:00:00+00:00, run_after=2026-02-17 15:00:00+00:00
[2026-02-16T21:57:48.926+0000] {processor.py:183} INFO - Processing /opt/airflow/dags/main.py took 0.462 seconds
[2026-02-16T21:58:19.100+0000] {processor.py:161} INFO - Started process (PID=216) to work on /opt/airflow/dags/main.py
[2026-02-16T21:58:19.108+0000] {processor.py:830} INFO - Processing file /opt/airflow/dags/main.py for tasks to queue
[2026-02-16T21:58:19.117+0000] {logging_mixin.py:188} INFO - [2026-02-16T21:58:19.116+0000] {dagbag.py:545} INFO - Filling up the DagBag from /opt/airflow/dags/main.py
[2026-02-16T21:58:19.191+0000] {processor.py:840} INFO - DAG(s) 'produce_json', 'update_db' retrieved from /opt/airflow/dags/main.py
[2026-02-16T21:58:19.260+0000] {logging_mixin.py:188} INFO - [2026-02-16T21:58:19.260+0000] {dag.py:3096} INFO - Sync 2 DAGs
[2026-02-16T21:58:19.316+0000] {logging_mixin.py:188} INFO - [2026-02-16T21:58:19.314+0000] {dag.py:3954} INFO - Setting next_dagrun for produce_json to 2026-02-16 14:00:00+00:00, run_after=2026-02-17 14:00:00+00:00
[2026-02-16T21:58:19.329+0000] {logging_mixin.py:188} INFO - [2026-02-16T21:58:19.329+0000] {dag.py:3954} INFO - Setting next_dagrun for update_db to 2026-02-16 15:00:00+00:00, run_after=2026-02-17 15:00:00+00:00
[2026-02-16T21:58:19.375+0000] {processor.py:183} INFO - Processing /opt/airflow/dags/main.py took 0.292 seconds
[2026-02-16T21:58:49.780+0000] {processor.py:161} INFO - Started process (PID=224) to work on /opt/airflow/dags/main.py
[2026-02-16T21:58:49.802+0000] {processor.py:830} INFO - Processing file /opt/airflow/dags/main.py for tasks to queue
[2026-02-16T21:58:49.822+0000] {logging_mixin.py:188} INFO - [2026-02-16T21:58:49.821+0000] {dagbag.py:545} INFO - Filling up the DagBag from /opt/airflow/dags/main.py
[2026-02-16T21:58:49.951+0000] {processor.py:840} INFO - DAG(s) 'produce_json', 'update_db' retrieved from /opt/airflow/dags/main.py
[2026-02-16T21:58:50.053+0000] {logging_mixin.py:188} INFO - [2026-02-16T21:58:50.052+0000] {dag.py:3096} INFO - Sync 2 DAGs
[2026-02-16T21:58:50.123+0000] {logging_mixin.py:188} INFO - [2026-02-16T21:58:50.123+0000] {dag.py:3954} INFO - Setting next_dagrun for produce_json to 2026-02-16 14:00:00+00:00, run_after=2026-02-17 14:00:00+00:00
[2026-02-16T21:58:50.138+0000] {logging_mixin.py:188} INFO - [2026-02-16T21:58:50.138+0000] {dag.py:3954} INFO - Setting next_dagrun for update_db to 2026-02-16 15:00:00+00:00, run_after=2026-02-17 15:00:00+00:00
[2026-02-16T21:58:50.194+0000] {processor.py:183} INFO - Processing /opt/airflow/dags/main.py took 0.446 seconds
[2026-02-16T21:59:20.743+0000] {processor.py:161} INFO - Started process (PID=231) to work on /opt/airflow/dags/main.py
[2026-02-16T21:59:20.756+0000] {processor.py:830} INFO - Processing file /opt/airflow/dags/main.py for tasks to queue
[2026-02-16T21:59:20.763+0000] {logging_mixin.py:188} INFO - [2026-02-16T21:59:20.762+0000] {dagbag.py:545} INFO - Filling up the DagBag from /opt/airflow/dags/main.py
[2026-02-16T21:59:20.834+0000] {processor.py:840} INFO - DAG(s) 'produce_json', 'update_db' retrieved from /opt/airflow/dags/main.py
[2026-02-16T21:59:21.021+0000] {logging_mixin.py:188} INFO - [2026-02-16T21:59:21.021+0000] {dag.py:3096} INFO - Sync 2 DAGs
[2026-02-16T21:59:21.109+0000] {logging_mixin.py:188} INFO - [2026-02-16T21:59:21.108+0000] {dag.py:3954} INFO - Setting next_dagrun for produce_json to 2026-02-16 14:00:00+00:00, run_after=2026-02-17 14:00:00+00:00
[2026-02-16T21:59:21.126+0000] {logging_mixin.py:188} INFO - [2026-02-16T21:59:21.126+0000] {dag.py:3954} INFO - Setting next_dagrun for update_db to 2026-02-16 15:00:00+00:00, run_after=2026-02-17 15:00:00+00:00
[2026-02-16T21:59:21.221+0000] {processor.py:183} INFO - Processing /opt/airflow/dags/main.py took 0.488 seconds
[2026-02-16T21:59:52.093+0000] {processor.py:161} INFO - Started process (PID=238) to work on /opt/airflow/dags/main.py
[2026-02-16T21:59:52.101+0000] {processor.py:830} INFO - Processing file /opt/airflow/dags/main.py for tasks to queue
[2026-02-16T21:59:52.105+0000] {logging_mixin.py:188} INFO - [2026-02-16T21:59:52.104+0000] {dagbag.py:545} INFO - Filling up the DagBag from /opt/airflow/dags/main.py
[2026-02-16T21:59:52.169+0000] {processor.py:840} INFO - DAG(s) 'produce_json', 'update_db' retrieved from /opt/airflow/dags/main.py
[2026-02-16T21:59:52.268+0000] {logging_mixin.py:188} INFO - [2026-02-16T21:59:52.267+0000] {dag.py:3096} INFO - Sync 2 DAGs
[2026-02-16T21:59:52.318+0000] {logging_mixin.py:188} INFO - [2026-02-16T21:59:52.317+0000] {dag.py:3954} INFO - Setting next_dagrun for produce_json to 2026-02-16 14:00:00+00:00, run_after=2026-02-17 14:00:00+00:00
[2026-02-16T21:59:52.333+0000] {logging_mixin.py:188} INFO - [2026-02-16T21:59:52.332+0000] {dag.py:3954} INFO - Setting next_dagrun for update_db to 2026-02-16 15:00:00+00:00, run_after=2026-02-17 15:00:00+00:00
[2026-02-16T21:59:52.380+0000] {processor.py:183} INFO - Processing /opt/airflow/dags/main.py took 0.298 seconds
[2026-02-16T22:00:22.446+0000] {processor.py:161} INFO - Started process (PID=245) to work on /opt/airflow/dags/main.py
[2026-02-16T22:00:22.450+0000] {processor.py:830} INFO - Processing file /opt/airflow/dags/main.py for tasks to queue
[2026-02-16T22:00:22.452+0000] {logging_mixin.py:188} INFO - [2026-02-16T22:00:22.452+0000] {dagbag.py:545} INFO - Filling up the DagBag from /opt/airflow/dags/main.py
[2026-02-16T22:00:22.525+0000] {processor.py:840} INFO - DAG(s) 'update_db', 'produce_json' retrieved from /opt/airflow/dags/main.py
[2026-02-16T22:00:22.596+0000] {logging_mixin.py:188} INFO - [2026-02-16T22:00:22.596+0000] {dag.py:3096} INFO - Sync 2 DAGs
[2026-02-16T22:00:22.641+0000] {logging_mixin.py:188} INFO - [2026-02-16T22:00:22.641+0000] {dag.py:3954} INFO - Setting next_dagrun for produce_json to 2026-02-16 14:00:00+00:00, run_after=2026-02-17 14:00:00+00:00
[2026-02-16T22:00:22.649+0000] {logging_mixin.py:188} INFO - [2026-02-16T22:00:22.649+0000] {dag.py:3954} INFO - Setting next_dagrun for update_db to 2026-02-16 15:00:00+00:00, run_after=2026-02-17 15:00:00+00:00
[2026-02-16T22:00:22.704+0000] {processor.py:183} INFO - Processing /opt/airflow/dags/main.py took 0.273 seconds
[2026-02-16T22:00:53.425+0000] {processor.py:161} INFO - Started process (PID=252) to work on /opt/airflow/dags/main.py
[2026-02-16T22:00:53.428+0000] {processor.py:830} INFO - Processing file /opt/airflow/dags/main.py for tasks to queue
[2026-02-16T22:00:53.431+0000] {logging_mixin.py:188} INFO - [2026-02-16T22:00:53.431+0000] {dagbag.py:545} INFO - Filling up the DagBag from /opt/airflow/dags/main.py
[2026-02-16T22:00:53.560+0000] {processor.py:840} INFO - DAG(s) 'update_db', 'produce_json' retrieved from /opt/airflow/dags/main.py
[2026-02-16T22:00:53.762+0000] {logging_mixin.py:188} INFO - [2026-02-16T22:00:53.761+0000] {dag.py:3096} INFO - Sync 2 DAGs
[2026-02-16T22:00:53.843+0000] {logging_mixin.py:188} INFO - [2026-02-16T22:00:53.843+0000] {dag.py:3954} INFO - Setting next_dagrun for produce_json to 2026-02-16 14:00:00+00:00, run_after=2026-02-17 14:00:00+00:00
[2026-02-16T22:00:53.852+0000] {logging_mixin.py:188} INFO - [2026-02-16T22:00:53.851+0000] {dag.py:3954} INFO - Setting next_dagrun for update_db to 2026-02-16 15:00:00+00:00, run_after=2026-02-17 15:00:00+00:00
[2026-02-16T22:00:53.905+0000] {processor.py:183} INFO - Processing /opt/airflow/dags/main.py took 0.505 seconds
[2026-02-16T22:01:24.510+0000] {processor.py:161} INFO - Started process (PID=258) to work on /opt/airflow/dags/main.py
[2026-02-16T22:01:24.516+0000] {processor.py:830} INFO - Processing file /opt/airflow/dags/main.py for tasks to queue
[2026-02-16T22:01:24.519+0000] {logging_mixin.py:188} INFO - [2026-02-16T22:01:24.518+0000] {dagbag.py:545} INFO - Filling up the DagBag from /opt/airflow/dags/main.py
[2026-02-16T22:01:24.617+0000] {processor.py:840} INFO - DAG(s) 'update_db', 'produce_json' retrieved from /opt/airflow/dags/main.py
[2026-02-16T22:01:24.826+0000] {logging_mixin.py:188} INFO - [2026-02-16T22:01:24.826+0000] {dag.py:3096} INFO - Sync 2 DAGs
[2026-02-16T22:01:25.364+0000] {logging_mixin.py:188} INFO - [2026-02-16T22:01:25.364+0000] {dag.py:3954} INFO - Setting next_dagrun for produce_json to 2026-02-16 14:00:00+00:00, run_after=2026-02-17 14:00:00+00:00
[2026-02-16T22:01:25.378+0000] {logging_mixin.py:188} INFO - [2026-02-16T22:01:25.377+0000] {dag.py:3954} INFO - Setting next_dagrun for update_db to 2026-02-16 15:00:00+00:00, run_after=2026-02-17 15:00:00+00:00
[2026-02-16T22:01:25.467+0000] {processor.py:183} INFO - Processing /opt/airflow/dags/main.py took 1.008 seconds
[2026-02-16T22:01:55.613+0000] {processor.py:161} INFO - Started process (PID=266) to work on /opt/airflow/dags/main.py
[2026-02-16T22:01:55.618+0000] {processor.py:830} INFO - Processing file /opt/airflow/dags/main.py for tasks to queue
[2026-02-16T22:01:55.622+0000] {logging_mixin.py:188} INFO - [2026-02-16T22:01:55.621+0000] {dagbag.py:545} INFO - Filling up the DagBag from /opt/airflow/dags/main.py
[2026-02-16T22:01:55.687+0000] {processor.py:840} INFO - DAG(s) 'update_db', 'produce_json' retrieved from /opt/airflow/dags/main.py
[2026-02-16T22:01:55.773+0000] {logging_mixin.py:188} INFO - [2026-02-16T22:01:55.773+0000] {dag.py:3096} INFO - Sync 2 DAGs
[2026-02-16T22:01:55.837+0000] {logging_mixin.py:188} INFO - [2026-02-16T22:01:55.837+0000] {dag.py:3954} INFO - Setting next_dagrun for produce_json to 2026-02-16 14:00:00+00:00, run_after=2026-02-17 14:00:00+00:00
[2026-02-16T22:01:55.848+0000] {logging_mixin.py:188} INFO - [2026-02-16T22:01:55.847+0000] {dag.py:3954} INFO - Setting next_dagrun for update_db to 2026-02-16 15:00:00+00:00, run_after=2026-02-17 15:00:00+00:00
[2026-02-16T22:01:55.883+0000] {processor.py:183} INFO - Processing /opt/airflow/dags/main.py took 0.285 seconds
[2026-02-16T22:04:52.406+0000] {processor.py:161} INFO - Started process (PID=61) to work on /opt/airflow/dags/main.py
[2026-02-16T22:04:52.555+0000] {processor.py:830} INFO - Processing file /opt/airflow/dags/main.py for tasks to queue
[2026-02-16T22:04:52.557+0000] {logging_mixin.py:188} INFO - [2026-02-16T22:04:52.556+0000] {dagbag.py:545} INFO - Filling up the DagBag from /opt/airflow/dags/main.py
[2026-02-16T22:04:55.771+0000] {processor.py:840} INFO - DAG(s) 'produce_json', 'update_db' retrieved from /opt/airflow/dags/main.py
[2026-02-16T22:04:57.192+0000] {logging_mixin.py:188} INFO - [2026-02-16T22:04:57.192+0000] {dag.py:3096} INFO - Sync 2 DAGs
[2026-02-16T22:04:57.546+0000] {logging_mixin.py:188} INFO - [2026-02-16T22:04:57.546+0000] {dag.py:3954} INFO - Setting next_dagrun for produce_json to 2026-02-16 14:00:00+00:00, run_after=2026-02-17 14:00:00+00:00
[2026-02-16T22:04:57.583+0000] {logging_mixin.py:188} INFO - [2026-02-16T22:04:57.582+0000] {dag.py:3954} INFO - Setting next_dagrun for update_db to 2026-02-16 15:00:00+00:00, run_after=2026-02-17 15:00:00+00:00
[2026-02-16T22:04:57.695+0000] {processor.py:183} INFO - Processing /opt/airflow/dags/main.py took 5.301 seconds
[2026-02-16T22:05:28.119+0000] {processor.py:161} INFO - Started process (PID=69) to work on /opt/airflow/dags/main.py
[2026-02-16T22:05:28.177+0000] {processor.py:830} INFO - Processing file /opt/airflow/dags/main.py for tasks to queue
[2026-02-16T22:05:28.218+0000] {logging_mixin.py:188} INFO - [2026-02-16T22:05:28.216+0000] {dagbag.py:545} INFO - Filling up the DagBag from /opt/airflow/dags/main.py
[2026-02-16T22:05:28.759+0000] {processor.py:840} INFO - DAG(s) 'produce_json', 'update_db' retrieved from /opt/airflow/dags/main.py
[2026-02-16T22:05:29.016+0000] {logging_mixin.py:188} INFO - [2026-02-16T22:05:29.016+0000] {dag.py:3096} INFO - Sync 2 DAGs
[2026-02-16T22:05:29.151+0000] {logging_mixin.py:188} INFO - [2026-02-16T22:05:29.150+0000] {dag.py:3954} INFO - Setting next_dagrun for produce_json to 2026-02-16 14:00:00+00:00, run_after=2026-02-17 14:00:00+00:00
[2026-02-16T22:05:29.193+0000] {logging_mixin.py:188} INFO - [2026-02-16T22:05:29.192+0000] {dag.py:3954} INFO - Setting next_dagrun for update_db to 2026-02-16 15:00:00+00:00, run_after=2026-02-17 15:00:00+00:00
[2026-02-16T22:05:29.311+0000] {processor.py:183} INFO - Processing /opt/airflow/dags/main.py took 1.242 seconds
[2026-02-16T22:05:59.684+0000] {processor.py:161} INFO - Started process (PID=76) to work on /opt/airflow/dags/main.py
[2026-02-16T22:05:59.688+0000] {processor.py:830} INFO - Processing file /opt/airflow/dags/main.py for tasks to queue
[2026-02-16T22:05:59.693+0000] {logging_mixin.py:188} INFO - [2026-02-16T22:05:59.693+0000] {dagbag.py:545} INFO - Filling up the DagBag from /opt/airflow/dags/main.py
[2026-02-16T22:05:59.808+0000] {processor.py:840} INFO - DAG(s) 'update_db', 'produce_json' retrieved from /opt/airflow/dags/main.py
[2026-02-16T22:05:59.865+0000] {logging_mixin.py:188} INFO - [2026-02-16T22:05:59.864+0000] {dag.py:3096} INFO - Sync 2 DAGs
[2026-02-16T22:05:59.907+0000] {logging_mixin.py:188} INFO - [2026-02-16T22:05:59.907+0000] {dag.py:3954} INFO - Setting next_dagrun for produce_json to 2026-02-16 14:00:00+00:00, run_after=2026-02-17 14:00:00+00:00
[2026-02-16T22:05:59.915+0000] {logging_mixin.py:188} INFO - [2026-02-16T22:05:59.914+0000] {dag.py:3954} INFO - Setting next_dagrun for update_db to 2026-02-16 15:00:00+00:00, run_after=2026-02-17 15:00:00+00:00
[2026-02-16T22:05:59.943+0000] {processor.py:183} INFO - Processing /opt/airflow/dags/main.py took 0.291 seconds
[2026-02-16T22:06:30.156+0000] {processor.py:161} INFO - Started process (PID=83) to work on /opt/airflow/dags/main.py
[2026-02-16T22:06:30.172+0000] {processor.py:830} INFO - Processing file /opt/airflow/dags/main.py for tasks to queue
[2026-02-16T22:06:30.174+0000] {logging_mixin.py:188} INFO - [2026-02-16T22:06:30.174+0000] {dagbag.py:545} INFO - Filling up the DagBag from /opt/airflow/dags/main.py
[2026-02-16T22:06:30.306+0000] {processor.py:840} INFO - DAG(s) 'produce_json', 'update_db' retrieved from /opt/airflow/dags/main.py
[2026-02-16T22:06:30.364+0000] {logging_mixin.py:188} INFO - [2026-02-16T22:06:30.363+0000] {dag.py:3096} INFO - Sync 2 DAGs
[2026-02-16T22:06:30.412+0000] {logging_mixin.py:188} INFO - [2026-02-16T22:06:30.411+0000] {dag.py:3954} INFO - Setting next_dagrun for produce_json to 2026-02-16 14:00:00+00:00, run_after=2026-02-17 14:00:00+00:00
[2026-02-16T22:06:30.424+0000] {logging_mixin.py:188} INFO - [2026-02-16T22:06:30.423+0000] {dag.py:3954} INFO - Setting next_dagrun for update_db to 2026-02-16 15:00:00+00:00, run_after=2026-02-17 15:00:00+00:00
[2026-02-16T22:06:30.473+0000] {processor.py:183} INFO - Processing /opt/airflow/dags/main.py took 0.332 seconds
[2026-02-16T22:07:01.365+0000] {processor.py:161} INFO - Started process (PID=90) to work on /opt/airflow/dags/main.py
[2026-02-16T22:07:01.373+0000] {processor.py:830} INFO - Processing file /opt/airflow/dags/main.py for tasks to queue
[2026-02-16T22:07:01.378+0000] {logging_mixin.py:188} INFO - [2026-02-16T22:07:01.377+0000] {dagbag.py:545} INFO - Filling up the DagBag from /opt/airflow/dags/main.py
[2026-02-16T22:07:01.457+0000] {processor.py:840} INFO - DAG(s) 'produce_json', 'update_db' retrieved from /opt/airflow/dags/main.py
[2026-02-16T22:07:01.574+0000] {logging_mixin.py:188} INFO - [2026-02-16T22:07:01.573+0000] {dag.py:3096} INFO - Sync 2 DAGs
[2026-02-16T22:07:01.640+0000] {logging_mixin.py:188} INFO - [2026-02-16T22:07:01.639+0000] {dag.py:3954} INFO - Setting next_dagrun for produce_json to 2026-02-16 14:00:00+00:00, run_after=2026-02-17 14:00:00+00:00
[2026-02-16T22:07:01.656+0000] {logging_mixin.py:188} INFO - [2026-02-16T22:07:01.655+0000] {dag.py:3954} INFO - Setting next_dagrun for update_db to 2026-02-16 15:00:00+00:00, run_after=2026-02-17 15:00:00+00:00
[2026-02-16T22:07:01.701+0000] {processor.py:183} INFO - Processing /opt/airflow/dags/main.py took 0.354 seconds
[2026-02-16T22:07:33.398+0000] {processor.py:161} INFO - Started process (PID=98) to work on /opt/airflow/dags/main.py
[2026-02-16T22:07:33.453+0000] {processor.py:830} INFO - Processing file /opt/airflow/dags/main.py for tasks to queue
[2026-02-16T22:07:33.469+0000] {logging_mixin.py:188} INFO - [2026-02-16T22:07:33.459+0000] {dagbag.py:545} INFO - Filling up the DagBag from /opt/airflow/dags/main.py
[2026-02-16T22:07:33.711+0000] {processor.py:840} INFO - DAG(s) 'update_db', 'produce_json' retrieved from /opt/airflow/dags/main.py
[2026-02-16T22:07:33.864+0000] {logging_mixin.py:188} INFO - [2026-02-16T22:07:33.863+0000] {dag.py:3096} INFO - Sync 2 DAGs
[2026-02-16T22:07:33.964+0000] {logging_mixin.py:188} INFO - [2026-02-16T22:07:33.964+0000] {dag.py:3954} INFO - Setting next_dagrun for produce_json to 2026-02-16 14:00:00+00:00, run_after=2026-02-17 14:00:00+00:00
[2026-02-16T22:07:33.977+0000] {logging_mixin.py:188} INFO - [2026-02-16T22:07:33.977+0000] {dag.py:3954} INFO - Setting next_dagrun for update_db to 2026-02-16 15:00:00+00:00, run_after=2026-02-17 15:00:00+00:00
[2026-02-16T22:07:34.050+0000] {processor.py:183} INFO - Processing /opt/airflow/dags/main.py took 0.663 seconds
[2026-02-16T22:08:04.556+0000] {processor.py:161} INFO - Started process (PID=105) to work on /opt/airflow/dags/main.py
[2026-02-16T22:08:04.732+0000] {processor.py:830} INFO - Processing file /opt/airflow/dags/main.py for tasks to queue
[2026-02-16T22:08:04.778+0000] {logging_mixin.py:188} INFO - [2026-02-16T22:08:04.777+0000] {dagbag.py:545} INFO - Filling up the DagBag from /opt/airflow/dags/main.py
[2026-02-16T22:08:05.143+0000] {processor.py:840} INFO - DAG(s) 'update_db', 'produce_json' retrieved from /opt/airflow/dags/main.py
[2026-02-16T22:08:05.261+0000] {logging_mixin.py:188} INFO - [2026-02-16T22:08:05.261+0000] {dag.py:3096} INFO - Sync 2 DAGs
[2026-02-16T22:08:05.385+0000] {logging_mixin.py:188} INFO - [2026-02-16T22:08:05.384+0000] {dag.py:3954} INFO - Setting next_dagrun for produce_json to 2026-02-16 14:00:00+00:00, run_after=2026-02-17 14:00:00+00:00
[2026-02-16T22:08:05.437+0000] {logging_mixin.py:188} INFO - [2026-02-16T22:08:05.436+0000] {dag.py:3954} INFO - Setting next_dagrun for update_db to 2026-02-16 15:00:00+00:00, run_after=2026-02-17 15:00:00+00:00
[2026-02-16T22:08:05.494+0000] {processor.py:183} INFO - Processing /opt/airflow/dags/main.py took 0.965 seconds
[2026-02-16T22:08:36.444+0000] {processor.py:161} INFO - Started process (PID=113) to work on /opt/airflow/dags/main.py
[2026-02-16T22:08:36.446+0000] {processor.py:830} INFO - Processing file /opt/airflow/dags/main.py for tasks to queue
[2026-02-16T22:08:36.450+0000] {logging_mixin.py:188} INFO - [2026-02-16T22:08:36.449+0000] {dagbag.py:545} INFO - Filling up the DagBag from /opt/airflow/dags/main.py
[2026-02-16T22:08:36.524+0000] {processor.py:840} INFO - DAG(s) 'update_db', 'produce_json' retrieved from /opt/airflow/dags/main.py
[2026-02-16T22:08:36.644+0000] {logging_mixin.py:188} INFO - [2026-02-16T22:08:36.643+0000] {dag.py:3096} INFO - Sync 2 DAGs
[2026-02-16T22:08:36.692+0000] {logging_mixin.py:188} INFO - [2026-02-16T22:08:36.692+0000] {dag.py:3954} INFO - Setting next_dagrun for produce_json to 2026-02-16 14:00:00+00:00, run_after=2026-02-17 14:00:00+00:00
[2026-02-16T22:08:36.712+0000] {logging_mixin.py:188} INFO - [2026-02-16T22:08:36.712+0000] {dag.py:3954} INFO - Setting next_dagrun for update_db to 2026-02-16 15:00:00+00:00, run_after=2026-02-17 15:00:00+00:00
[2026-02-16T22:08:36.746+0000] {processor.py:183} INFO - Processing /opt/airflow/dags/main.py took 0.316 seconds
[2026-02-16T22:09:07.716+0000] {processor.py:161} INFO - Started process (PID=120) to work on /opt/airflow/dags/main.py
[2026-02-16T22:09:07.724+0000] {processor.py:830} INFO - Processing file /opt/airflow/dags/main.py for tasks to queue
[2026-02-16T22:09:07.730+0000] {logging_mixin.py:188} INFO - [2026-02-16T22:09:07.729+0000] {dagbag.py:545} INFO - Filling up the DagBag from /opt/airflow/dags/main.py
[2026-02-16T22:09:07.896+0000] {processor.py:840} INFO - DAG(s) 'produce_json', 'update_db' retrieved from /opt/airflow/dags/main.py
[2026-02-16T22:09:07.982+0000] {logging_mixin.py:188} INFO - [2026-02-16T22:09:07.982+0000] {dag.py:3096} INFO - Sync 2 DAGs
[2026-02-16T22:09:08.023+0000] {logging_mixin.py:188} INFO - [2026-02-16T22:09:08.022+0000] {dag.py:3954} INFO - Setting next_dagrun for produce_json to 2026-02-16 14:00:00+00:00, run_after=2026-02-17 14:00:00+00:00
[2026-02-16T22:09:08.032+0000] {logging_mixin.py:188} INFO - [2026-02-16T22:09:08.032+0000] {dag.py:3954} INFO - Setting next_dagrun for update_db to 2026-02-16 15:00:00+00:00, run_after=2026-02-17 15:00:00+00:00
[2026-02-16T22:09:08.081+0000] {processor.py:183} INFO - Processing /opt/airflow/dags/main.py took 0.400 seconds
[2026-02-16T22:09:38.533+0000] {processor.py:161} INFO - Started process (PID=127) to work on /opt/airflow/dags/main.py
[2026-02-16T22:09:38.543+0000] {processor.py:830} INFO - Processing file /opt/airflow/dags/main.py for tasks to queue
[2026-02-16T22:09:38.560+0000] {logging_mixin.py:188} INFO - [2026-02-16T22:09:38.559+0000] {dagbag.py:545} INFO - Filling up the DagBag from /opt/airflow/dags/main.py
[2026-02-16T22:09:38.721+0000] {processor.py:840} INFO - DAG(s) 'produce_json', 'update_db' retrieved from /opt/airflow/dags/main.py
[2026-02-16T22:09:38.830+0000] {logging_mixin.py:188} INFO - [2026-02-16T22:09:38.830+0000] {dag.py:3096} INFO - Sync 2 DAGs
[2026-02-16T22:09:38.888+0000] {logging_mixin.py:188} INFO - [2026-02-16T22:09:38.887+0000] {dag.py:3954} INFO - Setting next_dagrun for produce_json to 2026-02-16 14:00:00+00:00, run_after=2026-02-17 14:00:00+00:00
[2026-02-16T22:09:38.901+0000] {logging_mixin.py:188} INFO - [2026-02-16T22:09:38.901+0000] {dag.py:3954} INFO - Setting next_dagrun for update_db to 2026-02-16 15:00:00+00:00, run_after=2026-02-17 15:00:00+00:00
[2026-02-16T22:09:38.950+0000] {processor.py:183} INFO - Processing /opt/airflow/dags/main.py took 0.433 seconds
[2026-02-16T22:10:09.629+0000] {processor.py:161} INFO - Started process (PID=135) to work on /opt/airflow/dags/main.py
[2026-02-16T22:10:09.631+0000] {processor.py:830} INFO - Processing file /opt/airflow/dags/main.py for tasks to queue
[2026-02-16T22:10:09.635+0000] {logging_mixin.py:188} INFO - [2026-02-16T22:10:09.634+0000] {dagbag.py:545} INFO - Filling up the DagBag from /opt/airflow/dags/main.py
[2026-02-16T22:10:09.738+0000] {processor.py:840} INFO - DAG(s) 'update_db', 'produce_json' retrieved from /opt/airflow/dags/main.py
[2026-02-16T22:10:13.239+0000] {logging_mixin.py:188} INFO - [2026-02-16T22:10:13.222+0000] {dag.py:3096} INFO - Sync 2 DAGs
[2026-02-16T22:10:13.906+0000] {logging_mixin.py:188} INFO - [2026-02-16T22:10:13.905+0000] {dag.py:3954} INFO - Setting next_dagrun for produce_json to 2026-02-16 14:00:00+00:00, run_after=2026-02-17 14:00:00+00:00
[2026-02-16T22:10:13.982+0000] {logging_mixin.py:188} INFO - [2026-02-16T22:10:13.981+0000] {dag.py:3954} INFO - Setting next_dagrun for update_db to 2026-02-16 15:00:00+00:00, run_after=2026-02-17 15:00:00+00:00
[2026-02-16T22:10:14.025+0000] {processor.py:183} INFO - Processing /opt/airflow/dags/main.py took 4.611 seconds
[2026-02-16T22:10:44.697+0000] {processor.py:161} INFO - Started process (PID=142) to work on /opt/airflow/dags/main.py
[2026-02-16T22:10:44.709+0000] {processor.py:830} INFO - Processing file /opt/airflow/dags/main.py for tasks to queue
[2026-02-16T22:10:44.712+0000] {logging_mixin.py:188} INFO - [2026-02-16T22:10:44.711+0000] {dagbag.py:545} INFO - Filling up the DagBag from /opt/airflow/dags/main.py
[2026-02-16T22:10:44.809+0000] {processor.py:840} INFO - DAG(s) 'produce_json', 'update_db' retrieved from /opt/airflow/dags/main.py
[2026-02-16T22:10:44.956+0000] {logging_mixin.py:188} INFO - [2026-02-16T22:10:44.955+0000] {dag.py:3096} INFO - Sync 2 DAGs
[2026-02-16T22:10:45.043+0000] {logging_mixin.py:188} INFO - [2026-02-16T22:10:45.043+0000] {dag.py:3954} INFO - Setting next_dagrun for produce_json to 2026-02-16 14:00:00+00:00, run_after=2026-02-17 14:00:00+00:00
[2026-02-16T22:10:45.066+0000] {logging_mixin.py:188} INFO - [2026-02-16T22:10:45.066+0000] {dag.py:3954} INFO - Setting next_dagrun for update_db to 2026-02-16 15:00:00+00:00, run_after=2026-02-17 15:00:00+00:00
[2026-02-16T22:10:45.225+0000] {processor.py:183} INFO - Processing /opt/airflow/dags/main.py took 0.539 seconds
[2026-02-16T22:11:15.571+0000] {processor.py:161} INFO - Started process (PID=149) to work on /opt/airflow/dags/main.py
[2026-02-16T22:11:15.574+0000] {processor.py:830} INFO - Processing file /opt/airflow/dags/main.py for tasks to queue
[2026-02-16T22:11:15.577+0000] {logging_mixin.py:188} INFO - [2026-02-16T22:11:15.577+0000] {dagbag.py:545} INFO - Filling up the DagBag from /opt/airflow/dags/main.py
[2026-02-16T22:11:15.647+0000] {processor.py:840} INFO - DAG(s) 'produce_json', 'update_db' retrieved from /opt/airflow/dags/main.py
[2026-02-16T22:11:15.741+0000] {logging_mixin.py:188} INFO - [2026-02-16T22:11:15.740+0000] {dag.py:3096} INFO - Sync 2 DAGs
[2026-02-16T22:11:15.797+0000] {logging_mixin.py:188} INFO - [2026-02-16T22:11:15.796+0000] {dag.py:3954} INFO - Setting next_dagrun for produce_json to 2026-02-16 14:00:00+00:00, run_after=2026-02-17 14:00:00+00:00
[2026-02-16T22:11:15.817+0000] {logging_mixin.py:188} INFO - [2026-02-16T22:11:15.817+0000] {dag.py:3954} INFO - Setting next_dagrun for update_db to 2026-02-16 15:00:00+00:00, run_after=2026-02-17 15:00:00+00:00
[2026-02-16T22:11:15.856+0000] {processor.py:183} INFO - Processing /opt/airflow/dags/main.py took 0.297 seconds
[2026-02-16T22:11:46.839+0000] {processor.py:161} INFO - Started process (PID=157) to work on /opt/airflow/dags/main.py
[2026-02-16T22:11:46.845+0000] {processor.py:830} INFO - Processing file /opt/airflow/dags/main.py for tasks to queue
[2026-02-16T22:11:46.858+0000] {logging_mixin.py:188} INFO - [2026-02-16T22:11:46.854+0000] {dagbag.py:545} INFO - Filling up the DagBag from /opt/airflow/dags/main.py
[2026-02-16T22:11:47.037+0000] {processor.py:840} INFO - DAG(s) 'update_db', 'produce_json' retrieved from /opt/airflow/dags/main.py
[2026-02-16T22:11:47.240+0000] {logging_mixin.py:188} INFO - [2026-02-16T22:11:47.238+0000] {dag.py:3096} INFO - Sync 2 DAGs
[2026-02-16T22:11:47.293+0000] {logging_mixin.py:188} INFO - [2026-02-16T22:11:47.293+0000] {dag.py:3954} INFO - Setting next_dagrun for produce_json to 2026-02-16 14:00:00+00:00, run_after=2026-02-17 14:00:00+00:00
[2026-02-16T22:11:47.306+0000] {logging_mixin.py:188} INFO - [2026-02-16T22:11:47.306+0000] {dag.py:3954} INFO - Setting next_dagrun for update_db to 2026-02-16 15:00:00+00:00, run_after=2026-02-17 15:00:00+00:00
[2026-02-16T22:11:47.360+0000] {processor.py:183} INFO - Processing /opt/airflow/dags/main.py took 0.570 seconds
[2026-02-16T22:12:17.831+0000] {processor.py:161} INFO - Started process (PID=164) to work on /opt/airflow/dags/main.py
[2026-02-16T22:12:17.834+0000] {processor.py:830} INFO - Processing file /opt/airflow/dags/main.py for tasks to queue
[2026-02-16T22:12:17.847+0000] {logging_mixin.py:188} INFO - [2026-02-16T22:12:17.846+0000] {dagbag.py:545} INFO - Filling up the DagBag from /opt/airflow/dags/main.py
[2026-02-16T22:12:17.921+0000] {processor.py:840} INFO - DAG(s) 'update_db', 'produce_json' retrieved from /opt/airflow/dags/main.py
[2026-02-16T22:12:18.097+0000] {logging_mixin.py:188} INFO - [2026-02-16T22:12:18.097+0000] {dag.py:3096} INFO - Sync 2 DAGs
[2026-02-16T22:12:18.200+0000] {logging_mixin.py:188} INFO - [2026-02-16T22:12:18.199+0000] {dag.py:3954} INFO - Setting next_dagrun for produce_json to 2026-02-16 14:00:00+00:00, run_after=2026-02-17 14:00:00+00:00
[2026-02-16T22:12:18.228+0000] {logging_mixin.py:188} INFO - [2026-02-16T22:12:18.227+0000] {dag.py:3954} INFO - Setting next_dagrun for update_db to 2026-02-16 15:00:00+00:00, run_after=2026-02-17 15:00:00+00:00
[2026-02-16T22:12:18.389+0000] {processor.py:183} INFO - Processing /opt/airflow/dags/main.py took 0.570 seconds
[2026-02-16T22:12:48.587+0000] {processor.py:161} INFO - Started process (PID=171) to work on /opt/airflow/dags/main.py
[2026-02-16T22:12:48.592+0000] {processor.py:830} INFO - Processing file /opt/airflow/dags/main.py for tasks to queue
[2026-02-16T22:12:48.602+0000] {logging_mixin.py:188} INFO - [2026-02-16T22:12:48.602+0000] {dagbag.py:545} INFO - Filling up the DagBag from /opt/airflow/dags/main.py
[2026-02-16T22:12:48.977+0000] {processor.py:840} INFO - DAG(s) 'update_db', 'produce_json' retrieved from /opt/airflow/dags/main.py
[2026-02-16T22:12:49.103+0000] {logging_mixin.py:188} INFO - [2026-02-16T22:12:49.102+0000] {dag.py:3096} INFO - Sync 2 DAGs
[2026-02-16T22:12:49.176+0000] {logging_mixin.py:188} INFO - [2026-02-16T22:12:49.176+0000] {dag.py:3954} INFO - Setting next_dagrun for produce_json to 2026-02-16 14:00:00+00:00, run_after=2026-02-17 14:00:00+00:00
[2026-02-16T22:12:49.190+0000] {logging_mixin.py:188} INFO - [2026-02-16T22:12:49.189+0000] {dag.py:3954} INFO - Setting next_dagrun for update_db to 2026-02-16 15:00:00+00:00, run_after=2026-02-17 15:00:00+00:00
[2026-02-16T22:12:49.256+0000] {processor.py:183} INFO - Processing /opt/airflow/dags/main.py took 0.701 seconds
[2026-02-16T22:13:19.629+0000] {processor.py:161} INFO - Started process (PID=185) to work on /opt/airflow/dags/main.py
[2026-02-16T22:13:19.632+0000] {processor.py:830} INFO - Processing file /opt/airflow/dags/main.py for tasks to queue
[2026-02-16T22:13:19.637+0000] {logging_mixin.py:188} INFO - [2026-02-16T22:13:19.637+0000] {dagbag.py:545} INFO - Filling up the DagBag from /opt/airflow/dags/main.py
[2026-02-16T22:13:19.737+0000] {processor.py:840} INFO - DAG(s) 'update_db', 'produce_json' retrieved from /opt/airflow/dags/main.py
[2026-02-16T22:13:19.822+0000] {logging_mixin.py:188} INFO - [2026-02-16T22:13:19.821+0000] {dag.py:3096} INFO - Sync 2 DAGs
[2026-02-16T22:13:19.877+0000] {logging_mixin.py:188} INFO - [2026-02-16T22:13:19.877+0000] {dag.py:3954} INFO - Setting next_dagrun for produce_json to 2026-02-16 14:00:00+00:00, run_after=2026-02-17 14:00:00+00:00
[2026-02-16T22:13:19.899+0000] {logging_mixin.py:188} INFO - [2026-02-16T22:13:19.899+0000] {dag.py:3954} INFO - Setting next_dagrun for update_db to 2026-02-16 15:00:00+00:00, run_after=2026-02-17 15:00:00+00:00
[2026-02-16T22:13:19.959+0000] {processor.py:183} INFO - Processing /opt/airflow/dags/main.py took 0.353 seconds
[2026-02-16T22:13:50.586+0000] {processor.py:161} INFO - Started process (PID=192) to work on /opt/airflow/dags/main.py
[2026-02-16T22:13:50.595+0000] {processor.py:830} INFO - Processing file /opt/airflow/dags/main.py for tasks to queue
[2026-02-16T22:13:50.603+0000] {logging_mixin.py:188} INFO - [2026-02-16T22:13:50.603+0000] {dagbag.py:545} INFO - Filling up the DagBag from /opt/airflow/dags/main.py
[2026-02-16T22:13:50.752+0000] {processor.py:840} INFO - DAG(s) 'produce_json', 'update_db' retrieved from /opt/airflow/dags/main.py
[2026-02-16T22:13:50.865+0000] {logging_mixin.py:188} INFO - [2026-02-16T22:13:50.864+0000] {dag.py:3096} INFO - Sync 2 DAGs
[2026-02-16T22:13:50.947+0000] {logging_mixin.py:188} INFO - [2026-02-16T22:13:50.947+0000] {dag.py:3954} INFO - Setting next_dagrun for produce_json to 2026-02-16 14:00:00+00:00, run_after=2026-02-17 14:00:00+00:00
[2026-02-16T22:13:50.968+0000] {logging_mixin.py:188} INFO - [2026-02-16T22:13:50.967+0000] {dag.py:3954} INFO - Setting next_dagrun for update_db to 2026-02-16 15:00:00+00:00, run_after=2026-02-17 15:00:00+00:00
[2026-02-16T22:13:51.042+0000] {processor.py:183} INFO - Processing /opt/airflow/dags/main.py took 0.471 seconds
[2026-02-16T22:14:21.499+0000] {processor.py:161} INFO - Started process (PID=198) to work on /opt/airflow/dags/main.py
[2026-02-16T22:14:21.501+0000] {processor.py:830} INFO - Processing file /opt/airflow/dags/main.py for tasks to queue
[2026-02-16T22:14:21.504+0000] {logging_mixin.py:188} INFO - [2026-02-16T22:14:21.503+0000] {dagbag.py:545} INFO - Filling up the DagBag from /opt/airflow/dags/main.py
[2026-02-16T22:14:21.568+0000] {processor.py:840} INFO - DAG(s) 'update_db', 'produce_json' retrieved from /opt/airflow/dags/main.py
[2026-02-16T22:14:21.650+0000] {logging_mixin.py:188} INFO - [2026-02-16T22:14:21.649+0000] {dag.py:3096} INFO - Sync 2 DAGs
[2026-02-16T22:14:21.705+0000] {logging_mixin.py:188} INFO - [2026-02-16T22:14:21.704+0000] {dag.py:3954} INFO - Setting next_dagrun for produce_json to 2026-02-16 14:00:00+00:00, run_after=2026-02-17 14:00:00+00:00
[2026-02-16T22:14:21.721+0000] {logging_mixin.py:188} INFO - [2026-02-16T22:14:21.720+0000] {dag.py:3954} INFO - Setting next_dagrun for update_db to 2026-02-16 15:00:00+00:00, run_after=2026-02-17 15:00:00+00:00
[2026-02-16T22:14:21.748+0000] {processor.py:183} INFO - Processing /opt/airflow/dags/main.py took 0.261 seconds
[2026-02-16T22:14:52.476+0000] {processor.py:161} INFO - Started process (PID=205) to work on /opt/airflow/dags/main.py
[2026-02-16T22:14:52.482+0000] {processor.py:830} INFO - Processing file /opt/airflow/dags/main.py for tasks to queue
[2026-02-16T22:14:52.485+0000] {logging_mixin.py:188} INFO - [2026-02-16T22:14:52.484+0000] {dagbag.py:545} INFO - Filling up the DagBag from /opt/airflow/dags/main.py
[2026-02-16T22:14:52.574+0000] {processor.py:840} INFO - DAG(s) 'update_db', 'produce_json' retrieved from /opt/airflow/dags/main.py
[2026-02-16T22:14:52.900+0000] {logging_mixin.py:188} INFO - [2026-02-16T22:14:52.899+0000] {dag.py:3096} INFO - Sync 2 DAGs
[2026-02-16T22:14:52.957+0000] {logging_mixin.py:188} INFO - [2026-02-16T22:14:52.956+0000] {dag.py:3954} INFO - Setting next_dagrun for produce_json to 2026-02-16 14:00:00+00:00, run_after=2026-02-17 14:00:00+00:00
[2026-02-16T22:14:52.972+0000] {logging_mixin.py:188} INFO - [2026-02-16T22:14:52.970+0000] {dag.py:3954} INFO - Setting next_dagrun for update_db to 2026-02-16 15:00:00+00:00, run_after=2026-02-17 15:00:00+00:00
[2026-02-16T22:14:53.013+0000] {processor.py:183} INFO - Processing /opt/airflow/dags/main.py took 0.551 seconds
[2026-02-16T22:15:23.684+0000] {processor.py:161} INFO - Started process (PID=212) to work on /opt/airflow/dags/main.py
[2026-02-16T22:15:23.686+0000] {processor.py:830} INFO - Processing file /opt/airflow/dags/main.py for tasks to queue
[2026-02-16T22:15:23.690+0000] {logging_mixin.py:188} INFO - [2026-02-16T22:15:23.689+0000] {dagbag.py:545} INFO - Filling up the DagBag from /opt/airflow/dags/main.py
[2026-02-16T22:15:23.775+0000] {processor.py:840} INFO - DAG(s) 'update_db', 'produce_json' retrieved from /opt/airflow/dags/main.py
[2026-02-16T22:15:23.861+0000] {logging_mixin.py:188} INFO - [2026-02-16T22:15:23.860+0000] {dag.py:3096} INFO - Sync 2 DAGs
[2026-02-16T22:15:23.916+0000] {logging_mixin.py:188} INFO - [2026-02-16T22:15:23.916+0000] {dag.py:3954} INFO - Setting next_dagrun for produce_json to 2026-02-16 14:00:00+00:00, run_after=2026-02-17 14:00:00+00:00
[2026-02-16T22:15:23.931+0000] {logging_mixin.py:188} INFO - [2026-02-16T22:15:23.931+0000] {dag.py:3954} INFO - Setting next_dagrun for update_db to 2026-02-16 15:00:00+00:00, run_after=2026-02-17 15:00:00+00:00
[2026-02-16T22:15:23.975+0000] {processor.py:183} INFO - Processing /opt/airflow/dags/main.py took 0.304 seconds
[2026-02-16T22:15:54.386+0000] {processor.py:161} INFO - Started process (PID=219) to work on /opt/airflow/dags/main.py
[2026-02-16T22:15:54.393+0000] {processor.py:830} INFO - Processing file /opt/airflow/dags/main.py for tasks to queue
[2026-02-16T22:15:54.398+0000] {logging_mixin.py:188} INFO - [2026-02-16T22:15:54.397+0000] {dagbag.py:545} INFO - Filling up the DagBag from /opt/airflow/dags/main.py
[2026-02-16T22:15:54.784+0000] {processor.py:840} INFO - DAG(s) 'produce_json', 'update_db' retrieved from /opt/airflow/dags/main.py
[2026-02-16T22:15:54.916+0000] {logging_mixin.py:188} INFO - [2026-02-16T22:15:54.915+0000] {dag.py:3096} INFO - Sync 2 DAGs
[2026-02-16T22:15:54.991+0000] {logging_mixin.py:188} INFO - [2026-02-16T22:15:54.990+0000] {dag.py:3954} INFO - Setting next_dagrun for produce_json to 2026-02-16 14:00:00+00:00, run_after=2026-02-17 14:00:00+00:00
[2026-02-16T22:15:55.009+0000] {logging_mixin.py:188} INFO - [2026-02-16T22:15:55.009+0000] {dag.py:3954} INFO - Setting next_dagrun for update_db to 2026-02-16 15:00:00+00:00, run_after=2026-02-17 15:00:00+00:00
[2026-02-16T22:15:55.112+0000] {processor.py:183} INFO - Processing /opt/airflow/dags/main.py took 0.747 seconds
[2026-02-16T22:16:25.978+0000] {processor.py:161} INFO - Started process (PID=227) to work on /opt/airflow/dags/main.py
[2026-02-16T22:16:25.981+0000] {processor.py:830} INFO - Processing file /opt/airflow/dags/main.py for tasks to queue
[2026-02-16T22:16:25.983+0000] {logging_mixin.py:188} INFO - [2026-02-16T22:16:25.983+0000] {dagbag.py:545} INFO - Filling up the DagBag from /opt/airflow/dags/main.py
[2026-02-16T22:16:26.060+0000] {processor.py:840} INFO - DAG(s) 'update_db', 'produce_json' retrieved from /opt/airflow/dags/main.py
[2026-02-16T22:16:26.148+0000] {logging_mixin.py:188} INFO - [2026-02-16T22:16:26.148+0000] {dag.py:3096} INFO - Sync 2 DAGs
[2026-02-16T22:16:26.208+0000] {logging_mixin.py:188} INFO - [2026-02-16T22:16:26.207+0000] {dag.py:3954} INFO - Setting next_dagrun for produce_json to 2026-02-16 14:00:00+00:00, run_after=2026-02-17 14:00:00+00:00
[2026-02-16T22:16:26.219+0000] {logging_mixin.py:188} INFO - [2026-02-16T22:16:26.218+0000] {dag.py:3954} INFO - Setting next_dagrun for update_db to 2026-02-16 15:00:00+00:00, run_after=2026-02-17 15:00:00+00:00
[2026-02-16T22:16:26.251+0000] {processor.py:183} INFO - Processing /opt/airflow/dags/main.py took 0.295 seconds
[2026-02-16T22:16:56.847+0000] {processor.py:161} INFO - Started process (PID=233) to work on /opt/airflow/dags/main.py
[2026-02-16T22:16:56.855+0000] {processor.py:830} INFO - Processing file /opt/airflow/dags/main.py for tasks to queue
[2026-02-16T22:16:56.862+0000] {logging_mixin.py:188} INFO - [2026-02-16T22:16:56.861+0000] {dagbag.py:545} INFO - Filling up the DagBag from /opt/airflow/dags/main.py
[2026-02-16T22:16:56.943+0000] {processor.py:840} INFO - DAG(s) 'update_db', 'produce_json' retrieved from /opt/airflow/dags/main.py
[2026-02-16T22:16:57.023+0000] {logging_mixin.py:188} INFO - [2026-02-16T22:16:57.022+0000] {dag.py:3096} INFO - Sync 2 DAGs
[2026-02-16T22:16:57.073+0000] {logging_mixin.py:188} INFO - [2026-02-16T22:16:57.073+0000] {dag.py:3954} INFO - Setting next_dagrun for produce_json to 2026-02-16 14:00:00+00:00, run_after=2026-02-17 14:00:00+00:00
[2026-02-16T22:16:57.082+0000] {logging_mixin.py:188} INFO - [2026-02-16T22:16:57.081+0000] {dag.py:3954} INFO - Setting next_dagrun for update_db to 2026-02-16 15:00:00+00:00, run_after=2026-02-17 15:00:00+00:00
[2026-02-16T22:16:57.138+0000] {processor.py:183} INFO - Processing /opt/airflow/dags/main.py took 0.302 seconds
[2026-02-16T22:17:28.061+0000] {processor.py:161} INFO - Started process (PID=240) to work on /opt/airflow/dags/main.py
[2026-02-16T22:17:28.063+0000] {processor.py:830} INFO - Processing file /opt/airflow/dags/main.py for tasks to queue
[2026-02-16T22:17:28.066+0000] {logging_mixin.py:188} INFO - [2026-02-16T22:17:28.066+0000] {dagbag.py:545} INFO - Filling up the DagBag from /opt/airflow/dags/main.py
[2026-02-16T22:17:28.132+0000] {processor.py:840} INFO - DAG(s) 'update_db', 'produce_json' retrieved from /opt/airflow/dags/main.py
[2026-02-16T22:17:28.233+0000] {logging_mixin.py:188} INFO - [2026-02-16T22:17:28.232+0000] {dag.py:3096} INFO - Sync 2 DAGs
[2026-02-16T22:17:28.294+0000] {logging_mixin.py:188} INFO - [2026-02-16T22:17:28.294+0000] {dag.py:3954} INFO - Setting next_dagrun for produce_json to 2026-02-16 14:00:00+00:00, run_after=2026-02-17 14:00:00+00:00
[2026-02-16T22:17:28.305+0000] {logging_mixin.py:188} INFO - [2026-02-16T22:17:28.304+0000] {dag.py:3954} INFO - Setting next_dagrun for update_db to 2026-02-16 15:00:00+00:00, run_after=2026-02-17 15:00:00+00:00
[2026-02-16T22:17:28.361+0000] {processor.py:183} INFO - Processing /opt/airflow/dags/main.py took 0.312 seconds
[2026-02-16T22:17:58.518+0000] {processor.py:161} INFO - Started process (PID=247) to work on /opt/airflow/dags/main.py
[2026-02-16T22:17:58.525+0000] {processor.py:830} INFO - Processing file /opt/airflow/dags/main.py for tasks to queue
[2026-02-16T22:17:58.534+0000] {logging_mixin.py:188} INFO - [2026-02-16T22:17:58.533+0000] {dagbag.py:545} INFO - Filling up the DagBag from /opt/airflow/dags/main.py
[2026-02-16T22:17:58.636+0000] {processor.py:840} INFO - DAG(s) 'update_db', 'produce_json' retrieved from /opt/airflow/dags/main.py
[2026-02-16T22:17:58.724+0000] {logging_mixin.py:188} INFO - [2026-02-16T22:17:58.723+0000] {dag.py:3096} INFO - Sync 2 DAGs
[2026-02-16T22:17:58.783+0000] {logging_mixin.py:188} INFO - [2026-02-16T22:17:58.782+0000] {dag.py:3954} INFO - Setting next_dagrun for produce_json to 2026-02-16 14:00:00+00:00, run_after=2026-02-17 14:00:00+00:00
[2026-02-16T22:17:58.793+0000] {logging_mixin.py:188} INFO - [2026-02-16T22:17:58.792+0000] {dag.py:3954} INFO - Setting next_dagrun for update_db to 2026-02-16 15:00:00+00:00, run_after=2026-02-17 15:00:00+00:00
[2026-02-16T22:17:58.820+0000] {processor.py:183} INFO - Processing /opt/airflow/dags/main.py took 0.312 seconds
[2026-02-16T22:18:29.032+0000] {processor.py:161} INFO - Started process (PID=254) to work on /opt/airflow/dags/main.py
[2026-02-16T22:18:29.068+0000] {processor.py:830} INFO - Processing file /opt/airflow/dags/main.py for tasks to queue
[2026-02-16T22:18:29.099+0000] {logging_mixin.py:188} INFO - [2026-02-16T22:18:29.098+0000] {dagbag.py:545} INFO - Filling up the DagBag from /opt/airflow/dags/main.py
[2026-02-16T22:18:29.199+0000] {processor.py:840} INFO - DAG(s) 'update_db', 'produce_json' retrieved from /opt/airflow/dags/main.py
[2026-02-16T22:18:29.360+0000] {logging_mixin.py:188} INFO - [2026-02-16T22:18:29.360+0000] {dag.py:3096} INFO - Sync 2 DAGs
[2026-02-16T22:18:29.418+0000] {logging_mixin.py:188} INFO - [2026-02-16T22:18:29.418+0000] {dag.py:3954} INFO - Setting next_dagrun for produce_json to 2026-02-16 14:00:00+00:00, run_after=2026-02-17 14:00:00+00:00
[2026-02-16T22:18:29.428+0000] {logging_mixin.py:188} INFO - [2026-02-16T22:18:29.428+0000] {dag.py:3954} INFO - Setting next_dagrun for update_db to 2026-02-16 15:00:00+00:00, run_after=2026-02-17 15:00:00+00:00
[2026-02-16T22:18:29.459+0000] {processor.py:183} INFO - Processing /opt/airflow/dags/main.py took 0.442 seconds
[2026-02-16T22:19:00.404+0000] {processor.py:161} INFO - Started process (PID=261) to work on /opt/airflow/dags/main.py
[2026-02-16T22:19:00.408+0000] {processor.py:830} INFO - Processing file /opt/airflow/dags/main.py for tasks to queue
[2026-02-16T22:19:00.423+0000] {logging_mixin.py:188} INFO - [2026-02-16T22:19:00.423+0000] {dagbag.py:545} INFO - Filling up the DagBag from /opt/airflow/dags/main.py
[2026-02-16T22:19:00.512+0000] {processor.py:840} INFO - DAG(s) 'produce_json', 'update_db' retrieved from /opt/airflow/dags/main.py
[2026-02-16T22:19:00.571+0000] {logging_mixin.py:188} INFO - [2026-02-16T22:19:00.571+0000] {dag.py:3096} INFO - Sync 2 DAGs
[2026-02-16T22:19:00.631+0000] {logging_mixin.py:188} INFO - [2026-02-16T22:19:00.631+0000] {dag.py:3954} INFO - Setting next_dagrun for produce_json to 2026-02-16 14:00:00+00:00, run_after=2026-02-17 14:00:00+00:00
[2026-02-16T22:19:00.644+0000] {logging_mixin.py:188} INFO - [2026-02-16T22:19:00.644+0000] {dag.py:3954} INFO - Setting next_dagrun for update_db to 2026-02-16 15:00:00+00:00, run_after=2026-02-17 15:00:00+00:00
[2026-02-16T22:19:00.702+0000] {processor.py:183} INFO - Processing /opt/airflow/dags/main.py took 0.311 seconds
[2026-02-16T22:19:31.649+0000] {processor.py:161} INFO - Started process (PID=269) to work on /opt/airflow/dags/main.py
[2026-02-16T22:19:31.653+0000] {processor.py:830} INFO - Processing file /opt/airflow/dags/main.py for tasks to queue
[2026-02-16T22:19:31.658+0000] {logging_mixin.py:188} INFO - [2026-02-16T22:19:31.657+0000] {dagbag.py:545} INFO - Filling up the DagBag from /opt/airflow/dags/main.py
[2026-02-16T22:19:31.757+0000] {processor.py:840} INFO - DAG(s) 'update_db', 'produce_json' retrieved from /opt/airflow/dags/main.py
[2026-02-16T22:19:31.839+0000] {logging_mixin.py:188} INFO - [2026-02-16T22:19:31.838+0000] {dag.py:3096} INFO - Sync 2 DAGs
[2026-02-16T22:19:31.890+0000] {logging_mixin.py:188} INFO - [2026-02-16T22:19:31.886+0000] {dag.py:3954} INFO - Setting next_dagrun for produce_json to 2026-02-16 14:00:00+00:00, run_after=2026-02-17 14:00:00+00:00
[2026-02-16T22:19:31.906+0000] {logging_mixin.py:188} INFO - [2026-02-16T22:19:31.906+0000] {dag.py:3954} INFO - Setting next_dagrun for update_db to 2026-02-16 15:00:00+00:00, run_after=2026-02-17 15:00:00+00:00
[2026-02-16T22:19:31.959+0000] {processor.py:183} INFO - Processing /opt/airflow/dags/main.py took 0.329 seconds
[2026-02-16T22:20:02.716+0000] {processor.py:161} INFO - Started process (PID=276) to work on /opt/airflow/dags/main.py
[2026-02-16T22:20:02.718+0000] {processor.py:830} INFO - Processing file /opt/airflow/dags/main.py for tasks to queue
[2026-02-16T22:20:02.721+0000] {logging_mixin.py:188} INFO - [2026-02-16T22:20:02.720+0000] {dagbag.py:545} INFO - Filling up the DagBag from /opt/airflow/dags/main.py
[2026-02-16T22:20:02.807+0000] {processor.py:840} INFO - DAG(s) 'produce_json', 'update_db' retrieved from /opt/airflow/dags/main.py
[2026-02-16T22:20:02.927+0000] {logging_mixin.py:188} INFO - [2026-02-16T22:20:02.926+0000] {dag.py:3096} INFO - Sync 2 DAGs
[2026-02-16T22:20:03.017+0000] {logging_mixin.py:188} INFO - [2026-02-16T22:20:03.017+0000] {dag.py:3954} INFO - Setting next_dagrun for produce_json to 2026-02-16 14:00:00+00:00, run_after=2026-02-17 14:00:00+00:00
[2026-02-16T22:20:03.040+0000] {logging_mixin.py:188} INFO - [2026-02-16T22:20:03.039+0000] {dag.py:3954} INFO - Setting next_dagrun for update_db to 2026-02-16 15:00:00+00:00, run_after=2026-02-17 15:00:00+00:00
[2026-02-16T22:20:03.107+0000] {processor.py:183} INFO - Processing /opt/airflow/dags/main.py took 0.405 seconds
[2026-02-16T22:20:33.778+0000] {processor.py:161} INFO - Started process (PID=283) to work on /opt/airflow/dags/main.py
[2026-02-16T22:20:33.794+0000] {processor.py:830} INFO - Processing file /opt/airflow/dags/main.py for tasks to queue
[2026-02-16T22:20:33.816+0000] {logging_mixin.py:188} INFO - [2026-02-16T22:20:33.815+0000] {dagbag.py:545} INFO - Filling up the DagBag from /opt/airflow/dags/main.py
[2026-02-16T22:20:33.915+0000] {processor.py:840} INFO - DAG(s) 'update_db', 'produce_json' retrieved from /opt/airflow/dags/main.py
[2026-02-16T22:20:34.009+0000] {logging_mixin.py:188} INFO - [2026-02-16T22:20:34.008+0000] {dag.py:3096} INFO - Sync 2 DAGs
[2026-02-16T22:20:34.069+0000] {logging_mixin.py:188} INFO - [2026-02-16T22:20:34.069+0000] {dag.py:3954} INFO - Setting next_dagrun for produce_json to 2026-02-16 14:00:00+00:00, run_after=2026-02-17 14:00:00+00:00
[2026-02-16T22:20:34.086+0000] {logging_mixin.py:188} INFO - [2026-02-16T22:20:34.086+0000] {dag.py:3954} INFO - Setting next_dagrun for update_db to 2026-02-16 15:00:00+00:00, run_after=2026-02-17 15:00:00+00:00
[2026-02-16T22:20:34.141+0000] {processor.py:183} INFO - Processing /opt/airflow/dags/main.py took 0.381 seconds
[2026-02-16T22:21:04.223+0000] {processor.py:161} INFO - Started process (PID=290) to work on /opt/airflow/dags/main.py
[2026-02-16T22:21:04.227+0000] {processor.py:830} INFO - Processing file /opt/airflow/dags/main.py for tasks to queue
[2026-02-16T22:21:04.235+0000] {logging_mixin.py:188} INFO - [2026-02-16T22:21:04.234+0000] {dagbag.py:545} INFO - Filling up the DagBag from /opt/airflow/dags/main.py
[2026-02-16T22:21:04.356+0000] {processor.py:840} INFO - DAG(s) 'produce_json', 'update_db' retrieved from /opt/airflow/dags/main.py
[2026-02-16T22:21:04.457+0000] {logging_mixin.py:188} INFO - [2026-02-16T22:21:04.456+0000] {dag.py:3096} INFO - Sync 2 DAGs
[2026-02-16T22:21:04.499+0000] {logging_mixin.py:188} INFO - [2026-02-16T22:21:04.499+0000] {dag.py:3954} INFO - Setting next_dagrun for produce_json to 2026-02-16 14:00:00+00:00, run_after=2026-02-17 14:00:00+00:00
[2026-02-16T22:21:04.509+0000] {logging_mixin.py:188} INFO - [2026-02-16T22:21:04.509+0000] {dag.py:3954} INFO - Setting next_dagrun for update_db to 2026-02-16 15:00:00+00:00, run_after=2026-02-17 15:00:00+00:00
[2026-02-16T22:21:04.564+0000] {processor.py:183} INFO - Processing /opt/airflow/dags/main.py took 0.366 seconds
[2026-02-16T22:21:35.546+0000] {processor.py:161} INFO - Started process (PID=297) to work on /opt/airflow/dags/main.py
[2026-02-16T22:21:35.550+0000] {processor.py:830} INFO - Processing file /opt/airflow/dags/main.py for tasks to queue
[2026-02-16T22:21:35.555+0000] {logging_mixin.py:188} INFO - [2026-02-16T22:21:35.554+0000] {dagbag.py:545} INFO - Filling up the DagBag from /opt/airflow/dags/main.py
[2026-02-16T22:21:35.650+0000] {processor.py:840} INFO - DAG(s) 'update_db', 'produce_json' retrieved from /opt/airflow/dags/main.py
[2026-02-16T22:21:35.711+0000] {logging_mixin.py:188} INFO - [2026-02-16T22:21:35.710+0000] {dag.py:3096} INFO - Sync 2 DAGs
[2026-02-16T22:21:35.788+0000] {logging_mixin.py:188} INFO - [2026-02-16T22:21:35.788+0000] {dag.py:3954} INFO - Setting next_dagrun for produce_json to 2026-02-16 14:00:00+00:00, run_after=2026-02-17 14:00:00+00:00
[2026-02-16T22:21:35.801+0000] {logging_mixin.py:188} INFO - [2026-02-16T22:21:35.801+0000] {dag.py:3954} INFO - Setting next_dagrun for update_db to 2026-02-16 15:00:00+00:00, run_after=2026-02-17 15:00:00+00:00
[2026-02-16T22:21:35.857+0000] {processor.py:183} INFO - Processing /opt/airflow/dags/main.py took 0.335 seconds
[2026-02-16T22:22:06.310+0000] {processor.py:161} INFO - Started process (PID=304) to work on /opt/airflow/dags/main.py
[2026-02-16T22:22:06.314+0000] {processor.py:830} INFO - Processing file /opt/airflow/dags/main.py for tasks to queue
[2026-02-16T22:22:06.320+0000] {logging_mixin.py:188} INFO - [2026-02-16T22:22:06.319+0000] {dagbag.py:545} INFO - Filling up the DagBag from /opt/airflow/dags/main.py
[2026-02-16T22:22:06.399+0000] {processor.py:840} INFO - DAG(s) 'update_db', 'produce_json' retrieved from /opt/airflow/dags/main.py
[2026-02-16T22:22:06.457+0000] {logging_mixin.py:188} INFO - [2026-02-16T22:22:06.456+0000] {dag.py:3096} INFO - Sync 2 DAGs
[2026-02-16T22:22:06.494+0000] {logging_mixin.py:188} INFO - [2026-02-16T22:22:06.493+0000] {dag.py:3954} INFO - Setting next_dagrun for produce_json to 2026-02-16 14:00:00+00:00, run_after=2026-02-17 14:00:00+00:00
[2026-02-16T22:22:06.502+0000] {logging_mixin.py:188} INFO - [2026-02-16T22:22:06.502+0000] {dag.py:3954} INFO - Setting next_dagrun for update_db to 2026-02-16 15:00:00+00:00, run_after=2026-02-17 15:00:00+00:00
[2026-02-16T22:22:06.529+0000] {processor.py:183} INFO - Processing /opt/airflow/dags/main.py took 0.240 seconds
[2026-02-16T22:22:37.573+0000] {processor.py:161} INFO - Started process (PID=310) to work on /opt/airflow/dags/main.py
[2026-02-16T22:22:37.631+0000] {processor.py:830} INFO - Processing file /opt/airflow/dags/main.py for tasks to queue
[2026-02-16T22:22:37.645+0000] {logging_mixin.py:188} INFO - [2026-02-16T22:22:37.644+0000] {dagbag.py:545} INFO - Filling up the DagBag from /opt/airflow/dags/main.py
[2026-02-16T22:22:37.783+0000] {processor.py:840} INFO - DAG(s) 'produce_json', 'update_db' retrieved from /opt/airflow/dags/main.py
[2026-02-16T22:22:37.877+0000] {logging_mixin.py:188} INFO - [2026-02-16T22:22:37.876+0000] {dag.py:3096} INFO - Sync 2 DAGs
[2026-02-16T22:22:37.921+0000] {logging_mixin.py:188} INFO - [2026-02-16T22:22:37.921+0000] {dag.py:3954} INFO - Setting next_dagrun for produce_json to 2026-02-16 14:00:00+00:00, run_after=2026-02-17 14:00:00+00:00
[2026-02-16T22:22:37.938+0000] {logging_mixin.py:188} INFO - [2026-02-16T22:22:37.938+0000] {dag.py:3954} INFO - Setting next_dagrun for update_db to 2026-02-16 15:00:00+00:00, run_after=2026-02-17 15:00:00+00:00
[2026-02-16T22:22:37.968+0000] {processor.py:183} INFO - Processing /opt/airflow/dags/main.py took 0.406 seconds
[2026-02-16T22:23:08.575+0000] {processor.py:161} INFO - Started process (PID=316) to work on /opt/airflow/dags/main.py
[2026-02-16T22:23:08.591+0000] {processor.py:830} INFO - Processing file /opt/airflow/dags/main.py for tasks to queue
[2026-02-16T22:23:08.595+0000] {logging_mixin.py:188} INFO - [2026-02-16T22:23:08.594+0000] {dagbag.py:545} INFO - Filling up the DagBag from /opt/airflow/dags/main.py
[2026-02-16T22:23:08.705+0000] {processor.py:840} INFO - DAG(s) 'produce_json', 'update_db' retrieved from /opt/airflow/dags/main.py
[2026-02-16T22:23:08.863+0000] {logging_mixin.py:188} INFO - [2026-02-16T22:23:08.863+0000] {dag.py:3096} INFO - Sync 2 DAGs
[2026-02-16T22:23:08.906+0000] {logging_mixin.py:188} INFO - [2026-02-16T22:23:08.905+0000] {dag.py:3954} INFO - Setting next_dagrun for produce_json to 2026-02-16 14:00:00+00:00, run_after=2026-02-17 14:00:00+00:00
[2026-02-16T22:23:08.917+0000] {logging_mixin.py:188} INFO - [2026-02-16T22:23:08.916+0000] {dag.py:3954} INFO - Setting next_dagrun for update_db to 2026-02-16 15:00:00+00:00, run_after=2026-02-17 15:00:00+00:00
[2026-02-16T22:23:08.959+0000] {processor.py:183} INFO - Processing /opt/airflow/dags/main.py took 0.401 seconds
[2026-02-16T22:23:39.676+0000] {processor.py:161} INFO - Started process (PID=323) to work on /opt/airflow/dags/main.py
[2026-02-16T22:23:39.680+0000] {processor.py:830} INFO - Processing file /opt/airflow/dags/main.py for tasks to queue
[2026-02-16T22:23:39.696+0000] {logging_mixin.py:188} INFO - [2026-02-16T22:23:39.695+0000] {dagbag.py:545} INFO - Filling up the DagBag from /opt/airflow/dags/main.py
[2026-02-16T22:23:39.784+0000] {processor.py:840} INFO - DAG(s) 'produce_json', 'update_db' retrieved from /opt/airflow/dags/main.py
[2026-02-16T22:23:39.864+0000] {logging_mixin.py:188} INFO - [2026-02-16T22:23:39.864+0000] {dag.py:3096} INFO - Sync 2 DAGs
[2026-02-16T22:23:39.901+0000] {logging_mixin.py:188} INFO - [2026-02-16T22:23:39.901+0000] {dag.py:3954} INFO - Setting next_dagrun for produce_json to 2026-02-16 14:00:00+00:00, run_after=2026-02-17 14:00:00+00:00
[2026-02-16T22:23:39.911+0000] {logging_mixin.py:188} INFO - [2026-02-16T22:23:39.910+0000] {dag.py:3954} INFO - Setting next_dagrun for update_db to 2026-02-16 15:00:00+00:00, run_after=2026-02-17 15:00:00+00:00
[2026-02-16T22:23:39.936+0000] {processor.py:183} INFO - Processing /opt/airflow/dags/main.py took 0.272 seconds
[2026-02-16T22:24:10.195+0000] {processor.py:161} INFO - Started process (PID=331) to work on /opt/airflow/dags/main.py
[2026-02-16T22:24:10.200+0000] {processor.py:830} INFO - Processing file /opt/airflow/dags/main.py for tasks to queue
[2026-02-16T22:24:10.208+0000] {logging_mixin.py:188} INFO - [2026-02-16T22:24:10.207+0000] {dagbag.py:545} INFO - Filling up the DagBag from /opt/airflow/dags/main.py
[2026-02-16T22:24:10.292+0000] {processor.py:840} INFO - DAG(s) 'update_db', 'produce_json' retrieved from /opt/airflow/dags/main.py
[2026-02-16T22:24:10.351+0000] {logging_mixin.py:188} INFO - [2026-02-16T22:24:10.351+0000] {dag.py:3096} INFO - Sync 2 DAGs
[2026-02-16T22:24:10.485+0000] {logging_mixin.py:188} INFO - [2026-02-16T22:24:10.485+0000] {dag.py:3954} INFO - Setting next_dagrun for produce_json to 2026-02-16 14:00:00+00:00, run_after=2026-02-17 14:00:00+00:00
[2026-02-16T22:24:10.495+0000] {logging_mixin.py:188} INFO - [2026-02-16T22:24:10.495+0000] {dag.py:3954} INFO - Setting next_dagrun for update_db to 2026-02-16 15:00:00+00:00, run_after=2026-02-17 15:00:00+00:00
[2026-02-16T22:24:10.521+0000] {processor.py:183} INFO - Processing /opt/airflow/dags/main.py took 0.337 seconds
[2026-02-16T22:24:41.053+0000] {processor.py:161} INFO - Started process (PID=339) to work on /opt/airflow/dags/main.py
[2026-02-16T22:24:41.056+0000] {processor.py:830} INFO - Processing file /opt/airflow/dags/main.py for tasks to queue
[2026-02-16T22:24:41.058+0000] {logging_mixin.py:188} INFO - [2026-02-16T22:24:41.058+0000] {dagbag.py:545} INFO - Filling up the DagBag from /opt/airflow/dags/main.py
[2026-02-16T22:24:41.149+0000] {processor.py:840} INFO - DAG(s) 'update_db', 'produce_json' retrieved from /opt/airflow/dags/main.py
[2026-02-16T22:24:41.211+0000] {logging_mixin.py:188} INFO - [2026-02-16T22:24:41.210+0000] {dag.py:3096} INFO - Sync 2 DAGs
[2026-02-16T22:24:41.267+0000] {logging_mixin.py:188} INFO - [2026-02-16T22:24:41.266+0000] {dag.py:3954} INFO - Setting next_dagrun for produce_json to 2026-02-16 14:00:00+00:00, run_after=2026-02-17 14:00:00+00:00
[2026-02-16T22:24:41.279+0000] {logging_mixin.py:188} INFO - [2026-02-16T22:24:41.279+0000] {dag.py:3954} INFO - Setting next_dagrun for update_db to 2026-02-16 15:00:00+00:00, run_after=2026-02-17 15:00:00+00:00
[2026-02-16T22:24:41.330+0000] {processor.py:183} INFO - Processing /opt/airflow/dags/main.py took 0.289 seconds
[2026-02-16T22:25:12.211+0000] {processor.py:161} INFO - Started process (PID=346) to work on /opt/airflow/dags/main.py
[2026-02-16T22:25:12.214+0000] {processor.py:830} INFO - Processing file /opt/airflow/dags/main.py for tasks to queue
[2026-02-16T22:25:12.217+0000] {logging_mixin.py:188} INFO - [2026-02-16T22:25:12.217+0000] {dagbag.py:545} INFO - Filling up the DagBag from /opt/airflow/dags/main.py
[2026-02-16T22:25:12.302+0000] {processor.py:840} INFO - DAG(s) 'produce_json', 'update_db' retrieved from /opt/airflow/dags/main.py
[2026-02-16T22:25:12.386+0000] {logging_mixin.py:188} INFO - [2026-02-16T22:25:12.386+0000] {dag.py:3096} INFO - Sync 2 DAGs
[2026-02-16T22:25:12.456+0000] {logging_mixin.py:188} INFO - [2026-02-16T22:25:12.455+0000] {dag.py:3954} INFO - Setting next_dagrun for produce_json to 2026-02-16 14:00:00+00:00, run_after=2026-02-17 14:00:00+00:00
[2026-02-16T22:25:12.490+0000] {logging_mixin.py:188} INFO - [2026-02-16T22:25:12.490+0000] {dag.py:3954} INFO - Setting next_dagrun for update_db to 2026-02-16 15:00:00+00:00, run_after=2026-02-17 15:00:00+00:00
[2026-02-16T22:25:12.550+0000] {processor.py:183} INFO - Processing /opt/airflow/dags/main.py took 0.357 seconds
[2026-02-16T22:25:43.651+0000] {processor.py:161} INFO - Started process (PID=353) to work on /opt/airflow/dags/main.py
[2026-02-16T22:25:43.654+0000] {processor.py:830} INFO - Processing file /opt/airflow/dags/main.py for tasks to queue
[2026-02-16T22:25:43.660+0000] {logging_mixin.py:188} INFO - [2026-02-16T22:25:43.660+0000] {dagbag.py:545} INFO - Filling up the DagBag from /opt/airflow/dags/main.py
[2026-02-16T22:25:43.733+0000] {processor.py:840} INFO - DAG(s) 'produce_json', 'update_db' retrieved from /opt/airflow/dags/main.py
[2026-02-16T22:25:43.817+0000] {logging_mixin.py:188} INFO - [2026-02-16T22:25:43.816+0000] {dag.py:3096} INFO - Sync 2 DAGs
[2026-02-16T22:25:43.878+0000] {logging_mixin.py:188} INFO - [2026-02-16T22:25:43.878+0000] {dag.py:3954} INFO - Setting next_dagrun for produce_json to 2026-02-16 14:00:00+00:00, run_after=2026-02-17 14:00:00+00:00
[2026-02-16T22:25:43.889+0000] {logging_mixin.py:188} INFO - [2026-02-16T22:25:43.889+0000] {dag.py:3954} INFO - Setting next_dagrun for update_db to 2026-02-16 15:00:00+00:00, run_after=2026-02-17 15:00:00+00:00
[2026-02-16T22:25:43.933+0000] {processor.py:183} INFO - Processing /opt/airflow/dags/main.py took 0.319 seconds
[2026-02-16T22:26:14.675+0000] {processor.py:161} INFO - Started process (PID=360) to work on /opt/airflow/dags/main.py
[2026-02-16T22:26:14.678+0000] {processor.py:830} INFO - Processing file /opt/airflow/dags/main.py for tasks to queue
[2026-02-16T22:26:14.688+0000] {logging_mixin.py:188} INFO - [2026-02-16T22:26:14.687+0000] {dagbag.py:545} INFO - Filling up the DagBag from /opt/airflow/dags/main.py
[2026-02-16T22:26:14.813+0000] {processor.py:840} INFO - DAG(s) 'update_db', 'produce_json' retrieved from /opt/airflow/dags/main.py
[2026-02-16T22:26:14.884+0000] {logging_mixin.py:188} INFO - [2026-02-16T22:26:14.884+0000] {dag.py:3096} INFO - Sync 2 DAGs
[2026-02-16T22:26:14.997+0000] {logging_mixin.py:188} INFO - [2026-02-16T22:26:14.996+0000] {dag.py:3954} INFO - Setting next_dagrun for produce_json to 2026-02-16 14:00:00+00:00, run_after=2026-02-17 14:00:00+00:00
[2026-02-16T22:26:15.011+0000] {logging_mixin.py:188} INFO - [2026-02-16T22:26:15.011+0000] {dag.py:3954} INFO - Setting next_dagrun for update_db to 2026-02-16 15:00:00+00:00, run_after=2026-02-17 15:00:00+00:00
[2026-02-16T22:26:15.040+0000] {processor.py:183} INFO - Processing /opt/airflow/dags/main.py took 0.380 seconds
[2026-02-16T22:26:45.455+0000] {processor.py:161} INFO - Started process (PID=367) to work on /opt/airflow/dags/main.py
[2026-02-16T22:26:45.458+0000] {processor.py:830} INFO - Processing file /opt/airflow/dags/main.py for tasks to queue
[2026-02-16T22:26:45.462+0000] {logging_mixin.py:188} INFO - [2026-02-16T22:26:45.462+0000] {dagbag.py:545} INFO - Filling up the DagBag from /opt/airflow/dags/main.py
[2026-02-16T22:26:45.540+0000] {processor.py:840} INFO - DAG(s) 'produce_json', 'update_db' retrieved from /opt/airflow/dags/main.py
[2026-02-16T22:26:45.683+0000] {logging_mixin.py:188} INFO - [2026-02-16T22:26:45.682+0000] {dag.py:3096} INFO - Sync 2 DAGs
[2026-02-16T22:26:45.738+0000] {logging_mixin.py:188} INFO - [2026-02-16T22:26:45.738+0000] {dag.py:3954} INFO - Setting next_dagrun for produce_json to 2026-02-16 14:00:00+00:00, run_after=2026-02-17 14:00:00+00:00
[2026-02-16T22:26:45.793+0000] {logging_mixin.py:188} INFO - [2026-02-16T22:26:45.793+0000] {dag.py:3954} INFO - Setting next_dagrun for update_db to 2026-02-16 15:00:00+00:00, run_after=2026-02-17 15:00:00+00:00
[2026-02-16T22:26:45.823+0000] {processor.py:183} INFO - Processing /opt/airflow/dags/main.py took 0.382 seconds
[2026-02-16T22:27:16.592+0000] {processor.py:161} INFO - Started process (PID=374) to work on /opt/airflow/dags/main.py
[2026-02-16T22:27:16.599+0000] {processor.py:830} INFO - Processing file /opt/airflow/dags/main.py for tasks to queue
[2026-02-16T22:27:16.603+0000] {logging_mixin.py:188} INFO - [2026-02-16T22:27:16.602+0000] {dagbag.py:545} INFO - Filling up the DagBag from /opt/airflow/dags/main.py
[2026-02-16T22:27:16.701+0000] {processor.py:840} INFO - DAG(s) 'update_db', 'produce_json' retrieved from /opt/airflow/dags/main.py
[2026-02-16T22:27:16.968+0000] {logging_mixin.py:188} INFO - [2026-02-16T22:27:16.967+0000] {dag.py:3096} INFO - Sync 2 DAGs
[2026-02-16T22:27:17.092+0000] {logging_mixin.py:188} INFO - [2026-02-16T22:27:17.092+0000] {dag.py:3954} INFO - Setting next_dagrun for produce_json to 2026-02-16 14:00:00+00:00, run_after=2026-02-17 14:00:00+00:00
[2026-02-16T22:27:17.237+0000] {logging_mixin.py:188} INFO - [2026-02-16T22:27:17.237+0000] {dag.py:3954} INFO - Setting next_dagrun for update_db to 2026-02-16 15:00:00+00:00, run_after=2026-02-17 15:00:00+00:00
[2026-02-16T22:27:19.565+0000] {processor.py:183} INFO - Processing /opt/airflow/dags/main.py took 3.035 seconds
[2026-02-16T22:27:49.764+0000] {processor.py:161} INFO - Started process (PID=380) to work on /opt/airflow/dags/main.py
[2026-02-16T22:27:49.768+0000] {processor.py:830} INFO - Processing file /opt/airflow/dags/main.py for tasks to queue
[2026-02-16T22:27:49.772+0000] {logging_mixin.py:188} INFO - [2026-02-16T22:27:49.771+0000] {dagbag.py:545} INFO - Filling up the DagBag from /opt/airflow/dags/main.py
[2026-02-16T22:27:49.932+0000] {processor.py:840} INFO - DAG(s) 'update_db', 'produce_json' retrieved from /opt/airflow/dags/main.py
[2026-02-16T22:27:50.002+0000] {logging_mixin.py:188} INFO - [2026-02-16T22:27:50.001+0000] {dag.py:3096} INFO - Sync 2 DAGs
[2026-02-16T22:27:50.040+0000] {logging_mixin.py:188} INFO - [2026-02-16T22:27:50.040+0000] {dag.py:3954} INFO - Setting next_dagrun for produce_json to 2026-02-16 14:00:00+00:00, run_after=2026-02-17 14:00:00+00:00
[2026-02-16T22:27:50.049+0000] {logging_mixin.py:188} INFO - [2026-02-16T22:27:50.049+0000] {dag.py:3954} INFO - Setting next_dagrun for update_db to 2026-02-16 15:00:00+00:00, run_after=2026-02-17 15:00:00+00:00
[2026-02-16T22:27:50.077+0000] {processor.py:183} INFO - Processing /opt/airflow/dags/main.py took 0.325 seconds
[2026-02-16T22:28:20.547+0000] {processor.py:161} INFO - Started process (PID=386) to work on /opt/airflow/dags/main.py
[2026-02-16T22:28:20.636+0000] {processor.py:830} INFO - Processing file /opt/airflow/dags/main.py for tasks to queue
[2026-02-16T22:28:20.656+0000] {logging_mixin.py:188} INFO - [2026-02-16T22:28:20.655+0000] {dagbag.py:545} INFO - Filling up the DagBag from /opt/airflow/dags/main.py
[2026-02-16T22:28:20.886+0000] {processor.py:840} INFO - DAG(s) 'produce_json', 'update_db' retrieved from /opt/airflow/dags/main.py
[2026-02-16T22:28:21.014+0000] {logging_mixin.py:188} INFO - [2026-02-16T22:28:21.014+0000] {dag.py:3096} INFO - Sync 2 DAGs
[2026-02-16T22:28:21.074+0000] {logging_mixin.py:188} INFO - [2026-02-16T22:28:21.074+0000] {dag.py:3954} INFO - Setting next_dagrun for produce_json to 2026-02-16 14:00:00+00:00, run_after=2026-02-17 14:00:00+00:00
[2026-02-16T22:28:21.085+0000] {logging_mixin.py:188} INFO - [2026-02-16T22:28:21.084+0000] {dag.py:3954} INFO - Setting next_dagrun for update_db to 2026-02-16 15:00:00+00:00, run_after=2026-02-17 15:00:00+00:00
[2026-02-16T22:28:21.150+0000] {processor.py:183} INFO - Processing /opt/airflow/dags/main.py took 0.657 seconds
[2026-02-16T22:28:51.306+0000] {processor.py:161} INFO - Started process (PID=392) to work on /opt/airflow/dags/main.py
[2026-02-16T22:28:51.313+0000] {processor.py:830} INFO - Processing file /opt/airflow/dags/main.py for tasks to queue
[2026-02-16T22:28:51.319+0000] {logging_mixin.py:188} INFO - [2026-02-16T22:28:51.318+0000] {dagbag.py:545} INFO - Filling up the DagBag from /opt/airflow/dags/main.py
[2026-02-16T22:28:51.388+0000] {processor.py:840} INFO - DAG(s) 'update_db', 'produce_json' retrieved from /opt/airflow/dags/main.py
[2026-02-16T22:28:51.506+0000] {logging_mixin.py:188} INFO - [2026-02-16T22:28:51.505+0000] {dag.py:3096} INFO - Sync 2 DAGs
[2026-02-16T22:28:51.553+0000] {logging_mixin.py:188} INFO - [2026-02-16T22:28:51.553+0000] {dag.py:3954} INFO - Setting next_dagrun for produce_json to 2026-02-16 14:00:00+00:00, run_after=2026-02-17 14:00:00+00:00
[2026-02-16T22:28:51.567+0000] {logging_mixin.py:188} INFO - [2026-02-16T22:28:51.567+0000] {dag.py:3954} INFO - Setting next_dagrun for update_db to 2026-02-16 15:00:00+00:00, run_after=2026-02-17 15:00:00+00:00
[2026-02-16T22:28:51.623+0000] {processor.py:183} INFO - Processing /opt/airflow/dags/main.py took 0.329 seconds
[2026-02-16T22:29:22.572+0000] {processor.py:161} INFO - Started process (PID=399) to work on /opt/airflow/dags/main.py
[2026-02-16T22:29:22.580+0000] {processor.py:830} INFO - Processing file /opt/airflow/dags/main.py for tasks to queue
[2026-02-16T22:29:22.585+0000] {logging_mixin.py:188} INFO - [2026-02-16T22:29:22.584+0000] {dagbag.py:545} INFO - Filling up the DagBag from /opt/airflow/dags/main.py
[2026-02-16T22:29:22.653+0000] {processor.py:840} INFO - DAG(s) 'update_db', 'produce_json' retrieved from /opt/airflow/dags/main.py
[2026-02-16T22:29:22.810+0000] {logging_mixin.py:188} INFO - [2026-02-16T22:29:22.810+0000] {dag.py:3096} INFO - Sync 2 DAGs
[2026-02-16T22:29:22.846+0000] {logging_mixin.py:188} INFO - [2026-02-16T22:29:22.845+0000] {dag.py:3954} INFO - Setting next_dagrun for produce_json to 2026-02-16 14:00:00+00:00, run_after=2026-02-17 14:00:00+00:00
[2026-02-16T22:29:22.854+0000] {logging_mixin.py:188} INFO - [2026-02-16T22:29:22.854+0000] {dag.py:3954} INFO - Setting next_dagrun for update_db to 2026-02-16 15:00:00+00:00, run_after=2026-02-17 15:00:00+00:00
[2026-02-16T22:29:22.894+0000] {processor.py:183} INFO - Processing /opt/airflow/dags/main.py took 0.338 seconds
[2026-02-16T22:29:53.640+0000] {processor.py:161} INFO - Started process (PID=405) to work on /opt/airflow/dags/main.py
[2026-02-16T22:29:53.644+0000] {processor.py:830} INFO - Processing file /opt/airflow/dags/main.py for tasks to queue
[2026-02-16T22:29:53.657+0000] {logging_mixin.py:188} INFO - [2026-02-16T22:29:53.656+0000] {dagbag.py:545} INFO - Filling up the DagBag from /opt/airflow/dags/main.py
[2026-02-16T22:29:54.305+0000] {processor.py:840} INFO - DAG(s) 'update_db', 'produce_json' retrieved from /opt/airflow/dags/main.py
[2026-02-16T22:29:54.439+0000] {logging_mixin.py:188} INFO - [2026-02-16T22:29:54.439+0000] {dag.py:3096} INFO - Sync 2 DAGs
[2026-02-16T22:29:54.492+0000] {logging_mixin.py:188} INFO - [2026-02-16T22:29:54.491+0000] {dag.py:3954} INFO - Setting next_dagrun for produce_json to 2026-02-16 14:00:00+00:00, run_after=2026-02-17 14:00:00+00:00
[2026-02-16T22:29:54.521+0000] {logging_mixin.py:188} INFO - [2026-02-16T22:29:54.521+0000] {dag.py:3954} INFO - Setting next_dagrun for update_db to 2026-02-16 15:00:00+00:00, run_after=2026-02-17 15:00:00+00:00
[2026-02-16T22:29:54.565+0000] {processor.py:183} INFO - Processing /opt/airflow/dags/main.py took 0.937 seconds
[2026-02-16T22:30:25.079+0000] {processor.py:161} INFO - Started process (PID=413) to work on /opt/airflow/dags/main.py
[2026-02-16T22:30:25.105+0000] {processor.py:830} INFO - Processing file /opt/airflow/dags/main.py for tasks to queue
[2026-02-16T22:30:25.123+0000] {logging_mixin.py:188} INFO - [2026-02-16T22:30:25.122+0000] {dagbag.py:545} INFO - Filling up the DagBag from /opt/airflow/dags/main.py
[2026-02-16T22:30:25.208+0000] {processor.py:840} INFO - DAG(s) 'update_db', 'produce_json' retrieved from /opt/airflow/dags/main.py
[2026-02-16T22:30:25.530+0000] {logging_mixin.py:188} INFO - [2026-02-16T22:30:25.530+0000] {dag.py:3096} INFO - Sync 2 DAGs
[2026-02-16T22:30:25.600+0000] {logging_mixin.py:188} INFO - [2026-02-16T22:30:25.600+0000] {dag.py:3954} INFO - Setting next_dagrun for produce_json to 2026-02-16 14:00:00+00:00, run_after=2026-02-17 14:00:00+00:00
[2026-02-16T22:30:25.612+0000] {logging_mixin.py:188} INFO - [2026-02-16T22:30:25.612+0000] {dag.py:3954} INFO - Setting next_dagrun for update_db to 2026-02-16 15:00:00+00:00, run_after=2026-02-17 15:00:00+00:00
[2026-02-16T22:30:25.645+0000] {processor.py:183} INFO - Processing /opt/airflow/dags/main.py took 0.578 seconds
[2026-02-16T22:30:55.795+0000] {processor.py:161} INFO - Started process (PID=420) to work on /opt/airflow/dags/main.py
[2026-02-16T22:30:55.801+0000] {processor.py:830} INFO - Processing file /opt/airflow/dags/main.py for tasks to queue
[2026-02-16T22:30:55.807+0000] {logging_mixin.py:188} INFO - [2026-02-16T22:30:55.806+0000] {dagbag.py:545} INFO - Filling up the DagBag from /opt/airflow/dags/main.py
[2026-02-16T22:30:55.880+0000] {processor.py:840} INFO - DAG(s) 'produce_json', 'update_db' retrieved from /opt/airflow/dags/main.py
[2026-02-16T22:30:56.022+0000] {logging_mixin.py:188} INFO - [2026-02-16T22:30:56.021+0000] {dag.py:3096} INFO - Sync 2 DAGs
[2026-02-16T22:30:56.126+0000] {logging_mixin.py:188} INFO - [2026-02-16T22:30:56.123+0000] {dag.py:3954} INFO - Setting next_dagrun for produce_json to 2026-02-16 14:00:00+00:00, run_after=2026-02-17 14:00:00+00:00
[2026-02-16T22:30:56.140+0000] {logging_mixin.py:188} INFO - [2026-02-16T22:30:56.140+0000] {dag.py:3954} INFO - Setting next_dagrun for update_db to 2026-02-16 15:00:00+00:00, run_after=2026-02-17 15:00:00+00:00
[2026-02-16T22:30:56.188+0000] {processor.py:183} INFO - Processing /opt/airflow/dags/main.py took 0.407 seconds
[2026-02-16T22:31:26.522+0000] {processor.py:161} INFO - Started process (PID=427) to work on /opt/airflow/dags/main.py
[2026-02-16T22:31:26.528+0000] {processor.py:830} INFO - Processing file /opt/airflow/dags/main.py for tasks to queue
[2026-02-16T22:31:26.531+0000] {logging_mixin.py:188} INFO - [2026-02-16T22:31:26.530+0000] {dagbag.py:545} INFO - Filling up the DagBag from /opt/airflow/dags/main.py
[2026-02-16T22:31:26.600+0000] {processor.py:840} INFO - DAG(s) 'produce_json', 'update_db' retrieved from /opt/airflow/dags/main.py
[2026-02-16T22:31:26.788+0000] {logging_mixin.py:188} INFO - [2026-02-16T22:31:26.788+0000] {dag.py:3096} INFO - Sync 2 DAGs
[2026-02-16T22:31:26.912+0000] {logging_mixin.py:188} INFO - [2026-02-16T22:31:26.911+0000] {dag.py:3954} INFO - Setting next_dagrun for produce_json to 2026-02-16 14:00:00+00:00, run_after=2026-02-17 14:00:00+00:00
[2026-02-16T22:31:26.925+0000] {logging_mixin.py:188} INFO - [2026-02-16T22:31:26.925+0000] {dag.py:3954} INFO - Setting next_dagrun for update_db to 2026-02-16 15:00:00+00:00, run_after=2026-02-17 15:00:00+00:00
[2026-02-16T22:31:26.971+0000] {processor.py:183} INFO - Processing /opt/airflow/dags/main.py took 0.465 seconds
[2026-02-16T22:31:57.283+0000] {processor.py:161} INFO - Started process (PID=434) to work on /opt/airflow/dags/main.py
[2026-02-16T22:31:57.285+0000] {processor.py:830} INFO - Processing file /opt/airflow/dags/main.py for tasks to queue
[2026-02-16T22:31:57.288+0000] {logging_mixin.py:188} INFO - [2026-02-16T22:31:57.288+0000] {dagbag.py:545} INFO - Filling up the DagBag from /opt/airflow/dags/main.py
[2026-02-16T22:31:57.376+0000] {processor.py:840} INFO - DAG(s) 'produce_json', 'update_db' retrieved from /opt/airflow/dags/main.py
[2026-02-16T22:31:57.459+0000] {logging_mixin.py:188} INFO - [2026-02-16T22:31:57.459+0000] {dag.py:3096} INFO - Sync 2 DAGs
[2026-02-16T22:31:57.517+0000] {logging_mixin.py:188} INFO - [2026-02-16T22:31:57.517+0000] {dag.py:3954} INFO - Setting next_dagrun for produce_json to 2026-02-16 14:00:00+00:00, run_after=2026-02-17 14:00:00+00:00
[2026-02-16T22:31:57.530+0000] {logging_mixin.py:188} INFO - [2026-02-16T22:31:57.530+0000] {dag.py:3954} INFO - Setting next_dagrun for update_db to 2026-02-16 15:00:00+00:00, run_after=2026-02-17 15:00:00+00:00
[2026-02-16T22:31:57.583+0000] {processor.py:183} INFO - Processing /opt/airflow/dags/main.py took 0.317 seconds
[2026-02-16T22:32:28.436+0000] {processor.py:161} INFO - Started process (PID=441) to work on /opt/airflow/dags/main.py
[2026-02-16T22:32:28.439+0000] {processor.py:830} INFO - Processing file /opt/airflow/dags/main.py for tasks to queue
[2026-02-16T22:32:28.441+0000] {logging_mixin.py:188} INFO - [2026-02-16T22:32:28.441+0000] {dagbag.py:545} INFO - Filling up the DagBag from /opt/airflow/dags/main.py
[2026-02-16T22:32:28.517+0000] {processor.py:840} INFO - DAG(s) 'update_db', 'produce_json' retrieved from /opt/airflow/dags/main.py
[2026-02-16T22:32:28.584+0000] {logging_mixin.py:188} INFO - [2026-02-16T22:32:28.583+0000] {dag.py:3096} INFO - Sync 2 DAGs
[2026-02-16T22:32:28.649+0000] {logging_mixin.py:188} INFO - [2026-02-16T22:32:28.649+0000] {dag.py:3954} INFO - Setting next_dagrun for produce_json to 2026-02-16 14:00:00+00:00, run_after=2026-02-17 14:00:00+00:00
[2026-02-16T22:32:28.664+0000] {logging_mixin.py:188} INFO - [2026-02-16T22:32:28.663+0000] {dag.py:3954} INFO - Setting next_dagrun for update_db to 2026-02-16 15:00:00+00:00, run_after=2026-02-17 15:00:00+00:00
[2026-02-16T22:32:28.706+0000] {processor.py:183} INFO - Processing /opt/airflow/dags/main.py took 0.280 seconds
[2026-02-16T22:32:58.778+0000] {processor.py:161} INFO - Started process (PID=448) to work on /opt/airflow/dags/main.py
[2026-02-16T22:32:58.782+0000] {processor.py:830} INFO - Processing file /opt/airflow/dags/main.py for tasks to queue
[2026-02-16T22:32:58.788+0000] {logging_mixin.py:188} INFO - [2026-02-16T22:32:58.787+0000] {dagbag.py:545} INFO - Filling up the DagBag from /opt/airflow/dags/main.py
[2026-02-16T22:32:58.875+0000] {processor.py:840} INFO - DAG(s) 'produce_json', 'update_db' retrieved from /opt/airflow/dags/main.py
[2026-02-16T22:32:58.955+0000] {logging_mixin.py:188} INFO - [2026-02-16T22:32:58.954+0000] {dag.py:3096} INFO - Sync 2 DAGs
[2026-02-16T22:32:59.011+0000] {logging_mixin.py:188} INFO - [2026-02-16T22:32:59.011+0000] {dag.py:3954} INFO - Setting next_dagrun for produce_json to 2026-02-16 14:00:00+00:00, run_after=2026-02-17 14:00:00+00:00
[2026-02-16T22:32:59.025+0000] {logging_mixin.py:188} INFO - [2026-02-16T22:32:59.025+0000] {dag.py:3954} INFO - Setting next_dagrun for update_db to 2026-02-16 15:00:00+00:00, run_after=2026-02-17 15:00:00+00:00
[2026-02-16T22:32:59.077+0000] {processor.py:183} INFO - Processing /opt/airflow/dags/main.py took 0.309 seconds
[2026-02-16T22:33:29.670+0000] {processor.py:161} INFO - Started process (PID=455) to work on /opt/airflow/dags/main.py
[2026-02-16T22:33:29.675+0000] {processor.py:830} INFO - Processing file /opt/airflow/dags/main.py for tasks to queue
[2026-02-16T22:33:29.679+0000] {logging_mixin.py:188} INFO - [2026-02-16T22:33:29.679+0000] {dagbag.py:545} INFO - Filling up the DagBag from /opt/airflow/dags/main.py
[2026-02-16T22:33:29.778+0000] {processor.py:840} INFO - DAG(s) 'update_db', 'produce_json' retrieved from /opt/airflow/dags/main.py
[2026-02-16T22:33:29.858+0000] {logging_mixin.py:188} INFO - [2026-02-16T22:33:29.858+0000] {dag.py:3096} INFO - Sync 2 DAGs
[2026-02-16T22:33:29.907+0000] {logging_mixin.py:188} INFO - [2026-02-16T22:33:29.907+0000] {dag.py:3954} INFO - Setting next_dagrun for produce_json to 2026-02-16 14:00:00+00:00, run_after=2026-02-17 14:00:00+00:00
[2026-02-16T22:33:29.926+0000] {logging_mixin.py:188} INFO - [2026-02-16T22:33:29.926+0000] {dag.py:3954} INFO - Setting next_dagrun for update_db to 2026-02-16 15:00:00+00:00, run_after=2026-02-17 15:00:00+00:00
[2026-02-16T22:33:29.955+0000] {processor.py:183} INFO - Processing /opt/airflow/dags/main.py took 0.299 seconds
[2026-02-16T22:34:00.765+0000] {processor.py:161} INFO - Started process (PID=462) to work on /opt/airflow/dags/main.py
[2026-02-16T22:34:00.769+0000] {processor.py:830} INFO - Processing file /opt/airflow/dags/main.py for tasks to queue
[2026-02-16T22:34:00.783+0000] {logging_mixin.py:188} INFO - [2026-02-16T22:34:00.782+0000] {dagbag.py:545} INFO - Filling up the DagBag from /opt/airflow/dags/main.py
[2026-02-16T22:34:00.869+0000] {processor.py:840} INFO - DAG(s) 'produce_json', 'update_db' retrieved from /opt/airflow/dags/main.py
[2026-02-16T22:34:00.954+0000] {logging_mixin.py:188} INFO - [2026-02-16T22:34:00.953+0000] {dag.py:3096} INFO - Sync 2 DAGs
[2026-02-16T22:34:00.999+0000] {logging_mixin.py:188} INFO - [2026-02-16T22:34:00.999+0000] {dag.py:3954} INFO - Setting next_dagrun for produce_json to 2026-02-16 14:00:00+00:00, run_after=2026-02-17 14:00:00+00:00
[2026-02-16T22:34:01.016+0000] {logging_mixin.py:188} INFO - [2026-02-16T22:34:01.015+0000] {dag.py:3954} INFO - Setting next_dagrun for update_db to 2026-02-16 15:00:00+00:00, run_after=2026-02-17 15:00:00+00:00
[2026-02-16T22:34:01.063+0000] {processor.py:183} INFO - Processing /opt/airflow/dags/main.py took 0.309 seconds
[2026-02-16T22:34:31.567+0000] {processor.py:161} INFO - Started process (PID=469) to work on /opt/airflow/dags/main.py
[2026-02-16T22:34:31.586+0000] {processor.py:830} INFO - Processing file /opt/airflow/dags/main.py for tasks to queue
[2026-02-16T22:34:31.589+0000] {logging_mixin.py:188} INFO - [2026-02-16T22:34:31.589+0000] {dagbag.py:545} INFO - Filling up the DagBag from /opt/airflow/dags/main.py
[2026-02-16T22:34:31.687+0000] {processor.py:840} INFO - DAG(s) 'update_db', 'produce_json' retrieved from /opt/airflow/dags/main.py
[2026-02-16T22:34:31.775+0000] {logging_mixin.py:188} INFO - [2026-02-16T22:34:31.774+0000] {dag.py:3096} INFO - Sync 2 DAGs
[2026-02-16T22:34:31.851+0000] {logging_mixin.py:188} INFO - [2026-02-16T22:34:31.851+0000] {dag.py:3954} INFO - Setting next_dagrun for produce_json to 2026-02-16 14:00:00+00:00, run_after=2026-02-17 14:00:00+00:00
[2026-02-16T22:34:31.864+0000] {logging_mixin.py:188} INFO - [2026-02-16T22:34:31.864+0000] {dag.py:3954} INFO - Setting next_dagrun for update_db to 2026-02-16 15:00:00+00:00, run_after=2026-02-17 15:00:00+00:00
[2026-02-16T22:34:31.897+0000] {processor.py:183} INFO - Processing /opt/airflow/dags/main.py took 0.341 seconds
[2026-02-16T22:35:02.813+0000] {processor.py:161} INFO - Started process (PID=476) to work on /opt/airflow/dags/main.py
[2026-02-16T22:35:02.824+0000] {processor.py:830} INFO - Processing file /opt/airflow/dags/main.py for tasks to queue
[2026-02-16T22:35:02.832+0000] {logging_mixin.py:188} INFO - [2026-02-16T22:35:02.831+0000] {dagbag.py:545} INFO - Filling up the DagBag from /opt/airflow/dags/main.py
[2026-02-16T22:35:02.966+0000] {processor.py:840} INFO - DAG(s) 'produce_json', 'update_db' retrieved from /opt/airflow/dags/main.py
[2026-02-16T22:35:03.173+0000] {logging_mixin.py:188} INFO - [2026-02-16T22:35:03.172+0000] {dag.py:3096} INFO - Sync 2 DAGs
[2026-02-16T22:35:03.259+0000] {logging_mixin.py:188} INFO - [2026-02-16T22:35:03.259+0000] {dag.py:3954} INFO - Setting next_dagrun for produce_json to 2026-02-16 14:00:00+00:00, run_after=2026-02-17 14:00:00+00:00
[2026-02-16T22:35:03.273+0000] {logging_mixin.py:188} INFO - [2026-02-16T22:35:03.272+0000] {dag.py:3954} INFO - Setting next_dagrun for update_db to 2026-02-16 15:00:00+00:00, run_after=2026-02-17 15:00:00+00:00
[2026-02-16T22:35:03.323+0000] {processor.py:183} INFO - Processing /opt/airflow/dags/main.py took 0.660 seconds
[2026-02-16T22:35:33.572+0000] {processor.py:161} INFO - Started process (PID=483) to work on /opt/airflow/dags/main.py
[2026-02-16T22:35:33.608+0000] {processor.py:830} INFO - Processing file /opt/airflow/dags/main.py for tasks to queue
[2026-02-16T22:35:33.614+0000] {logging_mixin.py:188} INFO - [2026-02-16T22:35:33.612+0000] {dagbag.py:545} INFO - Filling up the DagBag from /opt/airflow/dags/main.py
[2026-02-16T22:35:33.741+0000] {processor.py:840} INFO - DAG(s) 'update_db', 'produce_json' retrieved from /opt/airflow/dags/main.py
[2026-02-16T22:35:33.845+0000] {logging_mixin.py:188} INFO - [2026-02-16T22:35:33.844+0000] {dag.py:3096} INFO - Sync 2 DAGs
[2026-02-16T22:35:33.922+0000] {logging_mixin.py:188} INFO - [2026-02-16T22:35:33.922+0000] {dag.py:3954} INFO - Setting next_dagrun for produce_json to 2026-02-16 14:00:00+00:00, run_after=2026-02-17 14:00:00+00:00
[2026-02-16T22:35:33.938+0000] {logging_mixin.py:188} INFO - [2026-02-16T22:35:33.938+0000] {dag.py:3954} INFO - Setting next_dagrun for update_db to 2026-02-16 15:00:00+00:00, run_after=2026-02-17 15:00:00+00:00
[2026-02-16T22:35:34.007+0000] {processor.py:183} INFO - Processing /opt/airflow/dags/main.py took 0.449 seconds
[2026-02-16T22:36:05.063+0000] {processor.py:161} INFO - Started process (PID=490) to work on /opt/airflow/dags/main.py
[2026-02-16T22:36:05.069+0000] {processor.py:830} INFO - Processing file /opt/airflow/dags/main.py for tasks to queue
[2026-02-16T22:36:05.073+0000] {logging_mixin.py:188} INFO - [2026-02-16T22:36:05.072+0000] {dagbag.py:545} INFO - Filling up the DagBag from /opt/airflow/dags/main.py
[2026-02-16T22:36:05.181+0000] {processor.py:840} INFO - DAG(s) 'produce_json', 'update_db' retrieved from /opt/airflow/dags/main.py
[2026-02-16T22:36:05.268+0000] {logging_mixin.py:188} INFO - [2026-02-16T22:36:05.268+0000] {dag.py:3096} INFO - Sync 2 DAGs
[2026-02-16T22:36:05.328+0000] {logging_mixin.py:188} INFO - [2026-02-16T22:36:05.327+0000] {dag.py:3954} INFO - Setting next_dagrun for produce_json to 2026-02-16 14:00:00+00:00, run_after=2026-02-17 14:00:00+00:00
[2026-02-16T22:36:05.341+0000] {logging_mixin.py:188} INFO - [2026-02-16T22:36:05.341+0000] {dag.py:3954} INFO - Setting next_dagrun for update_db to 2026-02-16 15:00:00+00:00, run_after=2026-02-17 15:00:00+00:00
[2026-02-16T22:36:05.395+0000] {processor.py:183} INFO - Processing /opt/airflow/dags/main.py took 0.363 seconds
[2026-02-16T22:36:36.357+0000] {processor.py:161} INFO - Started process (PID=498) to work on /opt/airflow/dags/main.py
[2026-02-16T22:36:36.370+0000] {processor.py:830} INFO - Processing file /opt/airflow/dags/main.py for tasks to queue
[2026-02-16T22:36:36.379+0000] {logging_mixin.py:188} INFO - [2026-02-16T22:36:36.378+0000] {dagbag.py:545} INFO - Filling up the DagBag from /opt/airflow/dags/main.py
[2026-02-16T22:36:36.508+0000] {processor.py:840} INFO - DAG(s) 'update_db', 'produce_json' retrieved from /opt/airflow/dags/main.py
[2026-02-16T22:36:36.631+0000] {logging_mixin.py:188} INFO - [2026-02-16T22:36:36.630+0000] {dag.py:3096} INFO - Sync 2 DAGs
[2026-02-16T22:36:36.727+0000] {logging_mixin.py:188} INFO - [2026-02-16T22:36:36.726+0000] {dag.py:3954} INFO - Setting next_dagrun for produce_json to 2026-02-16 14:00:00+00:00, run_after=2026-02-17 14:00:00+00:00
[2026-02-16T22:36:36.744+0000] {logging_mixin.py:188} INFO - [2026-02-16T22:36:36.744+0000] {dag.py:3954} INFO - Setting next_dagrun for update_db to 2026-02-16 15:00:00+00:00, run_after=2026-02-17 15:00:00+00:00
[2026-02-16T22:36:36.828+0000] {processor.py:183} INFO - Processing /opt/airflow/dags/main.py took 0.481 seconds
[2026-02-16T22:37:07.434+0000] {processor.py:161} INFO - Started process (PID=504) to work on /opt/airflow/dags/main.py
[2026-02-16T22:37:07.437+0000] {processor.py:830} INFO - Processing file /opt/airflow/dags/main.py for tasks to queue
[2026-02-16T22:37:07.440+0000] {logging_mixin.py:188} INFO - [2026-02-16T22:37:07.439+0000] {dagbag.py:545} INFO - Filling up the DagBag from /opt/airflow/dags/main.py
[2026-02-16T22:37:07.511+0000] {processor.py:840} INFO - DAG(s) 'produce_json', 'update_db' retrieved from /opt/airflow/dags/main.py
[2026-02-16T22:37:07.643+0000] {logging_mixin.py:188} INFO - [2026-02-16T22:37:07.643+0000] {dag.py:3096} INFO - Sync 2 DAGs
[2026-02-16T22:37:07.721+0000] {logging_mixin.py:188} INFO - [2026-02-16T22:37:07.721+0000] {dag.py:3954} INFO - Setting next_dagrun for produce_json to 2026-02-16 14:00:00+00:00, run_after=2026-02-17 14:00:00+00:00
[2026-02-16T22:37:07.733+0000] {logging_mixin.py:188} INFO - [2026-02-16T22:37:07.733+0000] {dag.py:3954} INFO - Setting next_dagrun for update_db to 2026-02-16 15:00:00+00:00, run_after=2026-02-17 15:00:00+00:00
[2026-02-16T22:37:07.778+0000] {processor.py:183} INFO - Processing /opt/airflow/dags/main.py took 0.361 seconds
[2026-02-16T22:37:37.936+0000] {processor.py:161} INFO - Started process (PID=512) to work on /opt/airflow/dags/main.py
[2026-02-16T22:37:37.940+0000] {processor.py:830} INFO - Processing file /opt/airflow/dags/main.py for tasks to queue
[2026-02-16T22:37:37.945+0000] {logging_mixin.py:188} INFO - [2026-02-16T22:37:37.944+0000] {dagbag.py:545} INFO - Filling up the DagBag from /opt/airflow/dags/main.py
[2026-02-16T22:37:38.053+0000] {processor.py:840} INFO - DAG(s) 'produce_json', 'update_db' retrieved from /opt/airflow/dags/main.py
[2026-02-16T22:37:38.132+0000] {logging_mixin.py:188} INFO - [2026-02-16T22:37:38.132+0000] {dag.py:3096} INFO - Sync 2 DAGs
[2026-02-16T22:37:38.188+0000] {logging_mixin.py:188} INFO - [2026-02-16T22:37:38.188+0000] {dag.py:3954} INFO - Setting next_dagrun for produce_json to 2026-02-16 14:00:00+00:00, run_after=2026-02-17 14:00:00+00:00
[2026-02-16T22:37:38.217+0000] {logging_mixin.py:188} INFO - [2026-02-16T22:37:38.217+0000] {dag.py:3954} INFO - Setting next_dagrun for update_db to 2026-02-16 15:00:00+00:00, run_after=2026-02-17 15:00:00+00:00
[2026-02-16T22:37:38.256+0000] {processor.py:183} INFO - Processing /opt/airflow/dags/main.py took 0.340 seconds
[2026-02-16T22:38:08.701+0000] {processor.py:161} INFO - Started process (PID=519) to work on /opt/airflow/dags/main.py
[2026-02-16T22:38:08.712+0000] {processor.py:830} INFO - Processing file /opt/airflow/dags/main.py for tasks to queue
[2026-02-16T22:38:08.729+0000] {logging_mixin.py:188} INFO - [2026-02-16T22:38:08.727+0000] {dagbag.py:545} INFO - Filling up the DagBag from /opt/airflow/dags/main.py
[2026-02-16T22:38:08.888+0000] {processor.py:840} INFO - DAG(s) 'update_db', 'produce_json' retrieved from /opt/airflow/dags/main.py
[2026-02-16T22:38:08.972+0000] {logging_mixin.py:188} INFO - [2026-02-16T22:38:08.971+0000] {dag.py:3096} INFO - Sync 2 DAGs
[2026-02-16T22:38:09.076+0000] {logging_mixin.py:188} INFO - [2026-02-16T22:38:09.076+0000] {dag.py:3954} INFO - Setting next_dagrun for produce_json to 2026-02-16 14:00:00+00:00, run_after=2026-02-17 14:00:00+00:00
[2026-02-16T22:38:09.127+0000] {logging_mixin.py:188} INFO - [2026-02-16T22:38:09.127+0000] {dag.py:3954} INFO - Setting next_dagrun for update_db to 2026-02-16 15:00:00+00:00, run_after=2026-02-17 15:00:00+00:00
[2026-02-16T22:38:09.239+0000] {processor.py:183} INFO - Processing /opt/airflow/dags/main.py took 0.554 seconds
[2026-02-16T22:38:39.433+0000] {processor.py:161} INFO - Started process (PID=526) to work on /opt/airflow/dags/main.py
[2026-02-16T22:38:39.447+0000] {processor.py:830} INFO - Processing file /opt/airflow/dags/main.py for tasks to queue
[2026-02-16T22:38:39.450+0000] {logging_mixin.py:188} INFO - [2026-02-16T22:38:39.450+0000] {dagbag.py:545} INFO - Filling up the DagBag from /opt/airflow/dags/main.py
[2026-02-16T22:38:39.571+0000] {processor.py:840} INFO - DAG(s) 'produce_json', 'update_db' retrieved from /opt/airflow/dags/main.py
[2026-02-16T22:38:40.427+0000] {logging_mixin.py:188} INFO - [2026-02-16T22:38:40.427+0000] {dag.py:3096} INFO - Sync 2 DAGs
[2026-02-16T22:38:40.523+0000] {logging_mixin.py:188} INFO - [2026-02-16T22:38:40.522+0000] {dag.py:3954} INFO - Setting next_dagrun for produce_json to 2026-02-16 14:00:00+00:00, run_after=2026-02-17 14:00:00+00:00
[2026-02-16T22:38:40.537+0000] {logging_mixin.py:188} INFO - [2026-02-16T22:38:40.536+0000] {dag.py:3954} INFO - Setting next_dagrun for update_db to 2026-02-16 15:00:00+00:00, run_after=2026-02-17 15:00:00+00:00
[2026-02-16T22:38:40.652+0000] {processor.py:183} INFO - Processing /opt/airflow/dags/main.py took 1.231 seconds
[2026-02-16T22:39:11.885+0000] {processor.py:161} INFO - Started process (PID=540) to work on /opt/airflow/dags/main.py
[2026-02-16T22:39:11.889+0000] {processor.py:830} INFO - Processing file /opt/airflow/dags/main.py for tasks to queue
[2026-02-16T22:39:11.894+0000] {logging_mixin.py:188} INFO - [2026-02-16T22:39:11.893+0000] {dagbag.py:545} INFO - Filling up the DagBag from /opt/airflow/dags/main.py
[2026-02-16T22:39:11.980+0000] {processor.py:840} INFO - DAG(s) 'produce_json', 'update_db' retrieved from /opt/airflow/dags/main.py
[2026-02-16T22:39:12.813+0000] {logging_mixin.py:188} INFO - [2026-02-16T22:39:12.813+0000] {dag.py:3096} INFO - Sync 2 DAGs
[2026-02-16T22:39:12.872+0000] {logging_mixin.py:188} INFO - [2026-02-16T22:39:12.871+0000] {dag.py:3954} INFO - Setting next_dagrun for produce_json to 2026-02-16 14:00:00+00:00, run_after=2026-02-17 14:00:00+00:00
[2026-02-16T22:39:12.884+0000] {logging_mixin.py:188} INFO - [2026-02-16T22:39:12.884+0000] {dag.py:3954} INFO - Setting next_dagrun for update_db to 2026-02-16 15:00:00+00:00, run_after=2026-02-17 15:00:00+00:00
[2026-02-16T22:39:12.914+0000] {processor.py:183} INFO - Processing /opt/airflow/dags/main.py took 1.045 seconds
[2026-02-16T22:39:43.430+0000] {processor.py:161} INFO - Started process (PID=548) to work on /opt/airflow/dags/main.py
[2026-02-16T22:39:43.432+0000] {processor.py:830} INFO - Processing file /opt/airflow/dags/main.py for tasks to queue
[2026-02-16T22:39:43.435+0000] {logging_mixin.py:188} INFO - [2026-02-16T22:39:43.434+0000] {dagbag.py:545} INFO - Filling up the DagBag from /opt/airflow/dags/main.py
[2026-02-16T22:39:43.588+0000] {processor.py:840} INFO - DAG(s) 'produce_json', 'update_db' retrieved from /opt/airflow/dags/main.py
[2026-02-16T22:39:43.751+0000] {logging_mixin.py:188} INFO - [2026-02-16T22:39:43.745+0000] {dag.py:3096} INFO - Sync 2 DAGs
[2026-02-16T22:39:43.813+0000] {logging_mixin.py:188} INFO - [2026-02-16T22:39:43.813+0000] {dag.py:3954} INFO - Setting next_dagrun for produce_json to 2026-02-16 14:00:00+00:00, run_after=2026-02-17 14:00:00+00:00
[2026-02-16T22:39:43.826+0000] {logging_mixin.py:188} INFO - [2026-02-16T22:39:43.825+0000] {dag.py:3954} INFO - Setting next_dagrun for update_db to 2026-02-16 15:00:00+00:00, run_after=2026-02-17 15:00:00+00:00
[2026-02-16T22:39:43.869+0000] {processor.py:183} INFO - Processing /opt/airflow/dags/main.py took 0.456 seconds
[2026-02-16T22:40:14.032+0000] {processor.py:161} INFO - Started process (PID=554) to work on /opt/airflow/dags/main.py
[2026-02-16T22:40:14.039+0000] {processor.py:830} INFO - Processing file /opt/airflow/dags/main.py for tasks to queue
[2026-02-16T22:40:14.045+0000] {logging_mixin.py:188} INFO - [2026-02-16T22:40:14.044+0000] {dagbag.py:545} INFO - Filling up the DagBag from /opt/airflow/dags/main.py
[2026-02-16T22:40:14.116+0000] {processor.py:840} INFO - DAG(s) 'update_db', 'produce_json' retrieved from /opt/airflow/dags/main.py
[2026-02-16T22:40:14.245+0000] {logging_mixin.py:188} INFO - [2026-02-16T22:40:14.245+0000] {dag.py:3096} INFO - Sync 2 DAGs
[2026-02-16T22:40:14.334+0000] {logging_mixin.py:188} INFO - [2026-02-16T22:40:14.334+0000] {dag.py:3954} INFO - Setting next_dagrun for produce_json to 2026-02-16 14:00:00+00:00, run_after=2026-02-17 14:00:00+00:00
[2026-02-16T22:40:14.351+0000] {logging_mixin.py:188} INFO - [2026-02-16T22:40:14.351+0000] {dag.py:3954} INFO - Setting next_dagrun for update_db to 2026-02-16 15:00:00+00:00, run_after=2026-02-17 15:00:00+00:00
[2026-02-16T22:40:14.388+0000] {processor.py:183} INFO - Processing /opt/airflow/dags/main.py took 0.371 seconds
[2026-02-16T22:40:44.740+0000] {processor.py:161} INFO - Started process (PID=561) to work on /opt/airflow/dags/main.py
[2026-02-16T22:40:44.745+0000] {processor.py:830} INFO - Processing file /opt/airflow/dags/main.py for tasks to queue
[2026-02-16T22:40:44.750+0000] {logging_mixin.py:188} INFO - [2026-02-16T22:40:44.749+0000] {dagbag.py:545} INFO - Filling up the DagBag from /opt/airflow/dags/main.py
[2026-02-16T22:40:44.835+0000] {processor.py:840} INFO - DAG(s) 'produce_json', 'update_db' retrieved from /opt/airflow/dags/main.py
[2026-02-16T22:40:44.920+0000] {logging_mixin.py:188} INFO - [2026-02-16T22:40:44.920+0000] {dag.py:3096} INFO - Sync 2 DAGs
[2026-02-16T22:40:44.979+0000] {logging_mixin.py:188} INFO - [2026-02-16T22:40:44.978+0000] {dag.py:3954} INFO - Setting next_dagrun for produce_json to 2026-02-16 14:00:00+00:00, run_after=2026-02-17 14:00:00+00:00
[2026-02-16T22:40:44.994+0000] {logging_mixin.py:188} INFO - [2026-02-16T22:40:44.993+0000] {dag.py:3954} INFO - Setting next_dagrun for update_db to 2026-02-16 15:00:00+00:00, run_after=2026-02-17 15:00:00+00:00
[2026-02-16T22:40:45.056+0000] {processor.py:183} INFO - Processing /opt/airflow/dags/main.py took 0.335 seconds
[2026-02-16T22:41:15.571+0000] {processor.py:161} INFO - Started process (PID=567) to work on /opt/airflow/dags/main.py
[2026-02-16T22:41:15.574+0000] {processor.py:830} INFO - Processing file /opt/airflow/dags/main.py for tasks to queue
[2026-02-16T22:41:15.576+0000] {logging_mixin.py:188} INFO - [2026-02-16T22:41:15.576+0000] {dagbag.py:545} INFO - Filling up the DagBag from /opt/airflow/dags/main.py
[2026-02-16T22:41:15.664+0000] {processor.py:840} INFO - DAG(s) 'update_db', 'produce_json' retrieved from /opt/airflow/dags/main.py
[2026-02-16T22:41:15.871+0000] {logging_mixin.py:188} INFO - [2026-02-16T22:41:15.868+0000] {dag.py:3096} INFO - Sync 2 DAGs
[2026-02-16T22:41:16.045+0000] {logging_mixin.py:188} INFO - [2026-02-16T22:41:16.045+0000] {dag.py:3954} INFO - Setting next_dagrun for produce_json to 2026-02-16 14:00:00+00:00, run_after=2026-02-17 14:00:00+00:00
[2026-02-16T22:41:16.060+0000] {logging_mixin.py:188} INFO - [2026-02-16T22:41:16.059+0000] {dag.py:3954} INFO - Setting next_dagrun for update_db to 2026-02-16 15:00:00+00:00, run_after=2026-02-17 15:00:00+00:00
[2026-02-16T22:41:16.120+0000] {processor.py:183} INFO - Processing /opt/airflow/dags/main.py took 0.561 seconds
[2026-02-16T22:41:46.289+0000] {processor.py:161} INFO - Started process (PID=575) to work on /opt/airflow/dags/main.py
[2026-02-16T22:41:46.294+0000] {processor.py:830} INFO - Processing file /opt/airflow/dags/main.py for tasks to queue
[2026-02-16T22:41:46.297+0000] {logging_mixin.py:188} INFO - [2026-02-16T22:41:46.297+0000] {dagbag.py:545} INFO - Filling up the DagBag from /opt/airflow/dags/main.py
[2026-02-16T22:41:46.368+0000] {processor.py:840} INFO - DAG(s) 'produce_json', 'update_db' retrieved from /opt/airflow/dags/main.py
[2026-02-16T22:41:46.485+0000] {logging_mixin.py:188} INFO - [2026-02-16T22:41:46.484+0000] {dag.py:3096} INFO - Sync 2 DAGs
[2026-02-16T22:41:46.543+0000] {logging_mixin.py:188} INFO - [2026-02-16T22:41:46.542+0000] {dag.py:3954} INFO - Setting next_dagrun for produce_json to 2026-02-16 14:00:00+00:00, run_after=2026-02-17 14:00:00+00:00
[2026-02-16T22:41:46.551+0000] {logging_mixin.py:188} INFO - [2026-02-16T22:41:46.551+0000] {dag.py:3954} INFO - Setting next_dagrun for update_db to 2026-02-16 15:00:00+00:00, run_after=2026-02-17 15:00:00+00:00
[2026-02-16T22:41:46.580+0000] {processor.py:183} INFO - Processing /opt/airflow/dags/main.py took 0.308 seconds
[2026-02-16T22:42:16.878+0000] {processor.py:161} INFO - Started process (PID=582) to work on /opt/airflow/dags/main.py
[2026-02-16T22:42:16.882+0000] {processor.py:830} INFO - Processing file /opt/airflow/dags/main.py for tasks to queue
[2026-02-16T22:42:16.890+0000] {logging_mixin.py:188} INFO - [2026-02-16T22:42:16.889+0000] {dagbag.py:545} INFO - Filling up the DagBag from /opt/airflow/dags/main.py
[2026-02-16T22:42:16.963+0000] {processor.py:840} INFO - DAG(s) 'produce_json', 'update_db' retrieved from /opt/airflow/dags/main.py
[2026-02-16T22:42:17.076+0000] {logging_mixin.py:188} INFO - [2026-02-16T22:42:17.076+0000] {dag.py:3096} INFO - Sync 2 DAGs
[2026-02-16T22:42:17.141+0000] {logging_mixin.py:188} INFO - [2026-02-16T22:42:17.141+0000] {dag.py:3954} INFO - Setting next_dagrun for produce_json to 2026-02-16 14:00:00+00:00, run_after=2026-02-17 14:00:00+00:00
[2026-02-16T22:42:17.154+0000] {logging_mixin.py:188} INFO - [2026-02-16T22:42:17.153+0000] {dag.py:3954} INFO - Setting next_dagrun for update_db to 2026-02-16 15:00:00+00:00, run_after=2026-02-17 15:00:00+00:00
[2026-02-16T22:42:17.205+0000] {processor.py:183} INFO - Processing /opt/airflow/dags/main.py took 0.348 seconds
[2026-02-16T22:42:47.409+0000] {processor.py:161} INFO - Started process (PID=589) to work on /opt/airflow/dags/main.py
[2026-02-16T22:42:47.413+0000] {processor.py:830} INFO - Processing file /opt/airflow/dags/main.py for tasks to queue
[2026-02-16T22:42:47.418+0000] {logging_mixin.py:188} INFO - [2026-02-16T22:42:47.417+0000] {dagbag.py:545} INFO - Filling up the DagBag from /opt/airflow/dags/main.py
[2026-02-16T22:42:47.549+0000] {processor.py:840} INFO - DAG(s) 'produce_json', 'update_db' retrieved from /opt/airflow/dags/main.py
[2026-02-16T22:42:47.608+0000] {logging_mixin.py:188} INFO - [2026-02-16T22:42:47.608+0000] {dag.py:3096} INFO - Sync 2 DAGs
[2026-02-16T22:42:47.711+0000] {logging_mixin.py:188} INFO - [2026-02-16T22:42:47.711+0000] {dag.py:3954} INFO - Setting next_dagrun for produce_json to 2026-02-16 14:00:00+00:00, run_after=2026-02-17 14:00:00+00:00
[2026-02-16T22:42:47.720+0000] {logging_mixin.py:188} INFO - [2026-02-16T22:42:47.720+0000] {dag.py:3954} INFO - Setting next_dagrun for update_db to 2026-02-16 15:00:00+00:00, run_after=2026-02-17 15:00:00+00:00
[2026-02-16T22:42:47.913+0000] {processor.py:183} INFO - Processing /opt/airflow/dags/main.py took 0.515 seconds
[2026-02-16T22:43:18.357+0000] {processor.py:161} INFO - Started process (PID=595) to work on /opt/airflow/dags/main.py
[2026-02-16T22:43:18.360+0000] {processor.py:830} INFO - Processing file /opt/airflow/dags/main.py for tasks to queue
[2026-02-16T22:43:18.362+0000] {logging_mixin.py:188} INFO - [2026-02-16T22:43:18.362+0000] {dagbag.py:545} INFO - Filling up the DagBag from /opt/airflow/dags/main.py
[2026-02-16T22:43:18.441+0000] {processor.py:840} INFO - DAG(s) 'update_db', 'produce_json' retrieved from /opt/airflow/dags/main.py
[2026-02-16T22:43:18.538+0000] {logging_mixin.py:188} INFO - [2026-02-16T22:43:18.538+0000] {dag.py:3096} INFO - Sync 2 DAGs
[2026-02-16T22:43:18.578+0000] {logging_mixin.py:188} INFO - [2026-02-16T22:43:18.578+0000] {dag.py:3954} INFO - Setting next_dagrun for produce_json to 2026-02-16 14:00:00+00:00, run_after=2026-02-17 14:00:00+00:00
[2026-02-16T22:43:18.590+0000] {logging_mixin.py:188} INFO - [2026-02-16T22:43:18.589+0000] {dag.py:3954} INFO - Setting next_dagrun for update_db to 2026-02-16 15:00:00+00:00, run_after=2026-02-17 15:00:00+00:00
[2026-02-16T22:43:18.645+0000] {processor.py:183} INFO - Processing /opt/airflow/dags/main.py took 0.300 seconds
[2026-02-16T22:43:48.705+0000] {processor.py:161} INFO - Started process (PID=603) to work on /opt/airflow/dags/main.py
[2026-02-16T22:43:48.710+0000] {processor.py:830} INFO - Processing file /opt/airflow/dags/main.py for tasks to queue
[2026-02-16T22:43:48.716+0000] {logging_mixin.py:188} INFO - [2026-02-16T22:43:48.715+0000] {dagbag.py:545} INFO - Filling up the DagBag from /opt/airflow/dags/main.py
[2026-02-16T22:43:48.842+0000] {processor.py:840} INFO - DAG(s) 'produce_json', 'update_db' retrieved from /opt/airflow/dags/main.py
[2026-02-16T22:43:48.977+0000] {logging_mixin.py:188} INFO - [2026-02-16T22:43:48.976+0000] {dag.py:3096} INFO - Sync 2 DAGs
[2026-02-16T22:43:49.053+0000] {logging_mixin.py:188} INFO - [2026-02-16T22:43:49.053+0000] {dag.py:3954} INFO - Setting next_dagrun for produce_json to 2026-02-16 14:00:00+00:00, run_after=2026-02-17 14:00:00+00:00
[2026-02-16T22:43:49.078+0000] {logging_mixin.py:188} INFO - [2026-02-16T22:43:49.078+0000] {dag.py:3954} INFO - Setting next_dagrun for update_db to 2026-02-16 15:00:00+00:00, run_after=2026-02-17 15:00:00+00:00
[2026-02-16T22:43:49.175+0000] {processor.py:183} INFO - Processing /opt/airflow/dags/main.py took 0.487 seconds
[2026-02-16T22:44:19.778+0000] {processor.py:161} INFO - Started process (PID=611) to work on /opt/airflow/dags/main.py
[2026-02-16T22:44:19.800+0000] {processor.py:830} INFO - Processing file /opt/airflow/dags/main.py for tasks to queue
[2026-02-16T22:44:19.805+0000] {logging_mixin.py:188} INFO - [2026-02-16T22:44:19.804+0000] {dagbag.py:545} INFO - Filling up the DagBag from /opt/airflow/dags/main.py
[2026-02-16T22:44:19.947+0000] {processor.py:840} INFO - DAG(s) 'produce_json', 'update_db' retrieved from /opt/airflow/dags/main.py
[2026-02-16T22:44:20.023+0000] {logging_mixin.py:188} INFO - [2026-02-16T22:44:20.023+0000] {dag.py:3096} INFO - Sync 2 DAGs
[2026-02-16T22:44:20.108+0000] {logging_mixin.py:188} INFO - [2026-02-16T22:44:20.107+0000] {dag.py:3954} INFO - Setting next_dagrun for produce_json to 2026-02-16 14:00:00+00:00, run_after=2026-02-17 14:00:00+00:00
[2026-02-16T22:44:20.140+0000] {logging_mixin.py:188} INFO - [2026-02-16T22:44:20.139+0000] {dag.py:3954} INFO - Setting next_dagrun for update_db to 2026-02-16 15:00:00+00:00, run_after=2026-02-17 15:00:00+00:00
[2026-02-16T22:44:20.349+0000] {processor.py:183} INFO - Processing /opt/airflow/dags/main.py took 0.589 seconds
[2026-02-16T22:44:50.931+0000] {processor.py:161} INFO - Started process (PID=618) to work on /opt/airflow/dags/main.py
[2026-02-16T22:44:50.934+0000] {processor.py:830} INFO - Processing file /opt/airflow/dags/main.py for tasks to queue
[2026-02-16T22:44:50.939+0000] {logging_mixin.py:188} INFO - [2026-02-16T22:44:50.938+0000] {dagbag.py:545} INFO - Filling up the DagBag from /opt/airflow/dags/main.py
[2026-02-16T22:44:51.073+0000] {processor.py:840} INFO - DAG(s) 'produce_json', 'update_db' retrieved from /opt/airflow/dags/main.py
[2026-02-16T22:44:51.230+0000] {logging_mixin.py:188} INFO - [2026-02-16T22:44:51.228+0000] {dag.py:3096} INFO - Sync 2 DAGs
[2026-02-16T22:44:51.327+0000] {logging_mixin.py:188} INFO - [2026-02-16T22:44:51.327+0000] {dag.py:3954} INFO - Setting next_dagrun for produce_json to 2026-02-16 14:00:00+00:00, run_after=2026-02-17 14:00:00+00:00
[2026-02-16T22:44:51.337+0000] {logging_mixin.py:188} INFO - [2026-02-16T22:44:51.337+0000] {dag.py:3954} INFO - Setting next_dagrun for update_db to 2026-02-16 15:00:00+00:00, run_after=2026-02-17 15:00:00+00:00
[2026-02-16T22:44:51.406+0000] {processor.py:183} INFO - Processing /opt/airflow/dags/main.py took 0.551 seconds
[2026-02-16T22:45:21.746+0000] {processor.py:161} INFO - Started process (PID=625) to work on /opt/airflow/dags/main.py
[2026-02-16T22:45:21.750+0000] {processor.py:830} INFO - Processing file /opt/airflow/dags/main.py for tasks to queue
[2026-02-16T22:45:21.755+0000] {logging_mixin.py:188} INFO - [2026-02-16T22:45:21.754+0000] {dagbag.py:545} INFO - Filling up the DagBag from /opt/airflow/dags/main.py
[2026-02-16T22:45:21.824+0000] {processor.py:840} INFO - DAG(s) 'produce_json', 'update_db' retrieved from /opt/airflow/dags/main.py
[2026-02-16T22:45:21.956+0000] {logging_mixin.py:188} INFO - [2026-02-16T22:45:21.955+0000] {dag.py:3096} INFO - Sync 2 DAGs
[2026-02-16T22:45:22.418+0000] {logging_mixin.py:188} INFO - [2026-02-16T22:45:22.418+0000] {dag.py:3954} INFO - Setting next_dagrun for produce_json to 2026-02-16 14:00:00+00:00, run_after=2026-02-17 14:00:00+00:00
[2026-02-16T22:45:22.430+0000] {logging_mixin.py:188} INFO - [2026-02-16T22:45:22.430+0000] {dag.py:3954} INFO - Setting next_dagrun for update_db to 2026-02-16 15:00:00+00:00, run_after=2026-02-17 15:00:00+00:00
[2026-02-16T22:45:22.472+0000] {processor.py:183} INFO - Processing /opt/airflow/dags/main.py took 0.743 seconds
[2026-02-16T22:45:52.995+0000] {processor.py:161} INFO - Started process (PID=632) to work on /opt/airflow/dags/main.py
[2026-02-16T22:45:52.998+0000] {processor.py:830} INFO - Processing file /opt/airflow/dags/main.py for tasks to queue
[2026-02-16T22:45:53.003+0000] {logging_mixin.py:188} INFO - [2026-02-16T22:45:53.002+0000] {dagbag.py:545} INFO - Filling up the DagBag from /opt/airflow/dags/main.py
[2026-02-16T22:45:53.107+0000] {processor.py:840} INFO - DAG(s) 'update_db', 'produce_json' retrieved from /opt/airflow/dags/main.py
[2026-02-16T22:45:53.196+0000] {logging_mixin.py:188} INFO - [2026-02-16T22:45:53.196+0000] {dag.py:3096} INFO - Sync 2 DAGs
[2026-02-16T22:45:53.260+0000] {logging_mixin.py:188} INFO - [2026-02-16T22:45:53.259+0000] {dag.py:3954} INFO - Setting next_dagrun for produce_json to 2026-02-16 14:00:00+00:00, run_after=2026-02-17 14:00:00+00:00
[2026-02-16T22:45:53.275+0000] {logging_mixin.py:188} INFO - [2026-02-16T22:45:53.275+0000] {dag.py:3954} INFO - Setting next_dagrun for update_db to 2026-02-16 15:00:00+00:00, run_after=2026-02-17 15:00:00+00:00
[2026-02-16T22:45:53.334+0000] {processor.py:183} INFO - Processing /opt/airflow/dags/main.py took 0.378 seconds
[2026-02-16T22:46:23.613+0000] {processor.py:161} INFO - Started process (PID=639) to work on /opt/airflow/dags/main.py
[2026-02-16T22:46:23.630+0000] {processor.py:830} INFO - Processing file /opt/airflow/dags/main.py for tasks to queue
[2026-02-16T22:46:23.645+0000] {logging_mixin.py:188} INFO - [2026-02-16T22:46:23.644+0000] {dagbag.py:545} INFO - Filling up the DagBag from /opt/airflow/dags/main.py
[2026-02-16T22:46:23.768+0000] {processor.py:840} INFO - DAG(s) 'update_db', 'produce_json' retrieved from /opt/airflow/dags/main.py
[2026-02-16T22:46:23.953+0000] {logging_mixin.py:188} INFO - [2026-02-16T22:46:23.953+0000] {dag.py:3096} INFO - Sync 2 DAGs
[2026-02-16T22:46:24.409+0000] {logging_mixin.py:188} INFO - [2026-02-16T22:46:24.406+0000] {dag.py:3954} INFO - Setting next_dagrun for produce_json to 2026-02-16 14:00:00+00:00, run_after=2026-02-17 14:00:00+00:00
[2026-02-16T22:46:24.464+0000] {logging_mixin.py:188} INFO - [2026-02-16T22:46:24.464+0000] {dag.py:3954} INFO - Setting next_dagrun for update_db to 2026-02-16 15:00:00+00:00, run_after=2026-02-17 15:00:00+00:00
[2026-02-16T22:46:24.516+0000] {processor.py:183} INFO - Processing /opt/airflow/dags/main.py took 0.918 seconds
[2026-02-16T22:46:55.218+0000] {processor.py:161} INFO - Started process (PID=647) to work on /opt/airflow/dags/main.py
[2026-02-16T22:46:55.241+0000] {processor.py:830} INFO - Processing file /opt/airflow/dags/main.py for tasks to queue
[2026-02-16T22:46:55.252+0000] {logging_mixin.py:188} INFO - [2026-02-16T22:46:55.251+0000] {dagbag.py:545} INFO - Filling up the DagBag from /opt/airflow/dags/main.py
[2026-02-16T22:46:55.399+0000] {processor.py:840} INFO - DAG(s) 'update_db', 'produce_json' retrieved from /opt/airflow/dags/main.py
[2026-02-16T22:46:55.477+0000] {logging_mixin.py:188} INFO - [2026-02-16T22:46:55.477+0000] {dag.py:3096} INFO - Sync 2 DAGs
[2026-02-16T22:46:55.580+0000] {logging_mixin.py:188} INFO - [2026-02-16T22:46:55.579+0000] {dag.py:3954} INFO - Setting next_dagrun for produce_json to 2026-02-16 14:00:00+00:00, run_after=2026-02-17 14:00:00+00:00
[2026-02-16T22:46:55.588+0000] {logging_mixin.py:188} INFO - [2026-02-16T22:46:55.588+0000] {dag.py:3954} INFO - Setting next_dagrun for update_db to 2026-02-16 15:00:00+00:00, run_after=2026-02-17 15:00:00+00:00
[2026-02-16T22:46:55.622+0000] {processor.py:183} INFO - Processing /opt/airflow/dags/main.py took 0.426 seconds
[2026-02-16T22:47:26.427+0000] {processor.py:161} INFO - Started process (PID=654) to work on /opt/airflow/dags/main.py
[2026-02-16T22:47:26.431+0000] {processor.py:830} INFO - Processing file /opt/airflow/dags/main.py for tasks to queue
[2026-02-16T22:47:26.445+0000] {logging_mixin.py:188} INFO - [2026-02-16T22:47:26.442+0000] {dagbag.py:545} INFO - Filling up the DagBag from /opt/airflow/dags/main.py
[2026-02-16T22:47:26.571+0000] {processor.py:840} INFO - DAG(s) 'update_db', 'produce_json' retrieved from /opt/airflow/dags/main.py
[2026-02-16T22:47:26.660+0000] {logging_mixin.py:188} INFO - [2026-02-16T22:47:26.660+0000] {dag.py:3096} INFO - Sync 2 DAGs
[2026-02-16T22:47:26.705+0000] {logging_mixin.py:188} INFO - [2026-02-16T22:47:26.705+0000] {dag.py:3954} INFO - Setting next_dagrun for produce_json to 2026-02-16 14:00:00+00:00, run_after=2026-02-17 14:00:00+00:00
[2026-02-16T22:47:26.729+0000] {logging_mixin.py:188} INFO - [2026-02-16T22:47:26.728+0000] {dag.py:3954} INFO - Setting next_dagrun for update_db to 2026-02-16 15:00:00+00:00, run_after=2026-02-17 15:00:00+00:00
[2026-02-16T22:47:26.800+0000] {processor.py:183} INFO - Processing /opt/airflow/dags/main.py took 0.395 seconds
[2026-02-16T22:47:57.160+0000] {processor.py:161} INFO - Started process (PID=661) to work on /opt/airflow/dags/main.py
[2026-02-16T22:47:57.163+0000] {processor.py:830} INFO - Processing file /opt/airflow/dags/main.py for tasks to queue
[2026-02-16T22:47:57.168+0000] {logging_mixin.py:188} INFO - [2026-02-16T22:47:57.167+0000] {dagbag.py:545} INFO - Filling up the DagBag from /opt/airflow/dags/main.py
[2026-02-16T22:47:57.245+0000] {processor.py:840} INFO - DAG(s) 'produce_json', 'update_db' retrieved from /opt/airflow/dags/main.py
[2026-02-16T22:47:57.328+0000] {logging_mixin.py:188} INFO - [2026-02-16T22:47:57.328+0000] {dag.py:3096} INFO - Sync 2 DAGs
[2026-02-16T22:47:57.379+0000] {logging_mixin.py:188} INFO - [2026-02-16T22:47:57.379+0000] {dag.py:3954} INFO - Setting next_dagrun for produce_json to 2026-02-16 14:00:00+00:00, run_after=2026-02-17 14:00:00+00:00
[2026-02-16T22:47:57.388+0000] {logging_mixin.py:188} INFO - [2026-02-16T22:47:57.387+0000] {dag.py:3954} INFO - Setting next_dagrun for update_db to 2026-02-16 15:00:00+00:00, run_after=2026-02-17 15:00:00+00:00
[2026-02-16T22:47:57.466+0000] {processor.py:183} INFO - Processing /opt/airflow/dags/main.py took 0.321 seconds
[2026-02-16T22:48:27.762+0000] {processor.py:161} INFO - Started process (PID=668) to work on /opt/airflow/dags/main.py
[2026-02-16T22:48:27.768+0000] {processor.py:830} INFO - Processing file /opt/airflow/dags/main.py for tasks to queue
[2026-02-16T22:48:27.774+0000] {logging_mixin.py:188} INFO - [2026-02-16T22:48:27.773+0000] {dagbag.py:545} INFO - Filling up the DagBag from /opt/airflow/dags/main.py
[2026-02-16T22:48:27.897+0000] {processor.py:840} INFO - DAG(s) 'produce_json', 'update_db' retrieved from /opt/airflow/dags/main.py
[2026-02-16T22:48:27.994+0000] {logging_mixin.py:188} INFO - [2026-02-16T22:48:27.993+0000] {dag.py:3096} INFO - Sync 2 DAGs
[2026-02-16T22:48:28.059+0000] {logging_mixin.py:188} INFO - [2026-02-16T22:48:28.059+0000] {dag.py:3954} INFO - Setting next_dagrun for produce_json to 2026-02-16 14:00:00+00:00, run_after=2026-02-17 14:00:00+00:00
[2026-02-16T22:48:28.073+0000] {logging_mixin.py:188} INFO - [2026-02-16T22:48:28.072+0000] {dag.py:3954} INFO - Setting next_dagrun for update_db to 2026-02-16 15:00:00+00:00, run_after=2026-02-17 15:00:00+00:00
[2026-02-16T22:48:28.140+0000] {processor.py:183} INFO - Processing /opt/airflow/dags/main.py took 0.391 seconds
[2026-02-16T22:48:58.966+0000] {processor.py:161} INFO - Started process (PID=675) to work on /opt/airflow/dags/main.py
[2026-02-16T22:48:58.969+0000] {processor.py:830} INFO - Processing file /opt/airflow/dags/main.py for tasks to queue
[2026-02-16T22:48:58.973+0000] {logging_mixin.py:188} INFO - [2026-02-16T22:48:58.973+0000] {dagbag.py:545} INFO - Filling up the DagBag from /opt/airflow/dags/main.py
[2026-02-16T22:48:59.036+0000] {processor.py:840} INFO - DAG(s) 'produce_json', 'update_db' retrieved from /opt/airflow/dags/main.py
[2026-02-16T22:48:59.132+0000] {logging_mixin.py:188} INFO - [2026-02-16T22:48:59.132+0000] {dag.py:3096} INFO - Sync 2 DAGs
[2026-02-16T22:48:59.184+0000] {logging_mixin.py:188} INFO - [2026-02-16T22:48:59.184+0000] {dag.py:3954} INFO - Setting next_dagrun for produce_json to 2026-02-16 14:00:00+00:00, run_after=2026-02-17 14:00:00+00:00
[2026-02-16T22:48:59.198+0000] {logging_mixin.py:188} INFO - [2026-02-16T22:48:59.198+0000] {dag.py:3954} INFO - Setting next_dagrun for update_db to 2026-02-16 15:00:00+00:00, run_after=2026-02-17 15:00:00+00:00
[2026-02-16T22:48:59.265+0000] {processor.py:183} INFO - Processing /opt/airflow/dags/main.py took 0.322 seconds
[2026-02-16T22:49:30.017+0000] {processor.py:161} INFO - Started process (PID=682) to work on /opt/airflow/dags/main.py
[2026-02-16T22:49:30.022+0000] {processor.py:830} INFO - Processing file /opt/airflow/dags/main.py for tasks to queue
[2026-02-16T22:49:30.025+0000] {logging_mixin.py:188} INFO - [2026-02-16T22:49:30.024+0000] {dagbag.py:545} INFO - Filling up the DagBag from /opt/airflow/dags/main.py
[2026-02-16T22:49:30.187+0000] {processor.py:840} INFO - DAG(s) 'update_db', 'produce_json' retrieved from /opt/airflow/dags/main.py
[2026-02-16T22:49:30.314+0000] {logging_mixin.py:188} INFO - [2026-02-16T22:49:30.313+0000] {dag.py:3096} INFO - Sync 2 DAGs
[2026-02-16T22:49:30.360+0000] {logging_mixin.py:188} INFO - [2026-02-16T22:49:30.360+0000] {dag.py:3954} INFO - Setting next_dagrun for produce_json to 2026-02-16 14:00:00+00:00, run_after=2026-02-17 14:00:00+00:00
[2026-02-16T22:49:30.371+0000] {logging_mixin.py:188} INFO - [2026-02-16T22:49:30.371+0000] {dag.py:3954} INFO - Setting next_dagrun for update_db to 2026-02-16 15:00:00+00:00, run_after=2026-02-17 15:00:00+00:00
[2026-02-16T22:49:30.396+0000] {processor.py:183} INFO - Processing /opt/airflow/dags/main.py took 0.397 seconds
[2026-02-16T22:50:00.962+0000] {processor.py:161} INFO - Started process (PID=688) to work on /opt/airflow/dags/main.py
[2026-02-16T22:50:00.965+0000] {processor.py:830} INFO - Processing file /opt/airflow/dags/main.py for tasks to queue
[2026-02-16T22:50:00.980+0000] {logging_mixin.py:188} INFO - [2026-02-16T22:50:00.979+0000] {dagbag.py:545} INFO - Filling up the DagBag from /opt/airflow/dags/main.py
[2026-02-16T22:50:01.044+0000] {processor.py:840} INFO - DAG(s) 'update_db', 'produce_json' retrieved from /opt/airflow/dags/main.py
[2026-02-16T22:50:01.191+0000] {logging_mixin.py:188} INFO - [2026-02-16T22:50:01.184+0000] {dag.py:3096} INFO - Sync 2 DAGs
[2026-02-16T22:50:01.266+0000] {logging_mixin.py:188} INFO - [2026-02-16T22:50:01.265+0000] {dag.py:3954} INFO - Setting next_dagrun for produce_json to 2026-02-16 14:00:00+00:00, run_after=2026-02-17 14:00:00+00:00
[2026-02-16T22:50:01.283+0000] {logging_mixin.py:188} INFO - [2026-02-16T22:50:01.283+0000] {dag.py:3954} INFO - Setting next_dagrun for update_db to 2026-02-16 15:00:00+00:00, run_after=2026-02-17 15:00:00+00:00
[2026-02-16T22:50:01.370+0000] {processor.py:183} INFO - Processing /opt/airflow/dags/main.py took 0.426 seconds
[2026-02-16T22:50:32.744+0000] {processor.py:161} INFO - Started process (PID=697) to work on /opt/airflow/dags/main.py
[2026-02-16T22:50:32.765+0000] {processor.py:830} INFO - Processing file /opt/airflow/dags/main.py for tasks to queue
[2026-02-16T22:50:33.432+0000] {logging_mixin.py:188} INFO - [2026-02-16T22:50:33.394+0000] {dagbag.py:545} INFO - Filling up the DagBag from /opt/airflow/dags/main.py
[2026-02-16T22:50:34.279+0000] {processor.py:840} INFO - DAG(s) 'produce_json', 'update_db' retrieved from /opt/airflow/dags/main.py
[2026-02-16T22:50:34.994+0000] {logging_mixin.py:188} INFO - [2026-02-16T22:50:34.994+0000] {dag.py:3096} INFO - Sync 2 DAGs
[2026-02-16T22:50:35.044+0000] {logging_mixin.py:188} INFO - [2026-02-16T22:50:35.043+0000] {dag.py:3954} INFO - Setting next_dagrun for produce_json to 2026-02-16 14:00:00+00:00, run_after=2026-02-17 14:00:00+00:00
[2026-02-16T22:50:35.053+0000] {logging_mixin.py:188} INFO - [2026-02-16T22:50:35.053+0000] {dag.py:3954} INFO - Setting next_dagrun for update_db to 2026-02-16 15:00:00+00:00, run_after=2026-02-17 15:00:00+00:00
[2026-02-16T22:50:35.079+0000] {processor.py:183} INFO - Processing /opt/airflow/dags/main.py took 2.478 seconds
[2026-02-16T22:51:05.149+0000] {processor.py:161} INFO - Started process (PID=703) to work on /opt/airflow/dags/main.py
[2026-02-16T22:51:05.152+0000] {processor.py:830} INFO - Processing file /opt/airflow/dags/main.py for tasks to queue
[2026-02-16T22:51:05.158+0000] {logging_mixin.py:188} INFO - [2026-02-16T22:51:05.157+0000] {dagbag.py:545} INFO - Filling up the DagBag from /opt/airflow/dags/main.py
[2026-02-16T22:51:05.254+0000] {processor.py:840} INFO - DAG(s) 'update_db', 'produce_json' retrieved from /opt/airflow/dags/main.py
[2026-02-16T22:51:05.341+0000] {logging_mixin.py:188} INFO - [2026-02-16T22:51:05.340+0000] {dag.py:3096} INFO - Sync 2 DAGs
[2026-02-16T22:51:05.394+0000] {logging_mixin.py:188} INFO - [2026-02-16T22:51:05.393+0000] {dag.py:3954} INFO - Setting next_dagrun for produce_json to 2026-02-16 14:00:00+00:00, run_after=2026-02-17 14:00:00+00:00
[2026-02-16T22:51:05.414+0000] {logging_mixin.py:188} INFO - [2026-02-16T22:51:05.413+0000] {dag.py:3954} INFO - Setting next_dagrun for update_db to 2026-02-16 15:00:00+00:00, run_after=2026-02-17 15:00:00+00:00
[2026-02-16T22:51:05.459+0000] {processor.py:183} INFO - Processing /opt/airflow/dags/main.py took 0.322 seconds
[2026-02-16T22:51:35.672+0000] {processor.py:161} INFO - Started process (PID=709) to work on /opt/airflow/dags/main.py
[2026-02-16T22:51:35.679+0000] {processor.py:830} INFO - Processing file /opt/airflow/dags/main.py for tasks to queue
[2026-02-16T22:51:35.688+0000] {logging_mixin.py:188} INFO - [2026-02-16T22:51:35.687+0000] {dagbag.py:545} INFO - Filling up the DagBag from /opt/airflow/dags/main.py
[2026-02-16T22:51:35.785+0000] {processor.py:840} INFO - DAG(s) 'produce_json', 'update_db' retrieved from /opt/airflow/dags/main.py
[2026-02-16T22:51:35.890+0000] {logging_mixin.py:188} INFO - [2026-02-16T22:51:35.890+0000] {dag.py:3096} INFO - Sync 2 DAGs
[2026-02-16T22:51:35.959+0000] {logging_mixin.py:188} INFO - [2026-02-16T22:51:35.959+0000] {dag.py:3954} INFO - Setting next_dagrun for produce_json to 2026-02-16 14:00:00+00:00, run_after=2026-02-17 14:00:00+00:00
[2026-02-16T22:51:35.976+0000] {logging_mixin.py:188} INFO - [2026-02-16T22:51:35.976+0000] {dag.py:3954} INFO - Setting next_dagrun for update_db to 2026-02-16 15:00:00+00:00, run_after=2026-02-17 15:00:00+00:00
[2026-02-16T22:51:36.031+0000] {processor.py:183} INFO - Processing /opt/airflow/dags/main.py took 0.389 seconds
[2026-02-16T22:52:06.099+0000] {processor.py:161} INFO - Started process (PID=716) to work on /opt/airflow/dags/main.py
[2026-02-16T22:52:06.111+0000] {processor.py:830} INFO - Processing file /opt/airflow/dags/main.py for tasks to queue
[2026-02-16T22:52:06.121+0000] {logging_mixin.py:188} INFO - [2026-02-16T22:52:06.120+0000] {dagbag.py:545} INFO - Filling up the DagBag from /opt/airflow/dags/main.py
[2026-02-16T22:52:06.208+0000] {processor.py:840} INFO - DAG(s) 'update_db', 'produce_json' retrieved from /opt/airflow/dags/main.py
[2026-02-16T22:52:06.302+0000] {logging_mixin.py:188} INFO - [2026-02-16T22:52:06.300+0000] {dag.py:3096} INFO - Sync 2 DAGs
[2026-02-16T22:52:06.364+0000] {logging_mixin.py:188} INFO - [2026-02-16T22:52:06.364+0000] {dag.py:3954} INFO - Setting next_dagrun for produce_json to 2026-02-16 14:00:00+00:00, run_after=2026-02-17 14:00:00+00:00
[2026-02-16T22:52:06.377+0000] {logging_mixin.py:188} INFO - [2026-02-16T22:52:06.376+0000] {dag.py:3954} INFO - Setting next_dagrun for update_db to 2026-02-16 15:00:00+00:00, run_after=2026-02-17 15:00:00+00:00
[2026-02-16T22:52:06.426+0000] {processor.py:183} INFO - Processing /opt/airflow/dags/main.py took 0.339 seconds
[2026-02-16T22:52:20.505+0000] {processor.py:161} INFO - Started process (PID=723) to work on /opt/airflow/dags/main.py
[2026-02-16T22:52:20.508+0000] {processor.py:830} INFO - Processing file /opt/airflow/dags/main.py for tasks to queue
[2026-02-16T22:52:20.513+0000] {logging_mixin.py:188} INFO - [2026-02-16T22:52:20.512+0000] {dagbag.py:545} INFO - Filling up the DagBag from /opt/airflow/dags/main.py
[2026-02-16T22:52:20.671+0000] {processor.py:840} INFO - DAG(s) 'update_db', 'produce_json' retrieved from /opt/airflow/dags/main.py
[2026-02-16T22:52:20.819+0000] {logging_mixin.py:188} INFO - [2026-02-16T22:52:20.810+0000] {dag.py:3096} INFO - Sync 2 DAGs
[2026-02-16T22:52:20.864+0000] {logging_mixin.py:188} INFO - [2026-02-16T22:52:20.863+0000] {dag.py:3954} INFO - Setting next_dagrun for produce_json to 2026-02-16 14:00:00+00:00, run_after=2026-02-17 14:00:00+00:00
[2026-02-16T22:52:20.873+0000] {logging_mixin.py:188} INFO - [2026-02-16T22:52:20.873+0000] {dag.py:3954} INFO - Setting next_dagrun for update_db to 2026-02-16 15:00:00+00:00, run_after=2026-02-17 15:00:00+00:00
[2026-02-16T22:52:21.047+0000] {processor.py:183} INFO - Processing /opt/airflow/dags/main.py took 0.558 seconds
[2026-02-16T22:52:32.725+0000] {processor.py:161} INFO - Started process (PID=724) to work on /opt/airflow/dags/main.py
[2026-02-16T22:52:32.731+0000] {processor.py:830} INFO - Processing file /opt/airflow/dags/main.py for tasks to queue
[2026-02-16T22:52:32.736+0000] {logging_mixin.py:188} INFO - [2026-02-16T22:52:32.735+0000] {dagbag.py:545} INFO - Filling up the DagBag from /opt/airflow/dags/main.py
[2026-02-16T22:52:32.922+0000] {processor.py:840} INFO - DAG(s) 'data_quality_', 'produce_json', 'update_db' retrieved from /opt/airflow/dags/main.py
[2026-02-16T22:52:33.228+0000] {logging_mixin.py:188} INFO - [2026-02-16T22:52:33.226+0000] {override.py:1829} INFO - Created Permission View: can read on DAG:data_quality_
[2026-02-16T22:52:33.271+0000] {logging_mixin.py:188} INFO - [2026-02-16T22:52:33.270+0000] {override.py:1829} INFO - Created Permission View: can edit on DAG:data_quality_
[2026-02-16T22:52:33.298+0000] {logging_mixin.py:188} INFO - [2026-02-16T22:52:33.297+0000] {override.py:1829} INFO - Created Permission View: can delete on DAG:data_quality_
[2026-02-16T22:52:33.322+0000] {logging_mixin.py:188} INFO - [2026-02-16T22:52:33.322+0000] {dag.py:3096} INFO - Sync 3 DAGs
[2026-02-16T22:52:33.358+0000] {logging_mixin.py:188} INFO - [2026-02-16T22:52:33.357+0000] {dag.py:3118} INFO - Creating ORM DAG for data_quality_
[2026-02-16T22:52:33.388+0000] {logging_mixin.py:188} INFO - [2026-02-16T22:52:33.388+0000] {dag.py:3954} INFO - Setting next_dagrun for data_quality_ to 2026-02-15 15:00:00+00:00, run_after=2026-02-16 15:00:00+00:00
[2026-02-16T22:52:33.400+0000] {logging_mixin.py:188} INFO - [2026-02-16T22:52:33.399+0000] {dag.py:3954} INFO - Setting next_dagrun for produce_json to 2026-02-16 14:00:00+00:00, run_after=2026-02-17 14:00:00+00:00
[2026-02-16T22:52:33.414+0000] {logging_mixin.py:188} INFO - [2026-02-16T22:52:33.414+0000] {dag.py:3954} INFO - Setting next_dagrun for update_db to 2026-02-16 15:00:00+00:00, run_after=2026-02-17 15:00:00+00:00
[2026-02-16T22:52:33.475+0000] {processor.py:183} INFO - Processing /opt/airflow/dags/main.py took 0.819 seconds
[2026-02-16T22:52:35.767+0000] {processor.py:161} INFO - Started process (PID=725) to work on /opt/airflow/dags/main.py
[2026-02-16T22:52:35.775+0000] {processor.py:830} INFO - Processing file /opt/airflow/dags/main.py for tasks to queue
[2026-02-16T22:52:35.791+0000] {logging_mixin.py:188} INFO - [2026-02-16T22:52:35.791+0000] {dagbag.py:545} INFO - Filling up the DagBag from /opt/airflow/dags/main.py
[2026-02-16T22:52:35.910+0000] {processor.py:840} INFO - DAG(s) 'produce_json', 'data_quality', 'update_db' retrieved from /opt/airflow/dags/main.py
[2026-02-16T22:52:36.146+0000] {logging_mixin.py:188} INFO - [2026-02-16T22:52:36.145+0000] {override.py:1829} INFO - Created Permission View: can read on DAG:data_quality
[2026-02-16T22:52:36.171+0000] {logging_mixin.py:188} INFO - [2026-02-16T22:52:36.170+0000] {override.py:1829} INFO - Created Permission View: can edit on DAG:data_quality
[2026-02-16T22:52:36.194+0000] {logging_mixin.py:188} INFO - [2026-02-16T22:52:36.193+0000] {override.py:1829} INFO - Created Permission View: can delete on DAG:data_quality
[2026-02-16T22:52:36.207+0000] {logging_mixin.py:188} INFO - [2026-02-16T22:52:36.207+0000] {dag.py:3096} INFO - Sync 3 DAGs
[2026-02-16T22:52:36.230+0000] {logging_mixin.py:188} INFO - [2026-02-16T22:52:36.230+0000] {dag.py:3118} INFO - Creating ORM DAG for data_quality
[2026-02-16T22:52:36.255+0000] {logging_mixin.py:188} INFO - [2026-02-16T22:52:36.255+0000] {dag.py:3954} INFO - Setting next_dagrun for data_quality to 2026-02-15 15:00:00+00:00, run_after=2026-02-16 15:00:00+00:00
[2026-02-16T22:52:36.259+0000] {logging_mixin.py:188} INFO - [2026-02-16T22:52:36.259+0000] {dag.py:3954} INFO - Setting next_dagrun for produce_json to 2026-02-16 14:00:00+00:00, run_after=2026-02-17 14:00:00+00:00
[2026-02-16T22:52:36.270+0000] {logging_mixin.py:188} INFO - [2026-02-16T22:52:36.270+0000] {dag.py:3954} INFO - Setting next_dagrun for update_db to 2026-02-16 15:00:00+00:00, run_after=2026-02-17 15:00:00+00:00
[2026-02-16T22:52:36.327+0000] {processor.py:183} INFO - Processing /opt/airflow/dags/main.py took 0.657 seconds
[2026-02-16T22:52:48.511+0000] {processor.py:161} INFO - Started process (PID=726) to work on /opt/airflow/dags/main.py
[2026-02-16T22:52:48.515+0000] {processor.py:830} INFO - Processing file /opt/airflow/dags/main.py for tasks to queue
[2026-02-16T22:52:48.519+0000] {logging_mixin.py:188} INFO - [2026-02-16T22:52:48.518+0000] {dagbag.py:545} INFO - Filling up the DagBag from /opt/airflow/dags/main.py
[2026-02-16T22:52:48.631+0000] {processor.py:840} INFO - DAG(s) 'data_quality', 'produce_json', 'update_db' retrieved from /opt/airflow/dags/main.py
[2026-02-16T22:52:48.697+0000] {logging_mixin.py:188} INFO - [2026-02-16T22:52:48.697+0000] {dag.py:3096} INFO - Sync 3 DAGs
[2026-02-16T22:52:48.766+0000] {logging_mixin.py:188} INFO - [2026-02-16T22:52:48.764+0000] {dag.py:3954} INFO - Setting next_dagrun for data_quality to 2026-02-15 15:00:00+00:00, run_after=2026-02-16 15:00:00+00:00
[2026-02-16T22:52:48.782+0000] {logging_mixin.py:188} INFO - [2026-02-16T22:52:48.781+0000] {dag.py:3954} INFO - Setting next_dagrun for produce_json to 2026-02-16 14:00:00+00:00, run_after=2026-02-17 14:00:00+00:00
[2026-02-16T22:52:48.801+0000] {logging_mixin.py:188} INFO - [2026-02-16T22:52:48.801+0000] {dag.py:3954} INFO - Setting next_dagrun for update_db to 2026-02-16 15:00:00+00:00, run_after=2026-02-17 15:00:00+00:00
[2026-02-16T22:52:48.845+0000] {processor.py:183} INFO - Processing /opt/airflow/dags/main.py took 0.348 seconds
[2026-02-16T22:52:55.652+0000] {processor.py:161} INFO - Started process (PID=732) to work on /opt/airflow/dags/main.py
[2026-02-16T22:52:55.658+0000] {processor.py:830} INFO - Processing file /opt/airflow/dags/main.py for tasks to queue
[2026-02-16T22:52:55.677+0000] {logging_mixin.py:188} INFO - [2026-02-16T22:52:55.676+0000] {dagbag.py:545} INFO - Filling up the DagBag from /opt/airflow/dags/main.py
[2026-02-16T22:52:55.770+0000] {processor.py:840} INFO - DAG(s) 'produce_json', 'update_db', 'data_quality' retrieved from /opt/airflow/dags/main.py
[2026-02-16T22:52:55.925+0000] {logging_mixin.py:188} INFO - [2026-02-16T22:52:55.924+0000] {dag.py:3096} INFO - Sync 3 DAGs
[2026-02-16T22:52:55.977+0000] {logging_mixin.py:188} INFO - [2026-02-16T22:52:55.976+0000] {dag.py:3954} INFO - Setting next_dagrun for data_quality to 2026-02-15 15:00:00+00:00, run_after=2026-02-16 15:00:00+00:00
[2026-02-16T22:52:55.990+0000] {logging_mixin.py:188} INFO - [2026-02-16T22:52:55.989+0000] {dag.py:3954} INFO - Setting next_dagrun for produce_json to 2026-02-16 14:00:00+00:00, run_after=2026-02-17 14:00:00+00:00
[2026-02-16T22:52:56.064+0000] {logging_mixin.py:188} INFO - [2026-02-16T22:52:56.063+0000] {dag.py:3954} INFO - Setting next_dagrun for update_db to 2026-02-16 15:00:00+00:00, run_after=2026-02-17 15:00:00+00:00
[2026-02-16T22:52:56.510+0000] {processor.py:183} INFO - Processing /opt/airflow/dags/main.py took 0.897 seconds
[2026-02-16T22:52:57.764+0000] {processor.py:161} INFO - Started process (PID=733) to work on /opt/airflow/dags/main.py
[2026-02-16T22:52:57.769+0000] {processor.py:830} INFO - Processing file /opt/airflow/dags/main.py for tasks to queue
[2026-02-16T22:52:57.783+0000] {logging_mixin.py:188} INFO - [2026-02-16T22:52:57.781+0000] {dagbag.py:545} INFO - Filling up the DagBag from /opt/airflow/dags/main.py
[2026-02-16T22:52:57.880+0000] {processor.py:840} INFO - DAG(s) 'data_quality', 'produce_json', 'update_db' retrieved from /opt/airflow/dags/main.py
[2026-02-16T22:52:57.958+0000] {logging_mixin.py:188} INFO - [2026-02-16T22:52:57.958+0000] {dag.py:3096} INFO - Sync 3 DAGs
[2026-02-16T22:52:58.051+0000] {logging_mixin.py:188} INFO - [2026-02-16T22:52:58.051+0000] {dag.py:3954} INFO - Setting next_dagrun for data_quality to 2026-02-15 15:00:00+00:00, run_after=2026-02-16 15:00:00+00:00
[2026-02-16T22:52:58.063+0000] {logging_mixin.py:188} INFO - [2026-02-16T22:52:58.063+0000] {dag.py:3954} INFO - Setting next_dagrun for produce_json to 2026-02-16 14:00:00+00:00, run_after=2026-02-17 14:00:00+00:00
[2026-02-16T22:52:58.074+0000] {logging_mixin.py:188} INFO - [2026-02-16T22:52:58.073+0000] {dag.py:3954} INFO - Setting next_dagrun for update_db to 2026-02-16 15:00:00+00:00, run_after=2026-02-17 15:00:00+00:00
[2026-02-16T22:52:58.587+0000] {processor.py:183} INFO - Processing /opt/airflow/dags/main.py took 0.835 seconds
[2026-02-16T22:53:09.286+0000] {processor.py:161} INFO - Started process (PID=734) to work on /opt/airflow/dags/main.py
[2026-02-16T22:53:09.288+0000] {processor.py:830} INFO - Processing file /opt/airflow/dags/main.py for tasks to queue
[2026-02-16T22:53:09.291+0000] {logging_mixin.py:188} INFO - [2026-02-16T22:53:09.291+0000] {dagbag.py:545} INFO - Filling up the DagBag from /opt/airflow/dags/main.py
[2026-02-16T22:53:09.358+0000] {processor.py:840} INFO - DAG(s) 'update_db', 'data_quality', 'produce_json' retrieved from /opt/airflow/dags/main.py
[2026-02-16T22:53:09.611+0000] {logging_mixin.py:188} INFO - [2026-02-16T22:53:09.610+0000] {dag.py:3096} INFO - Sync 3 DAGs
[2026-02-16T22:53:09.658+0000] {logging_mixin.py:188} INFO - [2026-02-16T22:53:09.658+0000] {dag.py:3954} INFO - Setting next_dagrun for data_quality to 2026-02-15 15:00:00+00:00, run_after=2026-02-16 15:00:00+00:00
[2026-02-16T22:53:09.670+0000] {logging_mixin.py:188} INFO - [2026-02-16T22:53:09.669+0000] {dag.py:3954} INFO - Setting next_dagrun for produce_json to 2026-02-16 14:00:00+00:00, run_after=2026-02-17 14:00:00+00:00
[2026-02-16T22:53:09.676+0000] {logging_mixin.py:188} INFO - [2026-02-16T22:53:09.676+0000] {dag.py:3954} INFO - Setting next_dagrun for update_db to 2026-02-16 15:00:00+00:00, run_after=2026-02-17 15:00:00+00:00
[2026-02-16T22:53:09.753+0000] {processor.py:183} INFO - Processing /opt/airflow/dags/main.py took 0.493 seconds
[2026-02-16T22:53:16.400+0000] {processor.py:161} INFO - Started process (PID=735) to work on /opt/airflow/dags/main.py
[2026-02-16T22:53:16.404+0000] {processor.py:830} INFO - Processing file /opt/airflow/dags/main.py for tasks to queue
[2026-02-16T22:53:16.408+0000] {logging_mixin.py:188} INFO - [2026-02-16T22:53:16.407+0000] {dagbag.py:545} INFO - Filling up the DagBag from /opt/airflow/dags/main.py
[2026-02-16T22:53:16.490+0000] {processor.py:840} INFO - DAG(s) 'data_quality', 'update_db', 'produce_json' retrieved from /opt/airflow/dags/main.py
[2026-02-16T22:53:16.567+0000] {logging_mixin.py:188} INFO - [2026-02-16T22:53:16.566+0000] {dag.py:3096} INFO - Sync 3 DAGs
[2026-02-16T22:53:16.627+0000] {logging_mixin.py:188} INFO - [2026-02-16T22:53:16.626+0000] {dag.py:3954} INFO - Setting next_dagrun for data_quality to 2026-02-15 16:00:00+00:00, run_after=2026-02-16 16:00:00+00:00
[2026-02-16T22:53:16.638+0000] {logging_mixin.py:188} INFO - [2026-02-16T22:53:16.637+0000] {dag.py:3954} INFO - Setting next_dagrun for produce_json to 2026-02-16 14:00:00+00:00, run_after=2026-02-17 14:00:00+00:00
[2026-02-16T22:53:16.647+0000] {logging_mixin.py:188} INFO - [2026-02-16T22:53:16.647+0000] {dag.py:3954} INFO - Setting next_dagrun for update_db to 2026-02-16 15:00:00+00:00, run_after=2026-02-17 15:00:00+00:00
[2026-02-16T22:53:16.701+0000] {processor.py:183} INFO - Processing /opt/airflow/dags/main.py took 0.317 seconds
[2026-02-16T22:53:25.344+0000] {processor.py:161} INFO - Started process (PID=742) to work on /opt/airflow/dags/main.py
[2026-02-16T22:53:25.347+0000] {processor.py:830} INFO - Processing file /opt/airflow/dags/main.py for tasks to queue
[2026-02-16T22:53:25.350+0000] {logging_mixin.py:188} INFO - [2026-02-16T22:53:25.349+0000] {dagbag.py:545} INFO - Filling up the DagBag from /opt/airflow/dags/main.py
[2026-02-16T22:53:25.464+0000] {processor.py:840} INFO - DAG(s) 'produce_json', 'update_db', 'data_quality' retrieved from /opt/airflow/dags/main.py
[2026-02-16T22:53:25.551+0000] {logging_mixin.py:188} INFO - [2026-02-16T22:53:25.551+0000] {dag.py:3096} INFO - Sync 3 DAGs
[2026-02-16T22:53:25.612+0000] {logging_mixin.py:188} INFO - [2026-02-16T22:53:25.611+0000] {dag.py:3954} INFO - Setting next_dagrun for data_quality to 2026-02-15 16:00:00+00:00, run_after=2026-02-16 16:00:00+00:00
[2026-02-16T22:53:25.627+0000] {logging_mixin.py:188} INFO - [2026-02-16T22:53:25.627+0000] {dag.py:3954} INFO - Setting next_dagrun for produce_json to 2026-02-16 14:00:00+00:00, run_after=2026-02-17 14:00:00+00:00
[2026-02-16T22:53:25.638+0000] {logging_mixin.py:188} INFO - [2026-02-16T22:53:25.638+0000] {dag.py:3954} INFO - Setting next_dagrun for update_db to 2026-02-16 15:00:00+00:00, run_after=2026-02-17 15:00:00+00:00
[2026-02-16T22:53:25.726+0000] {processor.py:183} INFO - Processing /opt/airflow/dags/main.py took 0.411 seconds
[2026-02-16T22:53:55.900+0000] {processor.py:161} INFO - Started process (PID=749) to work on /opt/airflow/dags/main.py
[2026-02-16T22:53:55.904+0000] {processor.py:830} INFO - Processing file /opt/airflow/dags/main.py for tasks to queue
[2026-02-16T22:53:55.908+0000] {logging_mixin.py:188} INFO - [2026-02-16T22:53:55.908+0000] {dagbag.py:545} INFO - Filling up the DagBag from /opt/airflow/dags/main.py
[2026-02-16T22:53:56.011+0000] {processor.py:840} INFO - DAG(s) 'data_quality', 'produce_json', 'update_db' retrieved from /opt/airflow/dags/main.py
[2026-02-16T22:53:56.305+0000] {logging_mixin.py:188} INFO - [2026-02-16T22:53:56.304+0000] {dag.py:3096} INFO - Sync 3 DAGs
[2026-02-16T22:53:56.361+0000] {logging_mixin.py:188} INFO - [2026-02-16T22:53:56.361+0000] {dag.py:3954} INFO - Setting next_dagrun for data_quality to 2026-02-15 16:00:00+00:00, run_after=2026-02-16 16:00:00+00:00
[2026-02-16T22:53:56.391+0000] {logging_mixin.py:188} INFO - [2026-02-16T22:53:56.390+0000] {dag.py:3954} INFO - Setting next_dagrun for produce_json to 2026-02-16 14:00:00+00:00, run_after=2026-02-17 14:00:00+00:00
[2026-02-16T22:53:56.399+0000] {logging_mixin.py:188} INFO - [2026-02-16T22:53:56.399+0000] {dag.py:3954} INFO - Setting next_dagrun for update_db to 2026-02-16 15:00:00+00:00, run_after=2026-02-17 15:00:00+00:00
[2026-02-16T22:53:56.454+0000] {processor.py:183} INFO - Processing /opt/airflow/dags/main.py took 0.566 seconds
[2026-02-16T22:54:03.985+0000] {processor.py:161} INFO - Started process (PID=750) to work on /opt/airflow/dags/main.py
[2026-02-16T22:54:03.991+0000] {processor.py:830} INFO - Processing file /opt/airflow/dags/main.py for tasks to queue
[2026-02-16T22:54:03.996+0000] {logging_mixin.py:188} INFO - [2026-02-16T22:54:03.995+0000] {dagbag.py:545} INFO - Filling up the DagBag from /opt/airflow/dags/main.py
[2026-02-16T22:54:04.088+0000] {processor.py:840} INFO - DAG(s) 'update_db', 'produce_json', 'data_quality' retrieved from /opt/airflow/dags/main.py
[2026-02-16T22:54:04.189+0000] {logging_mixin.py:188} INFO - [2026-02-16T22:54:04.189+0000] {dag.py:3096} INFO - Sync 3 DAGs
[2026-02-16T22:54:04.558+0000] {logging_mixin.py:188} INFO - [2026-02-16T22:54:04.558+0000] {dag.py:3954} INFO - Setting next_dagrun for data_quality to 2026-02-15 16:00:00+00:00, run_after=2026-02-16 16:00:00+00:00
[2026-02-16T22:54:04.632+0000] {logging_mixin.py:188} INFO - [2026-02-16T22:54:04.631+0000] {dag.py:3954} INFO - Setting next_dagrun for produce_json to 2026-02-16 14:00:00+00:00, run_after=2026-02-17 14:00:00+00:00
[2026-02-16T22:54:04.651+0000] {logging_mixin.py:188} INFO - [2026-02-16T22:54:04.651+0000] {dag.py:3954} INFO - Setting next_dagrun for update_db to 2026-02-16 15:00:00+00:00, run_after=2026-02-17 15:00:00+00:00
[2026-02-16T22:54:04.810+0000] {processor.py:183} INFO - Processing /opt/airflow/dags/main.py took 0.840 seconds
[2026-02-16T22:54:21.737+0000] {processor.py:161} INFO - Started process (PID=757) to work on /opt/airflow/dags/main.py
[2026-02-16T22:54:21.747+0000] {processor.py:830} INFO - Processing file /opt/airflow/dags/main.py for tasks to queue
[2026-02-16T22:54:21.752+0000] {logging_mixin.py:188} INFO - [2026-02-16T22:54:21.751+0000] {dagbag.py:545} INFO - Filling up the DagBag from /opt/airflow/dags/main.py
[2026-02-16T22:54:21.917+0000] {logging_mixin.py:188} INFO - [2026-02-16T22:54:21.916+0000] {dagbag.py:355} ERROR - Failed to import: /opt/airflow/dags/main.py
Traceback (most recent call last):
  File "/home/airflow/.local/lib/python3.10/site-packages/airflow/models/dagbag.py", line 351, in parse
    loader.exec_module(new_module)
  File "<frozen importlib._bootstrap_external>", line 883, in exec_module
  File "<frozen importlib._bootstrap>", line 241, in _call_with_frames_removed
  File "/opt/airflow/dags/main.py", line 73, in <module>
    update_staging >> update_core
  File "/home/airflow/.local/lib/python3.10/site-packages/airflow/models/taskmixin.py", line 104, in __rshift__
    self.set_downstream(other)
  File "/home/airflow/.local/lib/python3.10/site-packages/airflow/models/xcom_arg.py", line 157, in set_downstream
    operator.set_downstream(task_or_task_list, edge_modifier)
  File "/home/airflow/.local/lib/python3.10/site-packages/airflow/models/taskmixin.py", line 262, in set_downstream
    self._set_relatives(task_or_task_list, upstream=False, edge_modifier=edge_modifier)
  File "/home/airflow/.local/lib/python3.10/site-packages/airflow/models/taskmixin.py", line 228, in _set_relatives
    raise AirflowException(f"Tried to set relationships between tasks in more than one DAG: {dags}")
airflow.exceptions.AirflowException: Tried to set relationships between tasks in more than one DAG: {<DAG: data_quality>, <DAG: update_db>}
[2026-02-16T22:54:21.918+0000] {processor.py:842} WARNING - No viable dags retrieved from /opt/airflow/dags/main.py
[2026-02-16T22:54:21.986+0000] {processor.py:183} INFO - Processing /opt/airflow/dags/main.py took 0.291 seconds
[2026-02-16T22:54:25.788+0000] {processor.py:161} INFO - Started process (PID=758) to work on /opt/airflow/dags/main.py
[2026-02-16T22:54:25.790+0000] {processor.py:830} INFO - Processing file /opt/airflow/dags/main.py for tasks to queue
[2026-02-16T22:54:25.792+0000] {logging_mixin.py:188} INFO - [2026-02-16T22:54:25.791+0000] {dagbag.py:545} INFO - Filling up the DagBag from /opt/airflow/dags/main.py
[2026-02-16T22:54:26.123+0000] {logging_mixin.py:188} INFO - [2026-02-16T22:54:26.121+0000] {dagbag.py:355} ERROR - Failed to import: /opt/airflow/dags/main.py
Traceback (most recent call last):
  File "/home/airflow/.local/lib/python3.10/site-packages/airflow/models/dagbag.py", line 351, in parse
    loader.exec_module(new_module)
  File "<frozen importlib._bootstrap_external>", line 883, in exec_module
  File "<frozen importlib._bootstrap>", line 241, in _call_with_frames_removed
  File "/opt/airflow/dags/main.py", line 73, in <module>
    update_staging >> update_core
  File "/home/airflow/.local/lib/python3.10/site-packages/airflow/models/taskmixin.py", line 104, in __rshift__
    self.set_downstream(other)
  File "/home/airflow/.local/lib/python3.10/site-packages/airflow/models/xcom_arg.py", line 157, in set_downstream
    operator.set_downstream(task_or_task_list, edge_modifier)
  File "/home/airflow/.local/lib/python3.10/site-packages/airflow/models/taskmixin.py", line 262, in set_downstream
    self._set_relatives(task_or_task_list, upstream=False, edge_modifier=edge_modifier)
  File "/home/airflow/.local/lib/python3.10/site-packages/airflow/models/taskmixin.py", line 228, in _set_relatives
    raise AirflowException(f"Tried to set relationships between tasks in more than one DAG: {dags}")
airflow.exceptions.AirflowException: Tried to set relationships between tasks in more than one DAG: {<DAG: update_db>, <DAG: data_quality>}
[2026-02-16T22:54:26.123+0000] {processor.py:842} WARNING - No viable dags retrieved from /opt/airflow/dags/main.py
[2026-02-16T22:54:26.193+0000] {processor.py:183} INFO - Processing /opt/airflow/dags/main.py took 0.418 seconds
[2026-02-16T22:54:39.505+0000] {processor.py:161} INFO - Started process (PID=759) to work on /opt/airflow/dags/main.py
[2026-02-16T22:54:39.508+0000] {processor.py:830} INFO - Processing file /opt/airflow/dags/main.py for tasks to queue
[2026-02-16T22:54:39.509+0000] {logging_mixin.py:188} INFO - [2026-02-16T22:54:39.509+0000] {dagbag.py:545} INFO - Filling up the DagBag from /opt/airflow/dags/main.py
[2026-02-16T22:54:39.577+0000] {logging_mixin.py:188} INFO - [2026-02-16T22:54:39.575+0000] {dagbag.py:355} ERROR - Failed to import: /opt/airflow/dags/main.py
Traceback (most recent call last):
  File "/home/airflow/.local/lib/python3.10/site-packages/airflow/models/dagbag.py", line 351, in parse
    loader.exec_module(new_module)
  File "<frozen importlib._bootstrap_external>", line 883, in exec_module
  File "<frozen importlib._bootstrap>", line 241, in _call_with_frames_removed
  File "/opt/airflow/dags/main.py", line 68, in <module>
    soda_validate_staging=yt_
NameError: name 'yt_' is not defined
[2026-02-16T22:54:39.578+0000] {processor.py:842} WARNING - No viable dags retrieved from /opt/airflow/dags/main.py
[2026-02-16T22:54:39.664+0000] {processor.py:183} INFO - Processing /opt/airflow/dags/main.py took 0.177 seconds
[2026-02-16T22:54:44.269+0000] {processor.py:161} INFO - Started process (PID=760) to work on /opt/airflow/dags/main.py
[2026-02-16T22:54:44.274+0000] {processor.py:830} INFO - Processing file /opt/airflow/dags/main.py for tasks to queue
[2026-02-16T22:54:44.291+0000] {logging_mixin.py:188} INFO - [2026-02-16T22:54:44.286+0000] {dagbag.py:545} INFO - Filling up the DagBag from /opt/airflow/dags/main.py
[2026-02-16T22:54:44.474+0000] {logging_mixin.py:188} INFO - [2026-02-16T22:54:44.466+0000] {dagbag.py:355} ERROR - Failed to import: /opt/airflow/dags/main.py
Traceback (most recent call last):
  File "/home/airflow/.local/lib/python3.10/site-packages/airflow/models/dagbag.py", line 351, in parse
    loader.exec_module(new_module)
  File "<frozen importlib._bootstrap_external>", line 883, in exec_module
  File "<frozen importlib._bootstrap>", line 241, in _call_with_frames_removed
  File "/opt/airflow/dags/main.py", line 68, in <module>
    soda_validate_staging=yt_elt_data_quality
NameError: name 'yt_elt_data_quality' is not defined
[2026-02-16T22:54:44.488+0000] {processor.py:842} WARNING - No viable dags retrieved from /opt/airflow/dags/main.py
[2026-02-16T22:54:44.547+0000] {processor.py:183} INFO - Processing /opt/airflow/dags/main.py took 0.292 seconds
[2026-02-16T22:54:47.428+0000] {processor.py:161} INFO - Started process (PID=761) to work on /opt/airflow/dags/main.py
[2026-02-16T22:54:47.438+0000] {processor.py:830} INFO - Processing file /opt/airflow/dags/main.py for tasks to queue
[2026-02-16T22:54:47.440+0000] {logging_mixin.py:188} INFO - [2026-02-16T22:54:47.439+0000] {dagbag.py:545} INFO - Filling up the DagBag from /opt/airflow/dags/main.py
[2026-02-16T22:54:47.533+0000] {logging_mixin.py:188} INFO - [2026-02-16T22:54:47.519+0000] {dagbag.py:355} ERROR - Failed to import: /opt/airflow/dags/main.py
Traceback (most recent call last):
  File "/home/airflow/.local/lib/python3.10/site-packages/airflow/models/dagbag.py", line 351, in parse
    loader.exec_module(new_module)
  File "<frozen importlib._bootstrap_external>", line 883, in exec_module
  File "<frozen importlib._bootstrap>", line 241, in _call_with_frames_removed
  File "/opt/airflow/dags/main.py", line 68, in <module>
    soda_validate_staging=yt_elt_data_quality(staging)
NameError: name 'yt_elt_data_quality' is not defined
[2026-02-16T22:54:47.552+0000] {processor.py:842} WARNING - No viable dags retrieved from /opt/airflow/dags/main.py
[2026-02-16T22:54:47.628+0000] {processor.py:183} INFO - Processing /opt/airflow/dags/main.py took 0.212 seconds
[2026-02-16T22:54:49.521+0000] {processor.py:161} INFO - Started process (PID=762) to work on /opt/airflow/dags/main.py
[2026-02-16T22:54:49.783+0000] {processor.py:830} INFO - Processing file /opt/airflow/dags/main.py for tasks to queue
[2026-02-16T22:54:49.799+0000] {logging_mixin.py:188} INFO - [2026-02-16T22:54:49.789+0000] {dagbag.py:545} INFO - Filling up the DagBag from /opt/airflow/dags/main.py
[2026-02-16T22:54:49.945+0000] {logging_mixin.py:188} INFO - [2026-02-16T22:54:49.937+0000] {dagbag.py:355} ERROR - Failed to import: /opt/airflow/dags/main.py
Traceback (most recent call last):
  File "/home/airflow/.local/lib/python3.10/site-packages/airflow/models/dagbag.py", line 351, in parse
    loader.exec_module(new_module)
  File "<frozen importlib._bootstrap_external>", line 883, in exec_module
  File "<frozen importlib._bootstrap>", line 241, in _call_with_frames_removed
  File "/opt/airflow/dags/main.py", line 68, in <module>
    soda_validate_staging=yt_elt_data_quality(staging_schema)
NameError: name 'yt_elt_data_quality' is not defined
[2026-02-16T22:54:49.954+0000] {processor.py:842} WARNING - No viable dags retrieved from /opt/airflow/dags/main.py
[2026-02-16T22:54:50.023+0000] {processor.py:183} INFO - Processing /opt/airflow/dags/main.py took 0.543 seconds
[2026-02-16T22:54:59.091+0000] {processor.py:161} INFO - Started process (PID=770) to work on /opt/airflow/dags/main.py
[2026-02-16T22:54:59.097+0000] {processor.py:830} INFO - Processing file /opt/airflow/dags/main.py for tasks to queue
[2026-02-16T22:54:59.099+0000] {logging_mixin.py:188} INFO - [2026-02-16T22:54:59.099+0000] {dagbag.py:545} INFO - Filling up the DagBag from /opt/airflow/dags/main.py
[2026-02-16T22:54:59.178+0000] {logging_mixin.py:188} INFO - [2026-02-16T22:54:59.168+0000] {dagbag.py:355} ERROR - Failed to import: /opt/airflow/dags/main.py
Traceback (most recent call last):
  File "/home/airflow/.local/lib/python3.10/site-packages/airflow/models/dagbag.py", line 351, in parse
    loader.exec_module(new_module)
  File "<frozen importlib._bootstrap_external>", line 883, in exec_module
  File "<frozen importlib._bootstrap>", line 241, in _call_with_frames_removed
  File "/opt/airflow/dags/main.py", line 68, in <module>
    soda_validate_staging=yt_elt_data_quality(staging_schema)
NameError: name 'yt_elt_data_quality' is not defined
[2026-02-16T22:54:59.197+0000] {processor.py:842} WARNING - No viable dags retrieved from /opt/airflow/dags/main.py
[2026-02-16T22:54:59.322+0000] {processor.py:183} INFO - Processing /opt/airflow/dags/main.py took 0.249 seconds
[2026-02-16T22:55:02.328+0000] {processor.py:161} INFO - Started process (PID=771) to work on /opt/airflow/dags/main.py
[2026-02-16T22:55:02.334+0000] {processor.py:830} INFO - Processing file /opt/airflow/dags/main.py for tasks to queue
[2026-02-16T22:55:02.340+0000] {logging_mixin.py:188} INFO - [2026-02-16T22:55:02.338+0000] {dagbag.py:545} INFO - Filling up the DagBag from /opt/airflow/dags/main.py
[2026-02-16T22:55:02.350+0000] {logging_mixin.py:188} INFO - [2026-02-16T22:55:02.349+0000] {dagbag.py:355} ERROR - Failed to import: /opt/airflow/dags/main.py
Traceback (most recent call last):
  File "/home/airflow/.local/lib/python3.10/site-packages/airflow/models/dagbag.py", line 351, in parse
    loader.exec_module(new_module)
  File "<frozen importlib._bootstrap_external>", line 879, in exec_module
  File "<frozen importlib._bootstrap_external>", line 1017, in get_code
  File "<frozen importlib._bootstrap_external>", line 947, in source_to_code
  File "<frozen importlib._bootstrap>", line 241, in _call_with_frames_removed
  File "/opt/airflow/dags/main.py", line 69
    soda_validate_core = 
                         ^
SyntaxError: invalid syntax
[2026-02-16T22:55:02.351+0000] {processor.py:842} WARNING - No viable dags retrieved from /opt/airflow/dags/main.py
[2026-02-16T22:55:02.416+0000] {processor.py:183} INFO - Processing /opt/airflow/dags/main.py took 0.111 seconds
[2026-02-16T22:55:04.454+0000] {processor.py:161} INFO - Started process (PID=772) to work on /opt/airflow/dags/main.py
[2026-02-16T22:55:04.457+0000] {processor.py:830} INFO - Processing file /opt/airflow/dags/main.py for tasks to queue
[2026-02-16T22:55:04.465+0000] {logging_mixin.py:188} INFO - [2026-02-16T22:55:04.457+0000] {dagbag.py:545} INFO - Filling up the DagBag from /opt/airflow/dags/main.py
[2026-02-16T22:55:04.479+0000] {logging_mixin.py:188} INFO - [2026-02-16T22:55:04.477+0000] {dagbag.py:355} ERROR - Failed to import: /opt/airflow/dags/main.py
Traceback (most recent call last):
  File "/home/airflow/.local/lib/python3.10/site-packages/airflow/models/dagbag.py", line 351, in parse
    loader.exec_module(new_module)
  File "<frozen importlib._bootstrap_external>", line 879, in exec_module
  File "<frozen importlib._bootstrap_external>", line 1017, in get_code
  File "<frozen importlib._bootstrap_external>", line 947, in source_to_code
  File "<frozen importlib._bootstrap>", line 241, in _call_with_frames_removed
  File "/opt/airflow/dags/main.py", line 69
    soda_validate_core = 
                         ^
SyntaxError: invalid syntax
[2026-02-16T22:55:04.482+0000] {processor.py:842} WARNING - No viable dags retrieved from /opt/airflow/dags/main.py
[2026-02-16T22:55:04.531+0000] {processor.py:183} INFO - Processing /opt/airflow/dags/main.py took 0.090 seconds
[2026-02-16T22:55:05.515+0000] {processor.py:161} INFO - Started process (PID=773) to work on /opt/airflow/dags/main.py
[2026-02-16T22:55:05.522+0000] {processor.py:830} INFO - Processing file /opt/airflow/dags/main.py for tasks to queue
[2026-02-16T22:55:05.527+0000] {logging_mixin.py:188} INFO - [2026-02-16T22:55:05.526+0000] {dagbag.py:545} INFO - Filling up the DagBag from /opt/airflow/dags/main.py
[2026-02-16T22:55:05.534+0000] {logging_mixin.py:188} INFO - [2026-02-16T22:55:05.532+0000] {dagbag.py:355} ERROR - Failed to import: /opt/airflow/dags/main.py
Traceback (most recent call last):
  File "/home/airflow/.local/lib/python3.10/site-packages/airflow/models/dagbag.py", line 351, in parse
    loader.exec_module(new_module)
  File "<frozen importlib._bootstrap_external>", line 879, in exec_module
  File "<frozen importlib._bootstrap_external>", line 1017, in get_code
  File "<frozen importlib._bootstrap_external>", line 947, in source_to_code
  File "<frozen importlib._bootstrap>", line 241, in _call_with_frames_removed
  File "/opt/airflow/dags/main.py", line 69
    soda_validate_core = 
                         ^
SyntaxError: invalid syntax
[2026-02-16T22:55:05.535+0000] {processor.py:842} WARNING - No viable dags retrieved from /opt/airflow/dags/main.py
[2026-02-16T22:55:05.602+0000] {processor.py:183} INFO - Processing /opt/airflow/dags/main.py took 0.097 seconds
[2026-02-16T22:55:13.822+0000] {processor.py:161} INFO - Started process (PID=774) to work on /opt/airflow/dags/main.py
[2026-02-16T22:55:13.826+0000] {processor.py:830} INFO - Processing file /opt/airflow/dags/main.py for tasks to queue
[2026-02-16T22:55:13.830+0000] {logging_mixin.py:188} INFO - [2026-02-16T22:55:13.829+0000] {dagbag.py:545} INFO - Filling up the DagBag from /opt/airflow/dags/main.py
[2026-02-16T22:55:13.944+0000] {logging_mixin.py:188} INFO - [2026-02-16T22:55:13.927+0000] {dagbag.py:355} ERROR - Failed to import: /opt/airflow/dags/main.py
Traceback (most recent call last):
  File "/home/airflow/.local/lib/python3.10/site-packages/airflow/models/dagbag.py", line 351, in parse
    loader.exec_module(new_module)
  File "<frozen importlib._bootstrap_external>", line 883, in exec_module
  File "<frozen importlib._bootstrap>", line 241, in _call_with_frames_removed
  File "/opt/airflow/dags/main.py", line 68, in <module>
    soda_validate_staging = yt_elt_data_quality(staging_schema)
NameError: name 'yt_elt_data_quality' is not defined
[2026-02-16T22:55:13.953+0000] {processor.py:842} WARNING - No viable dags retrieved from /opt/airflow/dags/main.py
[2026-02-16T22:55:14.003+0000] {processor.py:183} INFO - Processing /opt/airflow/dags/main.py took 0.196 seconds
[2026-02-16T22:55:24.598+0000] {processor.py:161} INFO - Started process (PID=781) to work on /opt/airflow/dags/main.py
[2026-02-16T22:55:24.610+0000] {processor.py:830} INFO - Processing file /opt/airflow/dags/main.py for tasks to queue
[2026-02-16T22:55:24.613+0000] {logging_mixin.py:188} INFO - [2026-02-16T22:55:24.612+0000] {dagbag.py:545} INFO - Filling up the DagBag from /opt/airflow/dags/main.py
[2026-02-16T22:55:25.053+0000] {logging_mixin.py:188} INFO - [2026-02-16T22:55:25.044+0000] {dagbag.py:355} ERROR - Failed to import: /opt/airflow/dags/main.py
Traceback (most recent call last):
  File "/home/airflow/.local/lib/python3.10/site-packages/airflow/models/dagbag.py", line 351, in parse
    loader.exec_module(new_module)
  File "<frozen importlib._bootstrap_external>", line 883, in exec_module
  File "<frozen importlib._bootstrap>", line 241, in _call_with_frames_removed
  File "/opt/airflow/dags/main.py", line 68, in <module>
    soda_validate_staging = yt_elt_data_quality(staging_schema)
NameError: name 'yt_elt_data_quality' is not defined
[2026-02-16T22:55:25.074+0000] {processor.py:842} WARNING - No viable dags retrieved from /opt/airflow/dags/main.py
[2026-02-16T22:55:25.123+0000] {processor.py:183} INFO - Processing /opt/airflow/dags/main.py took 0.535 seconds
[2026-02-16T22:55:54.595+0000] {processor.py:161} INFO - Started process (PID=787) to work on /opt/airflow/dags/main.py
[2026-02-16T22:55:54.600+0000] {processor.py:830} INFO - Processing file /opt/airflow/dags/main.py for tasks to queue
[2026-02-16T22:55:54.603+0000] {logging_mixin.py:188} INFO - [2026-02-16T22:55:54.602+0000] {dagbag.py:545} INFO - Filling up the DagBag from /opt/airflow/dags/main.py
[2026-02-16T22:55:54.726+0000] {logging_mixin.py:188} INFO - [2026-02-16T22:55:54.712+0000] {dagbag.py:355} ERROR - Failed to import: /opt/airflow/dags/main.py
Traceback (most recent call last):
  File "/home/airflow/.local/lib/python3.10/site-packages/airflow/models/dagbag.py", line 351, in parse
    loader.exec_module(new_module)
  File "<frozen importlib._bootstrap_external>", line 883, in exec_module
  File "<frozen importlib._bootstrap>", line 241, in _call_with_frames_removed
  File "/opt/airflow/dags/main.py", line 68, in <module>
    soda_validate_staging = yt_elt_data_quality(staging_schema)
NameError: name 'yt_elt_data_quality' is not defined
[2026-02-16T22:55:54.754+0000] {processor.py:842} WARNING - No viable dags retrieved from /opt/airflow/dags/main.py
[2026-02-16T22:55:54.811+0000] {processor.py:183} INFO - Processing /opt/airflow/dags/main.py took 0.232 seconds
[2026-02-16T22:55:56.742+0000] {processor.py:161} INFO - Started process (PID=788) to work on /opt/airflow/dags/main.py
[2026-02-16T22:55:56.746+0000] {processor.py:830} INFO - Processing file /opt/airflow/dags/main.py for tasks to queue
[2026-02-16T22:55:56.749+0000] {logging_mixin.py:188} INFO - [2026-02-16T22:55:56.748+0000] {dagbag.py:545} INFO - Filling up the DagBag from /opt/airflow/dags/main.py
[2026-02-16T22:55:56.874+0000] {logging_mixin.py:188} INFO - [2026-02-16T22:55:56.845+0000] {dagbag.py:355} ERROR - Failed to import: /opt/airflow/dags/main.py
Traceback (most recent call last):
  File "/home/airflow/.local/lib/python3.10/site-packages/airflow/models/dagbag.py", line 351, in parse
    loader.exec_module(new_module)
  File "<frozen importlib._bootstrap_external>", line 883, in exec_module
  File "<frozen importlib._bootstrap>", line 241, in _call_with_frames_removed
  File "/opt/airflow/dags/main.py", line 68, in <module>
    soda_validate_staging = yt_elt_data_quality(staging_schema)
NameError: name 'yt_elt_data_quality' is not defined
[2026-02-16T22:55:56.896+0000] {processor.py:842} WARNING - No viable dags retrieved from /opt/airflow/dags/main.py
[2026-02-16T22:55:56.962+0000] {processor.py:183} INFO - Processing /opt/airflow/dags/main.py took 0.233 seconds
[2026-02-16T22:56:09.375+0000] {processor.py:161} INFO - Started process (PID=789) to work on /opt/airflow/dags/main.py
[2026-02-16T22:56:09.387+0000] {processor.py:830} INFO - Processing file /opt/airflow/dags/main.py for tasks to queue
[2026-02-16T22:56:09.390+0000] {logging_mixin.py:188} INFO - [2026-02-16T22:56:09.389+0000] {dagbag.py:545} INFO - Filling up the DagBag from /opt/airflow/dags/main.py
[2026-02-16T22:56:09.476+0000] {logging_mixin.py:188} INFO - [2026-02-16T22:56:09.469+0000] {dagbag.py:355} ERROR - Failed to import: /opt/airflow/dags/main.py
Traceback (most recent call last):
  File "/home/airflow/.local/lib/python3.10/site-packages/airflow/models/dagbag.py", line 351, in parse
    loader.exec_module(new_module)
  File "<frozen importlib._bootstrap_external>", line 883, in exec_module
  File "<frozen importlib._bootstrap>", line 241, in _call_with_frames_removed
  File "/opt/airflow/dags/main.py", line 69, in <module>
    soda_validate_staging = yt_elt_data_quality(staging_schema)
NameError: name 'yt_elt_data_quality' is not defined
[2026-02-16T22:56:09.484+0000] {processor.py:842} WARNING - No viable dags retrieved from /opt/airflow/dags/main.py
[2026-02-16T22:56:09.574+0000] {processor.py:183} INFO - Processing /opt/airflow/dags/main.py took 0.218 seconds
[2026-02-16T22:56:15.504+0000] {processor.py:161} INFO - Started process (PID=790) to work on /opt/airflow/dags/main.py
[2026-02-16T22:56:15.507+0000] {processor.py:830} INFO - Processing file /opt/airflow/dags/main.py for tasks to queue
[2026-02-16T22:56:15.510+0000] {logging_mixin.py:188} INFO - [2026-02-16T22:56:15.509+0000] {dagbag.py:545} INFO - Filling up the DagBag from /opt/airflow/dags/main.py
[2026-02-16T22:56:15.589+0000] {logging_mixin.py:188} INFO - [2026-02-16T22:56:15.588+0000] {dagbag.py:355} ERROR - Failed to import: /opt/airflow/dags/main.py
Traceback (most recent call last):
  File "/home/airflow/.local/lib/python3.10/site-packages/airflow/models/dagbag.py", line 351, in parse
    loader.exec_module(new_module)
  File "<frozen importlib._bootstrap_external>", line 883, in exec_module
  File "<frozen importlib._bootstrap>", line 241, in _call_with_frames_removed
  File "/opt/airflow/dags/main.py", line 6, in <module>
    from data_quality.dwh import staging_table, core_table
ModuleNotFoundError: No module named 'data_quality'
[2026-02-16T22:56:15.595+0000] {processor.py:842} WARNING - No viable dags retrieved from /opt/airflow/dags/main.py
[2026-02-16T22:56:15.646+0000] {processor.py:183} INFO - Processing /opt/airflow/dags/main.py took 0.153 seconds
[2026-02-16T22:56:18.724+0000] {processor.py:161} INFO - Started process (PID=791) to work on /opt/airflow/dags/main.py
[2026-02-16T22:56:18.729+0000] {processor.py:830} INFO - Processing file /opt/airflow/dags/main.py for tasks to queue
[2026-02-16T22:56:18.732+0000] {logging_mixin.py:188} INFO - [2026-02-16T22:56:18.731+0000] {dagbag.py:545} INFO - Filling up the DagBag from /opt/airflow/dags/main.py
[2026-02-16T22:56:18.806+0000] {logging_mixin.py:188} INFO - [2026-02-16T22:56:18.804+0000] {dagbag.py:355} ERROR - Failed to import: /opt/airflow/dags/main.py
Traceback (most recent call last):
  File "/home/airflow/.local/lib/python3.10/site-packages/airflow/models/dagbag.py", line 351, in parse
    loader.exec_module(new_module)
  File "<frozen importlib._bootstrap_external>", line 883, in exec_module
  File "<frozen importlib._bootstrap>", line 241, in _call_with_frames_removed
  File "/opt/airflow/dags/main.py", line 6, in <module>
    from dataquality.dwh import staging_table, core_table
ModuleNotFoundError: No module named 'dataquality.dwh'
[2026-02-16T22:56:18.807+0000] {processor.py:842} WARNING - No viable dags retrieved from /opt/airflow/dags/main.py
[2026-02-16T22:56:18.859+0000] {processor.py:183} INFO - Processing /opt/airflow/dags/main.py took 0.148 seconds
[2026-02-16T22:56:31.193+0000] {processor.py:161} INFO - Started process (PID=798) to work on /opt/airflow/dags/main.py
[2026-02-16T22:56:31.197+0000] {processor.py:830} INFO - Processing file /opt/airflow/dags/main.py for tasks to queue
[2026-02-16T22:56:31.199+0000] {logging_mixin.py:188} INFO - [2026-02-16T22:56:31.198+0000] {dagbag.py:545} INFO - Filling up the DagBag from /opt/airflow/dags/main.py
[2026-02-16T22:56:31.271+0000] {logging_mixin.py:188} INFO - [2026-02-16T22:56:31.269+0000] {dagbag.py:355} ERROR - Failed to import: /opt/airflow/dags/main.py
Traceback (most recent call last):
  File "/home/airflow/.local/lib/python3.10/site-packages/airflow/models/dagbag.py", line 351, in parse
    loader.exec_module(new_module)
  File "<frozen importlib._bootstrap_external>", line 883, in exec_module
  File "<frozen importlib._bootstrap>", line 241, in _call_with_frames_removed
  File "/opt/airflow/dags/main.py", line 6, in <module>
    from dataquality.soda import staging_table, core_table
ImportError: cannot import name 'staging_table' from 'dataquality.soda' (/opt/airflow/dags/dataquality/soda.py)
[2026-02-16T22:56:31.272+0000] {processor.py:842} WARNING - No viable dags retrieved from /opt/airflow/dags/main.py
[2026-02-16T22:56:31.384+0000] {processor.py:183} INFO - Processing /opt/airflow/dags/main.py took 0.205 seconds
[2026-02-16T22:56:41.474+0000] {processor.py:161} INFO - Started process (PID=799) to work on /opt/airflow/dags/main.py
[2026-02-16T22:56:41.478+0000] {processor.py:830} INFO - Processing file /opt/airflow/dags/main.py for tasks to queue
[2026-02-16T22:56:41.482+0000] {logging_mixin.py:188} INFO - [2026-02-16T22:56:41.481+0000] {dagbag.py:545} INFO - Filling up the DagBag from /opt/airflow/dags/main.py
[2026-02-16T22:56:41.584+0000] {logging_mixin.py:188} INFO - [2026-02-16T22:56:41.575+0000] {dagbag.py:355} ERROR - Failed to import: /opt/airflow/dags/main.py
Traceback (most recent call last):
  File "/home/airflow/.local/lib/python3.10/site-packages/airflow/models/dagbag.py", line 351, in parse
    loader.exec_module(new_module)
  File "<frozen importlib._bootstrap_external>", line 883, in exec_module
  File "<frozen importlib._bootstrap>", line 241, in _call_with_frames_removed
  File "/opt/airflow/dags/main.py", line 69, in <module>
    soda_validate_staging = yt_elt_data_quality(staging_schema)
NameError: name 'staging_schema' is not defined
[2026-02-16T22:56:41.604+0000] {processor.py:842} WARNING - No viable dags retrieved from /opt/airflow/dags/main.py
[2026-02-16T22:56:41.660+0000] {processor.py:183} INFO - Processing /opt/airflow/dags/main.py took 0.201 seconds
[2026-02-16T22:56:48.828+0000] {processor.py:161} INFO - Started process (PID=800) to work on /opt/airflow/dags/main.py
[2026-02-16T22:56:48.831+0000] {processor.py:830} INFO - Processing file /opt/airflow/dags/main.py for tasks to queue
[2026-02-16T22:56:48.836+0000] {logging_mixin.py:188} INFO - [2026-02-16T22:56:48.835+0000] {dagbag.py:545} INFO - Filling up the DagBag from /opt/airflow/dags/main.py
[2026-02-16T22:56:48.927+0000] {logging_mixin.py:188} INFO - [2026-02-16T22:56:48.915+0000] {dagbag.py:355} ERROR - Failed to import: /opt/airflow/dags/main.py
Traceback (most recent call last):
  File "/home/airflow/.local/lib/python3.10/site-packages/airflow/models/dagbag.py", line 351, in parse
    loader.exec_module(new_module)
  File "<frozen importlib._bootstrap_external>", line 883, in exec_module
  File "<frozen importlib._bootstrap>", line 241, in _call_with_frames_removed
  File "/opt/airflow/dags/main.py", line 69, in <module>
    soda_validate_staging = yt_elt_data_quality(staging_schema)
NameError: name 'staging_schema' is not defined
[2026-02-16T22:56:48.947+0000] {processor.py:842} WARNING - No viable dags retrieved from /opt/airflow/dags/main.py
[2026-02-16T22:56:48.997+0000] {processor.py:183} INFO - Processing /opt/airflow/dags/main.py took 0.198 seconds
[2026-02-16T22:56:53.925+0000] {processor.py:161} INFO - Started process (PID=807) to work on /opt/airflow/dags/main.py
[2026-02-16T22:56:53.927+0000] {processor.py:830} INFO - Processing file /opt/airflow/dags/main.py for tasks to queue
[2026-02-16T22:56:53.928+0000] {logging_mixin.py:188} INFO - [2026-02-16T22:56:53.927+0000] {dagbag.py:545} INFO - Filling up the DagBag from /opt/airflow/dags/main.py
[2026-02-16T22:56:54.018+0000] {logging_mixin.py:188} INFO - [2026-02-16T22:56:54.005+0000] {dagbag.py:355} ERROR - Failed to import: /opt/airflow/dags/main.py
Traceback (most recent call last):
  File "/home/airflow/.local/lib/python3.10/site-packages/airflow/models/dagbag.py", line 351, in parse
    loader.exec_module(new_module)
  File "<frozen importlib._bootstrap_external>", line 883, in exec_module
  File "<frozen importlib._bootstrap>", line 241, in _call_with_frames_removed
  File "/opt/airflow/dags/main.py", line 70, in <module>
    soda_validate_staging = yt_elt_data_quality(staging_schema)
NameError: name 'staging_schema' is not defined
[2026-02-16T22:56:54.044+0000] {processor.py:842} WARNING - No viable dags retrieved from /opt/airflow/dags/main.py
[2026-02-16T22:56:54.108+0000] {processor.py:183} INFO - Processing /opt/airflow/dags/main.py took 0.219 seconds
[2026-02-16T22:56:55.106+0000] {processor.py:161} INFO - Started process (PID=808) to work on /opt/airflow/dags/main.py
[2026-02-16T22:56:55.110+0000] {processor.py:830} INFO - Processing file /opt/airflow/dags/main.py for tasks to queue
[2026-02-16T22:56:55.113+0000] {logging_mixin.py:188} INFO - [2026-02-16T22:56:55.112+0000] {dagbag.py:545} INFO - Filling up the DagBag from /opt/airflow/dags/main.py
[2026-02-16T22:56:55.200+0000] {logging_mixin.py:188} INFO - [2026-02-16T22:56:55.191+0000] {dagbag.py:355} ERROR - Failed to import: /opt/airflow/dags/main.py
Traceback (most recent call last):
  File "/home/airflow/.local/lib/python3.10/site-packages/airflow/models/dagbag.py", line 351, in parse
    loader.exec_module(new_module)
  File "<frozen importlib._bootstrap_external>", line 883, in exec_module
  File "<frozen importlib._bootstrap>", line 241, in _call_with_frames_removed
  File "/opt/airflow/dags/main.py", line 70, in <module>
    soda_validate_staging = yt_elt_data_quality(staging_schema)
NameError: name 'staging_schema' is not defined
[2026-02-16T22:56:55.209+0000] {processor.py:842} WARNING - No viable dags retrieved from /opt/airflow/dags/main.py
[2026-02-16T22:56:55.240+0000] {processor.py:183} INFO - Processing /opt/airflow/dags/main.py took 0.146 seconds
[2026-02-16T22:56:58.197+0000] {processor.py:161} INFO - Started process (PID=809) to work on /opt/airflow/dags/main.py
[2026-02-16T22:56:58.199+0000] {processor.py:830} INFO - Processing file /opt/airflow/dags/main.py for tasks to queue
[2026-02-16T22:56:58.201+0000] {logging_mixin.py:188} INFO - [2026-02-16T22:56:58.200+0000] {dagbag.py:545} INFO - Filling up the DagBag from /opt/airflow/dags/main.py
[2026-02-16T22:56:58.292+0000] {logging_mixin.py:188} INFO - [2026-02-16T22:56:58.282+0000] {dagbag.py:355} ERROR - Failed to import: /opt/airflow/dags/main.py
Traceback (most recent call last):
  File "/home/airflow/.local/lib/python3.10/site-packages/airflow/models/dagbag.py", line 351, in parse
    loader.exec_module(new_module)
  File "<frozen importlib._bootstrap_external>", line 883, in exec_module
  File "<frozen importlib._bootstrap>", line 241, in _call_with_frames_removed
  File "/opt/airflow/dags/main.py", line 69, in <module>
    soda_validate_staging = yt_elt_data_quality(staging_schema)
NameError: name 'staging_schema' is not defined
[2026-02-16T22:56:58.304+0000] {processor.py:842} WARNING - No viable dags retrieved from /opt/airflow/dags/main.py
[2026-02-16T22:56:58.409+0000] {processor.py:183} INFO - Processing /opt/airflow/dags/main.py took 0.224 seconds
[2026-02-16T22:57:29.212+0000] {processor.py:161} INFO - Started process (PID=816) to work on /opt/airflow/dags/main.py
[2026-02-16T22:57:29.217+0000] {processor.py:830} INFO - Processing file /opt/airflow/dags/main.py for tasks to queue
[2026-02-16T22:57:29.221+0000] {logging_mixin.py:188} INFO - [2026-02-16T22:57:29.219+0000] {dagbag.py:545} INFO - Filling up the DagBag from /opt/airflow/dags/main.py
[2026-02-16T22:57:29.406+0000] {logging_mixin.py:188} INFO - [2026-02-16T22:57:29.363+0000] {dagbag.py:355} ERROR - Failed to import: /opt/airflow/dags/main.py
Traceback (most recent call last):
  File "/home/airflow/.local/lib/python3.10/site-packages/airflow/models/dagbag.py", line 351, in parse
    loader.exec_module(new_module)
  File "<frozen importlib._bootstrap_external>", line 883, in exec_module
  File "<frozen importlib._bootstrap>", line 241, in _call_with_frames_removed
  File "/opt/airflow/dags/main.py", line 69, in <module>
    soda_validate_staging = yt_elt_data_quality(staging_schema)
NameError: name 'staging_schema' is not defined
[2026-02-16T22:57:29.452+0000] {processor.py:842} WARNING - No viable dags retrieved from /opt/airflow/dags/main.py
[2026-02-16T22:57:29.638+0000] {processor.py:183} INFO - Processing /opt/airflow/dags/main.py took 0.453 seconds
[2026-02-16T22:57:30.263+0000] {processor.py:161} INFO - Started process (PID=817) to work on /opt/airflow/dags/main.py
[2026-02-16T22:57:30.273+0000] {processor.py:830} INFO - Processing file /opt/airflow/dags/main.py for tasks to queue
[2026-02-16T22:57:30.279+0000] {logging_mixin.py:188} INFO - [2026-02-16T22:57:30.279+0000] {dagbag.py:545} INFO - Filling up the DagBag from /opt/airflow/dags/main.py
[2026-02-16T22:57:30.414+0000] {logging_mixin.py:188} INFO - [2026-02-16T22:57:30.403+0000] {dagbag.py:355} ERROR - Failed to import: /opt/airflow/dags/main.py
Traceback (most recent call last):
  File "/home/airflow/.local/lib/python3.10/site-packages/airflow/models/dagbag.py", line 351, in parse
    loader.exec_module(new_module)
  File "<frozen importlib._bootstrap_external>", line 883, in exec_module
  File "<frozen importlib._bootstrap>", line 241, in _call_with_frames_removed
  File "/opt/airflow/dags/main.py", line 72, in <module>
    soda_validate_core = yt_elt_data_quality(core_schema)
NameError: name 'core_schema' is not defined
[2026-02-16T22:57:30.423+0000] {processor.py:842} WARNING - No viable dags retrieved from /opt/airflow/dags/main.py
[2026-02-16T22:57:30.472+0000] {processor.py:183} INFO - Processing /opt/airflow/dags/main.py took 0.231 seconds
[2026-02-16T22:57:36.528+0000] {processor.py:161} INFO - Started process (PID=818) to work on /opt/airflow/dags/main.py
[2026-02-16T22:57:36.532+0000] {processor.py:830} INFO - Processing file /opt/airflow/dags/main.py for tasks to queue
[2026-02-16T22:57:36.535+0000] {logging_mixin.py:188} INFO - [2026-02-16T22:57:36.534+0000] {dagbag.py:545} INFO - Filling up the DagBag from /opt/airflow/dags/main.py
[2026-02-16T22:57:36.638+0000] {processor.py:840} INFO - DAG(s) 'update_db', 'produce_json', 'data_quality' retrieved from /opt/airflow/dags/main.py
[2026-02-16T22:57:37.207+0000] {logging_mixin.py:188} INFO - [2026-02-16T22:57:37.206+0000] {dag.py:3096} INFO - Sync 3 DAGs
[2026-02-16T22:57:37.266+0000] {logging_mixin.py:188} INFO - [2026-02-16T22:57:37.266+0000] {dag.py:3954} INFO - Setting next_dagrun for data_quality to 2026-02-15 16:00:00+00:00, run_after=2026-02-16 16:00:00+00:00
[2026-02-16T22:57:37.282+0000] {logging_mixin.py:188} INFO - [2026-02-16T22:57:37.282+0000] {dag.py:3954} INFO - Setting next_dagrun for produce_json to 2026-02-16 14:00:00+00:00, run_after=2026-02-17 14:00:00+00:00
[2026-02-16T22:57:37.290+0000] {logging_mixin.py:188} INFO - [2026-02-16T22:57:37.289+0000] {dag.py:3954} INFO - Setting next_dagrun for update_db to 2026-02-16 15:00:00+00:00, run_after=2026-02-17 15:00:00+00:00
[2026-02-16T22:57:37.374+0000] {processor.py:183} INFO - Processing /opt/airflow/dags/main.py took 0.888 seconds
[2026-02-16T22:57:49.734+0000] {processor.py:161} INFO - Started process (PID=819) to work on /opt/airflow/dags/main.py
[2026-02-16T22:57:49.740+0000] {processor.py:830} INFO - Processing file /opt/airflow/dags/main.py for tasks to queue
[2026-02-16T22:57:49.746+0000] {logging_mixin.py:188} INFO - [2026-02-16T22:57:49.744+0000] {dagbag.py:545} INFO - Filling up the DagBag from /opt/airflow/dags/main.py
[2026-02-16T22:57:49.914+0000] {processor.py:840} INFO - DAG(s) 'update_db', 'data_quality', 'produce_json' retrieved from /opt/airflow/dags/main.py
[2026-02-16T22:57:49.979+0000] {logging_mixin.py:188} INFO - [2026-02-16T22:57:49.979+0000] {dag.py:3096} INFO - Sync 3 DAGs
[2026-02-16T22:57:50.549+0000] {logging_mixin.py:188} INFO - [2026-02-16T22:57:50.549+0000] {dag.py:3954} INFO - Setting next_dagrun for data_quality to 2026-02-15 16:00:00+00:00, run_after=2026-02-16 16:00:00+00:00
[2026-02-16T22:57:50.568+0000] {logging_mixin.py:188} INFO - [2026-02-16T22:57:50.568+0000] {dag.py:3954} INFO - Setting next_dagrun for produce_json to 2026-02-16 14:00:00+00:00, run_after=2026-02-17 14:00:00+00:00
[2026-02-16T22:57:50.576+0000] {logging_mixin.py:188} INFO - [2026-02-16T22:57:50.576+0000] {dag.py:3954} INFO - Setting next_dagrun for update_db to 2026-02-16 15:00:00+00:00, run_after=2026-02-17 15:00:00+00:00
[2026-02-16T22:57:50.626+0000] {processor.py:183} INFO - Processing /opt/airflow/dags/main.py took 0.923 seconds
[2026-02-16T22:58:17.905+0000] {processor.py:161} INFO - Started process (PID=825) to work on /opt/airflow/dags/main.py
[2026-02-16T22:58:17.908+0000] {processor.py:830} INFO - Processing file /opt/airflow/dags/main.py for tasks to queue
[2026-02-16T22:58:17.911+0000] {logging_mixin.py:188} INFO - [2026-02-16T22:58:17.910+0000] {dagbag.py:545} INFO - Filling up the DagBag from /opt/airflow/dags/main.py
[2026-02-16T22:58:18.040+0000] {processor.py:840} INFO - DAG(s) 'produce_json', 'data_quality', 'update_db' retrieved from /opt/airflow/dags/main.py
[2026-02-16T22:58:18.205+0000] {logging_mixin.py:188} INFO - [2026-02-16T22:58:18.204+0000] {dag.py:3096} INFO - Sync 3 DAGs
[2026-02-16T22:58:18.383+0000] {logging_mixin.py:188} INFO - [2026-02-16T22:58:18.383+0000] {dag.py:3954} INFO - Setting next_dagrun for data_quality to 2026-02-15 16:00:00+00:00, run_after=2026-02-16 16:00:00+00:00
[2026-02-16T22:58:18.426+0000] {logging_mixin.py:188} INFO - [2026-02-16T22:58:18.425+0000] {dag.py:3954} INFO - Setting next_dagrun for produce_json to 2026-02-16 14:00:00+00:00, run_after=2026-02-17 14:00:00+00:00
[2026-02-16T22:58:18.439+0000] {logging_mixin.py:188} INFO - [2026-02-16T22:58:18.438+0000] {dag.py:3954} INFO - Setting next_dagrun for update_db to 2026-02-16 15:00:00+00:00, run_after=2026-02-17 15:00:00+00:00
[2026-02-16T22:58:18.594+0000] {processor.py:183} INFO - Processing /opt/airflow/dags/main.py took 0.796 seconds
[2026-02-16T22:58:48.906+0000] {processor.py:161} INFO - Started process (PID=832) to work on /opt/airflow/dags/main.py
[2026-02-16T22:58:48.920+0000] {processor.py:830} INFO - Processing file /opt/airflow/dags/main.py for tasks to queue
[2026-02-16T22:58:48.927+0000] {logging_mixin.py:188} INFO - [2026-02-16T22:58:48.925+0000] {dagbag.py:545} INFO - Filling up the DagBag from /opt/airflow/dags/main.py
[2026-02-16T22:58:49.057+0000] {processor.py:840} INFO - DAG(s) 'produce_json', 'data_quality', 'update_db' retrieved from /opt/airflow/dags/main.py
[2026-02-16T22:58:49.135+0000] {logging_mixin.py:188} INFO - [2026-02-16T22:58:49.135+0000] {dag.py:3096} INFO - Sync 3 DAGs
[2026-02-16T22:58:49.178+0000] {logging_mixin.py:188} INFO - [2026-02-16T22:58:49.178+0000] {dag.py:3954} INFO - Setting next_dagrun for data_quality to 2026-02-15 16:00:00+00:00, run_after=2026-02-16 16:00:00+00:00
[2026-02-16T22:58:49.196+0000] {logging_mixin.py:188} INFO - [2026-02-16T22:58:49.195+0000] {dag.py:3954} INFO - Setting next_dagrun for produce_json to 2026-02-16 14:00:00+00:00, run_after=2026-02-17 14:00:00+00:00
[2026-02-16T22:58:49.209+0000] {logging_mixin.py:188} INFO - [2026-02-16T22:58:49.209+0000] {dag.py:3954} INFO - Setting next_dagrun for update_db to 2026-02-16 15:00:00+00:00, run_after=2026-02-17 15:00:00+00:00
[2026-02-16T22:58:49.286+0000] {processor.py:183} INFO - Processing /opt/airflow/dags/main.py took 0.405 seconds
[2026-02-16T22:59:19.819+0000] {processor.py:161} INFO - Started process (PID=839) to work on /opt/airflow/dags/main.py
[2026-02-16T22:59:19.925+0000] {processor.py:830} INFO - Processing file /opt/airflow/dags/main.py for tasks to queue
[2026-02-16T22:59:19.972+0000] {logging_mixin.py:188} INFO - [2026-02-16T22:59:19.958+0000] {dagbag.py:545} INFO - Filling up the DagBag from /opt/airflow/dags/main.py
[2026-02-16T22:59:20.179+0000] {processor.py:840} INFO - DAG(s) 'produce_json', 'data_quality', 'update_db' retrieved from /opt/airflow/dags/main.py
[2026-02-16T22:59:20.637+0000] {logging_mixin.py:188} INFO - [2026-02-16T22:59:20.636+0000] {dag.py:3096} INFO - Sync 3 DAGs
[2026-02-16T22:59:21.147+0000] {logging_mixin.py:188} INFO - [2026-02-16T22:59:21.145+0000] {dag.py:3954} INFO - Setting next_dagrun for data_quality to 2026-02-16 16:00:00+00:00, run_after=2026-02-17 16:00:00+00:00
[2026-02-16T22:59:21.229+0000] {logging_mixin.py:188} INFO - [2026-02-16T22:59:21.228+0000] {dag.py:3954} INFO - Setting next_dagrun for produce_json to 2026-02-16 14:00:00+00:00, run_after=2026-02-17 14:00:00+00:00
[2026-02-16T22:59:21.410+0000] {logging_mixin.py:188} INFO - [2026-02-16T22:59:21.410+0000] {dag.py:3954} INFO - Setting next_dagrun for update_db to 2026-02-16 15:00:00+00:00, run_after=2026-02-17 15:00:00+00:00
[2026-02-16T22:59:21.913+0000] {processor.py:183} INFO - Processing /opt/airflow/dags/main.py took 2.146 seconds
[2026-02-16T22:59:52.421+0000] {processor.py:161} INFO - Started process (PID=846) to work on /opt/airflow/dags/main.py
[2026-02-16T22:59:52.428+0000] {processor.py:830} INFO - Processing file /opt/airflow/dags/main.py for tasks to queue
[2026-02-16T22:59:52.431+0000] {logging_mixin.py:188} INFO - [2026-02-16T22:59:52.430+0000] {dagbag.py:545} INFO - Filling up the DagBag from /opt/airflow/dags/main.py
[2026-02-16T22:59:52.516+0000] {processor.py:840} INFO - DAG(s) 'update_db', 'data_quality', 'produce_json' retrieved from /opt/airflow/dags/main.py
[2026-02-16T22:59:52.610+0000] {logging_mixin.py:188} INFO - [2026-02-16T22:59:52.610+0000] {dag.py:3096} INFO - Sync 3 DAGs
[2026-02-16T22:59:52.673+0000] {logging_mixin.py:188} INFO - [2026-02-16T22:59:52.673+0000] {dag.py:3954} INFO - Setting next_dagrun for data_quality to 2026-02-16 16:00:00+00:00, run_after=2026-02-17 16:00:00+00:00
[2026-02-16T22:59:52.687+0000] {logging_mixin.py:188} INFO - [2026-02-16T22:59:52.686+0000] {dag.py:3954} INFO - Setting next_dagrun for produce_json to 2026-02-16 14:00:00+00:00, run_after=2026-02-17 14:00:00+00:00
[2026-02-16T22:59:52.695+0000] {logging_mixin.py:188} INFO - [2026-02-16T22:59:52.694+0000] {dag.py:3954} INFO - Setting next_dagrun for update_db to 2026-02-16 15:00:00+00:00, run_after=2026-02-17 15:00:00+00:00
[2026-02-16T22:59:52.723+0000] {processor.py:183} INFO - Processing /opt/airflow/dags/main.py took 0.318 seconds
[2026-02-16T23:00:23.739+0000] {processor.py:161} INFO - Started process (PID=853) to work on /opt/airflow/dags/main.py
[2026-02-16T23:00:23.744+0000] {processor.py:830} INFO - Processing file /opt/airflow/dags/main.py for tasks to queue
[2026-02-16T23:00:23.747+0000] {logging_mixin.py:188} INFO - [2026-02-16T23:00:23.747+0000] {dagbag.py:545} INFO - Filling up the DagBag from /opt/airflow/dags/main.py
[2026-02-16T23:00:23.846+0000] {processor.py:840} INFO - DAG(s) 'produce_json', 'update_db', 'data_quality' retrieved from /opt/airflow/dags/main.py
[2026-02-16T23:00:24.061+0000] {logging_mixin.py:188} INFO - [2026-02-16T23:00:24.058+0000] {dag.py:3096} INFO - Sync 3 DAGs
[2026-02-16T23:00:24.167+0000] {logging_mixin.py:188} INFO - [2026-02-16T23:00:24.167+0000] {dag.py:3954} INFO - Setting next_dagrun for data_quality to 2026-02-16 16:00:00+00:00, run_after=2026-02-17 16:00:00+00:00
[2026-02-16T23:00:24.175+0000] {logging_mixin.py:188} INFO - [2026-02-16T23:00:24.175+0000] {dag.py:3954} INFO - Setting next_dagrun for produce_json to 2026-02-16 14:00:00+00:00, run_after=2026-02-17 14:00:00+00:00
[2026-02-16T23:00:24.214+0000] {logging_mixin.py:188} INFO - [2026-02-16T23:00:24.213+0000] {dag.py:3954} INFO - Setting next_dagrun for update_db to 2026-02-16 15:00:00+00:00, run_after=2026-02-17 15:00:00+00:00
[2026-02-16T23:00:24.302+0000] {processor.py:183} INFO - Processing /opt/airflow/dags/main.py took 0.575 seconds
[2026-02-16T23:00:54.742+0000] {processor.py:161} INFO - Started process (PID=864) to work on /opt/airflow/dags/main.py
[2026-02-16T23:00:54.750+0000] {processor.py:830} INFO - Processing file /opt/airflow/dags/main.py for tasks to queue
[2026-02-16T23:00:54.757+0000] {logging_mixin.py:188} INFO - [2026-02-16T23:00:54.754+0000] {dagbag.py:545} INFO - Filling up the DagBag from /opt/airflow/dags/main.py
[2026-02-16T23:00:54.961+0000] {processor.py:840} INFO - DAG(s) 'produce_json', 'data_quality', 'update_db' retrieved from /opt/airflow/dags/main.py
[2026-02-16T23:00:55.043+0000] {logging_mixin.py:188} INFO - [2026-02-16T23:00:55.032+0000] {dag.py:3096} INFO - Sync 3 DAGs
[2026-02-16T23:00:55.323+0000] {logging_mixin.py:188} INFO - [2026-02-16T23:00:55.323+0000] {dag.py:3954} INFO - Setting next_dagrun for data_quality to 2026-02-16 16:00:00+00:00, run_after=2026-02-17 16:00:00+00:00
[2026-02-16T23:00:55.369+0000] {logging_mixin.py:188} INFO - [2026-02-16T23:00:55.368+0000] {dag.py:3954} INFO - Setting next_dagrun for produce_json to 2026-02-16 14:00:00+00:00, run_after=2026-02-17 14:00:00+00:00
[2026-02-16T23:00:55.404+0000] {logging_mixin.py:188} INFO - [2026-02-16T23:00:55.403+0000] {dag.py:3954} INFO - Setting next_dagrun for update_db to 2026-02-16 15:00:00+00:00, run_after=2026-02-17 15:00:00+00:00
[2026-02-16T23:00:55.459+0000] {processor.py:183} INFO - Processing /opt/airflow/dags/main.py took 0.741 seconds
[2026-02-16T23:01:25.599+0000] {processor.py:161} INFO - Started process (PID=871) to work on /opt/airflow/dags/main.py
[2026-02-16T23:01:25.603+0000] {processor.py:830} INFO - Processing file /opt/airflow/dags/main.py for tasks to queue
[2026-02-16T23:01:25.607+0000] {logging_mixin.py:188} INFO - [2026-02-16T23:01:25.606+0000] {dagbag.py:545} INFO - Filling up the DagBag from /opt/airflow/dags/main.py
[2026-02-16T23:01:25.690+0000] {processor.py:840} INFO - DAG(s) 'produce_json', 'data_quality', 'update_db' retrieved from /opt/airflow/dags/main.py
[2026-02-16T23:01:25.784+0000] {logging_mixin.py:188} INFO - [2026-02-16T23:01:25.784+0000] {dag.py:3096} INFO - Sync 3 DAGs
[2026-02-16T23:01:25.840+0000] {logging_mixin.py:188} INFO - [2026-02-16T23:01:25.840+0000] {dag.py:3954} INFO - Setting next_dagrun for data_quality to 2026-02-16 16:00:00+00:00, run_after=2026-02-17 16:00:00+00:00
[2026-02-16T23:01:25.852+0000] {logging_mixin.py:188} INFO - [2026-02-16T23:01:25.852+0000] {dag.py:3954} INFO - Setting next_dagrun for produce_json to 2026-02-16 14:00:00+00:00, run_after=2026-02-17 14:00:00+00:00
[2026-02-16T23:01:25.858+0000] {logging_mixin.py:188} INFO - [2026-02-16T23:01:25.858+0000] {dag.py:3954} INFO - Setting next_dagrun for update_db to 2026-02-16 15:00:00+00:00, run_after=2026-02-17 15:00:00+00:00
[2026-02-16T23:01:25.907+0000] {processor.py:183} INFO - Processing /opt/airflow/dags/main.py took 0.326 seconds
[2026-02-16T23:01:56.640+0000] {processor.py:161} INFO - Started process (PID=879) to work on /opt/airflow/dags/main.py
[2026-02-16T23:01:56.648+0000] {processor.py:830} INFO - Processing file /opt/airflow/dags/main.py for tasks to queue
[2026-02-16T23:01:56.656+0000] {logging_mixin.py:188} INFO - [2026-02-16T23:01:56.655+0000] {dagbag.py:545} INFO - Filling up the DagBag from /opt/airflow/dags/main.py
[2026-02-16T23:01:56.735+0000] {processor.py:840} INFO - DAG(s) 'produce_json', 'update_db', 'data_quality' retrieved from /opt/airflow/dags/main.py
[2026-02-16T23:01:56.832+0000] {logging_mixin.py:188} INFO - [2026-02-16T23:01:56.831+0000] {dag.py:3096} INFO - Sync 3 DAGs
[2026-02-16T23:01:56.884+0000] {logging_mixin.py:188} INFO - [2026-02-16T23:01:56.883+0000] {dag.py:3954} INFO - Setting next_dagrun for data_quality to 2026-02-16 16:00:00+00:00, run_after=2026-02-17 16:00:00+00:00
[2026-02-16T23:01:56.894+0000] {logging_mixin.py:188} INFO - [2026-02-16T23:01:56.893+0000] {dag.py:3954} INFO - Setting next_dagrun for produce_json to 2026-02-16 14:00:00+00:00, run_after=2026-02-17 14:00:00+00:00
[2026-02-16T23:01:56.906+0000] {logging_mixin.py:188} INFO - [2026-02-16T23:01:56.905+0000] {dag.py:3954} INFO - Setting next_dagrun for update_db to 2026-02-16 15:00:00+00:00, run_after=2026-02-17 15:00:00+00:00
[2026-02-16T23:01:56.938+0000] {processor.py:183} INFO - Processing /opt/airflow/dags/main.py took 0.321 seconds
[2026-02-16T23:02:28.362+0000] {processor.py:161} INFO - Started process (PID=886) to work on /opt/airflow/dags/main.py
[2026-02-16T23:02:28.382+0000] {processor.py:830} INFO - Processing file /opt/airflow/dags/main.py for tasks to queue
[2026-02-16T23:02:28.384+0000] {logging_mixin.py:188} INFO - [2026-02-16T23:02:28.383+0000] {dagbag.py:545} INFO - Filling up the DagBag from /opt/airflow/dags/main.py
[2026-02-16T23:02:28.482+0000] {processor.py:840} INFO - DAG(s) 'data_quality', 'update_db', 'produce_json' retrieved from /opt/airflow/dags/main.py
[2026-02-16T23:02:28.878+0000] {logging_mixin.py:188} INFO - [2026-02-16T23:02:28.877+0000] {dag.py:3096} INFO - Sync 3 DAGs
[2026-02-16T23:02:28.930+0000] {logging_mixin.py:188} INFO - [2026-02-16T23:02:28.929+0000] {dag.py:3954} INFO - Setting next_dagrun for data_quality to 2026-02-16 16:00:00+00:00, run_after=2026-02-17 16:00:00+00:00
[2026-02-16T23:02:28.943+0000] {logging_mixin.py:188} INFO - [2026-02-16T23:02:28.943+0000] {dag.py:3954} INFO - Setting next_dagrun for produce_json to 2026-02-16 14:00:00+00:00, run_after=2026-02-17 14:00:00+00:00
[2026-02-16T23:02:28.950+0000] {logging_mixin.py:188} INFO - [2026-02-16T23:02:28.950+0000] {dag.py:3954} INFO - Setting next_dagrun for update_db to 2026-02-16 15:00:00+00:00, run_after=2026-02-17 15:00:00+00:00
[2026-02-16T23:02:28.978+0000] {processor.py:183} INFO - Processing /opt/airflow/dags/main.py took 0.626 seconds
[2026-02-16T23:02:59.167+0000] {processor.py:161} INFO - Started process (PID=892) to work on /opt/airflow/dags/main.py
[2026-02-16T23:02:59.179+0000] {processor.py:830} INFO - Processing file /opt/airflow/dags/main.py for tasks to queue
[2026-02-16T23:02:59.182+0000] {logging_mixin.py:188} INFO - [2026-02-16T23:02:59.181+0000] {dagbag.py:545} INFO - Filling up the DagBag from /opt/airflow/dags/main.py
[2026-02-16T23:02:59.257+0000] {processor.py:840} INFO - DAG(s) 'update_db', 'data_quality', 'produce_json' retrieved from /opt/airflow/dags/main.py
[2026-02-16T23:02:59.334+0000] {logging_mixin.py:188} INFO - [2026-02-16T23:02:59.333+0000] {dag.py:3096} INFO - Sync 3 DAGs
[2026-02-16T23:02:59.402+0000] {logging_mixin.py:188} INFO - [2026-02-16T23:02:59.401+0000] {dag.py:3954} INFO - Setting next_dagrun for data_quality to 2026-02-16 16:00:00+00:00, run_after=2026-02-17 16:00:00+00:00
[2026-02-16T23:02:59.413+0000] {logging_mixin.py:188} INFO - [2026-02-16T23:02:59.413+0000] {dag.py:3954} INFO - Setting next_dagrun for produce_json to 2026-02-16 14:00:00+00:00, run_after=2026-02-17 14:00:00+00:00
[2026-02-16T23:02:59.422+0000] {logging_mixin.py:188} INFO - [2026-02-16T23:02:59.422+0000] {dag.py:3954} INFO - Setting next_dagrun for update_db to 2026-02-16 15:00:00+00:00, run_after=2026-02-17 15:00:00+00:00
[2026-02-16T23:02:59.476+0000] {processor.py:183} INFO - Processing /opt/airflow/dags/main.py took 0.322 seconds
[2026-02-16T23:03:30.063+0000] {processor.py:161} INFO - Started process (PID=900) to work on /opt/airflow/dags/main.py
[2026-02-16T23:03:30.066+0000] {processor.py:830} INFO - Processing file /opt/airflow/dags/main.py for tasks to queue
[2026-02-16T23:03:30.073+0000] {logging_mixin.py:188} INFO - [2026-02-16T23:03:30.072+0000] {dagbag.py:545} INFO - Filling up the DagBag from /opt/airflow/dags/main.py
[2026-02-16T23:03:30.147+0000] {processor.py:840} INFO - DAG(s) 'update_db', 'data_quality', 'produce_json' retrieved from /opt/airflow/dags/main.py
[2026-02-16T23:03:30.268+0000] {logging_mixin.py:188} INFO - [2026-02-16T23:03:30.268+0000] {dag.py:3096} INFO - Sync 3 DAGs
[2026-02-16T23:03:30.322+0000] {logging_mixin.py:188} INFO - [2026-02-16T23:03:30.322+0000] {dag.py:3954} INFO - Setting next_dagrun for data_quality to 2026-02-16 16:00:00+00:00, run_after=2026-02-17 16:00:00+00:00
[2026-02-16T23:03:30.339+0000] {logging_mixin.py:188} INFO - [2026-02-16T23:03:30.339+0000] {dag.py:3954} INFO - Setting next_dagrun for produce_json to 2026-02-16 14:00:00+00:00, run_after=2026-02-17 14:00:00+00:00
[2026-02-16T23:03:30.349+0000] {logging_mixin.py:188} INFO - [2026-02-16T23:03:30.347+0000] {dag.py:3954} INFO - Setting next_dagrun for update_db to 2026-02-16 15:00:00+00:00, run_after=2026-02-17 15:00:00+00:00
[2026-02-16T23:03:30.394+0000] {processor.py:183} INFO - Processing /opt/airflow/dags/main.py took 0.341 seconds
[2026-02-16T23:04:01.084+0000] {processor.py:161} INFO - Started process (PID=909) to work on /opt/airflow/dags/main.py
[2026-02-16T23:04:01.086+0000] {processor.py:830} INFO - Processing file /opt/airflow/dags/main.py for tasks to queue
[2026-02-16T23:04:01.088+0000] {logging_mixin.py:188} INFO - [2026-02-16T23:04:01.087+0000] {dagbag.py:545} INFO - Filling up the DagBag from /opt/airflow/dags/main.py
[2026-02-16T23:04:01.180+0000] {processor.py:840} INFO - DAG(s) 'update_db', 'produce_json', 'data_quality' retrieved from /opt/airflow/dags/main.py
[2026-02-16T23:04:01.275+0000] {logging_mixin.py:188} INFO - [2026-02-16T23:04:01.275+0000] {dag.py:3096} INFO - Sync 3 DAGs
[2026-02-16T23:04:01.333+0000] {logging_mixin.py:188} INFO - [2026-02-16T23:04:01.332+0000] {dag.py:3954} INFO - Setting next_dagrun for data_quality to 2026-02-16 16:00:00+00:00, run_after=2026-02-17 16:00:00+00:00
[2026-02-16T23:04:01.346+0000] {logging_mixin.py:188} INFO - [2026-02-16T23:04:01.346+0000] {dag.py:3954} INFO - Setting next_dagrun for produce_json to 2026-02-16 14:00:00+00:00, run_after=2026-02-17 14:00:00+00:00
[2026-02-16T23:04:01.354+0000] {logging_mixin.py:188} INFO - [2026-02-16T23:04:01.354+0000] {dag.py:3954} INFO - Setting next_dagrun for update_db to 2026-02-16 15:00:00+00:00, run_after=2026-02-17 15:00:00+00:00
[2026-02-16T23:04:01.401+0000] {processor.py:183} INFO - Processing /opt/airflow/dags/main.py took 0.327 seconds
[2026-02-16T23:04:31.769+0000] {processor.py:161} INFO - Started process (PID=917) to work on /opt/airflow/dags/main.py
[2026-02-16T23:04:31.776+0000] {processor.py:830} INFO - Processing file /opt/airflow/dags/main.py for tasks to queue
[2026-02-16T23:04:31.779+0000] {logging_mixin.py:188} INFO - [2026-02-16T23:04:31.778+0000] {dagbag.py:545} INFO - Filling up the DagBag from /opt/airflow/dags/main.py
[2026-02-16T23:04:31.883+0000] {processor.py:840} INFO - DAG(s) 'data_quality', 'produce_json', 'update_db' retrieved from /opt/airflow/dags/main.py
[2026-02-16T23:04:31.999+0000] {logging_mixin.py:188} INFO - [2026-02-16T23:04:31.998+0000] {dag.py:3096} INFO - Sync 3 DAGs
[2026-02-16T23:04:32.080+0000] {logging_mixin.py:188} INFO - [2026-02-16T23:04:32.080+0000] {dag.py:3954} INFO - Setting next_dagrun for data_quality to 2026-02-16 16:00:00+00:00, run_after=2026-02-17 16:00:00+00:00
[2026-02-16T23:04:32.093+0000] {logging_mixin.py:188} INFO - [2026-02-16T23:04:32.093+0000] {dag.py:3954} INFO - Setting next_dagrun for produce_json to 2026-02-16 14:00:00+00:00, run_after=2026-02-17 14:00:00+00:00
[2026-02-16T23:04:32.102+0000] {logging_mixin.py:188} INFO - [2026-02-16T23:04:32.102+0000] {dag.py:3954} INFO - Setting next_dagrun for update_db to 2026-02-16 15:00:00+00:00, run_after=2026-02-17 15:00:00+00:00
[2026-02-16T23:04:32.167+0000] {processor.py:183} INFO - Processing /opt/airflow/dags/main.py took 0.427 seconds
[2026-02-16T23:05:02.396+0000] {processor.py:161} INFO - Started process (PID=924) to work on /opt/airflow/dags/main.py
[2026-02-16T23:05:02.406+0000] {processor.py:830} INFO - Processing file /opt/airflow/dags/main.py for tasks to queue
[2026-02-16T23:05:02.411+0000] {logging_mixin.py:188} INFO - [2026-02-16T23:05:02.411+0000] {dagbag.py:545} INFO - Filling up the DagBag from /opt/airflow/dags/main.py
[2026-02-16T23:05:02.496+0000] {processor.py:840} INFO - DAG(s) 'data_quality', 'produce_json', 'update_db' retrieved from /opt/airflow/dags/main.py
[2026-02-16T23:05:02.614+0000] {logging_mixin.py:188} INFO - [2026-02-16T23:05:02.613+0000] {dag.py:3096} INFO - Sync 3 DAGs
[2026-02-16T23:05:02.702+0000] {logging_mixin.py:188} INFO - [2026-02-16T23:05:02.702+0000] {dag.py:3954} INFO - Setting next_dagrun for data_quality to 2026-02-16 16:00:00+00:00, run_after=2026-02-17 16:00:00+00:00
[2026-02-16T23:05:02.723+0000] {logging_mixin.py:188} INFO - [2026-02-16T23:05:02.722+0000] {dag.py:3954} INFO - Setting next_dagrun for produce_json to 2026-02-16 14:00:00+00:00, run_after=2026-02-17 14:00:00+00:00
[2026-02-16T23:05:02.731+0000] {logging_mixin.py:188} INFO - [2026-02-16T23:05:02.730+0000] {dag.py:3954} INFO - Setting next_dagrun for update_db to 2026-02-16 15:00:00+00:00, run_after=2026-02-17 15:00:00+00:00
[2026-02-16T23:05:02.777+0000] {processor.py:183} INFO - Processing /opt/airflow/dags/main.py took 0.393 seconds
[2026-02-16T23:05:33.758+0000] {processor.py:161} INFO - Started process (PID=931) to work on /opt/airflow/dags/main.py
[2026-02-16T23:05:33.773+0000] {processor.py:830} INFO - Processing file /opt/airflow/dags/main.py for tasks to queue
[2026-02-16T23:05:33.777+0000] {logging_mixin.py:188} INFO - [2026-02-16T23:05:33.776+0000] {dagbag.py:545} INFO - Filling up the DagBag from /opt/airflow/dags/main.py
[2026-02-16T23:05:33.881+0000] {processor.py:840} INFO - DAG(s) 'update_db', 'data_quality', 'produce_json' retrieved from /opt/airflow/dags/main.py
[2026-02-16T23:05:33.978+0000] {logging_mixin.py:188} INFO - [2026-02-16T23:05:33.977+0000] {dag.py:3096} INFO - Sync 3 DAGs
[2026-02-16T23:05:34.053+0000] {logging_mixin.py:188} INFO - [2026-02-16T23:05:34.053+0000] {dag.py:3954} INFO - Setting next_dagrun for data_quality to 2026-02-16 16:00:00+00:00, run_after=2026-02-17 16:00:00+00:00
[2026-02-16T23:05:34.066+0000] {logging_mixin.py:188} INFO - [2026-02-16T23:05:34.066+0000] {dag.py:3954} INFO - Setting next_dagrun for produce_json to 2026-02-16 14:00:00+00:00, run_after=2026-02-17 14:00:00+00:00
[2026-02-16T23:05:34.076+0000] {logging_mixin.py:188} INFO - [2026-02-16T23:05:34.076+0000] {dag.py:3954} INFO - Setting next_dagrun for update_db to 2026-02-16 15:00:00+00:00, run_after=2026-02-17 15:00:00+00:00
[2026-02-16T23:05:34.129+0000] {processor.py:183} INFO - Processing /opt/airflow/dags/main.py took 0.384 seconds
[2026-02-16T23:06:05.446+0000] {processor.py:161} INFO - Started process (PID=938) to work on /opt/airflow/dags/main.py
[2026-02-16T23:06:05.460+0000] {processor.py:830} INFO - Processing file /opt/airflow/dags/main.py for tasks to queue
[2026-02-16T23:06:05.492+0000] {logging_mixin.py:188} INFO - [2026-02-16T23:06:05.474+0000] {dagbag.py:545} INFO - Filling up the DagBag from /opt/airflow/dags/main.py
[2026-02-16T23:06:05.823+0000] {processor.py:840} INFO - DAG(s) 'produce_json', 'update_db', 'data_quality' retrieved from /opt/airflow/dags/main.py
[2026-02-16T23:06:05.951+0000] {logging_mixin.py:188} INFO - [2026-02-16T23:06:05.950+0000] {dag.py:3096} INFO - Sync 3 DAGs
[2026-02-16T23:06:06.011+0000] {logging_mixin.py:188} INFO - [2026-02-16T23:06:06.010+0000] {dag.py:3954} INFO - Setting next_dagrun for data_quality to 2026-02-16 16:00:00+00:00, run_after=2026-02-17 16:00:00+00:00
[2026-02-16T23:06:06.061+0000] {logging_mixin.py:188} INFO - [2026-02-16T23:06:06.060+0000] {dag.py:3954} INFO - Setting next_dagrun for produce_json to 2026-02-16 14:00:00+00:00, run_after=2026-02-17 14:00:00+00:00
[2026-02-16T23:06:06.066+0000] {logging_mixin.py:188} INFO - [2026-02-16T23:06:06.066+0000] {dag.py:3954} INFO - Setting next_dagrun for update_db to 2026-02-16 15:00:00+00:00, run_after=2026-02-17 15:00:00+00:00
[2026-02-16T23:06:06.128+0000] {processor.py:183} INFO - Processing /opt/airflow/dags/main.py took 0.692 seconds
[2026-02-16T23:06:36.616+0000] {processor.py:161} INFO - Started process (PID=944) to work on /opt/airflow/dags/main.py
[2026-02-16T23:06:36.630+0000] {processor.py:830} INFO - Processing file /opt/airflow/dags/main.py for tasks to queue
[2026-02-16T23:06:36.649+0000] {logging_mixin.py:188} INFO - [2026-02-16T23:06:36.645+0000] {dagbag.py:545} INFO - Filling up the DagBag from /opt/airflow/dags/main.py
[2026-02-16T23:06:36.792+0000] {processor.py:840} INFO - DAG(s) 'data_quality', 'produce_json', 'update_db' retrieved from /opt/airflow/dags/main.py
[2026-02-16T23:06:36.909+0000] {logging_mixin.py:188} INFO - [2026-02-16T23:06:36.909+0000] {dag.py:3096} INFO - Sync 3 DAGs
[2026-02-16T23:06:36.958+0000] {logging_mixin.py:188} INFO - [2026-02-16T23:06:36.957+0000] {dag.py:3954} INFO - Setting next_dagrun for data_quality to 2026-02-16 16:00:00+00:00, run_after=2026-02-17 16:00:00+00:00
[2026-02-16T23:06:36.976+0000] {logging_mixin.py:188} INFO - [2026-02-16T23:06:36.975+0000] {dag.py:3954} INFO - Setting next_dagrun for produce_json to 2026-02-16 14:00:00+00:00, run_after=2026-02-17 14:00:00+00:00
[2026-02-16T23:06:36.991+0000] {logging_mixin.py:188} INFO - [2026-02-16T23:06:36.990+0000] {dag.py:3954} INFO - Setting next_dagrun for update_db to 2026-02-16 15:00:00+00:00, run_after=2026-02-17 15:00:00+00:00
[2026-02-16T23:06:37.035+0000] {processor.py:183} INFO - Processing /opt/airflow/dags/main.py took 0.439 seconds
[2026-02-16T23:07:07.753+0000] {processor.py:161} INFO - Started process (PID=950) to work on /opt/airflow/dags/main.py
[2026-02-16T23:07:07.759+0000] {processor.py:830} INFO - Processing file /opt/airflow/dags/main.py for tasks to queue
[2026-02-16T23:07:07.761+0000] {logging_mixin.py:188} INFO - [2026-02-16T23:07:07.760+0000] {dagbag.py:545} INFO - Filling up the DagBag from /opt/airflow/dags/main.py
[2026-02-16T23:07:07.973+0000] {processor.py:840} INFO - DAG(s) 'update_db', 'produce_json', 'data_quality' retrieved from /opt/airflow/dags/main.py
[2026-02-16T23:07:08.151+0000] {logging_mixin.py:188} INFO - [2026-02-16T23:07:08.150+0000] {dag.py:3096} INFO - Sync 3 DAGs
[2026-02-16T23:07:08.271+0000] {logging_mixin.py:188} INFO - [2026-02-16T23:07:08.270+0000] {dag.py:3954} INFO - Setting next_dagrun for data_quality to 2026-02-16 16:00:00+00:00, run_after=2026-02-17 16:00:00+00:00
[2026-02-16T23:07:08.393+0000] {logging_mixin.py:188} INFO - [2026-02-16T23:07:08.392+0000] {dag.py:3954} INFO - Setting next_dagrun for produce_json to 2026-02-16 14:00:00+00:00, run_after=2026-02-17 14:00:00+00:00
[2026-02-16T23:07:08.442+0000] {logging_mixin.py:188} INFO - [2026-02-16T23:07:08.441+0000] {dag.py:3954} INFO - Setting next_dagrun for update_db to 2026-02-16 15:00:00+00:00, run_after=2026-02-17 15:00:00+00:00
[2026-02-16T23:07:08.508+0000] {processor.py:183} INFO - Processing /opt/airflow/dags/main.py took 0.772 seconds
[2026-02-16T23:07:38.681+0000] {processor.py:161} INFO - Started process (PID=956) to work on /opt/airflow/dags/main.py
[2026-02-16T23:07:38.684+0000] {processor.py:830} INFO - Processing file /opt/airflow/dags/main.py for tasks to queue
[2026-02-16T23:07:38.688+0000] {logging_mixin.py:188} INFO - [2026-02-16T23:07:38.685+0000] {dagbag.py:545} INFO - Filling up the DagBag from /opt/airflow/dags/main.py
[2026-02-16T23:07:38.789+0000] {processor.py:840} INFO - DAG(s) 'update_db', 'data_quality', 'produce_json' retrieved from /opt/airflow/dags/main.py
[2026-02-16T23:07:38.892+0000] {logging_mixin.py:188} INFO - [2026-02-16T23:07:38.892+0000] {dag.py:3096} INFO - Sync 3 DAGs
[2026-02-16T23:07:38.949+0000] {logging_mixin.py:188} INFO - [2026-02-16T23:07:38.949+0000] {dag.py:3954} INFO - Setting next_dagrun for data_quality to 2026-02-16 16:00:00+00:00, run_after=2026-02-17 16:00:00+00:00
[2026-02-16T23:07:38.964+0000] {logging_mixin.py:188} INFO - [2026-02-16T23:07:38.964+0000] {dag.py:3954} INFO - Setting next_dagrun for produce_json to 2026-02-16 14:00:00+00:00, run_after=2026-02-17 14:00:00+00:00
[2026-02-16T23:07:38.977+0000] {logging_mixin.py:188} INFO - [2026-02-16T23:07:38.976+0000] {dag.py:3954} INFO - Setting next_dagrun for update_db to 2026-02-16 15:00:00+00:00, run_after=2026-02-17 15:00:00+00:00
[2026-02-16T23:07:39.028+0000] {processor.py:183} INFO - Processing /opt/airflow/dags/main.py took 0.360 seconds
[2026-02-16T23:08:09.168+0000] {processor.py:161} INFO - Started process (PID=963) to work on /opt/airflow/dags/main.py
[2026-02-16T23:08:09.177+0000] {processor.py:830} INFO - Processing file /opt/airflow/dags/main.py for tasks to queue
[2026-02-16T23:08:09.180+0000] {logging_mixin.py:188} INFO - [2026-02-16T23:08:09.179+0000] {dagbag.py:545} INFO - Filling up the DagBag from /opt/airflow/dags/main.py
[2026-02-16T23:08:09.326+0000] {processor.py:840} INFO - DAG(s) 'update_db', 'data_quality', 'produce_json' retrieved from /opt/airflow/dags/main.py
[2026-02-16T23:08:09.452+0000] {logging_mixin.py:188} INFO - [2026-02-16T23:08:09.452+0000] {dag.py:3096} INFO - Sync 3 DAGs
[2026-02-16T23:08:09.530+0000] {logging_mixin.py:188} INFO - [2026-02-16T23:08:09.529+0000] {dag.py:3954} INFO - Setting next_dagrun for data_quality to 2026-02-16 16:00:00+00:00, run_after=2026-02-17 16:00:00+00:00
[2026-02-16T23:08:09.543+0000] {logging_mixin.py:188} INFO - [2026-02-16T23:08:09.543+0000] {dag.py:3954} INFO - Setting next_dagrun for produce_json to 2026-02-16 14:00:00+00:00, run_after=2026-02-17 14:00:00+00:00
[2026-02-16T23:08:09.562+0000] {logging_mixin.py:188} INFO - [2026-02-16T23:08:09.561+0000] {dag.py:3954} INFO - Setting next_dagrun for update_db to 2026-02-16 15:00:00+00:00, run_after=2026-02-17 15:00:00+00:00
[2026-02-16T23:08:09.661+0000] {processor.py:183} INFO - Processing /opt/airflow/dags/main.py took 0.560 seconds
[2026-02-16T23:08:32.409+0000] {processor.py:161} INFO - Started process (PID=970) to work on /opt/airflow/dags/main.py
[2026-02-16T23:08:32.414+0000] {processor.py:830} INFO - Processing file /opt/airflow/dags/main.py for tasks to queue
[2026-02-16T23:08:32.416+0000] {logging_mixin.py:188} INFO - [2026-02-16T23:08:32.415+0000] {dagbag.py:545} INFO - Filling up the DagBag from /opt/airflow/dags/main.py
[2026-02-16T23:08:32.499+0000] {processor.py:840} INFO - DAG(s) 'update_db', 'data_quality', 'produce_json' retrieved from /opt/airflow/dags/main.py
[2026-02-16T23:08:32.631+0000] {logging_mixin.py:188} INFO - [2026-02-16T23:08:32.629+0000] {dag.py:3096} INFO - Sync 3 DAGs
[2026-02-16T23:08:32.699+0000] {logging_mixin.py:188} INFO - [2026-02-16T23:08:32.698+0000] {dag.py:3954} INFO - Setting next_dagrun for data_quality to 2026-02-16 16:00:00+00:00, run_after=2026-02-17 16:00:00+00:00
[2026-02-16T23:08:32.719+0000] {logging_mixin.py:188} INFO - [2026-02-16T23:08:32.719+0000] {dag.py:3954} INFO - Setting next_dagrun for produce_json to 2026-02-16 14:00:00+00:00, run_after=2026-02-17 14:00:00+00:00
[2026-02-16T23:08:32.728+0000] {logging_mixin.py:188} INFO - [2026-02-16T23:08:32.728+0000] {dag.py:3954} INFO - Setting next_dagrun for update_db to 2026-02-16 15:00:00+00:00, run_after=2026-02-17 15:00:00+00:00
[2026-02-16T23:08:32.787+0000] {processor.py:183} INFO - Processing /opt/airflow/dags/main.py took 0.394 seconds
[2026-02-16T23:08:38.935+0000] {processor.py:161} INFO - Started process (PID=971) to work on /opt/airflow/dags/main.py
[2026-02-16T23:08:38.940+0000] {processor.py:830} INFO - Processing file /opt/airflow/dags/main.py for tasks to queue
[2026-02-16T23:08:38.942+0000] {logging_mixin.py:188} INFO - [2026-02-16T23:08:38.941+0000] {dagbag.py:545} INFO - Filling up the DagBag from /opt/airflow/dags/main.py
[2026-02-16T23:08:39.051+0000] {processor.py:840} INFO - DAG(s) 'data_quality', 'produce_json', 'update_db' retrieved from /opt/airflow/dags/main.py
[2026-02-16T23:08:39.447+0000] {logging_mixin.py:188} INFO - [2026-02-16T23:08:39.447+0000] {dag.py:3096} INFO - Sync 3 DAGs
[2026-02-16T23:08:39.481+0000] {logging_mixin.py:188} INFO - [2026-02-16T23:08:39.480+0000] {dag.py:3954} INFO - Setting next_dagrun for data_quality to 2026-02-16 16:00:00+00:00, run_after=2026-02-17 16:00:00+00:00
[2026-02-16T23:08:39.500+0000] {logging_mixin.py:188} INFO - [2026-02-16T23:08:39.499+0000] {dag.py:3954} INFO - Setting next_dagrun for produce_json to 2026-02-16 14:00:00+00:00, run_after=2026-02-17 14:00:00+00:00
[2026-02-16T23:08:39.506+0000] {logging_mixin.py:188} INFO - [2026-02-16T23:08:39.506+0000] {dag.py:3954} INFO - Setting next_dagrun for update_db to 2026-02-16 15:00:00+00:00, run_after=2026-02-17 15:00:00+00:00
[2026-02-16T23:08:39.539+0000] {processor.py:183} INFO - Processing /opt/airflow/dags/main.py took 0.625 seconds
[2026-02-16T23:08:50.377+0000] {processor.py:161} INFO - Started process (PID=972) to work on /opt/airflow/dags/main.py
[2026-02-16T23:08:50.387+0000] {processor.py:830} INFO - Processing file /opt/airflow/dags/main.py for tasks to queue
[2026-02-16T23:08:50.389+0000] {logging_mixin.py:188} INFO - [2026-02-16T23:08:50.388+0000] {dagbag.py:545} INFO - Filling up the DagBag from /opt/airflow/dags/main.py
[2026-02-16T23:08:50.492+0000] {processor.py:840} INFO - DAG(s) 'data_quality', 'produce_json', 'update_db' retrieved from /opt/airflow/dags/main.py
[2026-02-16T23:08:50.587+0000] {logging_mixin.py:188} INFO - [2026-02-16T23:08:50.587+0000] {dag.py:3096} INFO - Sync 3 DAGs
[2026-02-16T23:08:50.646+0000] {logging_mixin.py:188} INFO - [2026-02-16T23:08:50.646+0000] {dag.py:3954} INFO - Setting next_dagrun for data_quality to 2026-02-16 16:00:00+00:00, run_after=2026-02-17 16:00:00+00:00
[2026-02-16T23:08:50.659+0000] {logging_mixin.py:188} INFO - [2026-02-16T23:08:50.658+0000] {dag.py:3954} INFO - Setting next_dagrun for produce_json to 2026-02-16 14:00:00+00:00, run_after=2026-02-17 14:00:00+00:00
[2026-02-16T23:08:50.666+0000] {logging_mixin.py:188} INFO - [2026-02-16T23:08:50.665+0000] {dag.py:3954} INFO - Setting next_dagrun for update_db to 2026-02-16 15:00:00+00:00, run_after=2026-02-17 15:00:00+00:00
[2026-02-16T23:08:50.729+0000] {processor.py:183} INFO - Processing /opt/airflow/dags/main.py took 0.363 seconds
[2026-02-16T23:09:20.851+0000] {processor.py:161} INFO - Started process (PID=978) to work on /opt/airflow/dags/main.py
[2026-02-16T23:09:20.855+0000] {processor.py:830} INFO - Processing file /opt/airflow/dags/main.py for tasks to queue
[2026-02-16T23:09:20.856+0000] {logging_mixin.py:188} INFO - [2026-02-16T23:09:20.855+0000] {dagbag.py:545} INFO - Filling up the DagBag from /opt/airflow/dags/main.py
[2026-02-16T23:09:20.968+0000] {processor.py:840} INFO - DAG(s) 'data_quality', 'update_db', 'produce_json' retrieved from /opt/airflow/dags/main.py
[2026-02-16T23:09:21.121+0000] {logging_mixin.py:188} INFO - [2026-02-16T23:09:21.119+0000] {dag.py:3096} INFO - Sync 3 DAGs
[2026-02-16T23:09:21.194+0000] {logging_mixin.py:188} INFO - [2026-02-16T23:09:21.194+0000] {dag.py:3954} INFO - Setting next_dagrun for data_quality to 2026-02-16 16:00:00+00:00, run_after=2026-02-17 16:00:00+00:00
[2026-02-16T23:09:21.220+0000] {logging_mixin.py:188} INFO - [2026-02-16T23:09:21.220+0000] {dag.py:3954} INFO - Setting next_dagrun for produce_json to 2026-02-16 14:00:00+00:00, run_after=2026-02-17 14:00:00+00:00
[2026-02-16T23:09:21.231+0000] {logging_mixin.py:188} INFO - [2026-02-16T23:09:21.230+0000] {dag.py:3954} INFO - Setting next_dagrun for update_db to 2026-02-16 15:00:00+00:00, run_after=2026-02-17 15:00:00+00:00
[2026-02-16T23:09:21.274+0000] {processor.py:183} INFO - Processing /opt/airflow/dags/main.py took 0.438 seconds
[2026-02-16T23:09:39.384+0000] {processor.py:161} INFO - Started process (PID=985) to work on /opt/airflow/dags/main.py
[2026-02-16T23:09:39.393+0000] {processor.py:830} INFO - Processing file /opt/airflow/dags/main.py for tasks to queue
[2026-02-16T23:09:39.400+0000] {logging_mixin.py:188} INFO - [2026-02-16T23:09:39.399+0000] {dagbag.py:545} INFO - Filling up the DagBag from /opt/airflow/dags/main.py
[2026-02-16T23:09:39.517+0000] {processor.py:840} INFO - DAG(s) 'update_db', 'data_quality', 'produce_json' retrieved from /opt/airflow/dags/main.py
[2026-02-16T23:09:39.638+0000] {logging_mixin.py:188} INFO - [2026-02-16T23:09:39.638+0000] {dag.py:3096} INFO - Sync 3 DAGs
[2026-02-16T23:09:39.703+0000] {logging_mixin.py:188} INFO - [2026-02-16T23:09:39.702+0000] {dag.py:3954} INFO - Setting next_dagrun for data_quality to 2026-02-16 16:00:00+00:00, run_after=2026-02-17 16:00:00+00:00
[2026-02-16T23:09:39.716+0000] {logging_mixin.py:188} INFO - [2026-02-16T23:09:39.716+0000] {dag.py:3954} INFO - Setting next_dagrun for produce_json to 2026-02-16 14:00:00+00:00, run_after=2026-02-17 14:00:00+00:00
[2026-02-16T23:09:39.721+0000] {logging_mixin.py:188} INFO - [2026-02-16T23:09:39.721+0000] {dag.py:3954} INFO - Setting next_dagrun for update_db to 2026-02-16 15:00:00+00:00, run_after=2026-02-17 15:00:00+00:00
[2026-02-16T23:09:39.814+0000] {processor.py:183} INFO - Processing /opt/airflow/dags/main.py took 0.449 seconds
[2026-02-16T23:10:10.277+0000] {processor.py:161} INFO - Started process (PID=992) to work on /opt/airflow/dags/main.py
[2026-02-16T23:10:10.283+0000] {processor.py:830} INFO - Processing file /opt/airflow/dags/main.py for tasks to queue
[2026-02-16T23:10:10.287+0000] {logging_mixin.py:188} INFO - [2026-02-16T23:10:10.286+0000] {dagbag.py:545} INFO - Filling up the DagBag from /opt/airflow/dags/main.py
[2026-02-16T23:10:10.441+0000] {processor.py:840} INFO - DAG(s) 'produce_json', 'data_quality', 'update_db' retrieved from /opt/airflow/dags/main.py
[2026-02-16T23:10:10.588+0000] {logging_mixin.py:188} INFO - [2026-02-16T23:10:10.588+0000] {dag.py:3096} INFO - Sync 3 DAGs
[2026-02-16T23:10:10.682+0000] {logging_mixin.py:188} INFO - [2026-02-16T23:10:10.682+0000] {dag.py:3954} INFO - Setting next_dagrun for data_quality to 2026-02-16 16:00:00+00:00, run_after=2026-02-17 16:00:00+00:00
[2026-02-16T23:10:10.700+0000] {logging_mixin.py:188} INFO - [2026-02-16T23:10:10.699+0000] {dag.py:3954} INFO - Setting next_dagrun for produce_json to 2026-02-16 14:00:00+00:00, run_after=2026-02-17 14:00:00+00:00
[2026-02-16T23:10:10.710+0000] {logging_mixin.py:188} INFO - [2026-02-16T23:10:10.709+0000] {dag.py:3954} INFO - Setting next_dagrun for update_db to 2026-02-16 15:00:00+00:00, run_after=2026-02-17 15:00:00+00:00
[2026-02-16T23:10:10.786+0000] {processor.py:183} INFO - Processing /opt/airflow/dags/main.py took 0.529 seconds
[2026-02-16T23:10:41.498+0000] {processor.py:161} INFO - Started process (PID=1001) to work on /opt/airflow/dags/main.py
[2026-02-16T23:10:41.515+0000] {processor.py:830} INFO - Processing file /opt/airflow/dags/main.py for tasks to queue
[2026-02-16T23:10:41.518+0000] {logging_mixin.py:188} INFO - [2026-02-16T23:10:41.517+0000] {dagbag.py:545} INFO - Filling up the DagBag from /opt/airflow/dags/main.py
[2026-02-16T23:10:41.664+0000] {processor.py:840} INFO - DAG(s) 'data_quality', 'produce_json', 'update_db' retrieved from /opt/airflow/dags/main.py
[2026-02-16T23:10:41.796+0000] {logging_mixin.py:188} INFO - [2026-02-16T23:10:41.795+0000] {dag.py:3096} INFO - Sync 3 DAGs
[2026-02-16T23:10:41.875+0000] {logging_mixin.py:188} INFO - [2026-02-16T23:10:41.874+0000] {dag.py:3954} INFO - Setting next_dagrun for data_quality to 2026-02-16 16:00:00+00:00, run_after=2026-02-17 16:00:00+00:00
[2026-02-16T23:10:41.900+0000] {logging_mixin.py:188} INFO - [2026-02-16T23:10:41.900+0000] {dag.py:3954} INFO - Setting next_dagrun for produce_json to 2026-02-16 14:00:00+00:00, run_after=2026-02-17 14:00:00+00:00
[2026-02-16T23:10:41.915+0000] {logging_mixin.py:188} INFO - [2026-02-16T23:10:41.914+0000] {dag.py:3954} INFO - Setting next_dagrun for update_db to 2026-02-16 15:00:00+00:00, run_after=2026-02-17 15:00:00+00:00
[2026-02-16T23:10:41.965+0000] {processor.py:183} INFO - Processing /opt/airflow/dags/main.py took 0.480 seconds
[2026-02-16T23:11:12.576+0000] {processor.py:161} INFO - Started process (PID=1008) to work on /opt/airflow/dags/main.py
[2026-02-16T23:11:12.580+0000] {processor.py:830} INFO - Processing file /opt/airflow/dags/main.py for tasks to queue
[2026-02-16T23:11:12.582+0000] {logging_mixin.py:188} INFO - [2026-02-16T23:11:12.582+0000] {dagbag.py:545} INFO - Filling up the DagBag from /opt/airflow/dags/main.py
[2026-02-16T23:11:12.673+0000] {processor.py:840} INFO - DAG(s) 'produce_json', 'update_db', 'data_quality' retrieved from /opt/airflow/dags/main.py
[2026-02-16T23:11:12.817+0000] {logging_mixin.py:188} INFO - [2026-02-16T23:11:12.816+0000] {dag.py:3096} INFO - Sync 3 DAGs
[2026-02-16T23:11:12.870+0000] {logging_mixin.py:188} INFO - [2026-02-16T23:11:12.870+0000] {dag.py:3954} INFO - Setting next_dagrun for data_quality to 2026-02-16 16:00:00+00:00, run_after=2026-02-17 16:00:00+00:00
[2026-02-16T23:11:12.885+0000] {logging_mixin.py:188} INFO - [2026-02-16T23:11:12.885+0000] {dag.py:3954} INFO - Setting next_dagrun for produce_json to 2026-02-16 14:00:00+00:00, run_after=2026-02-17 14:00:00+00:00
[2026-02-16T23:11:12.893+0000] {logging_mixin.py:188} INFO - [2026-02-16T23:11:12.893+0000] {dag.py:3954} INFO - Setting next_dagrun for update_db to 2026-02-16 15:00:00+00:00, run_after=2026-02-17 15:00:00+00:00
[2026-02-16T23:11:12.947+0000] {processor.py:183} INFO - Processing /opt/airflow/dags/main.py took 0.388 seconds
[2026-02-16T23:11:43.060+0000] {processor.py:161} INFO - Started process (PID=1016) to work on /opt/airflow/dags/main.py
[2026-02-16T23:11:43.069+0000] {processor.py:830} INFO - Processing file /opt/airflow/dags/main.py for tasks to queue
[2026-02-16T23:11:43.075+0000] {logging_mixin.py:188} INFO - [2026-02-16T23:11:43.073+0000] {dagbag.py:545} INFO - Filling up the DagBag from /opt/airflow/dags/main.py
[2026-02-16T23:11:43.167+0000] {processor.py:840} INFO - DAG(s) 'update_db', 'produce_json', 'data_quality' retrieved from /opt/airflow/dags/main.py
[2026-02-16T23:11:43.242+0000] {logging_mixin.py:188} INFO - [2026-02-16T23:11:43.242+0000] {dag.py:3096} INFO - Sync 3 DAGs
[2026-02-16T23:11:43.306+0000] {logging_mixin.py:188} INFO - [2026-02-16T23:11:43.304+0000] {dag.py:3954} INFO - Setting next_dagrun for data_quality to 2026-02-16 16:00:00+00:00, run_after=2026-02-17 16:00:00+00:00
[2026-02-16T23:11:43.317+0000] {logging_mixin.py:188} INFO - [2026-02-16T23:11:43.317+0000] {dag.py:3954} INFO - Setting next_dagrun for produce_json to 2026-02-16 14:00:00+00:00, run_after=2026-02-17 14:00:00+00:00
[2026-02-16T23:11:43.324+0000] {logging_mixin.py:188} INFO - [2026-02-16T23:11:43.324+0000] {dag.py:3954} INFO - Setting next_dagrun for update_db to 2026-02-16 15:00:00+00:00, run_after=2026-02-17 15:00:00+00:00
[2026-02-16T23:11:43.380+0000] {processor.py:183} INFO - Processing /opt/airflow/dags/main.py took 0.348 seconds
