[2026-03-06T09:08:05.092+0000] {processor.py:161} INFO - Started process (PID=1003) to work on /opt/airflow/dags/main.py
[2026-03-06T09:08:05.096+0000] {processor.py:830} INFO - Processing file /opt/airflow/dags/main.py for tasks to queue
[2026-03-06T09:08:05.100+0000] {logging_mixin.py:188} INFO - [2026-03-06T09:08:05.099+0000] {dagbag.py:545} INFO - Filling up the DagBag from /opt/airflow/dags/main.py
[2026-03-06T09:08:05.596+0000] {processor.py:840} INFO - DAG(s) 'data_quality', 'update_db', 'produce_json' retrieved from /opt/airflow/dags/main.py
[2026-03-06T09:08:05.804+0000] {logging_mixin.py:188} INFO - [2026-03-06T09:08:05.803+0000] {dag.py:3096} INFO - Sync 3 DAGs
[2026-03-06T09:08:05.949+0000] {logging_mixin.py:188} INFO - [2026-03-06T09:08:05.948+0000] {dag.py:3954} INFO - Setting next_dagrun for data_quality to None, run_after=None
[2026-03-06T09:08:05.972+0000] {logging_mixin.py:188} INFO - [2026-03-06T09:08:05.972+0000] {dag.py:3954} INFO - Setting next_dagrun for produce_json to 2026-03-05 14:00:00+00:00, run_after=2026-03-06 14:00:00+00:00
[2026-03-06T09:08:05.977+0000] {logging_mixin.py:188} INFO - [2026-03-06T09:08:05.977+0000] {dag.py:3954} INFO - Setting next_dagrun for update_db to None, run_after=None
[2026-03-06T09:08:06.048+0000] {processor.py:183} INFO - Processing /opt/airflow/dags/main.py took 1.057 seconds
[2026-03-06T09:08:36.948+0000] {processor.py:161} INFO - Started process (PID=1010) to work on /opt/airflow/dags/main.py
[2026-03-06T09:08:36.951+0000] {processor.py:830} INFO - Processing file /opt/airflow/dags/main.py for tasks to queue
[2026-03-06T09:08:36.955+0000] {logging_mixin.py:188} INFO - [2026-03-06T09:08:36.953+0000] {dagbag.py:545} INFO - Filling up the DagBag from /opt/airflow/dags/main.py
[2026-03-06T09:08:37.054+0000] {processor.py:840} INFO - DAG(s) 'produce_json', 'update_db', 'data_quality' retrieved from /opt/airflow/dags/main.py
[2026-03-06T09:08:37.140+0000] {logging_mixin.py:188} INFO - [2026-03-06T09:08:37.140+0000] {dag.py:3096} INFO - Sync 3 DAGs
[2026-03-06T09:08:37.198+0000] {logging_mixin.py:188} INFO - [2026-03-06T09:08:37.196+0000] {dag.py:3954} INFO - Setting next_dagrun for data_quality to None, run_after=None
[2026-03-06T09:08:37.217+0000] {logging_mixin.py:188} INFO - [2026-03-06T09:08:37.216+0000] {dag.py:3954} INFO - Setting next_dagrun for produce_json to 2026-03-05 14:00:00+00:00, run_after=2026-03-06 14:00:00+00:00
[2026-03-06T09:08:37.221+0000] {logging_mixin.py:188} INFO - [2026-03-06T09:08:37.221+0000] {dag.py:3954} INFO - Setting next_dagrun for update_db to None, run_after=None
[2026-03-06T09:08:37.287+0000] {processor.py:183} INFO - Processing /opt/airflow/dags/main.py took 0.355 seconds
[2026-03-06T09:09:07.685+0000] {processor.py:161} INFO - Started process (PID=1016) to work on /opt/airflow/dags/main.py
[2026-03-06T09:09:07.779+0000] {processor.py:830} INFO - Processing file /opt/airflow/dags/main.py for tasks to queue
[2026-03-06T09:09:07.790+0000] {logging_mixin.py:188} INFO - [2026-03-06T09:09:07.789+0000] {dagbag.py:545} INFO - Filling up the DagBag from /opt/airflow/dags/main.py
[2026-03-06T09:09:08.465+0000] {processor.py:840} INFO - DAG(s) 'update_db', 'produce_json', 'data_quality' retrieved from /opt/airflow/dags/main.py
[2026-03-06T09:09:08.897+0000] {logging_mixin.py:188} INFO - [2026-03-06T09:09:08.896+0000] {dag.py:3096} INFO - Sync 3 DAGs
[2026-03-06T09:09:09.083+0000] {logging_mixin.py:188} INFO - [2026-03-06T09:09:09.082+0000] {dag.py:3954} INFO - Setting next_dagrun for data_quality to None, run_after=None
[2026-03-06T09:09:09.194+0000] {logging_mixin.py:188} INFO - [2026-03-06T09:09:09.193+0000] {dag.py:3954} INFO - Setting next_dagrun for produce_json to 2026-03-05 14:00:00+00:00, run_after=2026-03-06 14:00:00+00:00
[2026-03-06T09:09:09.198+0000] {logging_mixin.py:188} INFO - [2026-03-06T09:09:09.197+0000] {dag.py:3954} INFO - Setting next_dagrun for update_db to None, run_after=None
[2026-03-06T09:09:09.310+0000] {processor.py:183} INFO - Processing /opt/airflow/dags/main.py took 1.703 seconds
[2026-03-06T09:09:39.722+0000] {processor.py:161} INFO - Started process (PID=1023) to work on /opt/airflow/dags/main.py
[2026-03-06T09:09:39.726+0000] {processor.py:830} INFO - Processing file /opt/airflow/dags/main.py for tasks to queue
[2026-03-06T09:09:39.736+0000] {logging_mixin.py:188} INFO - [2026-03-06T09:09:39.735+0000] {dagbag.py:545} INFO - Filling up the DagBag from /opt/airflow/dags/main.py
[2026-03-06T09:09:39.930+0000] {processor.py:840} INFO - DAG(s) 'data_quality', 'produce_json', 'update_db' retrieved from /opt/airflow/dags/main.py
[2026-03-06T09:09:40.178+0000] {logging_mixin.py:188} INFO - [2026-03-06T09:09:40.177+0000] {dag.py:3096} INFO - Sync 3 DAGs
[2026-03-06T09:09:40.247+0000] {logging_mixin.py:188} INFO - [2026-03-06T09:09:40.246+0000] {dag.py:3954} INFO - Setting next_dagrun for data_quality to None, run_after=None
[2026-03-06T09:09:40.272+0000] {logging_mixin.py:188} INFO - [2026-03-06T09:09:40.271+0000] {dag.py:3954} INFO - Setting next_dagrun for produce_json to 2026-03-05 14:00:00+00:00, run_after=2026-03-06 14:00:00+00:00
[2026-03-06T09:09:40.275+0000] {logging_mixin.py:188} INFO - [2026-03-06T09:09:40.275+0000] {dag.py:3954} INFO - Setting next_dagrun for update_db to None, run_after=None
[2026-03-06T09:09:40.316+0000] {processor.py:183} INFO - Processing /opt/airflow/dags/main.py took 0.651 seconds
[2026-03-06T09:10:11.203+0000] {processor.py:161} INFO - Started process (PID=1030) to work on /opt/airflow/dags/main.py
[2026-03-06T09:10:11.205+0000] {processor.py:830} INFO - Processing file /opt/airflow/dags/main.py for tasks to queue
[2026-03-06T09:10:11.208+0000] {logging_mixin.py:188} INFO - [2026-03-06T09:10:11.208+0000] {dagbag.py:545} INFO - Filling up the DagBag from /opt/airflow/dags/main.py
[2026-03-06T09:10:11.292+0000] {processor.py:840} INFO - DAG(s) 'produce_json', 'data_quality', 'update_db' retrieved from /opt/airflow/dags/main.py
[2026-03-06T09:10:11.372+0000] {logging_mixin.py:188} INFO - [2026-03-06T09:10:11.371+0000] {dag.py:3096} INFO - Sync 3 DAGs
[2026-03-06T09:10:11.422+0000] {logging_mixin.py:188} INFO - [2026-03-06T09:10:11.421+0000] {dag.py:3954} INFO - Setting next_dagrun for data_quality to None, run_after=None
[2026-03-06T09:10:11.434+0000] {logging_mixin.py:188} INFO - [2026-03-06T09:10:11.433+0000] {dag.py:3954} INFO - Setting next_dagrun for produce_json to 2026-03-05 14:00:00+00:00, run_after=2026-03-06 14:00:00+00:00
[2026-03-06T09:10:11.437+0000] {logging_mixin.py:188} INFO - [2026-03-06T09:10:11.437+0000] {dag.py:3954} INFO - Setting next_dagrun for update_db to None, run_after=None
[2026-03-06T09:10:11.484+0000] {processor.py:183} INFO - Processing /opt/airflow/dags/main.py took 0.297 seconds
[2026-03-06T09:10:42.188+0000] {processor.py:161} INFO - Started process (PID=1038) to work on /opt/airflow/dags/main.py
[2026-03-06T09:10:42.190+0000] {processor.py:830} INFO - Processing file /opt/airflow/dags/main.py for tasks to queue
[2026-03-06T09:10:42.193+0000] {logging_mixin.py:188} INFO - [2026-03-06T09:10:42.193+0000] {dagbag.py:545} INFO - Filling up the DagBag from /opt/airflow/dags/main.py
[2026-03-06T09:10:42.258+0000] {processor.py:840} INFO - DAG(s) 'data_quality', 'update_db', 'produce_json' retrieved from /opt/airflow/dags/main.py
[2026-03-06T09:10:42.330+0000] {logging_mixin.py:188} INFO - [2026-03-06T09:10:42.330+0000] {dag.py:3096} INFO - Sync 3 DAGs
[2026-03-06T09:10:42.377+0000] {logging_mixin.py:188} INFO - [2026-03-06T09:10:42.377+0000] {dag.py:3954} INFO - Setting next_dagrun for data_quality to None, run_after=None
[2026-03-06T09:10:42.387+0000] {logging_mixin.py:188} INFO - [2026-03-06T09:10:42.386+0000] {dag.py:3954} INFO - Setting next_dagrun for produce_json to 2026-03-05 14:00:00+00:00, run_after=2026-03-06 14:00:00+00:00
[2026-03-06T09:10:42.390+0000] {logging_mixin.py:188} INFO - [2026-03-06T09:10:42.390+0000] {dag.py:3954} INFO - Setting next_dagrun for update_db to None, run_after=None
[2026-03-06T09:10:42.439+0000] {processor.py:183} INFO - Processing /opt/airflow/dags/main.py took 0.262 seconds
[2026-03-06T10:22:38.588+0000] {processor.py:161} INFO - Started process (PID=1039) to work on /opt/airflow/dags/main.py
[2026-03-06T10:22:38.602+0000] {processor.py:830} INFO - Processing file /opt/airflow/dags/main.py for tasks to queue
[2026-03-06T10:22:38.605+0000] {logging_mixin.py:188} INFO - [2026-03-06T10:22:38.604+0000] {dagbag.py:545} INFO - Filling up the DagBag from /opt/airflow/dags/main.py
[2026-03-06T10:22:38.674+0000] {processor.py:840} INFO - DAG(s) 'data_quality', 'produce_json', 'update_db' retrieved from /opt/airflow/dags/main.py
[2026-03-06T10:22:38.816+0000] {logging_mixin.py:188} INFO - [2026-03-06T10:22:38.816+0000] {dag.py:3096} INFO - Sync 3 DAGs
[2026-03-06T10:22:38.902+0000] {logging_mixin.py:188} INFO - [2026-03-06T10:22:38.902+0000] {dag.py:3954} INFO - Setting next_dagrun for data_quality to None, run_after=None
[2026-03-06T10:22:38.932+0000] {logging_mixin.py:188} INFO - [2026-03-06T10:22:38.932+0000] {dag.py:3954} INFO - Setting next_dagrun for produce_json to 2026-03-05 14:00:00+00:00, run_after=2026-03-06 14:00:00+00:00
[2026-03-06T10:22:38.934+0000] {logging_mixin.py:188} INFO - [2026-03-06T10:22:38.934+0000] {dag.py:3954} INFO - Setting next_dagrun for update_db to None, run_after=None
[2026-03-06T10:22:38.973+0000] {processor.py:183} INFO - Processing /opt/airflow/dags/main.py took 0.398 seconds
[2026-03-06T10:23:13.136+0000] {processor.py:161} INFO - Started process (PID=1046) to work on /opt/airflow/dags/main.py
[2026-03-06T10:23:13.156+0000] {processor.py:830} INFO - Processing file /opt/airflow/dags/main.py for tasks to queue
[2026-03-06T10:23:13.170+0000] {logging_mixin.py:188} INFO - [2026-03-06T10:23:13.168+0000] {dagbag.py:545} INFO - Filling up the DagBag from /opt/airflow/dags/main.py
[2026-03-06T10:23:13.504+0000] {processor.py:840} INFO - DAG(s) 'produce_json', 'update_db', 'data_quality' retrieved from /opt/airflow/dags/main.py
[2026-03-06T10:23:13.824+0000] {logging_mixin.py:188} INFO - [2026-03-06T10:23:13.824+0000] {dag.py:3096} INFO - Sync 3 DAGs
[2026-03-06T10:23:13.933+0000] {logging_mixin.py:188} INFO - [2026-03-06T10:23:13.932+0000] {dag.py:3954} INFO - Setting next_dagrun for data_quality to None, run_after=None
[2026-03-06T10:23:13.957+0000] {logging_mixin.py:188} INFO - [2026-03-06T10:23:13.956+0000] {dag.py:3954} INFO - Setting next_dagrun for produce_json to 2026-03-05 14:00:00+00:00, run_after=2026-03-06 14:00:00+00:00
[2026-03-06T10:23:13.960+0000] {logging_mixin.py:188} INFO - [2026-03-06T10:23:13.959+0000] {dag.py:3954} INFO - Setting next_dagrun for update_db to None, run_after=None
[2026-03-06T10:23:14.092+0000] {processor.py:183} INFO - Processing /opt/airflow/dags/main.py took 1.062 seconds
[2026-03-06T11:42:38.219+0000] {processor.py:161} INFO - Started process (PID=1052) to work on /opt/airflow/dags/main.py
[2026-03-06T11:42:38.258+0000] {processor.py:830} INFO - Processing file /opt/airflow/dags/main.py for tasks to queue
[2026-03-06T11:42:38.310+0000] {logging_mixin.py:188} INFO - [2026-03-06T11:42:38.309+0000] {dagbag.py:545} INFO - Filling up the DagBag from /opt/airflow/dags/main.py
[2026-03-06T11:42:38.773+0000] {processor.py:840} INFO - DAG(s) 'produce_json', 'update_db', 'data_quality' retrieved from /opt/airflow/dags/main.py
[2026-03-06T11:42:43.634+0000] {logging_mixin.py:188} INFO - [2026-03-06T11:42:43.633+0000] {dag.py:3096} INFO - Sync 3 DAGs
[2026-03-06T11:42:43.862+0000] {logging_mixin.py:188} INFO - [2026-03-06T11:42:43.855+0000] {dag.py:3954} INFO - Setting next_dagrun for data_quality to None, run_after=None
[2026-03-06T11:42:43.920+0000] {logging_mixin.py:188} INFO - [2026-03-06T11:42:43.919+0000] {dag.py:3954} INFO - Setting next_dagrun for produce_json to 2026-03-05 14:00:00+00:00, run_after=2026-03-06 14:00:00+00:00
[2026-03-06T11:42:43.928+0000] {logging_mixin.py:188} INFO - [2026-03-06T11:42:43.928+0000] {dag.py:3954} INFO - Setting next_dagrun for update_db to None, run_after=None
[2026-03-06T11:42:43.998+0000] {processor.py:183} INFO - Processing /opt/airflow/dags/main.py took 5.990 seconds
[2026-03-06T12:14:45.207+0000] {processor.py:161} INFO - Started process (PID=1059) to work on /opt/airflow/dags/main.py
[2026-03-06T12:14:45.233+0000] {processor.py:830} INFO - Processing file /opt/airflow/dags/main.py for tasks to queue
[2026-03-06T12:14:45.235+0000] {logging_mixin.py:188} INFO - [2026-03-06T12:14:45.235+0000] {dagbag.py:545} INFO - Filling up the DagBag from /opt/airflow/dags/main.py
[2026-03-06T12:14:45.609+0000] {processor.py:840} INFO - DAG(s) 'data_quality', 'produce_json', 'update_db' retrieved from /opt/airflow/dags/main.py
[2026-03-06T12:14:45.949+0000] {logging_mixin.py:188} INFO - [2026-03-06T12:14:45.949+0000] {dag.py:3096} INFO - Sync 3 DAGs
[2026-03-06T12:14:45.996+0000] {logging_mixin.py:188} INFO - [2026-03-06T12:14:45.995+0000] {dag.py:3954} INFO - Setting next_dagrun for data_quality to None, run_after=None
[2026-03-06T12:14:46.006+0000] {logging_mixin.py:188} INFO - [2026-03-06T12:14:46.006+0000] {dag.py:3954} INFO - Setting next_dagrun for produce_json to 2026-03-05 14:00:00+00:00, run_after=2026-03-06 14:00:00+00:00
[2026-03-06T12:14:46.008+0000] {logging_mixin.py:188} INFO - [2026-03-06T12:14:46.008+0000] {dag.py:3954} INFO - Setting next_dagrun for update_db to None, run_after=None
[2026-03-06T12:14:46.040+0000] {processor.py:183} INFO - Processing /opt/airflow/dags/main.py took 0.885 seconds
[2026-03-06T12:15:16.802+0000] {processor.py:161} INFO - Started process (PID=1072) to work on /opt/airflow/dags/main.py
[2026-03-06T12:15:16.806+0000] {processor.py:830} INFO - Processing file /opt/airflow/dags/main.py for tasks to queue
[2026-03-06T12:15:16.815+0000] {logging_mixin.py:188} INFO - [2026-03-06T12:15:16.814+0000] {dagbag.py:545} INFO - Filling up the DagBag from /opt/airflow/dags/main.py
[2026-03-06T12:15:16.950+0000] {processor.py:840} INFO - DAG(s) 'data_quality', 'produce_json', 'update_db' retrieved from /opt/airflow/dags/main.py
[2026-03-06T12:15:17.040+0000] {logging_mixin.py:188} INFO - [2026-03-06T12:15:17.039+0000] {dag.py:3096} INFO - Sync 3 DAGs
[2026-03-06T12:15:17.162+0000] {logging_mixin.py:188} INFO - [2026-03-06T12:15:17.160+0000] {dag.py:3954} INFO - Setting next_dagrun for data_quality to None, run_after=None
[2026-03-06T12:15:17.182+0000] {logging_mixin.py:188} INFO - [2026-03-06T12:15:17.181+0000] {dag.py:3954} INFO - Setting next_dagrun for produce_json to 2026-03-05 14:00:00+00:00, run_after=2026-03-06 14:00:00+00:00
[2026-03-06T12:15:17.186+0000] {logging_mixin.py:188} INFO - [2026-03-06T12:15:17.186+0000] {dag.py:3954} INFO - Setting next_dagrun for update_db to None, run_after=None
[2026-03-06T12:15:17.246+0000] {processor.py:183} INFO - Processing /opt/airflow/dags/main.py took 0.474 seconds
[2026-03-06T12:15:47.935+0000] {processor.py:161} INFO - Started process (PID=1080) to work on /opt/airflow/dags/main.py
[2026-03-06T12:15:47.938+0000] {processor.py:830} INFO - Processing file /opt/airflow/dags/main.py for tasks to queue
[2026-03-06T12:15:47.941+0000] {logging_mixin.py:188} INFO - [2026-03-06T12:15:47.941+0000] {dagbag.py:545} INFO - Filling up the DagBag from /opt/airflow/dags/main.py
[2026-03-06T12:15:48.062+0000] {processor.py:840} INFO - DAG(s) 'data_quality', 'update_db', 'produce_json' retrieved from /opt/airflow/dags/main.py
[2026-03-06T12:15:48.173+0000] {logging_mixin.py:188} INFO - [2026-03-06T12:15:48.173+0000] {dag.py:3096} INFO - Sync 3 DAGs
[2026-03-06T12:15:48.222+0000] {logging_mixin.py:188} INFO - [2026-03-06T12:15:48.222+0000] {dag.py:3954} INFO - Setting next_dagrun for data_quality to None, run_after=None
[2026-03-06T12:15:48.236+0000] {logging_mixin.py:188} INFO - [2026-03-06T12:15:48.236+0000] {dag.py:3954} INFO - Setting next_dagrun for produce_json to 2026-03-05 14:00:00+00:00, run_after=2026-03-06 14:00:00+00:00
[2026-03-06T12:15:48.238+0000] {logging_mixin.py:188} INFO - [2026-03-06T12:15:48.238+0000] {dag.py:3954} INFO - Setting next_dagrun for update_db to None, run_after=None
[2026-03-06T12:15:48.271+0000] {processor.py:183} INFO - Processing /opt/airflow/dags/main.py took 0.363 seconds
[2026-03-06T12:21:09.385+0000] {processor.py:161} INFO - Started process (PID=1081) to work on /opt/airflow/dags/main.py
[2026-03-06T12:21:09.418+0000] {processor.py:830} INFO - Processing file /opt/airflow/dags/main.py for tasks to queue
[2026-03-06T12:21:09.439+0000] {logging_mixin.py:188} INFO - [2026-03-06T12:21:09.438+0000] {dagbag.py:545} INFO - Filling up the DagBag from /opt/airflow/dags/main.py
[2026-03-06T12:21:09.636+0000] {processor.py:840} INFO - DAG(s) 'update_db', 'data_quality', 'produce_json' retrieved from /opt/airflow/dags/main.py
[2026-03-06T12:21:09.879+0000] {logging_mixin.py:188} INFO - [2026-03-06T12:21:09.878+0000] {dag.py:3096} INFO - Sync 3 DAGs
[2026-03-06T12:21:09.997+0000] {logging_mixin.py:188} INFO - [2026-03-06T12:21:09.996+0000] {dag.py:3954} INFO - Setting next_dagrun for data_quality to None, run_after=None
[2026-03-06T12:21:10.015+0000] {logging_mixin.py:188} INFO - [2026-03-06T12:21:10.015+0000] {dag.py:3954} INFO - Setting next_dagrun for produce_json to 2026-03-05 14:00:00+00:00, run_after=2026-03-06 14:00:00+00:00
[2026-03-06T12:21:10.033+0000] {logging_mixin.py:188} INFO - [2026-03-06T12:21:10.033+0000] {dag.py:3954} INFO - Setting next_dagrun for update_db to None, run_after=None
[2026-03-06T12:21:10.127+0000] {processor.py:183} INFO - Processing /opt/airflow/dags/main.py took 0.812 seconds
[2026-03-06T12:30:05.374+0000] {processor.py:161} INFO - Started process (PID=1094) to work on /opt/airflow/dags/main.py
[2026-03-06T12:30:05.376+0000] {processor.py:830} INFO - Processing file /opt/airflow/dags/main.py for tasks to queue
[2026-03-06T12:30:05.378+0000] {logging_mixin.py:188} INFO - [2026-03-06T12:30:05.377+0000] {dagbag.py:545} INFO - Filling up the DagBag from /opt/airflow/dags/main.py
[2026-03-06T12:30:05.486+0000] {processor.py:840} INFO - DAG(s) 'update_db', 'data_quality', 'produce_json' retrieved from /opt/airflow/dags/main.py
[2026-03-06T12:30:05.560+0000] {logging_mixin.py:188} INFO - [2026-03-06T12:30:05.559+0000] {dag.py:3096} INFO - Sync 3 DAGs
[2026-03-06T12:30:05.598+0000] {logging_mixin.py:188} INFO - [2026-03-06T12:30:05.597+0000] {dag.py:3954} INFO - Setting next_dagrun for data_quality to None, run_after=None
[2026-03-06T12:30:05.611+0000] {logging_mixin.py:188} INFO - [2026-03-06T12:30:05.610+0000] {dag.py:3954} INFO - Setting next_dagrun for produce_json to 2026-03-05 14:00:00+00:00, run_after=2026-03-06 14:00:00+00:00
[2026-03-06T12:30:05.615+0000] {logging_mixin.py:188} INFO - [2026-03-06T12:30:05.614+0000] {dag.py:3954} INFO - Setting next_dagrun for update_db to None, run_after=None
[2026-03-06T12:30:05.648+0000] {processor.py:183} INFO - Processing /opt/airflow/dags/main.py took 0.485 seconds
[2026-03-06T12:30:36.500+0000] {processor.py:161} INFO - Started process (PID=1101) to work on /opt/airflow/dags/main.py
[2026-03-06T12:30:36.503+0000] {processor.py:830} INFO - Processing file /opt/airflow/dags/main.py for tasks to queue
[2026-03-06T12:30:36.504+0000] {logging_mixin.py:188} INFO - [2026-03-06T12:30:36.504+0000] {dagbag.py:545} INFO - Filling up the DagBag from /opt/airflow/dags/main.py
[2026-03-06T12:30:36.569+0000] {processor.py:840} INFO - DAG(s) 'update_db', 'data_quality', 'produce_json' retrieved from /opt/airflow/dags/main.py
[2026-03-06T12:30:36.626+0000] {logging_mixin.py:188} INFO - [2026-03-06T12:30:36.626+0000] {dag.py:3096} INFO - Sync 3 DAGs
[2026-03-06T12:30:36.661+0000] {logging_mixin.py:188} INFO - [2026-03-06T12:30:36.661+0000] {dag.py:3954} INFO - Setting next_dagrun for data_quality to None, run_after=None
[2026-03-06T12:30:36.670+0000] {logging_mixin.py:188} INFO - [2026-03-06T12:30:36.670+0000] {dag.py:3954} INFO - Setting next_dagrun for produce_json to 2026-03-05 14:00:00+00:00, run_after=2026-03-06 14:00:00+00:00
[2026-03-06T12:30:36.673+0000] {logging_mixin.py:188} INFO - [2026-03-06T12:30:36.673+0000] {dag.py:3954} INFO - Setting next_dagrun for update_db to None, run_after=None
[2026-03-06T12:30:36.712+0000] {processor.py:183} INFO - Processing /opt/airflow/dags/main.py took 0.225 seconds
[2026-03-06T12:31:06.879+0000] {processor.py:161} INFO - Started process (PID=1108) to work on /opt/airflow/dags/main.py
[2026-03-06T12:31:06.881+0000] {processor.py:830} INFO - Processing file /opt/airflow/dags/main.py for tasks to queue
[2026-03-06T12:31:06.882+0000] {logging_mixin.py:188} INFO - [2026-03-06T12:31:06.882+0000] {dagbag.py:545} INFO - Filling up the DagBag from /opt/airflow/dags/main.py
[2026-03-06T12:31:06.951+0000] {processor.py:840} INFO - DAG(s) 'data_quality', 'update_db', 'produce_json' retrieved from /opt/airflow/dags/main.py
[2026-03-06T12:31:07.015+0000] {logging_mixin.py:188} INFO - [2026-03-06T12:31:07.015+0000] {dag.py:3096} INFO - Sync 3 DAGs
[2026-03-06T12:31:07.048+0000] {logging_mixin.py:188} INFO - [2026-03-06T12:31:07.048+0000] {dag.py:3954} INFO - Setting next_dagrun for data_quality to None, run_after=None
[2026-03-06T12:31:07.057+0000] {logging_mixin.py:188} INFO - [2026-03-06T12:31:07.057+0000] {dag.py:3954} INFO - Setting next_dagrun for produce_json to 2026-03-05 14:00:00+00:00, run_after=2026-03-06 14:00:00+00:00
[2026-03-06T12:31:07.060+0000] {logging_mixin.py:188} INFO - [2026-03-06T12:31:07.060+0000] {dag.py:3954} INFO - Setting next_dagrun for update_db to None, run_after=None
[2026-03-06T12:31:07.100+0000] {processor.py:183} INFO - Processing /opt/airflow/dags/main.py took 0.232 seconds
[2026-03-06T13:36:35.027+0000] {processor.py:161} INFO - Started process (PID=1116) to work on /opt/airflow/dags/main.py
[2026-03-06T13:36:35.039+0000] {processor.py:830} INFO - Processing file /opt/airflow/dags/main.py for tasks to queue
[2026-03-06T13:36:35.041+0000] {logging_mixin.py:188} INFO - [2026-03-06T13:36:35.041+0000] {dagbag.py:545} INFO - Filling up the DagBag from /opt/airflow/dags/main.py
[2026-03-06T13:36:35.115+0000] {processor.py:840} INFO - DAG(s) 'produce_json', 'update_db', 'data_quality' retrieved from /opt/airflow/dags/main.py
[2026-03-06T13:36:35.167+0000] {logging_mixin.py:188} INFO - [2026-03-06T13:36:35.166+0000] {dag.py:3096} INFO - Sync 3 DAGs
[2026-03-06T13:36:35.196+0000] {logging_mixin.py:188} INFO - [2026-03-06T13:36:35.196+0000] {dag.py:3954} INFO - Setting next_dagrun for data_quality to None, run_after=None
[2026-03-06T13:36:35.204+0000] {logging_mixin.py:188} INFO - [2026-03-06T13:36:35.204+0000] {dag.py:3954} INFO - Setting next_dagrun for produce_json to 2026-03-05 14:00:00+00:00, run_after=2026-03-06 14:00:00+00:00
[2026-03-06T13:36:35.206+0000] {logging_mixin.py:188} INFO - [2026-03-06T13:36:35.206+0000] {dag.py:3954} INFO - Setting next_dagrun for update_db to None, run_after=None
[2026-03-06T13:36:35.232+0000] {processor.py:183} INFO - Processing /opt/airflow/dags/main.py took 0.261 seconds
[2026-03-06T13:48:03.000+0000] {processor.py:161} INFO - Started process (PID=1117) to work on /opt/airflow/dags/main.py
[2026-03-06T13:48:03.073+0000] {processor.py:830} INFO - Processing file /opt/airflow/dags/main.py for tasks to queue
[2026-03-06T13:48:03.075+0000] {logging_mixin.py:188} INFO - [2026-03-06T13:48:03.074+0000] {dagbag.py:545} INFO - Filling up the DagBag from /opt/airflow/dags/main.py
[2026-03-06T13:48:03.195+0000] {processor.py:840} INFO - DAG(s) 'data_quality', 'update_db', 'produce_json' retrieved from /opt/airflow/dags/main.py
[2026-03-06T13:48:03.572+0000] {logging_mixin.py:188} INFO - [2026-03-06T13:48:03.570+0000] {dag.py:3096} INFO - Sync 3 DAGs
[2026-03-06T13:48:03.624+0000] {logging_mixin.py:188} INFO - [2026-03-06T13:48:03.623+0000] {dag.py:3954} INFO - Setting next_dagrun for data_quality to None, run_after=None
[2026-03-06T13:48:03.633+0000] {logging_mixin.py:188} INFO - [2026-03-06T13:48:03.633+0000] {dag.py:3954} INFO - Setting next_dagrun for produce_json to 2026-03-05 14:00:00+00:00, run_after=2026-03-06 14:00:00+00:00
[2026-03-06T13:48:03.636+0000] {logging_mixin.py:188} INFO - [2026-03-06T13:48:03.635+0000] {dag.py:3954} INFO - Setting next_dagrun for update_db to None, run_after=None
[2026-03-06T13:48:03.667+0000] {processor.py:183} INFO - Processing /opt/airflow/dags/main.py took 0.681 seconds
[2026-03-06T17:47:36.722+0000] {processor.py:161} INFO - Started process (PID=1124) to work on /opt/airflow/dags/main.py
[2026-03-06T17:47:36.751+0000] {processor.py:830} INFO - Processing file /opt/airflow/dags/main.py for tasks to queue
[2026-03-06T17:47:36.753+0000] {logging_mixin.py:188} INFO - [2026-03-06T17:47:36.752+0000] {dagbag.py:545} INFO - Filling up the DagBag from /opt/airflow/dags/main.py
[2026-03-06T17:47:37.127+0000] {processor.py:840} INFO - DAG(s) 'data_quality', 'update_db', 'produce_json' retrieved from /opt/airflow/dags/main.py
[2026-03-06T17:47:37.641+0000] {logging_mixin.py:188} INFO - [2026-03-06T17:47:37.628+0000] {dag.py:3096} INFO - Sync 3 DAGs
[2026-03-06T17:47:39.209+0000] {logging_mixin.py:188} INFO - [2026-03-06T17:47:39.208+0000] {dag.py:3954} INFO - Setting next_dagrun for data_quality to None, run_after=None
[2026-03-06T17:47:39.259+0000] {logging_mixin.py:188} INFO - [2026-03-06T17:47:39.258+0000] {dag.py:3954} INFO - Setting next_dagrun for produce_json to 2026-03-06 14:00:00+00:00, run_after=2026-03-07 14:00:00+00:00
[2026-03-06T17:47:39.268+0000] {logging_mixin.py:188} INFO - [2026-03-06T17:47:39.267+0000] {dag.py:3954} INFO - Setting next_dagrun for update_db to None, run_after=None
[2026-03-06T17:47:39.691+0000] {processor.py:183} INFO - Processing /opt/airflow/dags/main.py took 2.980 seconds
[2026-03-06T17:48:33.094+0000] {processor.py:161} INFO - Started process (PID=1137) to work on /opt/airflow/dags/main.py
[2026-03-06T17:48:33.124+0000] {processor.py:830} INFO - Processing file /opt/airflow/dags/main.py for tasks to queue
[2026-03-06T17:48:33.125+0000] {logging_mixin.py:188} INFO - [2026-03-06T17:48:33.125+0000] {dagbag.py:545} INFO - Filling up the DagBag from /opt/airflow/dags/main.py
[2026-03-06T17:48:33.205+0000] {processor.py:840} INFO - DAG(s) 'update_db', 'produce_json', 'data_quality' retrieved from /opt/airflow/dags/main.py
[2026-03-06T17:48:33.644+0000] {logging_mixin.py:188} INFO - [2026-03-06T17:48:33.643+0000] {dag.py:3096} INFO - Sync 3 DAGs
[2026-03-06T17:48:37.309+0000] {logging_mixin.py:188} INFO - [2026-03-06T17:48:37.308+0000] {dag.py:3954} INFO - Setting next_dagrun for data_quality to None, run_after=None
[2026-03-06T17:48:37.321+0000] {logging_mixin.py:188} INFO - [2026-03-06T17:48:37.321+0000] {dag.py:3954} INFO - Setting next_dagrun for produce_json to 2026-03-06 14:00:00+00:00, run_after=2026-03-07 14:00:00+00:00
[2026-03-06T17:48:37.324+0000] {logging_mixin.py:188} INFO - [2026-03-06T17:48:37.324+0000] {dag.py:3954} INFO - Setting next_dagrun for update_db to None, run_after=None
[2026-03-06T17:48:37.360+0000] {processor.py:183} INFO - Processing /opt/airflow/dags/main.py took 4.315 seconds
[2026-03-06T17:49:07.642+0000] {processor.py:161} INFO - Started process (PID=1144) to work on /opt/airflow/dags/main.py
[2026-03-06T17:49:07.645+0000] {processor.py:830} INFO - Processing file /opt/airflow/dags/main.py for tasks to queue
[2026-03-06T17:49:07.647+0000] {logging_mixin.py:188} INFO - [2026-03-06T17:49:07.646+0000] {dagbag.py:545} INFO - Filling up the DagBag from /opt/airflow/dags/main.py
[2026-03-06T17:49:07.752+0000] {processor.py:840} INFO - DAG(s) 'data_quality', 'update_db', 'produce_json' retrieved from /opt/airflow/dags/main.py
[2026-03-06T17:49:07.817+0000] {logging_mixin.py:188} INFO - [2026-03-06T17:49:07.817+0000] {dag.py:3096} INFO - Sync 3 DAGs
[2026-03-06T17:49:07.860+0000] {logging_mixin.py:188} INFO - [2026-03-06T17:49:07.859+0000] {dag.py:3954} INFO - Setting next_dagrun for data_quality to None, run_after=None
[2026-03-06T17:49:07.873+0000] {logging_mixin.py:188} INFO - [2026-03-06T17:49:07.873+0000] {dag.py:3954} INFO - Setting next_dagrun for produce_json to 2026-03-06 14:00:00+00:00, run_after=2026-03-07 14:00:00+00:00
[2026-03-06T17:49:07.877+0000] {logging_mixin.py:188} INFO - [2026-03-06T17:49:07.877+0000] {dag.py:3954} INFO - Setting next_dagrun for update_db to None, run_after=None
[2026-03-06T17:49:07.922+0000] {processor.py:183} INFO - Processing /opt/airflow/dags/main.py took 0.297 seconds
[2026-03-06T21:54:45.754+0000] {processor.py:161} INFO - Started process (PID=1151) to work on /opt/airflow/dags/main.py
[2026-03-06T21:54:45.770+0000] {processor.py:830} INFO - Processing file /opt/airflow/dags/main.py for tasks to queue
[2026-03-06T21:54:45.969+0000] {logging_mixin.py:188} INFO - [2026-03-06T21:54:45.772+0000] {dagbag.py:545} INFO - Filling up the DagBag from /opt/airflow/dags/main.py
[2026-03-06T21:54:46.198+0000] {processor.py:840} INFO - DAG(s) 'update_db', 'produce_json', 'data_quality' retrieved from /opt/airflow/dags/main.py
[2026-03-06T21:54:47.070+0000] {logging_mixin.py:188} INFO - [2026-03-06T21:54:47.066+0000] {dag.py:3096} INFO - Sync 3 DAGs
[2026-03-06T21:54:47.669+0000] {logging_mixin.py:188} INFO - [2026-03-06T21:54:47.668+0000] {dag.py:3954} INFO - Setting next_dagrun for data_quality to None, run_after=None
[2026-03-06T21:54:47.826+0000] {logging_mixin.py:188} INFO - [2026-03-06T21:54:47.826+0000] {dag.py:3954} INFO - Setting next_dagrun for produce_json to 2026-03-06 14:00:00+00:00, run_after=2026-03-07 14:00:00+00:00
[2026-03-06T21:54:47.914+0000] {logging_mixin.py:188} INFO - [2026-03-06T21:54:47.914+0000] {dag.py:3954} INFO - Setting next_dagrun for update_db to None, run_after=None
[2026-03-06T21:54:48.108+0000] {processor.py:183} INFO - Processing /opt/airflow/dags/main.py took 3.453 seconds
[2026-03-06T21:55:18.718+0000] {processor.py:161} INFO - Started process (PID=1164) to work on /opt/airflow/dags/main.py
[2026-03-06T21:55:18.734+0000] {processor.py:830} INFO - Processing file /opt/airflow/dags/main.py for tasks to queue
[2026-03-06T21:55:18.751+0000] {logging_mixin.py:188} INFO - [2026-03-06T21:55:18.735+0000] {dagbag.py:545} INFO - Filling up the DagBag from /opt/airflow/dags/main.py
[2026-03-06T21:55:19.125+0000] {processor.py:840} INFO - DAG(s) 'produce_json', 'data_quality', 'update_db' retrieved from /opt/airflow/dags/main.py
[2026-03-06T21:55:19.291+0000] {logging_mixin.py:188} INFO - [2026-03-06T21:55:19.289+0000] {dag.py:3096} INFO - Sync 3 DAGs
[2026-03-06T21:55:19.416+0000] {logging_mixin.py:188} INFO - [2026-03-06T21:55:19.415+0000] {dag.py:3954} INFO - Setting next_dagrun for data_quality to None, run_after=None
[2026-03-06T21:55:19.441+0000] {logging_mixin.py:188} INFO - [2026-03-06T21:55:19.440+0000] {dag.py:3954} INFO - Setting next_dagrun for produce_json to 2026-03-06 14:00:00+00:00, run_after=2026-03-07 14:00:00+00:00
[2026-03-06T21:55:19.446+0000] {logging_mixin.py:188} INFO - [2026-03-06T21:55:19.445+0000] {dag.py:3954} INFO - Setting next_dagrun for update_db to None, run_after=None
[2026-03-06T21:55:19.505+0000] {processor.py:183} INFO - Processing /opt/airflow/dags/main.py took 0.816 seconds
[2026-03-06T21:55:50.193+0000] {processor.py:161} INFO - Started process (PID=1170) to work on /opt/airflow/dags/main.py
[2026-03-06T21:55:50.197+0000] {processor.py:830} INFO - Processing file /opt/airflow/dags/main.py for tasks to queue
[2026-03-06T21:55:50.200+0000] {logging_mixin.py:188} INFO - [2026-03-06T21:55:50.199+0000] {dagbag.py:545} INFO - Filling up the DagBag from /opt/airflow/dags/main.py
[2026-03-06T21:55:50.694+0000] {processor.py:840} INFO - DAG(s) 'data_quality', 'update_db', 'produce_json' retrieved from /opt/airflow/dags/main.py
[2026-03-06T21:55:51.101+0000] {logging_mixin.py:188} INFO - [2026-03-06T21:55:51.099+0000] {dag.py:3096} INFO - Sync 3 DAGs
[2026-03-06T21:55:51.438+0000] {logging_mixin.py:188} INFO - [2026-03-06T21:55:51.437+0000] {dag.py:3954} INFO - Setting next_dagrun for data_quality to None, run_after=None
[2026-03-06T21:55:51.537+0000] {logging_mixin.py:188} INFO - [2026-03-06T21:55:51.527+0000] {dag.py:3954} INFO - Setting next_dagrun for produce_json to 2026-03-06 14:00:00+00:00, run_after=2026-03-07 14:00:00+00:00
[2026-03-06T21:55:51.576+0000] {logging_mixin.py:188} INFO - [2026-03-06T21:55:51.576+0000] {dag.py:3954} INFO - Setting next_dagrun for update_db to None, run_after=None
[2026-03-06T21:55:51.721+0000] {processor.py:183} INFO - Processing /opt/airflow/dags/main.py took 1.597 seconds
[2026-03-06T21:56:24.167+0000] {processor.py:161} INFO - Started process (PID=1177) to work on /opt/airflow/dags/main.py
[2026-03-06T21:56:24.176+0000] {processor.py:830} INFO - Processing file /opt/airflow/dags/main.py for tasks to queue
[2026-03-06T21:56:24.177+0000] {logging_mixin.py:188} INFO - [2026-03-06T21:56:24.177+0000] {dagbag.py:545} INFO - Filling up the DagBag from /opt/airflow/dags/main.py
[2026-03-06T21:56:24.506+0000] {processor.py:840} INFO - DAG(s) 'produce_json', 'data_quality', 'update_db' retrieved from /opt/airflow/dags/main.py
[2026-03-06T21:56:24.840+0000] {logging_mixin.py:188} INFO - [2026-03-06T21:56:24.839+0000] {dag.py:3096} INFO - Sync 3 DAGs
[2026-03-06T21:56:25.027+0000] {logging_mixin.py:188} INFO - [2026-03-06T21:56:25.026+0000] {dag.py:3954} INFO - Setting next_dagrun for data_quality to None, run_after=None
[2026-03-06T21:56:25.109+0000] {logging_mixin.py:188} INFO - [2026-03-06T21:56:25.108+0000] {dag.py:3954} INFO - Setting next_dagrun for produce_json to 2026-03-06 14:00:00+00:00, run_after=2026-03-07 14:00:00+00:00
[2026-03-06T21:56:25.114+0000] {logging_mixin.py:188} INFO - [2026-03-06T21:56:25.113+0000] {dag.py:3954} INFO - Setting next_dagrun for update_db to None, run_after=None
[2026-03-06T21:56:25.276+0000] {processor.py:183} INFO - Processing /opt/airflow/dags/main.py took 1.206 seconds
[2026-03-06T21:56:55.754+0000] {processor.py:161} INFO - Started process (PID=1184) to work on /opt/airflow/dags/main.py
[2026-03-06T21:56:55.761+0000] {processor.py:830} INFO - Processing file /opt/airflow/dags/main.py for tasks to queue
[2026-03-06T21:56:55.766+0000] {logging_mixin.py:188} INFO - [2026-03-06T21:56:55.766+0000] {dagbag.py:545} INFO - Filling up the DagBag from /opt/airflow/dags/main.py
[2026-03-06T21:56:56.113+0000] {processor.py:840} INFO - DAG(s) 'update_db', 'data_quality', 'produce_json' retrieved from /opt/airflow/dags/main.py
[2026-03-06T21:56:56.342+0000] {logging_mixin.py:188} INFO - [2026-03-06T21:56:56.341+0000] {dag.py:3096} INFO - Sync 3 DAGs
[2026-03-06T21:56:56.537+0000] {logging_mixin.py:188} INFO - [2026-03-06T21:56:56.537+0000] {dag.py:3954} INFO - Setting next_dagrun for data_quality to None, run_after=None
[2026-03-06T21:56:56.552+0000] {logging_mixin.py:188} INFO - [2026-03-06T21:56:56.551+0000] {dag.py:3954} INFO - Setting next_dagrun for produce_json to 2026-03-06 14:00:00+00:00, run_after=2026-03-07 14:00:00+00:00
[2026-03-06T21:56:56.555+0000] {logging_mixin.py:188} INFO - [2026-03-06T21:56:56.554+0000] {dag.py:3954} INFO - Setting next_dagrun for update_db to None, run_after=None
[2026-03-06T21:56:56.764+0000] {processor.py:183} INFO - Processing /opt/airflow/dags/main.py took 1.122 seconds
[2026-03-06T21:57:27.266+0000] {processor.py:161} INFO - Started process (PID=1191) to work on /opt/airflow/dags/main.py
[2026-03-06T21:57:27.271+0000] {processor.py:830} INFO - Processing file /opt/airflow/dags/main.py for tasks to queue
[2026-03-06T21:57:27.276+0000] {logging_mixin.py:188} INFO - [2026-03-06T21:57:27.274+0000] {dagbag.py:545} INFO - Filling up the DagBag from /opt/airflow/dags/main.py
[2026-03-06T21:57:27.458+0000] {processor.py:840} INFO - DAG(s) 'produce_json', 'data_quality', 'update_db' retrieved from /opt/airflow/dags/main.py
[2026-03-06T21:57:27.607+0000] {logging_mixin.py:188} INFO - [2026-03-06T21:57:27.606+0000] {dag.py:3096} INFO - Sync 3 DAGs
[2026-03-06T21:57:27.669+0000] {logging_mixin.py:188} INFO - [2026-03-06T21:57:27.669+0000] {dag.py:3954} INFO - Setting next_dagrun for data_quality to None, run_after=None
[2026-03-06T21:57:27.689+0000] {logging_mixin.py:188} INFO - [2026-03-06T21:57:27.688+0000] {dag.py:3954} INFO - Setting next_dagrun for produce_json to 2026-03-06 14:00:00+00:00, run_after=2026-03-07 14:00:00+00:00
[2026-03-06T21:57:27.695+0000] {logging_mixin.py:188} INFO - [2026-03-06T21:57:27.694+0000] {dag.py:3954} INFO - Setting next_dagrun for update_db to None, run_after=None
[2026-03-06T21:57:27.769+0000] {processor.py:183} INFO - Processing /opt/airflow/dags/main.py took 0.522 seconds
[2026-03-06T21:57:58.842+0000] {processor.py:161} INFO - Started process (PID=1197) to work on /opt/airflow/dags/main.py
[2026-03-06T21:57:58.845+0000] {processor.py:830} INFO - Processing file /opt/airflow/dags/main.py for tasks to queue
[2026-03-06T21:57:58.847+0000] {logging_mixin.py:188} INFO - [2026-03-06T21:57:58.846+0000] {dagbag.py:545} INFO - Filling up the DagBag from /opt/airflow/dags/main.py
[2026-03-06T21:57:58.977+0000] {processor.py:840} INFO - DAG(s) 'produce_json', 'update_db', 'data_quality' retrieved from /opt/airflow/dags/main.py
[2026-03-06T21:57:59.215+0000] {logging_mixin.py:188} INFO - [2026-03-06T21:57:59.214+0000] {dag.py:3096} INFO - Sync 3 DAGs
[2026-03-06T21:57:59.361+0000] {logging_mixin.py:188} INFO - [2026-03-06T21:57:59.360+0000] {dag.py:3954} INFO - Setting next_dagrun for data_quality to None, run_after=None
[2026-03-06T21:57:59.382+0000] {logging_mixin.py:188} INFO - [2026-03-06T21:57:59.381+0000] {dag.py:3954} INFO - Setting next_dagrun for produce_json to 2026-03-06 14:00:00+00:00, run_after=2026-03-07 14:00:00+00:00
[2026-03-06T21:57:59.426+0000] {logging_mixin.py:188} INFO - [2026-03-06T21:57:59.425+0000] {dag.py:3954} INFO - Setting next_dagrun for update_db to None, run_after=None
[2026-03-06T21:57:59.575+0000] {processor.py:183} INFO - Processing /opt/airflow/dags/main.py took 0.755 seconds
[2026-03-06T22:03:00.688+0000] {processor.py:161} INFO - Started process (PID=1198) to work on /opt/airflow/dags/main.py
[2026-03-06T22:03:00.692+0000] {processor.py:830} INFO - Processing file /opt/airflow/dags/main.py for tasks to queue
[2026-03-06T22:03:00.694+0000] {logging_mixin.py:188} INFO - [2026-03-06T22:03:00.693+0000] {dagbag.py:545} INFO - Filling up the DagBag from /opt/airflow/dags/main.py
[2026-03-06T22:03:00.908+0000] {processor.py:840} INFO - DAG(s) 'data_quality', 'produce_json', 'update_db' retrieved from /opt/airflow/dags/main.py
[2026-03-06T22:03:01.087+0000] {logging_mixin.py:188} INFO - [2026-03-06T22:03:01.086+0000] {dag.py:3096} INFO - Sync 3 DAGs
[2026-03-06T22:03:01.197+0000] {logging_mixin.py:188} INFO - [2026-03-06T22:03:01.193+0000] {dag.py:3954} INFO - Setting next_dagrun for data_quality to None, run_after=None
[2026-03-06T22:03:01.259+0000] {logging_mixin.py:188} INFO - [2026-03-06T22:03:01.258+0000] {dag.py:3954} INFO - Setting next_dagrun for produce_json to 2026-03-06 14:00:00+00:00, run_after=2026-03-07 14:00:00+00:00
[2026-03-06T22:03:01.306+0000] {logging_mixin.py:188} INFO - [2026-03-06T22:03:01.305+0000] {dag.py:3954} INFO - Setting next_dagrun for update_db to None, run_after=None
[2026-03-06T22:03:01.708+0000] {processor.py:183} INFO - Processing /opt/airflow/dags/main.py took 1.200 seconds
[2026-03-06T22:03:31.986+0000] {processor.py:161} INFO - Started process (PID=1205) to work on /opt/airflow/dags/main.py
[2026-03-06T22:03:31.994+0000] {processor.py:830} INFO - Processing file /opt/airflow/dags/main.py for tasks to queue
[2026-03-06T22:03:31.995+0000] {logging_mixin.py:188} INFO - [2026-03-06T22:03:31.995+0000] {dagbag.py:545} INFO - Filling up the DagBag from /opt/airflow/dags/main.py
[2026-03-06T22:03:32.303+0000] {processor.py:840} INFO - DAG(s) 'update_db', 'data_quality', 'produce_json' retrieved from /opt/airflow/dags/main.py
[2026-03-06T22:03:32.557+0000] {logging_mixin.py:188} INFO - [2026-03-06T22:03:32.556+0000] {dag.py:3096} INFO - Sync 3 DAGs
[2026-03-06T22:03:32.677+0000] {logging_mixin.py:188} INFO - [2026-03-06T22:03:32.677+0000] {dag.py:3954} INFO - Setting next_dagrun for data_quality to None, run_after=None
[2026-03-06T22:03:32.692+0000] {logging_mixin.py:188} INFO - [2026-03-06T22:03:32.691+0000] {dag.py:3954} INFO - Setting next_dagrun for produce_json to 2026-03-06 14:00:00+00:00, run_after=2026-03-07 14:00:00+00:00
[2026-03-06T22:03:32.703+0000] {logging_mixin.py:188} INFO - [2026-03-06T22:03:32.695+0000] {dag.py:3954} INFO - Setting next_dagrun for update_db to None, run_after=None
[2026-03-06T22:03:32.883+0000] {processor.py:183} INFO - Processing /opt/airflow/dags/main.py took 0.926 seconds
[2026-03-06T22:04:03.320+0000] {processor.py:161} INFO - Started process (PID=1219) to work on /opt/airflow/dags/main.py
[2026-03-06T22:04:03.323+0000] {processor.py:830} INFO - Processing file /opt/airflow/dags/main.py for tasks to queue
[2026-03-06T22:04:03.325+0000] {logging_mixin.py:188} INFO - [2026-03-06T22:04:03.324+0000] {dagbag.py:545} INFO - Filling up the DagBag from /opt/airflow/dags/main.py
[2026-03-06T22:04:03.397+0000] {processor.py:840} INFO - DAG(s) 'update_db', 'data_quality', 'produce_json' retrieved from /opt/airflow/dags/main.py
[2026-03-06T22:04:03.474+0000] {logging_mixin.py:188} INFO - [2026-03-06T22:04:03.474+0000] {dag.py:3096} INFO - Sync 3 DAGs
[2026-03-06T22:04:03.566+0000] {logging_mixin.py:188} INFO - [2026-03-06T22:04:03.565+0000] {dag.py:3954} INFO - Setting next_dagrun for data_quality to None, run_after=None
[2026-03-06T22:04:03.589+0000] {logging_mixin.py:188} INFO - [2026-03-06T22:04:03.588+0000] {dag.py:3954} INFO - Setting next_dagrun for produce_json to 2026-03-06 14:00:00+00:00, run_after=2026-03-07 14:00:00+00:00
[2026-03-06T22:04:03.594+0000] {logging_mixin.py:188} INFO - [2026-03-06T22:04:03.594+0000] {dag.py:3954} INFO - Setting next_dagrun for update_db to None, run_after=None
[2026-03-06T22:04:03.662+0000] {processor.py:183} INFO - Processing /opt/airflow/dags/main.py took 0.354 seconds
[2026-03-06T22:04:34.446+0000] {processor.py:161} INFO - Started process (PID=1227) to work on /opt/airflow/dags/main.py
[2026-03-06T22:04:34.461+0000] {processor.py:830} INFO - Processing file /opt/airflow/dags/main.py for tasks to queue
[2026-03-06T22:04:34.463+0000] {logging_mixin.py:188} INFO - [2026-03-06T22:04:34.463+0000] {dagbag.py:545} INFO - Filling up the DagBag from /opt/airflow/dags/main.py
[2026-03-06T22:04:34.561+0000] {processor.py:840} INFO - DAG(s) 'produce_json', 'update_db', 'data_quality' retrieved from /opt/airflow/dags/main.py
[2026-03-06T22:04:34.776+0000] {logging_mixin.py:188} INFO - [2026-03-06T22:04:34.776+0000] {dag.py:3096} INFO - Sync 3 DAGs
[2026-03-06T22:04:34.890+0000] {logging_mixin.py:188} INFO - [2026-03-06T22:04:34.890+0000] {dag.py:3954} INFO - Setting next_dagrun for data_quality to None, run_after=None
[2026-03-06T22:04:34.962+0000] {logging_mixin.py:188} INFO - [2026-03-06T22:04:34.961+0000] {dag.py:3954} INFO - Setting next_dagrun for produce_json to 2026-03-06 14:00:00+00:00, run_after=2026-03-07 14:00:00+00:00
[2026-03-06T22:04:34.965+0000] {logging_mixin.py:188} INFO - [2026-03-06T22:04:34.965+0000] {dag.py:3954} INFO - Setting next_dagrun for update_db to None, run_after=None
[2026-03-06T22:04:35.023+0000] {processor.py:183} INFO - Processing /opt/airflow/dags/main.py took 0.600 seconds
[2026-03-06T22:05:05.254+0000] {processor.py:161} INFO - Started process (PID=1234) to work on /opt/airflow/dags/main.py
[2026-03-06T22:05:05.263+0000] {processor.py:830} INFO - Processing file /opt/airflow/dags/main.py for tasks to queue
[2026-03-06T22:05:05.268+0000] {logging_mixin.py:188} INFO - [2026-03-06T22:05:05.266+0000] {dagbag.py:545} INFO - Filling up the DagBag from /opt/airflow/dags/main.py
[2026-03-06T22:05:05.347+0000] {processor.py:840} INFO - DAG(s) 'data_quality', 'produce_json', 'update_db' retrieved from /opt/airflow/dags/main.py
[2026-03-06T22:05:05.457+0000] {logging_mixin.py:188} INFO - [2026-03-06T22:05:05.456+0000] {dag.py:3096} INFO - Sync 3 DAGs
[2026-03-06T22:05:05.522+0000] {logging_mixin.py:188} INFO - [2026-03-06T22:05:05.522+0000] {dag.py:3954} INFO - Setting next_dagrun for data_quality to None, run_after=None
[2026-03-06T22:05:05.539+0000] {logging_mixin.py:188} INFO - [2026-03-06T22:05:05.538+0000] {dag.py:3954} INFO - Setting next_dagrun for produce_json to 2026-03-06 14:00:00+00:00, run_after=2026-03-07 14:00:00+00:00
[2026-03-06T22:05:05.543+0000] {logging_mixin.py:188} INFO - [2026-03-06T22:05:05.543+0000] {dag.py:3954} INFO - Setting next_dagrun for update_db to None, run_after=None
[2026-03-06T22:05:05.609+0000] {processor.py:183} INFO - Processing /opt/airflow/dags/main.py took 0.370 seconds
[2026-03-06T22:05:36.097+0000] {processor.py:161} INFO - Started process (PID=1240) to work on /opt/airflow/dags/main.py
[2026-03-06T22:05:36.100+0000] {processor.py:830} INFO - Processing file /opt/airflow/dags/main.py for tasks to queue
[2026-03-06T22:05:36.102+0000] {logging_mixin.py:188} INFO - [2026-03-06T22:05:36.102+0000] {dagbag.py:545} INFO - Filling up the DagBag from /opt/airflow/dags/main.py
[2026-03-06T22:05:36.165+0000] {processor.py:840} INFO - DAG(s) 'data_quality', 'update_db', 'produce_json' retrieved from /opt/airflow/dags/main.py
[2026-03-06T22:05:36.240+0000] {logging_mixin.py:188} INFO - [2026-03-06T22:05:36.240+0000] {dag.py:3096} INFO - Sync 3 DAGs
[2026-03-06T22:05:36.282+0000] {logging_mixin.py:188} INFO - [2026-03-06T22:05:36.281+0000] {dag.py:3954} INFO - Setting next_dagrun for data_quality to None, run_after=None
[2026-03-06T22:05:36.291+0000] {logging_mixin.py:188} INFO - [2026-03-06T22:05:36.291+0000] {dag.py:3954} INFO - Setting next_dagrun for produce_json to 2026-03-06 14:00:00+00:00, run_after=2026-03-07 14:00:00+00:00
[2026-03-06T22:05:36.295+0000] {logging_mixin.py:188} INFO - [2026-03-06T22:05:36.295+0000] {dag.py:3954} INFO - Setting next_dagrun for update_db to None, run_after=None
[2026-03-06T22:05:36.344+0000] {processor.py:183} INFO - Processing /opt/airflow/dags/main.py took 0.262 seconds
[2026-03-06T22:06:07.156+0000] {processor.py:161} INFO - Started process (PID=1247) to work on /opt/airflow/dags/main.py
[2026-03-06T22:06:07.164+0000] {processor.py:830} INFO - Processing file /opt/airflow/dags/main.py for tasks to queue
[2026-03-06T22:06:07.173+0000] {logging_mixin.py:188} INFO - [2026-03-06T22:06:07.166+0000] {dagbag.py:545} INFO - Filling up the DagBag from /opt/airflow/dags/main.py
[2026-03-06T22:06:07.304+0000] {processor.py:840} INFO - DAG(s) 'data_quality', 'produce_json', 'update_db' retrieved from /opt/airflow/dags/main.py
[2026-03-06T22:06:07.431+0000] {logging_mixin.py:188} INFO - [2026-03-06T22:06:07.428+0000] {dag.py:3096} INFO - Sync 3 DAGs
[2026-03-06T22:06:07.482+0000] {logging_mixin.py:188} INFO - [2026-03-06T22:06:07.482+0000] {dag.py:3954} INFO - Setting next_dagrun for data_quality to None, run_after=None
[2026-03-06T22:06:07.496+0000] {logging_mixin.py:188} INFO - [2026-03-06T22:06:07.496+0000] {dag.py:3954} INFO - Setting next_dagrun for produce_json to 2026-03-06 14:00:00+00:00, run_after=2026-03-07 14:00:00+00:00
[2026-03-06T22:06:07.498+0000] {logging_mixin.py:188} INFO - [2026-03-06T22:06:07.498+0000] {dag.py:3954} INFO - Setting next_dagrun for update_db to None, run_after=None
[2026-03-06T22:06:07.538+0000] {processor.py:183} INFO - Processing /opt/airflow/dags/main.py took 0.418 seconds
[2026-03-06T22:06:37.808+0000] {processor.py:161} INFO - Started process (PID=1254) to work on /opt/airflow/dags/main.py
[2026-03-06T22:06:37.814+0000] {processor.py:830} INFO - Processing file /opt/airflow/dags/main.py for tasks to queue
[2026-03-06T22:06:37.816+0000] {logging_mixin.py:188} INFO - [2026-03-06T22:06:37.815+0000] {dagbag.py:545} INFO - Filling up the DagBag from /opt/airflow/dags/main.py
[2026-03-06T22:06:37.916+0000] {processor.py:840} INFO - DAG(s) 'data_quality', 'produce_json', 'update_db' retrieved from /opt/airflow/dags/main.py
[2026-03-06T22:06:38.025+0000] {logging_mixin.py:188} INFO - [2026-03-06T22:06:38.025+0000] {dag.py:3096} INFO - Sync 3 DAGs
[2026-03-06T22:06:38.060+0000] {logging_mixin.py:188} INFO - [2026-03-06T22:06:38.059+0000] {dag.py:3954} INFO - Setting next_dagrun for data_quality to None, run_after=None
[2026-03-06T22:06:38.070+0000] {logging_mixin.py:188} INFO - [2026-03-06T22:06:38.070+0000] {dag.py:3954} INFO - Setting next_dagrun for produce_json to 2026-03-06 14:00:00+00:00, run_after=2026-03-07 14:00:00+00:00
[2026-03-06T22:06:38.073+0000] {logging_mixin.py:188} INFO - [2026-03-06T22:06:38.072+0000] {dag.py:3954} INFO - Setting next_dagrun for update_db to None, run_after=None
[2026-03-06T22:06:38.098+0000] {processor.py:183} INFO - Processing /opt/airflow/dags/main.py took 0.303 seconds
[2026-03-06T22:07:08.927+0000] {processor.py:161} INFO - Started process (PID=1261) to work on /opt/airflow/dags/main.py
[2026-03-06T22:07:08.934+0000] {processor.py:830} INFO - Processing file /opt/airflow/dags/main.py for tasks to queue
[2026-03-06T22:07:08.937+0000] {logging_mixin.py:188} INFO - [2026-03-06T22:07:08.936+0000] {dagbag.py:545} INFO - Filling up the DagBag from /opt/airflow/dags/main.py
[2026-03-06T22:07:09.077+0000] {processor.py:840} INFO - DAG(s) 'produce_json', 'data_quality', 'update_db' retrieved from /opt/airflow/dags/main.py
[2026-03-06T22:07:09.162+0000] {logging_mixin.py:188} INFO - [2026-03-06T22:07:09.162+0000] {dag.py:3096} INFO - Sync 3 DAGs
[2026-03-06T22:07:09.224+0000] {logging_mixin.py:188} INFO - [2026-03-06T22:07:09.224+0000] {dag.py:3954} INFO - Setting next_dagrun for data_quality to None, run_after=None
[2026-03-06T22:07:09.240+0000] {logging_mixin.py:188} INFO - [2026-03-06T22:07:09.240+0000] {dag.py:3954} INFO - Setting next_dagrun for produce_json to 2026-03-06 14:00:00+00:00, run_after=2026-03-07 14:00:00+00:00
[2026-03-06T22:07:09.244+0000] {logging_mixin.py:188} INFO - [2026-03-06T22:07:09.243+0000] {dag.py:3954} INFO - Setting next_dagrun for update_db to None, run_after=None
[2026-03-06T22:07:09.308+0000] {processor.py:183} INFO - Processing /opt/airflow/dags/main.py took 0.403 seconds
[2026-03-06T22:07:39.536+0000] {processor.py:161} INFO - Started process (PID=1267) to work on /opt/airflow/dags/main.py
[2026-03-06T22:07:39.538+0000] {processor.py:830} INFO - Processing file /opt/airflow/dags/main.py for tasks to queue
[2026-03-06T22:07:39.540+0000] {logging_mixin.py:188} INFO - [2026-03-06T22:07:39.539+0000] {dagbag.py:545} INFO - Filling up the DagBag from /opt/airflow/dags/main.py
[2026-03-06T22:07:39.607+0000] {processor.py:840} INFO - DAG(s) 'update_db', 'produce_json', 'data_quality' retrieved from /opt/airflow/dags/main.py
[2026-03-06T22:07:39.662+0000] {logging_mixin.py:188} INFO - [2026-03-06T22:07:39.661+0000] {dag.py:3096} INFO - Sync 3 DAGs
[2026-03-06T22:07:39.691+0000] {logging_mixin.py:188} INFO - [2026-03-06T22:07:39.691+0000] {dag.py:3954} INFO - Setting next_dagrun for data_quality to None, run_after=None
[2026-03-06T22:07:39.699+0000] {logging_mixin.py:188} INFO - [2026-03-06T22:07:39.699+0000] {dag.py:3954} INFO - Setting next_dagrun for produce_json to 2026-03-06 14:00:00+00:00, run_after=2026-03-07 14:00:00+00:00
[2026-03-06T22:07:39.703+0000] {logging_mixin.py:188} INFO - [2026-03-06T22:07:39.702+0000] {dag.py:3954} INFO - Setting next_dagrun for update_db to None, run_after=None
[2026-03-06T22:07:39.752+0000] {processor.py:183} INFO - Processing /opt/airflow/dags/main.py took 0.229 seconds
[2026-03-06T22:08:10.508+0000] {processor.py:161} INFO - Started process (PID=1274) to work on /opt/airflow/dags/main.py
[2026-03-06T22:08:10.512+0000] {processor.py:830} INFO - Processing file /opt/airflow/dags/main.py for tasks to queue
[2026-03-06T22:08:10.514+0000] {logging_mixin.py:188} INFO - [2026-03-06T22:08:10.513+0000] {dagbag.py:545} INFO - Filling up the DagBag from /opt/airflow/dags/main.py
[2026-03-06T22:08:10.581+0000] {processor.py:840} INFO - DAG(s) 'update_db', 'produce_json', 'data_quality' retrieved from /opt/airflow/dags/main.py
[2026-03-06T22:08:10.636+0000] {logging_mixin.py:188} INFO - [2026-03-06T22:08:10.636+0000] {dag.py:3096} INFO - Sync 3 DAGs
[2026-03-06T22:08:10.673+0000] {logging_mixin.py:188} INFO - [2026-03-06T22:08:10.673+0000] {dag.py:3954} INFO - Setting next_dagrun for data_quality to None, run_after=None
[2026-03-06T22:08:10.683+0000] {logging_mixin.py:188} INFO - [2026-03-06T22:08:10.683+0000] {dag.py:3954} INFO - Setting next_dagrun for produce_json to 2026-03-06 14:00:00+00:00, run_after=2026-03-07 14:00:00+00:00
[2026-03-06T22:08:10.688+0000] {logging_mixin.py:188} INFO - [2026-03-06T22:08:10.687+0000] {dag.py:3954} INFO - Setting next_dagrun for update_db to None, run_after=None
[2026-03-06T22:08:10.735+0000] {processor.py:183} INFO - Processing /opt/airflow/dags/main.py took 0.242 seconds
[2026-03-06T22:09:05.642+0000] {processor.py:161} INFO - Started process (PID=1280) to work on /opt/airflow/dags/main.py
[2026-03-06T22:09:05.675+0000] {processor.py:830} INFO - Processing file /opt/airflow/dags/main.py for tasks to queue
[2026-03-06T22:09:05.676+0000] {logging_mixin.py:188} INFO - [2026-03-06T22:09:05.676+0000] {dagbag.py:545} INFO - Filling up the DagBag from /opt/airflow/dags/main.py
[2026-03-06T22:09:05.921+0000] {processor.py:840} INFO - DAG(s) 'data_quality', 'produce_json', 'update_db' retrieved from /opt/airflow/dags/main.py
[2026-03-06T22:09:06.384+0000] {logging_mixin.py:188} INFO - [2026-03-06T22:09:06.374+0000] {dag.py:3096} INFO - Sync 3 DAGs
[2026-03-06T22:09:06.681+0000] {logging_mixin.py:188} INFO - [2026-03-06T22:09:06.681+0000] {dag.py:3954} INFO - Setting next_dagrun for data_quality to None, run_after=None
[2026-03-06T22:09:06.815+0000] {logging_mixin.py:188} INFO - [2026-03-06T22:09:06.814+0000] {dag.py:3954} INFO - Setting next_dagrun for produce_json to 2026-03-06 14:00:00+00:00, run_after=2026-03-07 14:00:00+00:00
[2026-03-06T22:09:06.877+0000] {logging_mixin.py:188} INFO - [2026-03-06T22:09:06.877+0000] {dag.py:3954} INFO - Setting next_dagrun for update_db to None, run_after=None
[2026-03-06T22:09:06.965+0000] {processor.py:183} INFO - Processing /opt/airflow/dags/main.py took 1.337 seconds
[2026-03-06T22:09:37.642+0000] {processor.py:161} INFO - Started process (PID=1294) to work on /opt/airflow/dags/main.py
[2026-03-06T22:09:37.645+0000] {processor.py:830} INFO - Processing file /opt/airflow/dags/main.py for tasks to queue
[2026-03-06T22:09:37.647+0000] {logging_mixin.py:188} INFO - [2026-03-06T22:09:37.647+0000] {dagbag.py:545} INFO - Filling up the DagBag from /opt/airflow/dags/main.py
[2026-03-06T22:09:37.784+0000] {processor.py:840} INFO - DAG(s) 'data_quality', 'produce_json', 'update_db' retrieved from /opt/airflow/dags/main.py
[2026-03-06T22:09:37.875+0000] {logging_mixin.py:188} INFO - [2026-03-06T22:09:37.874+0000] {dag.py:3096} INFO - Sync 3 DAGs
[2026-03-06T22:09:37.938+0000] {logging_mixin.py:188} INFO - [2026-03-06T22:09:37.938+0000] {dag.py:3954} INFO - Setting next_dagrun for data_quality to None, run_after=None
[2026-03-06T22:09:37.957+0000] {logging_mixin.py:188} INFO - [2026-03-06T22:09:37.957+0000] {dag.py:3954} INFO - Setting next_dagrun for produce_json to 2026-03-06 14:00:00+00:00, run_after=2026-03-07 14:00:00+00:00
[2026-03-06T22:09:37.961+0000] {logging_mixin.py:188} INFO - [2026-03-06T22:09:37.961+0000] {dag.py:3954} INFO - Setting next_dagrun for update_db to None, run_after=None
[2026-03-06T22:09:38.020+0000] {processor.py:183} INFO - Processing /opt/airflow/dags/main.py took 0.394 seconds
[2026-03-06T22:10:08.425+0000] {processor.py:161} INFO - Started process (PID=1301) to work on /opt/airflow/dags/main.py
[2026-03-06T22:10:08.428+0000] {processor.py:830} INFO - Processing file /opt/airflow/dags/main.py for tasks to queue
[2026-03-06T22:10:08.430+0000] {logging_mixin.py:188} INFO - [2026-03-06T22:10:08.429+0000] {dagbag.py:545} INFO - Filling up the DagBag from /opt/airflow/dags/main.py
[2026-03-06T22:10:08.572+0000] {processor.py:840} INFO - DAG(s) 'produce_json', 'data_quality', 'update_db' retrieved from /opt/airflow/dags/main.py
[2026-03-06T22:10:08.667+0000] {logging_mixin.py:188} INFO - [2026-03-06T22:10:08.666+0000] {dag.py:3096} INFO - Sync 3 DAGs
[2026-03-06T22:10:08.721+0000] {logging_mixin.py:188} INFO - [2026-03-06T22:10:08.720+0000] {dag.py:3954} INFO - Setting next_dagrun for data_quality to None, run_after=None
[2026-03-06T22:10:08.736+0000] {logging_mixin.py:188} INFO - [2026-03-06T22:10:08.736+0000] {dag.py:3954} INFO - Setting next_dagrun for produce_json to 2026-03-06 14:00:00+00:00, run_after=2026-03-07 14:00:00+00:00
[2026-03-06T22:10:08.740+0000] {logging_mixin.py:188} INFO - [2026-03-06T22:10:08.739+0000] {dag.py:3954} INFO - Setting next_dagrun for update_db to None, run_after=None
[2026-03-06T22:10:08.795+0000] {processor.py:183} INFO - Processing /opt/airflow/dags/main.py took 0.387 seconds
[2026-03-06T22:12:05.757+0000] {processor.py:161} INFO - Started process (PID=1302) to work on /opt/airflow/dags/main.py
[2026-03-06T22:12:05.805+0000] {processor.py:830} INFO - Processing file /opt/airflow/dags/main.py for tasks to queue
[2026-03-06T22:12:05.820+0000] {logging_mixin.py:188} INFO - [2026-03-06T22:12:05.820+0000] {dagbag.py:545} INFO - Filling up the DagBag from /opt/airflow/dags/main.py
[2026-03-06T22:12:06.017+0000] {processor.py:840} INFO - DAG(s) 'update_db', 'data_quality', 'produce_json' retrieved from /opt/airflow/dags/main.py
[2026-03-06T22:12:06.205+0000] {logging_mixin.py:188} INFO - [2026-03-06T22:12:06.205+0000] {dag.py:3096} INFO - Sync 3 DAGs
[2026-03-06T22:12:06.251+0000] {logging_mixin.py:188} INFO - [2026-03-06T22:12:06.250+0000] {dag.py:3954} INFO - Setting next_dagrun for data_quality to None, run_after=None
[2026-03-06T22:12:06.261+0000] {logging_mixin.py:188} INFO - [2026-03-06T22:12:06.260+0000] {dag.py:3954} INFO - Setting next_dagrun for produce_json to 2026-03-06 14:00:00+00:00, run_after=2026-03-07 14:00:00+00:00
[2026-03-06T22:12:06.263+0000] {logging_mixin.py:188} INFO - [2026-03-06T22:12:06.263+0000] {dag.py:3954} INFO - Setting next_dagrun for update_db to None, run_after=None
[2026-03-06T22:12:06.289+0000] {processor.py:183} INFO - Processing /opt/airflow/dags/main.py took 0.615 seconds
[2026-03-06T22:13:05.935+0000] {processor.py:161} INFO - Started process (PID=1309) to work on /opt/airflow/dags/main.py
[2026-03-06T22:13:05.943+0000] {processor.py:830} INFO - Processing file /opt/airflow/dags/main.py for tasks to queue
[2026-03-06T22:13:05.944+0000] {logging_mixin.py:188} INFO - [2026-03-06T22:13:05.944+0000] {dagbag.py:545} INFO - Filling up the DagBag from /opt/airflow/dags/main.py
[2026-03-06T22:13:06.036+0000] {processor.py:840} INFO - DAG(s) 'update_db', 'produce_json', 'data_quality' retrieved from /opt/airflow/dags/main.py
[2026-03-06T22:13:06.304+0000] {logging_mixin.py:188} INFO - [2026-03-06T22:13:06.304+0000] {dag.py:3096} INFO - Sync 3 DAGs
[2026-03-06T22:13:06.480+0000] {logging_mixin.py:188} INFO - [2026-03-06T22:13:06.480+0000] {dag.py:3954} INFO - Setting next_dagrun for data_quality to None, run_after=None
[2026-03-06T22:13:06.506+0000] {logging_mixin.py:188} INFO - [2026-03-06T22:13:06.505+0000] {dag.py:3954} INFO - Setting next_dagrun for produce_json to 2026-03-06 14:00:00+00:00, run_after=2026-03-07 14:00:00+00:00
[2026-03-06T22:13:06.509+0000] {logging_mixin.py:188} INFO - [2026-03-06T22:13:06.508+0000] {dag.py:3954} INFO - Setting next_dagrun for update_db to None, run_after=None
[2026-03-06T22:13:06.557+0000] {processor.py:183} INFO - Processing /opt/airflow/dags/main.py took 0.666 seconds
[2026-03-06T22:14:05.530+0000] {processor.py:161} INFO - Started process (PID=1315) to work on /opt/airflow/dags/main.py
[2026-03-06T22:14:05.533+0000] {processor.py:830} INFO - Processing file /opt/airflow/dags/main.py for tasks to queue
[2026-03-06T22:14:05.535+0000] {logging_mixin.py:188} INFO - [2026-03-06T22:14:05.534+0000] {dagbag.py:545} INFO - Filling up the DagBag from /opt/airflow/dags/main.py
[2026-03-06T22:14:05.617+0000] {processor.py:840} INFO - DAG(s) 'produce_json', 'update_db', 'data_quality' retrieved from /opt/airflow/dags/main.py
[2026-03-06T22:14:06.079+0000] {logging_mixin.py:188} INFO - [2026-03-06T22:14:06.078+0000] {dag.py:3096} INFO - Sync 3 DAGs
[2026-03-06T22:14:06.358+0000] {logging_mixin.py:188} INFO - [2026-03-06T22:14:06.358+0000] {dag.py:3954} INFO - Setting next_dagrun for data_quality to None, run_after=None
[2026-03-06T22:14:06.408+0000] {logging_mixin.py:188} INFO - [2026-03-06T22:14:06.408+0000] {dag.py:3954} INFO - Setting next_dagrun for produce_json to 2026-03-06 14:00:00+00:00, run_after=2026-03-07 14:00:00+00:00
[2026-03-06T22:14:06.422+0000] {logging_mixin.py:188} INFO - [2026-03-06T22:14:06.422+0000] {dag.py:3954} INFO - Setting next_dagrun for update_db to None, run_after=None
[2026-03-06T22:14:06.546+0000] {processor.py:183} INFO - Processing /opt/airflow/dags/main.py took 1.030 seconds
[2026-03-06T22:15:05.568+0000] {processor.py:161} INFO - Started process (PID=1321) to work on /opt/airflow/dags/main.py
[2026-03-06T22:15:05.592+0000] {processor.py:830} INFO - Processing file /opt/airflow/dags/main.py for tasks to queue
[2026-03-06T22:15:05.614+0000] {logging_mixin.py:188} INFO - [2026-03-06T22:15:05.603+0000] {dagbag.py:545} INFO - Filling up the DagBag from /opt/airflow/dags/main.py
[2026-03-06T22:15:06.180+0000] {processor.py:840} INFO - DAG(s) 'produce_json', 'update_db', 'data_quality' retrieved from /opt/airflow/dags/main.py
[2026-03-06T22:15:06.575+0000] {logging_mixin.py:188} INFO - [2026-03-06T22:15:06.539+0000] {dag.py:3096} INFO - Sync 3 DAGs
[2026-03-06T22:15:06.766+0000] {logging_mixin.py:188} INFO - [2026-03-06T22:15:06.766+0000] {dag.py:3954} INFO - Setting next_dagrun for data_quality to None, run_after=None
[2026-03-06T22:15:06.789+0000] {logging_mixin.py:188} INFO - [2026-03-06T22:15:06.789+0000] {dag.py:3954} INFO - Setting next_dagrun for produce_json to 2026-03-06 14:00:00+00:00, run_after=2026-03-07 14:00:00+00:00
[2026-03-06T22:15:06.801+0000] {logging_mixin.py:188} INFO - [2026-03-06T22:15:06.801+0000] {dag.py:3954} INFO - Setting next_dagrun for update_db to None, run_after=None
[2026-03-06T22:15:06.854+0000] {processor.py:183} INFO - Processing /opt/airflow/dags/main.py took 1.316 seconds
[2026-03-06T22:16:05.670+0000] {processor.py:161} INFO - Started process (PID=1328) to work on /opt/airflow/dags/main.py
[2026-03-06T22:16:05.740+0000] {processor.py:830} INFO - Processing file /opt/airflow/dags/main.py for tasks to queue
[2026-03-06T22:16:05.766+0000] {logging_mixin.py:188} INFO - [2026-03-06T22:16:05.765+0000] {dagbag.py:545} INFO - Filling up the DagBag from /opt/airflow/dags/main.py
[2026-03-06T22:16:06.414+0000] {processor.py:840} INFO - DAG(s) 'update_db', 'data_quality', 'produce_json' retrieved from /opt/airflow/dags/main.py
[2026-03-06T22:16:06.772+0000] {logging_mixin.py:188} INFO - [2026-03-06T22:16:06.771+0000] {dag.py:3096} INFO - Sync 3 DAGs
[2026-03-06T22:16:06.861+0000] {logging_mixin.py:188} INFO - [2026-03-06T22:16:06.861+0000] {dag.py:3954} INFO - Setting next_dagrun for data_quality to None, run_after=None
[2026-03-06T22:16:06.879+0000] {logging_mixin.py:188} INFO - [2026-03-06T22:16:06.879+0000] {dag.py:3954} INFO - Setting next_dagrun for produce_json to 2026-03-06 14:00:00+00:00, run_after=2026-03-07 14:00:00+00:00
[2026-03-06T22:16:06.889+0000] {logging_mixin.py:188} INFO - [2026-03-06T22:16:06.888+0000] {dag.py:3954} INFO - Setting next_dagrun for update_db to None, run_after=None
[2026-03-06T22:16:06.990+0000] {processor.py:183} INFO - Processing /opt/airflow/dags/main.py took 1.415 seconds
[2026-03-06T22:17:05.553+0000] {processor.py:161} INFO - Started process (PID=1335) to work on /opt/airflow/dags/main.py
[2026-03-06T22:17:05.596+0000] {processor.py:830} INFO - Processing file /opt/airflow/dags/main.py for tasks to queue
[2026-03-06T22:17:05.598+0000] {logging_mixin.py:188} INFO - [2026-03-06T22:17:05.597+0000] {dagbag.py:545} INFO - Filling up the DagBag from /opt/airflow/dags/main.py
[2026-03-06T22:17:05.834+0000] {processor.py:840} INFO - DAG(s) 'produce_json', 'update_db', 'data_quality' retrieved from /opt/airflow/dags/main.py
[2026-03-06T22:17:05.994+0000] {logging_mixin.py:188} INFO - [2026-03-06T22:17:05.993+0000] {dag.py:3096} INFO - Sync 3 DAGs
[2026-03-06T22:17:06.098+0000] {logging_mixin.py:188} INFO - [2026-03-06T22:17:06.098+0000] {dag.py:3954} INFO - Setting next_dagrun for data_quality to None, run_after=None
[2026-03-06T22:17:06.115+0000] {logging_mixin.py:188} INFO - [2026-03-06T22:17:06.115+0000] {dag.py:3954} INFO - Setting next_dagrun for produce_json to 2026-03-06 14:00:00+00:00, run_after=2026-03-07 14:00:00+00:00
[2026-03-06T22:17:06.132+0000] {logging_mixin.py:188} INFO - [2026-03-06T22:17:06.126+0000] {dag.py:3954} INFO - Setting next_dagrun for update_db to None, run_after=None
[2026-03-06T22:17:06.225+0000] {processor.py:183} INFO - Processing /opt/airflow/dags/main.py took 0.686 seconds
[2026-03-06T22:17:37.260+0000] {processor.py:161} INFO - Started process (PID=1348) to work on /opt/airflow/dags/main.py
[2026-03-06T22:17:37.265+0000] {processor.py:830} INFO - Processing file /opt/airflow/dags/main.py for tasks to queue
[2026-03-06T22:17:37.269+0000] {logging_mixin.py:188} INFO - [2026-03-06T22:17:37.268+0000] {dagbag.py:545} INFO - Filling up the DagBag from /opt/airflow/dags/main.py
[2026-03-06T22:17:37.407+0000] {processor.py:840} INFO - DAG(s) 'produce_json', 'update_db', 'data_quality' retrieved from /opt/airflow/dags/main.py
[2026-03-06T22:17:37.504+0000] {logging_mixin.py:188} INFO - [2026-03-06T22:17:37.504+0000] {dag.py:3096} INFO - Sync 3 DAGs
[2026-03-06T22:17:37.556+0000] {logging_mixin.py:188} INFO - [2026-03-06T22:17:37.555+0000] {dag.py:3954} INFO - Setting next_dagrun for data_quality to None, run_after=None
[2026-03-06T22:17:37.571+0000] {logging_mixin.py:188} INFO - [2026-03-06T22:17:37.571+0000] {dag.py:3954} INFO - Setting next_dagrun for produce_json to 2026-03-06 14:00:00+00:00, run_after=2026-03-07 14:00:00+00:00
[2026-03-06T22:17:37.576+0000] {logging_mixin.py:188} INFO - [2026-03-06T22:17:37.576+0000] {dag.py:3954} INFO - Setting next_dagrun for update_db to None, run_after=None
[2026-03-06T22:17:37.625+0000] {processor.py:183} INFO - Processing /opt/airflow/dags/main.py took 0.379 seconds
[2026-03-06T22:19:05.980+0000] {processor.py:161} INFO - Started process (PID=1349) to work on /opt/airflow/dags/main.py
[2026-03-06T22:19:06.038+0000] {processor.py:830} INFO - Processing file /opt/airflow/dags/main.py for tasks to queue
[2026-03-06T22:19:06.048+0000] {logging_mixin.py:188} INFO - [2026-03-06T22:19:06.045+0000] {dagbag.py:545} INFO - Filling up the DagBag from /opt/airflow/dags/main.py
[2026-03-06T22:19:06.598+0000] {processor.py:840} INFO - DAG(s) 'update_db', 'data_quality', 'produce_json' retrieved from /opt/airflow/dags/main.py
[2026-03-06T22:19:07.290+0000] {logging_mixin.py:188} INFO - [2026-03-06T22:19:07.290+0000] {dag.py:3096} INFO - Sync 3 DAGs
[2026-03-06T22:19:07.327+0000] {logging_mixin.py:188} INFO - [2026-03-06T22:19:07.326+0000] {dag.py:3954} INFO - Setting next_dagrun for data_quality to None, run_after=None
[2026-03-06T22:19:07.339+0000] {logging_mixin.py:188} INFO - [2026-03-06T22:19:07.339+0000] {dag.py:3954} INFO - Setting next_dagrun for produce_json to 2026-03-06 14:00:00+00:00, run_after=2026-03-07 14:00:00+00:00
[2026-03-06T22:19:07.342+0000] {logging_mixin.py:188} INFO - [2026-03-06T22:19:07.342+0000] {dag.py:3954} INFO - Setting next_dagrun for update_db to None, run_after=None
[2026-03-06T22:19:07.370+0000] {processor.py:183} INFO - Processing /opt/airflow/dags/main.py took 1.523 seconds
[2026-03-06T22:19:37.939+0000] {processor.py:161} INFO - Started process (PID=1362) to work on /opt/airflow/dags/main.py
[2026-03-06T22:19:37.942+0000] {processor.py:830} INFO - Processing file /opt/airflow/dags/main.py for tasks to queue
[2026-03-06T22:19:37.944+0000] {logging_mixin.py:188} INFO - [2026-03-06T22:19:37.943+0000] {dagbag.py:545} INFO - Filling up the DagBag from /opt/airflow/dags/main.py
[2026-03-06T22:19:38.059+0000] {processor.py:840} INFO - DAG(s) 'data_quality', 'produce_json', 'update_db' retrieved from /opt/airflow/dags/main.py
[2026-03-06T22:19:38.143+0000] {logging_mixin.py:188} INFO - [2026-03-06T22:19:38.142+0000] {dag.py:3096} INFO - Sync 3 DAGs
[2026-03-06T22:19:38.194+0000] {logging_mixin.py:188} INFO - [2026-03-06T22:19:38.194+0000] {dag.py:3954} INFO - Setting next_dagrun for data_quality to None, run_after=None
[2026-03-06T22:19:38.207+0000] {logging_mixin.py:188} INFO - [2026-03-06T22:19:38.207+0000] {dag.py:3954} INFO - Setting next_dagrun for produce_json to 2026-03-06 14:00:00+00:00, run_after=2026-03-07 14:00:00+00:00
[2026-03-06T22:19:38.211+0000] {logging_mixin.py:188} INFO - [2026-03-06T22:19:38.211+0000] {dag.py:3954} INFO - Setting next_dagrun for update_db to None, run_after=None
[2026-03-06T22:19:38.261+0000] {processor.py:183} INFO - Processing /opt/airflow/dags/main.py took 0.343 seconds
[2026-03-06T22:20:08.785+0000] {processor.py:161} INFO - Started process (PID=1369) to work on /opt/airflow/dags/main.py
[2026-03-06T22:20:08.789+0000] {processor.py:830} INFO - Processing file /opt/airflow/dags/main.py for tasks to queue
[2026-03-06T22:20:08.791+0000] {logging_mixin.py:188} INFO - [2026-03-06T22:20:08.790+0000] {dagbag.py:545} INFO - Filling up the DagBag from /opt/airflow/dags/main.py
[2026-03-06T22:20:08.908+0000] {processor.py:840} INFO - DAG(s) 'produce_json', 'data_quality', 'update_db' retrieved from /opt/airflow/dags/main.py
[2026-03-06T22:20:08.989+0000] {logging_mixin.py:188} INFO - [2026-03-06T22:20:08.987+0000] {dag.py:3096} INFO - Sync 3 DAGs
[2026-03-06T22:20:09.048+0000] {logging_mixin.py:188} INFO - [2026-03-06T22:20:09.048+0000] {dag.py:3954} INFO - Setting next_dagrun for data_quality to None, run_after=None
[2026-03-06T22:20:09.062+0000] {logging_mixin.py:188} INFO - [2026-03-06T22:20:09.062+0000] {dag.py:3954} INFO - Setting next_dagrun for produce_json to 2026-03-06 14:00:00+00:00, run_after=2026-03-07 14:00:00+00:00
[2026-03-06T22:20:09.066+0000] {logging_mixin.py:188} INFO - [2026-03-06T22:20:09.066+0000] {dag.py:3954} INFO - Setting next_dagrun for update_db to None, run_after=None
[2026-03-06T22:20:09.114+0000] {processor.py:183} INFO - Processing /opt/airflow/dags/main.py took 0.343 seconds
[2026-03-06T22:20:39.479+0000] {processor.py:161} INFO - Started process (PID=1377) to work on /opt/airflow/dags/main.py
[2026-03-06T22:20:39.482+0000] {processor.py:830} INFO - Processing file /opt/airflow/dags/main.py for tasks to queue
[2026-03-06T22:20:39.485+0000] {logging_mixin.py:188} INFO - [2026-03-06T22:20:39.484+0000] {dagbag.py:545} INFO - Filling up the DagBag from /opt/airflow/dags/main.py
[2026-03-06T22:20:39.546+0000] {processor.py:840} INFO - DAG(s) 'update_db', 'data_quality', 'produce_json' retrieved from /opt/airflow/dags/main.py
[2026-03-06T22:20:39.623+0000] {logging_mixin.py:188} INFO - [2026-03-06T22:20:39.623+0000] {dag.py:3096} INFO - Sync 3 DAGs
[2026-03-06T22:20:39.656+0000] {logging_mixin.py:188} INFO - [2026-03-06T22:20:39.655+0000] {dag.py:3954} INFO - Setting next_dagrun for data_quality to None, run_after=None
[2026-03-06T22:20:39.666+0000] {logging_mixin.py:188} INFO - [2026-03-06T22:20:39.665+0000] {dag.py:3954} INFO - Setting next_dagrun for produce_json to 2026-03-06 14:00:00+00:00, run_after=2026-03-07 14:00:00+00:00
[2026-03-06T22:20:39.669+0000] {logging_mixin.py:188} INFO - [2026-03-06T22:20:39.669+0000] {dag.py:3954} INFO - Setting next_dagrun for update_db to None, run_after=None
[2026-03-06T22:20:39.699+0000] {processor.py:183} INFO - Processing /opt/airflow/dags/main.py took 0.235 seconds
[2026-03-06T22:21:10.324+0000] {processor.py:161} INFO - Started process (PID=1383) to work on /opt/airflow/dags/main.py
[2026-03-06T22:21:10.327+0000] {processor.py:830} INFO - Processing file /opt/airflow/dags/main.py for tasks to queue
[2026-03-06T22:21:10.331+0000] {logging_mixin.py:188} INFO - [2026-03-06T22:21:10.330+0000] {dagbag.py:545} INFO - Filling up the DagBag from /opt/airflow/dags/main.py
[2026-03-06T22:21:10.451+0000] {processor.py:840} INFO - DAG(s) 'update_db', 'produce_json', 'data_quality' retrieved from /opt/airflow/dags/main.py
[2026-03-06T22:21:10.564+0000] {logging_mixin.py:188} INFO - [2026-03-06T22:21:10.564+0000] {dag.py:3096} INFO - Sync 3 DAGs
[2026-03-06T22:21:10.605+0000] {logging_mixin.py:188} INFO - [2026-03-06T22:21:10.605+0000] {dag.py:3954} INFO - Setting next_dagrun for data_quality to None, run_after=None
[2026-03-06T22:21:10.624+0000] {logging_mixin.py:188} INFO - [2026-03-06T22:21:10.624+0000] {dag.py:3954} INFO - Setting next_dagrun for produce_json to 2026-03-06 14:00:00+00:00, run_after=2026-03-07 14:00:00+00:00
[2026-03-06T22:21:10.638+0000] {logging_mixin.py:188} INFO - [2026-03-06T22:21:10.638+0000] {dag.py:3954} INFO - Setting next_dagrun for update_db to None, run_after=None
[2026-03-06T22:21:10.670+0000] {processor.py:183} INFO - Processing /opt/airflow/dags/main.py took 0.365 seconds
[2026-03-06T22:21:40.875+0000] {processor.py:161} INFO - Started process (PID=1390) to work on /opt/airflow/dags/main.py
[2026-03-06T22:21:40.877+0000] {processor.py:830} INFO - Processing file /opt/airflow/dags/main.py for tasks to queue
[2026-03-06T22:21:40.879+0000] {logging_mixin.py:188} INFO - [2026-03-06T22:21:40.879+0000] {dagbag.py:545} INFO - Filling up the DagBag from /opt/airflow/dags/main.py
[2026-03-06T22:21:40.946+0000] {processor.py:840} INFO - DAG(s) 'update_db', 'data_quality', 'produce_json' retrieved from /opt/airflow/dags/main.py
[2026-03-06T22:21:40.998+0000] {logging_mixin.py:188} INFO - [2026-03-06T22:21:40.998+0000] {dag.py:3096} INFO - Sync 3 DAGs
[2026-03-06T22:21:41.036+0000] {logging_mixin.py:188} INFO - [2026-03-06T22:21:41.036+0000] {dag.py:3954} INFO - Setting next_dagrun for data_quality to None, run_after=None
[2026-03-06T22:21:41.053+0000] {logging_mixin.py:188} INFO - [2026-03-06T22:21:41.052+0000] {dag.py:3954} INFO - Setting next_dagrun for produce_json to 2026-03-06 14:00:00+00:00, run_after=2026-03-07 14:00:00+00:00
[2026-03-06T22:21:41.058+0000] {logging_mixin.py:188} INFO - [2026-03-06T22:21:41.057+0000] {dag.py:3954} INFO - Setting next_dagrun for update_db to None, run_after=None
[2026-03-06T22:21:41.111+0000] {processor.py:183} INFO - Processing /opt/airflow/dags/main.py took 0.250 seconds
[2026-03-06T22:23:05.922+0000] {processor.py:161} INFO - Started process (PID=1391) to work on /opt/airflow/dags/main.py
[2026-03-06T22:23:05.925+0000] {processor.py:830} INFO - Processing file /opt/airflow/dags/main.py for tasks to queue
[2026-03-06T22:23:05.926+0000] {logging_mixin.py:188} INFO - [2026-03-06T22:23:05.926+0000] {dagbag.py:545} INFO - Filling up the DagBag from /opt/airflow/dags/main.py
[2026-03-06T22:23:06.198+0000] {processor.py:840} INFO - DAG(s) 'produce_json', 'data_quality', 'update_db' retrieved from /opt/airflow/dags/main.py
[2026-03-06T22:23:06.344+0000] {logging_mixin.py:188} INFO - [2026-03-06T22:23:06.333+0000] {dag.py:3096} INFO - Sync 3 DAGs
[2026-03-06T22:23:06.655+0000] {logging_mixin.py:188} INFO - [2026-03-06T22:23:06.654+0000] {dag.py:3954} INFO - Setting next_dagrun for data_quality to None, run_after=None
[2026-03-06T22:23:06.704+0000] {logging_mixin.py:188} INFO - [2026-03-06T22:23:06.703+0000] {dag.py:3954} INFO - Setting next_dagrun for produce_json to 2026-03-06 14:00:00+00:00, run_after=2026-03-07 14:00:00+00:00
[2026-03-06T22:23:06.710+0000] {logging_mixin.py:188} INFO - [2026-03-06T22:23:06.710+0000] {dag.py:3954} INFO - Setting next_dagrun for update_db to None, run_after=None
[2026-03-06T22:23:06.744+0000] {processor.py:183} INFO - Processing /opt/airflow/dags/main.py took 0.923 seconds
[2026-03-06T22:24:05.683+0000] {processor.py:161} INFO - Started process (PID=1398) to work on /opt/airflow/dags/main.py
[2026-03-06T22:24:05.710+0000] {processor.py:830} INFO - Processing file /opt/airflow/dags/main.py for tasks to queue
[2026-03-06T22:24:05.712+0000] {logging_mixin.py:188} INFO - [2026-03-06T22:24:05.711+0000] {dagbag.py:545} INFO - Filling up the DagBag from /opt/airflow/dags/main.py
[2026-03-06T22:24:06.073+0000] {processor.py:840} INFO - DAG(s) 'update_db', 'produce_json', 'data_quality' retrieved from /opt/airflow/dags/main.py
[2026-03-06T22:24:06.518+0000] {logging_mixin.py:188} INFO - [2026-03-06T22:24:06.518+0000] {dag.py:3096} INFO - Sync 3 DAGs
[2026-03-06T22:24:06.738+0000] {logging_mixin.py:188} INFO - [2026-03-06T22:24:06.737+0000] {dag.py:3954} INFO - Setting next_dagrun for data_quality to None, run_after=None
[2026-03-06T22:24:06.911+0000] {logging_mixin.py:188} INFO - [2026-03-06T22:24:06.910+0000] {dag.py:3954} INFO - Setting next_dagrun for produce_json to 2026-03-06 14:00:00+00:00, run_after=2026-03-07 14:00:00+00:00
[2026-03-06T22:24:06.913+0000] {logging_mixin.py:188} INFO - [2026-03-06T22:24:06.913+0000] {dag.py:3954} INFO - Setting next_dagrun for update_db to None, run_after=None
[2026-03-06T22:24:06.949+0000] {processor.py:183} INFO - Processing /opt/airflow/dags/main.py took 1.306 seconds
[2026-03-06T22:25:06.019+0000] {processor.py:161} INFO - Started process (PID=1405) to work on /opt/airflow/dags/main.py
[2026-03-06T22:25:06.027+0000] {processor.py:830} INFO - Processing file /opt/airflow/dags/main.py for tasks to queue
[2026-03-06T22:25:06.049+0000] {logging_mixin.py:188} INFO - [2026-03-06T22:25:06.048+0000] {dagbag.py:545} INFO - Filling up the DagBag from /opt/airflow/dags/main.py
[2026-03-06T22:25:06.398+0000] {processor.py:840} INFO - DAG(s) 'produce_json', 'data_quality', 'update_db' retrieved from /opt/airflow/dags/main.py
[2026-03-06T22:25:06.553+0000] {logging_mixin.py:188} INFO - [2026-03-06T22:25:06.552+0000] {dag.py:3096} INFO - Sync 3 DAGs
[2026-03-06T22:25:06.623+0000] {logging_mixin.py:188} INFO - [2026-03-06T22:25:06.622+0000] {dag.py:3954} INFO - Setting next_dagrun for data_quality to None, run_after=None
[2026-03-06T22:25:06.641+0000] {logging_mixin.py:188} INFO - [2026-03-06T22:25:06.640+0000] {dag.py:3954} INFO - Setting next_dagrun for produce_json to 2026-03-06 14:00:00+00:00, run_after=2026-03-07 14:00:00+00:00
[2026-03-06T22:25:06.645+0000] {logging_mixin.py:188} INFO - [2026-03-06T22:25:06.645+0000] {dag.py:3954} INFO - Setting next_dagrun for update_db to None, run_after=None
[2026-03-06T22:25:06.685+0000] {processor.py:183} INFO - Processing /opt/airflow/dags/main.py took 0.741 seconds
[2026-03-06T22:25:37.159+0000] {processor.py:161} INFO - Started process (PID=1412) to work on /opt/airflow/dags/main.py
[2026-03-06T22:25:37.162+0000] {processor.py:830} INFO - Processing file /opt/airflow/dags/main.py for tasks to queue
[2026-03-06T22:25:37.164+0000] {logging_mixin.py:188} INFO - [2026-03-06T22:25:37.163+0000] {dagbag.py:545} INFO - Filling up the DagBag from /opt/airflow/dags/main.py
[2026-03-06T22:25:37.344+0000] {processor.py:840} INFO - DAG(s) 'update_db', 'produce_json', 'data_quality' retrieved from /opt/airflow/dags/main.py
[2026-03-06T22:25:37.430+0000] {logging_mixin.py:188} INFO - [2026-03-06T22:25:37.430+0000] {dag.py:3096} INFO - Sync 3 DAGs
[2026-03-06T22:25:37.478+0000] {logging_mixin.py:188} INFO - [2026-03-06T22:25:37.476+0000] {dag.py:3954} INFO - Setting next_dagrun for data_quality to None, run_after=None
[2026-03-06T22:25:37.489+0000] {logging_mixin.py:188} INFO - [2026-03-06T22:25:37.488+0000] {dag.py:3954} INFO - Setting next_dagrun for produce_json to 2026-03-06 14:00:00+00:00, run_after=2026-03-07 14:00:00+00:00
[2026-03-06T22:25:37.492+0000] {logging_mixin.py:188} INFO - [2026-03-06T22:25:37.491+0000] {dag.py:3954} INFO - Setting next_dagrun for update_db to None, run_after=None
[2026-03-06T22:25:37.580+0000] {processor.py:183} INFO - Processing /opt/airflow/dags/main.py took 0.440 seconds
[2026-03-06T22:26:08.254+0000] {processor.py:161} INFO - Started process (PID=1425) to work on /opt/airflow/dags/main.py
[2026-03-06T22:26:08.256+0000] {processor.py:830} INFO - Processing file /opt/airflow/dags/main.py for tasks to queue
[2026-03-06T22:26:08.262+0000] {logging_mixin.py:188} INFO - [2026-03-06T22:26:08.261+0000] {dagbag.py:545} INFO - Filling up the DagBag from /opt/airflow/dags/main.py
[2026-03-06T22:26:08.436+0000] {processor.py:840} INFO - DAG(s) 'update_db', 'produce_json', 'data_quality' retrieved from /opt/airflow/dags/main.py
[2026-03-06T22:26:08.600+0000] {logging_mixin.py:188} INFO - [2026-03-06T22:26:08.600+0000] {dag.py:3096} INFO - Sync 3 DAGs
[2026-03-06T22:26:08.681+0000] {logging_mixin.py:188} INFO - [2026-03-06T22:26:08.681+0000] {dag.py:3954} INFO - Setting next_dagrun for data_quality to None, run_after=None
[2026-03-06T22:26:08.697+0000] {logging_mixin.py:188} INFO - [2026-03-06T22:26:08.697+0000] {dag.py:3954} INFO - Setting next_dagrun for produce_json to 2026-03-06 14:00:00+00:00, run_after=2026-03-07 14:00:00+00:00
[2026-03-06T22:26:08.701+0000] {logging_mixin.py:188} INFO - [2026-03-06T22:26:08.701+0000] {dag.py:3954} INFO - Setting next_dagrun for update_db to None, run_after=None
[2026-03-06T22:26:08.764+0000] {processor.py:183} INFO - Processing /opt/airflow/dags/main.py took 0.545 seconds
[2026-03-06T22:26:39.685+0000] {processor.py:161} INFO - Started process (PID=1432) to work on /opt/airflow/dags/main.py
[2026-03-06T22:26:39.688+0000] {processor.py:830} INFO - Processing file /opt/airflow/dags/main.py for tasks to queue
[2026-03-06T22:26:39.691+0000] {logging_mixin.py:188} INFO - [2026-03-06T22:26:39.690+0000] {dagbag.py:545} INFO - Filling up the DagBag from /opt/airflow/dags/main.py
[2026-03-06T22:26:39.764+0000] {processor.py:840} INFO - DAG(s) 'update_db', 'data_quality', 'produce_json' retrieved from /opt/airflow/dags/main.py
[2026-03-06T22:26:39.843+0000] {logging_mixin.py:188} INFO - [2026-03-06T22:26:39.842+0000] {dag.py:3096} INFO - Sync 3 DAGs
[2026-03-06T22:26:39.924+0000] {logging_mixin.py:188} INFO - [2026-03-06T22:26:39.923+0000] {dag.py:3954} INFO - Setting next_dagrun for data_quality to None, run_after=None
[2026-03-06T22:26:39.944+0000] {logging_mixin.py:188} INFO - [2026-03-06T22:26:39.944+0000] {dag.py:3954} INFO - Setting next_dagrun for produce_json to 2026-03-06 14:00:00+00:00, run_after=2026-03-07 14:00:00+00:00
[2026-03-06T22:26:39.948+0000] {logging_mixin.py:188} INFO - [2026-03-06T22:26:39.947+0000] {dag.py:3954} INFO - Setting next_dagrun for update_db to None, run_after=None
[2026-03-06T22:26:40.009+0000] {processor.py:183} INFO - Processing /opt/airflow/dags/main.py took 0.343 seconds
[2026-03-06T22:27:21.990+0000] {processor.py:161} INFO - Started process (PID=1433) to work on /opt/airflow/dags/main.py
[2026-03-06T22:27:22.007+0000] {processor.py:830} INFO - Processing file /opt/airflow/dags/main.py for tasks to queue
[2026-03-06T22:27:22.041+0000] {logging_mixin.py:188} INFO - [2026-03-06T22:27:22.024+0000] {dagbag.py:545} INFO - Filling up the DagBag from /opt/airflow/dags/main.py
[2026-03-06T22:27:22.502+0000] {processor.py:840} INFO - DAG(s) 'update_db', 'data_quality', 'produce_json' retrieved from /opt/airflow/dags/main.py
[2026-03-06T22:27:22.797+0000] {logging_mixin.py:188} INFO - [2026-03-06T22:27:22.797+0000] {dag.py:3096} INFO - Sync 3 DAGs
[2026-03-06T22:27:22.833+0000] {logging_mixin.py:188} INFO - [2026-03-06T22:27:22.833+0000] {dag.py:3954} INFO - Setting next_dagrun for data_quality to None, run_after=None
[2026-03-06T22:27:22.845+0000] {logging_mixin.py:188} INFO - [2026-03-06T22:27:22.844+0000] {dag.py:3954} INFO - Setting next_dagrun for produce_json to 2026-03-06 14:00:00+00:00, run_after=2026-03-07 14:00:00+00:00
[2026-03-06T22:27:22.852+0000] {logging_mixin.py:188} INFO - [2026-03-06T22:27:22.851+0000] {dag.py:3954} INFO - Setting next_dagrun for update_db to None, run_after=None
[2026-03-06T22:27:22.878+0000] {processor.py:183} INFO - Processing /opt/airflow/dags/main.py took 0.945 seconds
[2026-03-06T22:27:53.218+0000] {processor.py:161} INFO - Started process (PID=1445) to work on /opt/airflow/dags/main.py
[2026-03-06T22:27:53.220+0000] {processor.py:830} INFO - Processing file /opt/airflow/dags/main.py for tasks to queue
[2026-03-06T22:27:53.223+0000] {logging_mixin.py:188} INFO - [2026-03-06T22:27:53.223+0000] {dagbag.py:545} INFO - Filling up the DagBag from /opt/airflow/dags/main.py
[2026-03-06T22:27:53.308+0000] {processor.py:840} INFO - DAG(s) 'produce_json', 'data_quality', 'update_db' retrieved from /opt/airflow/dags/main.py
[2026-03-06T22:27:53.373+0000] {logging_mixin.py:188} INFO - [2026-03-06T22:27:53.373+0000] {dag.py:3096} INFO - Sync 3 DAGs
[2026-03-06T22:27:53.418+0000] {logging_mixin.py:188} INFO - [2026-03-06T22:27:53.418+0000] {dag.py:3954} INFO - Setting next_dagrun for data_quality to None, run_after=None
[2026-03-06T22:27:53.434+0000] {logging_mixin.py:188} INFO - [2026-03-06T22:27:53.431+0000] {dag.py:3954} INFO - Setting next_dagrun for produce_json to 2026-03-06 14:00:00+00:00, run_after=2026-03-07 14:00:00+00:00
[2026-03-06T22:27:53.440+0000] {logging_mixin.py:188} INFO - [2026-03-06T22:27:53.440+0000] {dag.py:3954} INFO - Setting next_dagrun for update_db to None, run_after=None
[2026-03-06T22:27:53.470+0000] {processor.py:183} INFO - Processing /opt/airflow/dags/main.py took 0.263 seconds
[2026-03-06T22:28:23.791+0000] {processor.py:161} INFO - Started process (PID=1452) to work on /opt/airflow/dags/main.py
[2026-03-06T22:28:23.796+0000] {processor.py:830} INFO - Processing file /opt/airflow/dags/main.py for tasks to queue
[2026-03-06T22:28:23.798+0000] {logging_mixin.py:188} INFO - [2026-03-06T22:28:23.797+0000] {dagbag.py:545} INFO - Filling up the DagBag from /opt/airflow/dags/main.py
[2026-03-06T22:28:23.912+0000] {processor.py:840} INFO - DAG(s) 'produce_json', 'data_quality', 'update_db' retrieved from /opt/airflow/dags/main.py
[2026-03-06T22:28:24.019+0000] {logging_mixin.py:188} INFO - [2026-03-06T22:28:24.016+0000] {dag.py:3096} INFO - Sync 3 DAGs
[2026-03-06T22:28:24.097+0000] {logging_mixin.py:188} INFO - [2026-03-06T22:28:24.097+0000] {dag.py:3954} INFO - Setting next_dagrun for data_quality to None, run_after=None
[2026-03-06T22:28:24.120+0000] {logging_mixin.py:188} INFO - [2026-03-06T22:28:24.119+0000] {dag.py:3954} INFO - Setting next_dagrun for produce_json to 2026-03-06 14:00:00+00:00, run_after=2026-03-07 14:00:00+00:00
[2026-03-06T22:28:24.129+0000] {logging_mixin.py:188} INFO - [2026-03-06T22:28:24.129+0000] {dag.py:3954} INFO - Setting next_dagrun for update_db to None, run_after=None
[2026-03-06T22:28:24.224+0000] {processor.py:183} INFO - Processing /opt/airflow/dags/main.py took 0.449 seconds
[2026-03-06T22:28:54.388+0000] {processor.py:161} INFO - Started process (PID=1458) to work on /opt/airflow/dags/main.py
[2026-03-06T22:28:54.392+0000] {processor.py:830} INFO - Processing file /opt/airflow/dags/main.py for tasks to queue
[2026-03-06T22:28:54.396+0000] {logging_mixin.py:188} INFO - [2026-03-06T22:28:54.395+0000] {dagbag.py:545} INFO - Filling up the DagBag from /opt/airflow/dags/main.py
[2026-03-06T22:28:54.506+0000] {processor.py:840} INFO - DAG(s) 'update_db', 'produce_json', 'data_quality' retrieved from /opt/airflow/dags/main.py
[2026-03-06T22:28:54.617+0000] {logging_mixin.py:188} INFO - [2026-03-06T22:28:54.617+0000] {dag.py:3096} INFO - Sync 3 DAGs
[2026-03-06T22:28:54.686+0000] {logging_mixin.py:188} INFO - [2026-03-06T22:28:54.685+0000] {dag.py:3954} INFO - Setting next_dagrun for data_quality to None, run_after=None
[2026-03-06T22:28:54.695+0000] {logging_mixin.py:188} INFO - [2026-03-06T22:28:54.694+0000] {dag.py:3954} INFO - Setting next_dagrun for produce_json to 2026-03-06 14:00:00+00:00, run_after=2026-03-07 14:00:00+00:00
[2026-03-06T22:28:54.697+0000] {logging_mixin.py:188} INFO - [2026-03-06T22:28:54.697+0000] {dag.py:3954} INFO - Setting next_dagrun for update_db to None, run_after=None
[2026-03-06T22:28:54.744+0000] {processor.py:183} INFO - Processing /opt/airflow/dags/main.py took 0.368 seconds
[2026-03-06T22:29:24.871+0000] {processor.py:161} INFO - Started process (PID=1466) to work on /opt/airflow/dags/main.py
[2026-03-06T22:29:24.875+0000] {processor.py:830} INFO - Processing file /opt/airflow/dags/main.py for tasks to queue
[2026-03-06T22:29:24.877+0000] {logging_mixin.py:188} INFO - [2026-03-06T22:29:24.877+0000] {dagbag.py:545} INFO - Filling up the DagBag from /opt/airflow/dags/main.py
[2026-03-06T22:29:24.946+0000] {processor.py:840} INFO - DAG(s) 'data_quality', 'update_db', 'produce_json' retrieved from /opt/airflow/dags/main.py
[2026-03-06T22:29:25.034+0000] {logging_mixin.py:188} INFO - [2026-03-06T22:29:25.033+0000] {dag.py:3096} INFO - Sync 3 DAGs
[2026-03-06T22:29:25.078+0000] {logging_mixin.py:188} INFO - [2026-03-06T22:29:25.078+0000] {dag.py:3954} INFO - Setting next_dagrun for data_quality to None, run_after=None
[2026-03-06T22:29:25.090+0000] {logging_mixin.py:188} INFO - [2026-03-06T22:29:25.090+0000] {dag.py:3954} INFO - Setting next_dagrun for produce_json to 2026-03-06 14:00:00+00:00, run_after=2026-03-07 14:00:00+00:00
[2026-03-06T22:29:25.094+0000] {logging_mixin.py:188} INFO - [2026-03-06T22:29:25.093+0000] {dag.py:3954} INFO - Setting next_dagrun for update_db to None, run_after=None
[2026-03-06T22:29:25.136+0000] {processor.py:183} INFO - Processing /opt/airflow/dags/main.py took 0.297 seconds
[2026-03-06T22:29:55.299+0000] {processor.py:161} INFO - Started process (PID=1473) to work on /opt/airflow/dags/main.py
[2026-03-06T22:29:55.302+0000] {processor.py:830} INFO - Processing file /opt/airflow/dags/main.py for tasks to queue
[2026-03-06T22:29:55.305+0000] {logging_mixin.py:188} INFO - [2026-03-06T22:29:55.304+0000] {dagbag.py:545} INFO - Filling up the DagBag from /opt/airflow/dags/main.py
[2026-03-06T22:29:55.375+0000] {processor.py:840} INFO - DAG(s) 'data_quality', 'produce_json', 'update_db' retrieved from /opt/airflow/dags/main.py
[2026-03-06T22:29:55.482+0000] {logging_mixin.py:188} INFO - [2026-03-06T22:29:55.475+0000] {dag.py:3096} INFO - Sync 3 DAGs
[2026-03-06T22:29:55.546+0000] {logging_mixin.py:188} INFO - [2026-03-06T22:29:55.545+0000] {dag.py:3954} INFO - Setting next_dagrun for data_quality to None, run_after=None
[2026-03-06T22:29:55.558+0000] {logging_mixin.py:188} INFO - [2026-03-06T22:29:55.557+0000] {dag.py:3954} INFO - Setting next_dagrun for produce_json to 2026-03-06 14:00:00+00:00, run_after=2026-03-07 14:00:00+00:00
[2026-03-06T22:29:55.562+0000] {logging_mixin.py:188} INFO - [2026-03-06T22:29:55.561+0000] {dag.py:3954} INFO - Setting next_dagrun for update_db to None, run_after=None
[2026-03-06T22:29:55.606+0000] {processor.py:183} INFO - Processing /opt/airflow/dags/main.py took 0.351 seconds
[2026-03-06T22:30:26.200+0000] {processor.py:161} INFO - Started process (PID=1480) to work on /opt/airflow/dags/main.py
[2026-03-06T22:30:26.205+0000] {processor.py:830} INFO - Processing file /opt/airflow/dags/main.py for tasks to queue
[2026-03-06T22:30:26.214+0000] {logging_mixin.py:188} INFO - [2026-03-06T22:30:26.213+0000] {dagbag.py:545} INFO - Filling up the DagBag from /opt/airflow/dags/main.py
[2026-03-06T22:30:26.295+0000] {processor.py:840} INFO - DAG(s) 'produce_json', 'data_quality', 'update_db' retrieved from /opt/airflow/dags/main.py
[2026-03-06T22:30:26.348+0000] {logging_mixin.py:188} INFO - [2026-03-06T22:30:26.347+0000] {dag.py:3096} INFO - Sync 3 DAGs
[2026-03-06T22:30:26.386+0000] {logging_mixin.py:188} INFO - [2026-03-06T22:30:26.386+0000] {dag.py:3954} INFO - Setting next_dagrun for data_quality to None, run_after=None
[2026-03-06T22:30:26.397+0000] {logging_mixin.py:188} INFO - [2026-03-06T22:30:26.397+0000] {dag.py:3954} INFO - Setting next_dagrun for produce_json to 2026-03-06 14:00:00+00:00, run_after=2026-03-07 14:00:00+00:00
[2026-03-06T22:30:26.401+0000] {logging_mixin.py:188} INFO - [2026-03-06T22:30:26.400+0000] {dag.py:3954} INFO - Setting next_dagrun for update_db to None, run_after=None
[2026-03-06T22:30:26.425+0000] {processor.py:183} INFO - Processing /opt/airflow/dags/main.py took 0.259 seconds
[2026-03-06T22:30:56.870+0000] {processor.py:161} INFO - Started process (PID=1487) to work on /opt/airflow/dags/main.py
[2026-03-06T22:30:56.885+0000] {processor.py:830} INFO - Processing file /opt/airflow/dags/main.py for tasks to queue
[2026-03-06T22:30:56.894+0000] {logging_mixin.py:188} INFO - [2026-03-06T22:30:56.892+0000] {dagbag.py:545} INFO - Filling up the DagBag from /opt/airflow/dags/main.py
[2026-03-06T22:30:57.004+0000] {processor.py:840} INFO - DAG(s) 'produce_json', 'data_quality', 'update_db' retrieved from /opt/airflow/dags/main.py
[2026-03-06T22:30:57.079+0000] {logging_mixin.py:188} INFO - [2026-03-06T22:30:57.079+0000] {dag.py:3096} INFO - Sync 3 DAGs
[2026-03-06T22:30:57.114+0000] {logging_mixin.py:188} INFO - [2026-03-06T22:30:57.114+0000] {dag.py:3954} INFO - Setting next_dagrun for data_quality to None, run_after=None
[2026-03-06T22:30:57.122+0000] {logging_mixin.py:188} INFO - [2026-03-06T22:30:57.122+0000] {dag.py:3954} INFO - Setting next_dagrun for produce_json to 2026-03-06 14:00:00+00:00, run_after=2026-03-07 14:00:00+00:00
[2026-03-06T22:30:57.124+0000] {logging_mixin.py:188} INFO - [2026-03-06T22:30:57.124+0000] {dag.py:3954} INFO - Setting next_dagrun for update_db to None, run_after=None
[2026-03-06T22:30:57.157+0000] {processor.py:183} INFO - Processing /opt/airflow/dags/main.py took 0.298 seconds
[2026-03-06T22:31:27.706+0000] {processor.py:161} INFO - Started process (PID=1493) to work on /opt/airflow/dags/main.py
[2026-03-06T22:31:27.710+0000] {processor.py:830} INFO - Processing file /opt/airflow/dags/main.py for tasks to queue
[2026-03-06T22:31:27.713+0000] {logging_mixin.py:188} INFO - [2026-03-06T22:31:27.713+0000] {dagbag.py:545} INFO - Filling up the DagBag from /opt/airflow/dags/main.py
[2026-03-06T22:31:27.826+0000] {processor.py:840} INFO - DAG(s) 'update_db', 'data_quality', 'produce_json' retrieved from /opt/airflow/dags/main.py
[2026-03-06T22:31:27.902+0000] {logging_mixin.py:188} INFO - [2026-03-06T22:31:27.902+0000] {dag.py:3096} INFO - Sync 3 DAGs
[2026-03-06T22:31:27.935+0000] {logging_mixin.py:188} INFO - [2026-03-06T22:31:27.934+0000] {dag.py:3954} INFO - Setting next_dagrun for data_quality to None, run_after=None
[2026-03-06T22:31:27.943+0000] {logging_mixin.py:188} INFO - [2026-03-06T22:31:27.943+0000] {dag.py:3954} INFO - Setting next_dagrun for produce_json to 2026-03-06 14:00:00+00:00, run_after=2026-03-07 14:00:00+00:00
[2026-03-06T22:31:27.946+0000] {logging_mixin.py:188} INFO - [2026-03-06T22:31:27.946+0000] {dag.py:3954} INFO - Setting next_dagrun for update_db to None, run_after=None
[2026-03-06T22:31:27.974+0000] {processor.py:183} INFO - Processing /opt/airflow/dags/main.py took 0.291 seconds
[2026-03-06T22:32:41.339+0000] {processor.py:161} INFO - Started process (PID=1494) to work on /opt/airflow/dags/main.py
[2026-03-06T22:32:41.342+0000] {processor.py:830} INFO - Processing file /opt/airflow/dags/main.py for tasks to queue
[2026-03-06T22:32:41.344+0000] {logging_mixin.py:188} INFO - [2026-03-06T22:32:41.343+0000] {dagbag.py:545} INFO - Filling up the DagBag from /opt/airflow/dags/main.py
[2026-03-06T22:32:41.443+0000] {processor.py:840} INFO - DAG(s) 'produce_json', 'update_db', 'data_quality' retrieved from /opt/airflow/dags/main.py
[2026-03-06T22:32:41.700+0000] {logging_mixin.py:188} INFO - [2026-03-06T22:32:41.700+0000] {dag.py:3096} INFO - Sync 3 DAGs
[2026-03-06T22:32:41.852+0000] {logging_mixin.py:188} INFO - [2026-03-06T22:32:41.851+0000] {dag.py:3954} INFO - Setting next_dagrun for data_quality to None, run_after=None
[2026-03-06T22:32:41.877+0000] {logging_mixin.py:188} INFO - [2026-03-06T22:32:41.876+0000] {dag.py:3954} INFO - Setting next_dagrun for produce_json to 2026-03-06 14:00:00+00:00, run_after=2026-03-07 14:00:00+00:00
[2026-03-06T22:32:41.913+0000] {logging_mixin.py:188} INFO - [2026-03-06T22:32:41.913+0000] {dag.py:3954} INFO - Setting next_dagrun for update_db to None, run_after=None
[2026-03-06T22:32:42.382+0000] {processor.py:183} INFO - Processing /opt/airflow/dags/main.py took 1.057 seconds
[2026-03-06T22:33:13.688+0000] {processor.py:161} INFO - Started process (PID=1502) to work on /opt/airflow/dags/main.py
[2026-03-06T22:33:13.758+0000] {processor.py:830} INFO - Processing file /opt/airflow/dags/main.py for tasks to queue
[2026-03-06T22:33:13.760+0000] {logging_mixin.py:188} INFO - [2026-03-06T22:33:13.759+0000] {dagbag.py:545} INFO - Filling up the DagBag from /opt/airflow/dags/main.py
[2026-03-06T22:33:14.395+0000] {processor.py:840} INFO - DAG(s) 'data_quality', 'produce_json', 'update_db' retrieved from /opt/airflow/dags/main.py
[2026-03-06T22:33:15.387+0000] {logging_mixin.py:188} INFO - [2026-03-06T22:33:15.386+0000] {dag.py:3096} INFO - Sync 3 DAGs
[2026-03-06T22:33:15.449+0000] {logging_mixin.py:188} INFO - [2026-03-06T22:33:15.448+0000] {dag.py:3954} INFO - Setting next_dagrun for data_quality to None, run_after=None
[2026-03-06T22:33:15.462+0000] {logging_mixin.py:188} INFO - [2026-03-06T22:33:15.462+0000] {dag.py:3954} INFO - Setting next_dagrun for produce_json to 2026-03-06 14:00:00+00:00, run_after=2026-03-07 14:00:00+00:00
[2026-03-06T22:33:15.464+0000] {logging_mixin.py:188} INFO - [2026-03-06T22:33:15.464+0000] {dag.py:3954} INFO - Setting next_dagrun for update_db to None, run_after=None
[2026-03-06T22:33:15.502+0000] {processor.py:183} INFO - Processing /opt/airflow/dags/main.py took 1.914 seconds
[2026-03-06T22:33:45.676+0000] {processor.py:161} INFO - Started process (PID=1517) to work on /opt/airflow/dags/main.py
[2026-03-06T22:33:45.680+0000] {processor.py:830} INFO - Processing file /opt/airflow/dags/main.py for tasks to queue
[2026-03-06T22:33:45.683+0000] {logging_mixin.py:188} INFO - [2026-03-06T22:33:45.682+0000] {dagbag.py:545} INFO - Filling up the DagBag from /opt/airflow/dags/main.py
[2026-03-06T22:33:45.816+0000] {processor.py:840} INFO - DAG(s) 'update_db', 'produce_json', 'data_quality' retrieved from /opt/airflow/dags/main.py
[2026-03-06T22:33:45.907+0000] {logging_mixin.py:188} INFO - [2026-03-06T22:33:45.906+0000] {dag.py:3096} INFO - Sync 3 DAGs
[2026-03-06T22:33:45.958+0000] {logging_mixin.py:188} INFO - [2026-03-06T22:33:45.958+0000] {dag.py:3954} INFO - Setting next_dagrun for data_quality to None, run_after=None
[2026-03-06T22:33:45.974+0000] {logging_mixin.py:188} INFO - [2026-03-06T22:33:45.974+0000] {dag.py:3954} INFO - Setting next_dagrun for produce_json to 2026-03-06 14:00:00+00:00, run_after=2026-03-07 14:00:00+00:00
[2026-03-06T22:33:45.978+0000] {logging_mixin.py:188} INFO - [2026-03-06T22:33:45.977+0000] {dag.py:3954} INFO - Setting next_dagrun for update_db to None, run_after=None
[2026-03-06T22:33:46.052+0000] {processor.py:183} INFO - Processing /opt/airflow/dags/main.py took 0.393 seconds
[2026-03-06T22:34:16.779+0000] {processor.py:161} INFO - Started process (PID=1524) to work on /opt/airflow/dags/main.py
[2026-03-06T22:34:16.782+0000] {processor.py:830} INFO - Processing file /opt/airflow/dags/main.py for tasks to queue
[2026-03-06T22:34:16.783+0000] {logging_mixin.py:188} INFO - [2026-03-06T22:34:16.783+0000] {dagbag.py:545} INFO - Filling up the DagBag from /opt/airflow/dags/main.py
[2026-03-06T22:34:16.844+0000] {processor.py:840} INFO - DAG(s) 'data_quality', 'produce_json', 'update_db' retrieved from /opt/airflow/dags/main.py
[2026-03-06T22:34:16.897+0000] {logging_mixin.py:188} INFO - [2026-03-06T22:34:16.897+0000] {dag.py:3096} INFO - Sync 3 DAGs
[2026-03-06T22:34:16.933+0000] {logging_mixin.py:188} INFO - [2026-03-06T22:34:16.932+0000] {dag.py:3954} INFO - Setting next_dagrun for data_quality to None, run_after=None
[2026-03-06T22:34:16.941+0000] {logging_mixin.py:188} INFO - [2026-03-06T22:34:16.941+0000] {dag.py:3954} INFO - Setting next_dagrun for produce_json to 2026-03-06 14:00:00+00:00, run_after=2026-03-07 14:00:00+00:00
[2026-03-06T22:34:16.944+0000] {logging_mixin.py:188} INFO - [2026-03-06T22:34:16.944+0000] {dag.py:3954} INFO - Setting next_dagrun for update_db to None, run_after=None
[2026-03-06T22:34:16.972+0000] {processor.py:183} INFO - Processing /opt/airflow/dags/main.py took 0.217 seconds
[2026-03-06T22:34:47.291+0000] {processor.py:161} INFO - Started process (PID=1531) to work on /opt/airflow/dags/main.py
[2026-03-06T22:34:47.294+0000] {processor.py:830} INFO - Processing file /opt/airflow/dags/main.py for tasks to queue
[2026-03-06T22:34:47.297+0000] {logging_mixin.py:188} INFO - [2026-03-06T22:34:47.296+0000] {dagbag.py:545} INFO - Filling up the DagBag from /opt/airflow/dags/main.py
[2026-03-06T22:34:47.497+0000] {processor.py:840} INFO - DAG(s) 'produce_json', 'data_quality', 'update_db' retrieved from /opt/airflow/dags/main.py
[2026-03-06T22:34:47.632+0000] {logging_mixin.py:188} INFO - [2026-03-06T22:34:47.631+0000] {dag.py:3096} INFO - Sync 3 DAGs
[2026-03-06T22:34:47.714+0000] {logging_mixin.py:188} INFO - [2026-03-06T22:34:47.713+0000] {dag.py:3954} INFO - Setting next_dagrun for data_quality to None, run_after=None
[2026-03-06T22:34:47.741+0000] {logging_mixin.py:188} INFO - [2026-03-06T22:34:47.741+0000] {dag.py:3954} INFO - Setting next_dagrun for produce_json to 2026-03-06 14:00:00+00:00, run_after=2026-03-07 14:00:00+00:00
[2026-03-06T22:34:47.745+0000] {logging_mixin.py:188} INFO - [2026-03-06T22:34:47.744+0000] {dag.py:3954} INFO - Setting next_dagrun for update_db to None, run_after=None
[2026-03-06T22:34:47.823+0000] {processor.py:183} INFO - Processing /opt/airflow/dags/main.py took 0.552 seconds
[2026-03-06T22:35:18.529+0000] {processor.py:161} INFO - Started process (PID=1538) to work on /opt/airflow/dags/main.py
[2026-03-06T22:35:18.533+0000] {processor.py:830} INFO - Processing file /opt/airflow/dags/main.py for tasks to queue
[2026-03-06T22:35:18.537+0000] {logging_mixin.py:188} INFO - [2026-03-06T22:35:18.536+0000] {dagbag.py:545} INFO - Filling up the DagBag from /opt/airflow/dags/main.py
[2026-03-06T22:35:18.664+0000] {processor.py:840} INFO - DAG(s) 'produce_json', 'update_db', 'data_quality' retrieved from /opt/airflow/dags/main.py
[2026-03-06T22:35:18.750+0000] {logging_mixin.py:188} INFO - [2026-03-06T22:35:18.750+0000] {dag.py:3096} INFO - Sync 3 DAGs
[2026-03-06T22:35:18.806+0000] {logging_mixin.py:188} INFO - [2026-03-06T22:35:18.806+0000] {dag.py:3954} INFO - Setting next_dagrun for data_quality to None, run_after=None
[2026-03-06T22:35:18.820+0000] {logging_mixin.py:188} INFO - [2026-03-06T22:35:18.820+0000] {dag.py:3954} INFO - Setting next_dagrun for produce_json to 2026-03-06 14:00:00+00:00, run_after=2026-03-07 14:00:00+00:00
[2026-03-06T22:35:18.823+0000] {logging_mixin.py:188} INFO - [2026-03-06T22:35:18.823+0000] {dag.py:3954} INFO - Setting next_dagrun for update_db to None, run_after=None
[2026-03-06T22:35:18.863+0000] {processor.py:183} INFO - Processing /opt/airflow/dags/main.py took 0.354 seconds
[2026-03-06T22:35:49.488+0000] {processor.py:161} INFO - Started process (PID=1546) to work on /opt/airflow/dags/main.py
[2026-03-06T22:35:49.491+0000] {processor.py:830} INFO - Processing file /opt/airflow/dags/main.py for tasks to queue
[2026-03-06T22:35:49.492+0000] {logging_mixin.py:188} INFO - [2026-03-06T22:35:49.492+0000] {dagbag.py:545} INFO - Filling up the DagBag from /opt/airflow/dags/main.py
[2026-03-06T22:35:49.561+0000] {processor.py:840} INFO - DAG(s) 'data_quality', 'produce_json', 'update_db' retrieved from /opt/airflow/dags/main.py
[2026-03-06T22:35:49.616+0000] {logging_mixin.py:188} INFO - [2026-03-06T22:35:49.616+0000] {dag.py:3096} INFO - Sync 3 DAGs
[2026-03-06T22:35:49.654+0000] {logging_mixin.py:188} INFO - [2026-03-06T22:35:49.653+0000] {dag.py:3954} INFO - Setting next_dagrun for data_quality to None, run_after=None
[2026-03-06T22:35:49.666+0000] {logging_mixin.py:188} INFO - [2026-03-06T22:35:49.665+0000] {dag.py:3954} INFO - Setting next_dagrun for produce_json to 2026-03-06 14:00:00+00:00, run_after=2026-03-07 14:00:00+00:00
[2026-03-06T22:35:49.672+0000] {logging_mixin.py:188} INFO - [2026-03-06T22:35:49.671+0000] {dag.py:3954} INFO - Setting next_dagrun for update_db to None, run_after=None
[2026-03-06T22:35:49.726+0000] {processor.py:183} INFO - Processing /opt/airflow/dags/main.py took 0.249 seconds
[2026-03-06T22:36:19.841+0000] {processor.py:161} INFO - Started process (PID=1553) to work on /opt/airflow/dags/main.py
[2026-03-06T22:36:19.846+0000] {processor.py:830} INFO - Processing file /opt/airflow/dags/main.py for tasks to queue
[2026-03-06T22:36:19.850+0000] {logging_mixin.py:188} INFO - [2026-03-06T22:36:19.849+0000] {dagbag.py:545} INFO - Filling up the DagBag from /opt/airflow/dags/main.py
[2026-03-06T22:36:19.944+0000] {processor.py:840} INFO - DAG(s) 'data_quality', 'update_db', 'produce_json' retrieved from /opt/airflow/dags/main.py
[2026-03-06T22:36:20.028+0000] {logging_mixin.py:188} INFO - [2026-03-06T22:36:20.027+0000] {dag.py:3096} INFO - Sync 3 DAGs
[2026-03-06T22:36:20.074+0000] {logging_mixin.py:188} INFO - [2026-03-06T22:36:20.074+0000] {dag.py:3954} INFO - Setting next_dagrun for data_quality to None, run_after=None
[2026-03-06T22:36:20.086+0000] {logging_mixin.py:188} INFO - [2026-03-06T22:36:20.085+0000] {dag.py:3954} INFO - Setting next_dagrun for produce_json to 2026-03-06 14:00:00+00:00, run_after=2026-03-07 14:00:00+00:00
[2026-03-06T22:36:20.089+0000] {logging_mixin.py:188} INFO - [2026-03-06T22:36:20.089+0000] {dag.py:3954} INFO - Setting next_dagrun for update_db to None, run_after=None
[2026-03-06T22:36:20.135+0000] {processor.py:183} INFO - Processing /opt/airflow/dags/main.py took 0.315 seconds
[2026-03-06T22:36:51.596+0000] {processor.py:161} INFO - Started process (PID=1560) to work on /opt/airflow/dags/main.py
[2026-03-06T22:36:51.601+0000] {processor.py:830} INFO - Processing file /opt/airflow/dags/main.py for tasks to queue
[2026-03-06T22:36:51.604+0000] {logging_mixin.py:188} INFO - [2026-03-06T22:36:51.603+0000] {dagbag.py:545} INFO - Filling up the DagBag from /opt/airflow/dags/main.py
[2026-03-06T22:36:51.710+0000] {processor.py:840} INFO - DAG(s) 'produce_json', 'data_quality', 'update_db' retrieved from /opt/airflow/dags/main.py
[2026-03-06T22:36:51.832+0000] {logging_mixin.py:188} INFO - [2026-03-06T22:36:51.832+0000] {dag.py:3096} INFO - Sync 3 DAGs
[2026-03-06T22:36:51.887+0000] {logging_mixin.py:188} INFO - [2026-03-06T22:36:51.886+0000] {dag.py:3954} INFO - Setting next_dagrun for data_quality to None, run_after=None
[2026-03-06T22:36:51.897+0000] {logging_mixin.py:188} INFO - [2026-03-06T22:36:51.897+0000] {dag.py:3954} INFO - Setting next_dagrun for produce_json to 2026-03-06 14:00:00+00:00, run_after=2026-03-07 14:00:00+00:00
[2026-03-06T22:36:51.900+0000] {logging_mixin.py:188} INFO - [2026-03-06T22:36:51.900+0000] {dag.py:3954} INFO - Setting next_dagrun for update_db to None, run_after=None
[2026-03-06T22:36:51.935+0000] {processor.py:183} INFO - Processing /opt/airflow/dags/main.py took 0.370 seconds
[2026-03-06T22:37:22.785+0000] {processor.py:161} INFO - Started process (PID=1567) to work on /opt/airflow/dags/main.py
[2026-03-06T22:37:22.789+0000] {processor.py:830} INFO - Processing file /opt/airflow/dags/main.py for tasks to queue
[2026-03-06T22:37:22.792+0000] {logging_mixin.py:188} INFO - [2026-03-06T22:37:22.791+0000] {dagbag.py:545} INFO - Filling up the DagBag from /opt/airflow/dags/main.py
[2026-03-06T22:37:22.968+0000] {processor.py:840} INFO - DAG(s) 'produce_json', 'data_quality', 'update_db' retrieved from /opt/airflow/dags/main.py
[2026-03-06T22:37:23.287+0000] {logging_mixin.py:188} INFO - [2026-03-06T22:37:23.287+0000] {dag.py:3096} INFO - Sync 3 DAGs
[2026-03-06T22:37:23.367+0000] {logging_mixin.py:188} INFO - [2026-03-06T22:37:23.367+0000] {dag.py:3954} INFO - Setting next_dagrun for data_quality to None, run_after=None
[2026-03-06T22:37:23.383+0000] {logging_mixin.py:188} INFO - [2026-03-06T22:37:23.383+0000] {dag.py:3954} INFO - Setting next_dagrun for produce_json to 2026-03-06 14:00:00+00:00, run_after=2026-03-07 14:00:00+00:00
[2026-03-06T22:37:23.387+0000] {logging_mixin.py:188} INFO - [2026-03-06T22:37:23.386+0000] {dag.py:3954} INFO - Setting next_dagrun for update_db to None, run_after=None
[2026-03-06T22:37:23.421+0000] {processor.py:183} INFO - Processing /opt/airflow/dags/main.py took 0.657 seconds
[2026-03-06T22:37:53.571+0000] {processor.py:161} INFO - Started process (PID=1573) to work on /opt/airflow/dags/main.py
[2026-03-06T22:37:53.573+0000] {processor.py:830} INFO - Processing file /opt/airflow/dags/main.py for tasks to queue
[2026-03-06T22:37:53.575+0000] {logging_mixin.py:188} INFO - [2026-03-06T22:37:53.575+0000] {dagbag.py:545} INFO - Filling up the DagBag from /opt/airflow/dags/main.py
[2026-03-06T22:37:53.651+0000] {processor.py:840} INFO - DAG(s) 'data_quality', 'produce_json', 'update_db' retrieved from /opt/airflow/dags/main.py
[2026-03-06T22:37:53.715+0000] {logging_mixin.py:188} INFO - [2026-03-06T22:37:53.714+0000] {dag.py:3096} INFO - Sync 3 DAGs
[2026-03-06T22:37:53.760+0000] {logging_mixin.py:188} INFO - [2026-03-06T22:37:53.759+0000] {dag.py:3954} INFO - Setting next_dagrun for data_quality to None, run_after=None
[2026-03-06T22:37:53.779+0000] {logging_mixin.py:188} INFO - [2026-03-06T22:37:53.778+0000] {dag.py:3954} INFO - Setting next_dagrun for produce_json to 2026-03-06 14:00:00+00:00, run_after=2026-03-07 14:00:00+00:00
[2026-03-06T22:37:53.783+0000] {logging_mixin.py:188} INFO - [2026-03-06T22:37:53.783+0000] {dag.py:3954} INFO - Setting next_dagrun for update_db to None, run_after=None
[2026-03-06T22:37:53.833+0000] {processor.py:183} INFO - Processing /opt/airflow/dags/main.py took 0.276 seconds
[2026-03-06T22:38:23.967+0000] {processor.py:161} INFO - Started process (PID=1580) to work on /opt/airflow/dags/main.py
[2026-03-06T22:38:23.970+0000] {processor.py:830} INFO - Processing file /opt/airflow/dags/main.py for tasks to queue
[2026-03-06T22:38:23.972+0000] {logging_mixin.py:188} INFO - [2026-03-06T22:38:23.972+0000] {dagbag.py:545} INFO - Filling up the DagBag from /opt/airflow/dags/main.py
[2026-03-06T22:38:24.033+0000] {processor.py:840} INFO - DAG(s) 'data_quality', 'update_db', 'produce_json' retrieved from /opt/airflow/dags/main.py
[2026-03-06T22:38:24.079+0000] {logging_mixin.py:188} INFO - [2026-03-06T22:38:24.079+0000] {dag.py:3096} INFO - Sync 3 DAGs
[2026-03-06T22:38:24.113+0000] {logging_mixin.py:188} INFO - [2026-03-06T22:38:24.112+0000] {dag.py:3954} INFO - Setting next_dagrun for data_quality to None, run_after=None
[2026-03-06T22:38:24.122+0000] {logging_mixin.py:188} INFO - [2026-03-06T22:38:24.122+0000] {dag.py:3954} INFO - Setting next_dagrun for produce_json to 2026-03-06 14:00:00+00:00, run_after=2026-03-07 14:00:00+00:00
[2026-03-06T22:38:24.126+0000] {logging_mixin.py:188} INFO - [2026-03-06T22:38:24.126+0000] {dag.py:3954} INFO - Setting next_dagrun for update_db to None, run_after=None
[2026-03-06T22:38:24.186+0000] {processor.py:183} INFO - Processing /opt/airflow/dags/main.py took 0.231 seconds
[2026-03-06T22:38:54.751+0000] {processor.py:161} INFO - Started process (PID=1587) to work on /opt/airflow/dags/main.py
[2026-03-06T22:38:54.755+0000] {processor.py:830} INFO - Processing file /opt/airflow/dags/main.py for tasks to queue
[2026-03-06T22:38:54.758+0000] {logging_mixin.py:188} INFO - [2026-03-06T22:38:54.757+0000] {dagbag.py:545} INFO - Filling up the DagBag from /opt/airflow/dags/main.py
[2026-03-06T22:38:54.857+0000] {processor.py:840} INFO - DAG(s) 'update_db', 'data_quality', 'produce_json' retrieved from /opt/airflow/dags/main.py
[2026-03-06T22:38:54.941+0000] {logging_mixin.py:188} INFO - [2026-03-06T22:38:54.940+0000] {dag.py:3096} INFO - Sync 3 DAGs
[2026-03-06T22:38:54.983+0000] {logging_mixin.py:188} INFO - [2026-03-06T22:38:54.983+0000] {dag.py:3954} INFO - Setting next_dagrun for data_quality to None, run_after=None
[2026-03-06T22:38:55.009+0000] {logging_mixin.py:188} INFO - [2026-03-06T22:38:55.009+0000] {dag.py:3954} INFO - Setting next_dagrun for produce_json to 2026-03-06 14:00:00+00:00, run_after=2026-03-07 14:00:00+00:00
[2026-03-06T22:38:55.016+0000] {logging_mixin.py:188} INFO - [2026-03-06T22:38:55.015+0000] {dag.py:3954} INFO - Setting next_dagrun for update_db to None, run_after=None
[2026-03-06T22:38:55.061+0000] {processor.py:183} INFO - Processing /opt/airflow/dags/main.py took 0.326 seconds
[2026-03-06T22:39:25.396+0000] {processor.py:161} INFO - Started process (PID=1594) to work on /opt/airflow/dags/main.py
[2026-03-06T22:39:25.403+0000] {processor.py:830} INFO - Processing file /opt/airflow/dags/main.py for tasks to queue
[2026-03-06T22:39:25.406+0000] {logging_mixin.py:188} INFO - [2026-03-06T22:39:25.406+0000] {dagbag.py:545} INFO - Filling up the DagBag from /opt/airflow/dags/main.py
[2026-03-06T22:39:25.549+0000] {processor.py:840} INFO - DAG(s) 'data_quality', 'produce_json', 'update_db' retrieved from /opt/airflow/dags/main.py
[2026-03-06T22:39:25.673+0000] {logging_mixin.py:188} INFO - [2026-03-06T22:39:25.673+0000] {dag.py:3096} INFO - Sync 3 DAGs
[2026-03-06T22:39:25.731+0000] {logging_mixin.py:188} INFO - [2026-03-06T22:39:25.731+0000] {dag.py:3954} INFO - Setting next_dagrun for data_quality to None, run_after=None
[2026-03-06T22:39:25.741+0000] {logging_mixin.py:188} INFO - [2026-03-06T22:39:25.741+0000] {dag.py:3954} INFO - Setting next_dagrun for produce_json to 2026-03-06 14:00:00+00:00, run_after=2026-03-07 14:00:00+00:00
[2026-03-06T22:39:25.745+0000] {logging_mixin.py:188} INFO - [2026-03-06T22:39:25.744+0000] {dag.py:3954} INFO - Setting next_dagrun for update_db to None, run_after=None
[2026-03-06T22:39:25.836+0000] {processor.py:183} INFO - Processing /opt/airflow/dags/main.py took 0.472 seconds
[2026-03-06T22:39:56.892+0000] {processor.py:161} INFO - Started process (PID=1600) to work on /opt/airflow/dags/main.py
[2026-03-06T22:39:56.895+0000] {processor.py:830} INFO - Processing file /opt/airflow/dags/main.py for tasks to queue
[2026-03-06T22:39:56.898+0000] {logging_mixin.py:188} INFO - [2026-03-06T22:39:56.897+0000] {dagbag.py:545} INFO - Filling up the DagBag from /opt/airflow/dags/main.py
[2026-03-06T22:39:57.032+0000] {processor.py:840} INFO - DAG(s) 'produce_json', 'data_quality', 'update_db' retrieved from /opt/airflow/dags/main.py
[2026-03-06T22:39:57.146+0000] {logging_mixin.py:188} INFO - [2026-03-06T22:39:57.146+0000] {dag.py:3096} INFO - Sync 3 DAGs
[2026-03-06T22:39:57.214+0000] {logging_mixin.py:188} INFO - [2026-03-06T22:39:57.213+0000] {dag.py:3954} INFO - Setting next_dagrun for data_quality to None, run_after=None
[2026-03-06T22:39:57.233+0000] {logging_mixin.py:188} INFO - [2026-03-06T22:39:57.232+0000] {dag.py:3954} INFO - Setting next_dagrun for produce_json to 2026-03-06 14:00:00+00:00, run_after=2026-03-07 14:00:00+00:00
[2026-03-06T22:39:57.237+0000] {logging_mixin.py:188} INFO - [2026-03-06T22:39:57.236+0000] {dag.py:3954} INFO - Setting next_dagrun for update_db to None, run_after=None
[2026-03-06T22:39:57.294+0000] {processor.py:183} INFO - Processing /opt/airflow/dags/main.py took 0.415 seconds
[2026-03-06T22:40:27.599+0000] {processor.py:161} INFO - Started process (PID=1608) to work on /opt/airflow/dags/main.py
[2026-03-06T22:40:27.606+0000] {processor.py:830} INFO - Processing file /opt/airflow/dags/main.py for tasks to queue
[2026-03-06T22:40:27.609+0000] {logging_mixin.py:188} INFO - [2026-03-06T22:40:27.608+0000] {dagbag.py:545} INFO - Filling up the DagBag from /opt/airflow/dags/main.py
[2026-03-06T22:40:27.677+0000] {processor.py:840} INFO - DAG(s) 'produce_json', 'update_db', 'data_quality' retrieved from /opt/airflow/dags/main.py
[2026-03-06T22:40:27.775+0000] {logging_mixin.py:188} INFO - [2026-03-06T22:40:27.774+0000] {dag.py:3096} INFO - Sync 3 DAGs
[2026-03-06T22:40:27.840+0000] {logging_mixin.py:188} INFO - [2026-03-06T22:40:27.839+0000] {dag.py:3954} INFO - Setting next_dagrun for data_quality to None, run_after=None
[2026-03-06T22:40:27.850+0000] {logging_mixin.py:188} INFO - [2026-03-06T22:40:27.850+0000] {dag.py:3954} INFO - Setting next_dagrun for produce_json to 2026-03-06 14:00:00+00:00, run_after=2026-03-07 14:00:00+00:00
[2026-03-06T22:40:27.855+0000] {logging_mixin.py:188} INFO - [2026-03-06T22:40:27.855+0000] {dag.py:3954} INFO - Setting next_dagrun for update_db to None, run_after=None
[2026-03-06T22:40:27.901+0000] {processor.py:183} INFO - Processing /opt/airflow/dags/main.py took 0.326 seconds
[2026-03-06T22:40:58.875+0000] {processor.py:161} INFO - Started process (PID=1616) to work on /opt/airflow/dags/main.py
[2026-03-06T22:40:58.901+0000] {processor.py:830} INFO - Processing file /opt/airflow/dags/main.py for tasks to queue
[2026-03-06T22:40:58.908+0000] {logging_mixin.py:188} INFO - [2026-03-06T22:40:58.908+0000] {dagbag.py:545} INFO - Filling up the DagBag from /opt/airflow/dags/main.py
[2026-03-06T22:40:58.991+0000] {processor.py:840} INFO - DAG(s) 'update_db', 'produce_json', 'data_quality' retrieved from /opt/airflow/dags/main.py
[2026-03-06T22:40:59.169+0000] {logging_mixin.py:188} INFO - [2026-03-06T22:40:59.168+0000] {dag.py:3096} INFO - Sync 3 DAGs
[2026-03-06T22:40:59.214+0000] {logging_mixin.py:188} INFO - [2026-03-06T22:40:59.214+0000] {dag.py:3954} INFO - Setting next_dagrun for data_quality to None, run_after=None
[2026-03-06T22:40:59.222+0000] {logging_mixin.py:188} INFO - [2026-03-06T22:40:59.222+0000] {dag.py:3954} INFO - Setting next_dagrun for produce_json to 2026-03-06 14:00:00+00:00, run_after=2026-03-07 14:00:00+00:00
[2026-03-06T22:40:59.225+0000] {logging_mixin.py:188} INFO - [2026-03-06T22:40:59.225+0000] {dag.py:3954} INFO - Setting next_dagrun for update_db to None, run_after=None
[2026-03-06T22:40:59.257+0000] {processor.py:183} INFO - Processing /opt/airflow/dags/main.py took 0.545 seconds
[2026-03-06T22:41:30.091+0000] {processor.py:161} INFO - Started process (PID=1624) to work on /opt/airflow/dags/main.py
[2026-03-06T22:41:30.095+0000] {processor.py:830} INFO - Processing file /opt/airflow/dags/main.py for tasks to queue
[2026-03-06T22:41:30.097+0000] {logging_mixin.py:188} INFO - [2026-03-06T22:41:30.096+0000] {dagbag.py:545} INFO - Filling up the DagBag from /opt/airflow/dags/main.py
[2026-03-06T22:41:30.210+0000] {processor.py:840} INFO - DAG(s) 'produce_json', 'data_quality', 'update_db' retrieved from /opt/airflow/dags/main.py
[2026-03-06T22:41:30.283+0000] {logging_mixin.py:188} INFO - [2026-03-06T22:41:30.282+0000] {dag.py:3096} INFO - Sync 3 DAGs
[2026-03-06T22:41:30.327+0000] {logging_mixin.py:188} INFO - [2026-03-06T22:41:30.327+0000] {dag.py:3954} INFO - Setting next_dagrun for data_quality to None, run_after=None
[2026-03-06T22:41:30.345+0000] {logging_mixin.py:188} INFO - [2026-03-06T22:41:30.344+0000] {dag.py:3954} INFO - Setting next_dagrun for produce_json to 2026-03-06 14:00:00+00:00, run_after=2026-03-07 14:00:00+00:00
[2026-03-06T22:41:30.351+0000] {logging_mixin.py:188} INFO - [2026-03-06T22:41:30.351+0000] {dag.py:3954} INFO - Setting next_dagrun for update_db to None, run_after=None
[2026-03-06T22:41:30.394+0000] {processor.py:183} INFO - Processing /opt/airflow/dags/main.py took 0.317 seconds
[2026-03-06T22:42:01.201+0000] {processor.py:161} INFO - Started process (PID=1631) to work on /opt/airflow/dags/main.py
[2026-03-06T22:42:01.203+0000] {processor.py:830} INFO - Processing file /opt/airflow/dags/main.py for tasks to queue
[2026-03-06T22:42:01.204+0000] {logging_mixin.py:188} INFO - [2026-03-06T22:42:01.204+0000] {dagbag.py:545} INFO - Filling up the DagBag from /opt/airflow/dags/main.py
[2026-03-06T22:42:01.263+0000] {processor.py:840} INFO - DAG(s) 'produce_json', 'data_quality', 'update_db' retrieved from /opt/airflow/dags/main.py
[2026-03-06T22:42:01.358+0000] {logging_mixin.py:188} INFO - [2026-03-06T22:42:01.358+0000] {dag.py:3096} INFO - Sync 3 DAGs
[2026-03-06T22:42:01.554+0000] {logging_mixin.py:188} INFO - [2026-03-06T22:42:01.553+0000] {dag.py:3954} INFO - Setting next_dagrun for data_quality to None, run_after=None
[2026-03-06T22:42:01.676+0000] {logging_mixin.py:188} INFO - [2026-03-06T22:42:01.675+0000] {dag.py:3954} INFO - Setting next_dagrun for produce_json to 2026-03-06 14:00:00+00:00, run_after=2026-03-07 14:00:00+00:00
[2026-03-06T22:42:01.702+0000] {logging_mixin.py:188} INFO - [2026-03-06T22:42:01.702+0000] {dag.py:3954} INFO - Setting next_dagrun for update_db to None, run_after=None
[2026-03-06T22:42:01.766+0000] {processor.py:183} INFO - Processing /opt/airflow/dags/main.py took 0.578 seconds
[2026-03-06T22:42:31.958+0000] {processor.py:161} INFO - Started process (PID=1639) to work on /opt/airflow/dags/main.py
[2026-03-06T22:42:31.962+0000] {processor.py:830} INFO - Processing file /opt/airflow/dags/main.py for tasks to queue
[2026-03-06T22:42:31.964+0000] {logging_mixin.py:188} INFO - [2026-03-06T22:42:31.963+0000] {dagbag.py:545} INFO - Filling up the DagBag from /opt/airflow/dags/main.py
[2026-03-06T22:42:32.076+0000] {processor.py:840} INFO - DAG(s) 'data_quality', 'produce_json', 'update_db' retrieved from /opt/airflow/dags/main.py
[2026-03-06T22:42:32.146+0000] {logging_mixin.py:188} INFO - [2026-03-06T22:42:32.145+0000] {dag.py:3096} INFO - Sync 3 DAGs
[2026-03-06T22:42:32.194+0000] {logging_mixin.py:188} INFO - [2026-03-06T22:42:32.193+0000] {dag.py:3954} INFO - Setting next_dagrun for data_quality to None, run_after=None
[2026-03-06T22:42:32.219+0000] {logging_mixin.py:188} INFO - [2026-03-06T22:42:32.219+0000] {dag.py:3954} INFO - Setting next_dagrun for produce_json to 2026-03-06 14:00:00+00:00, run_after=2026-03-07 14:00:00+00:00
[2026-03-06T22:42:32.223+0000] {logging_mixin.py:188} INFO - [2026-03-06T22:42:32.222+0000] {dag.py:3954} INFO - Setting next_dagrun for update_db to None, run_after=None
[2026-03-06T22:42:32.261+0000] {processor.py:183} INFO - Processing /opt/airflow/dags/main.py took 0.317 seconds
[2026-03-06T22:43:03.286+0000] {processor.py:161} INFO - Started process (PID=1646) to work on /opt/airflow/dags/main.py
[2026-03-06T22:43:03.290+0000] {processor.py:830} INFO - Processing file /opt/airflow/dags/main.py for tasks to queue
[2026-03-06T22:43:03.293+0000] {logging_mixin.py:188} INFO - [2026-03-06T22:43:03.293+0000] {dagbag.py:545} INFO - Filling up the DagBag from /opt/airflow/dags/main.py
[2026-03-06T22:43:03.421+0000] {processor.py:840} INFO - DAG(s) 'update_db', 'data_quality', 'produce_json' retrieved from /opt/airflow/dags/main.py
[2026-03-06T22:43:03.508+0000] {logging_mixin.py:188} INFO - [2026-03-06T22:43:03.507+0000] {dag.py:3096} INFO - Sync 3 DAGs
[2026-03-06T22:43:03.650+0000] {logging_mixin.py:188} INFO - [2026-03-06T22:43:03.650+0000] {dag.py:3954} INFO - Setting next_dagrun for data_quality to None, run_after=None
[2026-03-06T22:43:03.678+0000] {logging_mixin.py:188} INFO - [2026-03-06T22:43:03.677+0000] {dag.py:3954} INFO - Setting next_dagrun for produce_json to 2026-03-06 14:00:00+00:00, run_after=2026-03-07 14:00:00+00:00
[2026-03-06T22:43:03.682+0000] {logging_mixin.py:188} INFO - [2026-03-06T22:43:03.682+0000] {dag.py:3954} INFO - Setting next_dagrun for update_db to None, run_after=None
[2026-03-06T22:43:03.736+0000] {processor.py:183} INFO - Processing /opt/airflow/dags/main.py took 0.465 seconds
[2026-03-06T22:43:34.582+0000] {processor.py:161} INFO - Started process (PID=1653) to work on /opt/airflow/dags/main.py
[2026-03-06T22:43:34.586+0000] {processor.py:830} INFO - Processing file /opt/airflow/dags/main.py for tasks to queue
[2026-03-06T22:43:34.588+0000] {logging_mixin.py:188} INFO - [2026-03-06T22:43:34.587+0000] {dagbag.py:545} INFO - Filling up the DagBag from /opt/airflow/dags/main.py
[2026-03-06T22:43:34.700+0000] {processor.py:840} INFO - DAG(s) 'produce_json', 'update_db', 'data_quality' retrieved from /opt/airflow/dags/main.py
[2026-03-06T22:43:34.785+0000] {logging_mixin.py:188} INFO - [2026-03-06T22:43:34.784+0000] {dag.py:3096} INFO - Sync 3 DAGs
[2026-03-06T22:43:34.851+0000] {logging_mixin.py:188} INFO - [2026-03-06T22:43:34.851+0000] {dag.py:3954} INFO - Setting next_dagrun for data_quality to None, run_after=None
[2026-03-06T22:43:34.871+0000] {logging_mixin.py:188} INFO - [2026-03-06T22:43:34.870+0000] {dag.py:3954} INFO - Setting next_dagrun for produce_json to 2026-03-06 14:00:00+00:00, run_after=2026-03-07 14:00:00+00:00
[2026-03-06T22:43:34.877+0000] {logging_mixin.py:188} INFO - [2026-03-06T22:43:34.876+0000] {dag.py:3954} INFO - Setting next_dagrun for update_db to None, run_after=None
[2026-03-06T22:43:34.945+0000] {processor.py:183} INFO - Processing /opt/airflow/dags/main.py took 0.385 seconds
[2026-03-06T22:44:05.560+0000] {processor.py:161} INFO - Started process (PID=1660) to work on /opt/airflow/dags/main.py
[2026-03-06T22:44:05.563+0000] {processor.py:830} INFO - Processing file /opt/airflow/dags/main.py for tasks to queue
[2026-03-06T22:44:05.566+0000] {logging_mixin.py:188} INFO - [2026-03-06T22:44:05.565+0000] {dagbag.py:545} INFO - Filling up the DagBag from /opt/airflow/dags/main.py
[2026-03-06T22:44:05.652+0000] {processor.py:840} INFO - DAG(s) 'update_db', 'produce_json', 'data_quality' retrieved from /opt/airflow/dags/main.py
[2026-03-06T22:44:05.759+0000] {logging_mixin.py:188} INFO - [2026-03-06T22:44:05.759+0000] {dag.py:3096} INFO - Sync 3 DAGs
[2026-03-06T22:44:05.803+0000] {logging_mixin.py:188} INFO - [2026-03-06T22:44:05.801+0000] {dag.py:3954} INFO - Setting next_dagrun for data_quality to None, run_after=None
[2026-03-06T22:44:05.831+0000] {logging_mixin.py:188} INFO - [2026-03-06T22:44:05.831+0000] {dag.py:3954} INFO - Setting next_dagrun for produce_json to 2026-03-06 14:00:00+00:00, run_after=2026-03-07 14:00:00+00:00
[2026-03-06T22:44:05.836+0000] {logging_mixin.py:188} INFO - [2026-03-06T22:44:05.835+0000] {dag.py:3954} INFO - Setting next_dagrun for update_db to None, run_after=None
[2026-03-06T22:44:05.892+0000] {processor.py:183} INFO - Processing /opt/airflow/dags/main.py took 0.347 seconds
[2026-03-06T22:44:36.303+0000] {processor.py:161} INFO - Started process (PID=1667) to work on /opt/airflow/dags/main.py
[2026-03-06T22:44:36.309+0000] {processor.py:830} INFO - Processing file /opt/airflow/dags/main.py for tasks to queue
[2026-03-06T22:44:36.313+0000] {logging_mixin.py:188} INFO - [2026-03-06T22:44:36.312+0000] {dagbag.py:545} INFO - Filling up the DagBag from /opt/airflow/dags/main.py
[2026-03-06T22:44:36.476+0000] {processor.py:840} INFO - DAG(s) 'update_db', 'data_quality', 'produce_json' retrieved from /opt/airflow/dags/main.py
[2026-03-06T22:44:36.574+0000] {logging_mixin.py:188} INFO - [2026-03-06T22:44:36.573+0000] {dag.py:3096} INFO - Sync 3 DAGs
[2026-03-06T22:44:36.636+0000] {logging_mixin.py:188} INFO - [2026-03-06T22:44:36.636+0000] {dag.py:3954} INFO - Setting next_dagrun for data_quality to None, run_after=None
[2026-03-06T22:44:36.653+0000] {logging_mixin.py:188} INFO - [2026-03-06T22:44:36.652+0000] {dag.py:3954} INFO - Setting next_dagrun for produce_json to 2026-03-06 14:00:00+00:00, run_after=2026-03-07 14:00:00+00:00
[2026-03-06T22:44:36.659+0000] {logging_mixin.py:188} INFO - [2026-03-06T22:44:36.658+0000] {dag.py:3954} INFO - Setting next_dagrun for update_db to None, run_after=None
[2026-03-06T22:44:36.707+0000] {processor.py:183} INFO - Processing /opt/airflow/dags/main.py took 0.435 seconds
[2026-03-06T22:45:07.090+0000] {processor.py:161} INFO - Started process (PID=1674) to work on /opt/airflow/dags/main.py
[2026-03-06T22:45:07.093+0000] {processor.py:830} INFO - Processing file /opt/airflow/dags/main.py for tasks to queue
[2026-03-06T22:45:07.095+0000] {logging_mixin.py:188} INFO - [2026-03-06T22:45:07.094+0000] {dagbag.py:545} INFO - Filling up the DagBag from /opt/airflow/dags/main.py
[2026-03-06T22:45:07.168+0000] {processor.py:840} INFO - DAG(s) 'update_db', 'data_quality', 'produce_json' retrieved from /opt/airflow/dags/main.py
[2026-03-06T22:45:07.913+0000] {logging_mixin.py:188} INFO - [2026-03-06T22:45:07.912+0000] {dag.py:3096} INFO - Sync 3 DAGs
[2026-03-06T22:45:08.071+0000] {logging_mixin.py:188} INFO - [2026-03-06T22:45:08.070+0000] {dag.py:3954} INFO - Setting next_dagrun for data_quality to None, run_after=None
[2026-03-06T22:45:08.096+0000] {logging_mixin.py:188} INFO - [2026-03-06T22:45:08.095+0000] {dag.py:3954} INFO - Setting next_dagrun for produce_json to 2026-03-06 14:00:00+00:00, run_after=2026-03-07 14:00:00+00:00
[2026-03-06T22:45:08.114+0000] {logging_mixin.py:188} INFO - [2026-03-06T22:45:08.113+0000] {dag.py:3954} INFO - Setting next_dagrun for update_db to None, run_after=None
[2026-03-06T22:45:08.236+0000] {processor.py:183} INFO - Processing /opt/airflow/dags/main.py took 1.161 seconds
[2026-03-06T22:45:38.644+0000] {processor.py:161} INFO - Started process (PID=1681) to work on /opt/airflow/dags/main.py
[2026-03-06T22:45:38.648+0000] {processor.py:830} INFO - Processing file /opt/airflow/dags/main.py for tasks to queue
[2026-03-06T22:45:38.650+0000] {logging_mixin.py:188} INFO - [2026-03-06T22:45:38.649+0000] {dagbag.py:545} INFO - Filling up the DagBag from /opt/airflow/dags/main.py
[2026-03-06T22:45:38.750+0000] {processor.py:840} INFO - DAG(s) 'update_db', 'produce_json', 'data_quality' retrieved from /opt/airflow/dags/main.py
[2026-03-06T22:45:38.851+0000] {logging_mixin.py:188} INFO - [2026-03-06T22:45:38.849+0000] {dag.py:3096} INFO - Sync 3 DAGs
[2026-03-06T22:45:38.901+0000] {logging_mixin.py:188} INFO - [2026-03-06T22:45:38.901+0000] {dag.py:3954} INFO - Setting next_dagrun for data_quality to None, run_after=None
[2026-03-06T22:45:38.930+0000] {logging_mixin.py:188} INFO - [2026-03-06T22:45:38.929+0000] {dag.py:3954} INFO - Setting next_dagrun for produce_json to 2026-03-06 14:00:00+00:00, run_after=2026-03-07 14:00:00+00:00
[2026-03-06T22:45:38.933+0000] {logging_mixin.py:188} INFO - [2026-03-06T22:45:38.933+0000] {dag.py:3954} INFO - Setting next_dagrun for update_db to None, run_after=None
[2026-03-06T22:45:38.962+0000] {processor.py:183} INFO - Processing /opt/airflow/dags/main.py took 0.339 seconds
[2026-03-06T22:46:09.684+0000] {processor.py:161} INFO - Started process (PID=1688) to work on /opt/airflow/dags/main.py
[2026-03-06T22:46:09.686+0000] {processor.py:830} INFO - Processing file /opt/airflow/dags/main.py for tasks to queue
[2026-03-06T22:46:09.688+0000] {logging_mixin.py:188} INFO - [2026-03-06T22:46:09.688+0000] {dagbag.py:545} INFO - Filling up the DagBag from /opt/airflow/dags/main.py
[2026-03-06T22:46:09.748+0000] {processor.py:840} INFO - DAG(s) 'update_db', 'data_quality', 'produce_json' retrieved from /opt/airflow/dags/main.py
[2026-03-06T22:46:09.818+0000] {logging_mixin.py:188} INFO - [2026-03-06T22:46:09.817+0000] {dag.py:3096} INFO - Sync 3 DAGs
[2026-03-06T22:46:09.860+0000] {logging_mixin.py:188} INFO - [2026-03-06T22:46:09.860+0000] {dag.py:3954} INFO - Setting next_dagrun for data_quality to None, run_after=None
[2026-03-06T22:46:09.870+0000] {logging_mixin.py:188} INFO - [2026-03-06T22:46:09.870+0000] {dag.py:3954} INFO - Setting next_dagrun for produce_json to 2026-03-06 14:00:00+00:00, run_after=2026-03-07 14:00:00+00:00
[2026-03-06T22:46:09.874+0000] {logging_mixin.py:188} INFO - [2026-03-06T22:46:09.874+0000] {dag.py:3954} INFO - Setting next_dagrun for update_db to None, run_after=None
[2026-03-06T22:46:09.913+0000] {processor.py:183} INFO - Processing /opt/airflow/dags/main.py took 0.243 seconds
[2026-03-06T22:46:40.640+0000] {processor.py:161} INFO - Started process (PID=1695) to work on /opt/airflow/dags/main.py
[2026-03-06T22:46:40.643+0000] {processor.py:830} INFO - Processing file /opt/airflow/dags/main.py for tasks to queue
[2026-03-06T22:46:40.645+0000] {logging_mixin.py:188} INFO - [2026-03-06T22:46:40.644+0000] {dagbag.py:545} INFO - Filling up the DagBag from /opt/airflow/dags/main.py
[2026-03-06T22:46:40.701+0000] {processor.py:840} INFO - DAG(s) 'update_db', 'produce_json', 'data_quality' retrieved from /opt/airflow/dags/main.py
[2026-03-06T22:46:40.768+0000] {logging_mixin.py:188} INFO - [2026-03-06T22:46:40.767+0000] {dag.py:3096} INFO - Sync 3 DAGs
[2026-03-06T22:46:40.809+0000] {logging_mixin.py:188} INFO - [2026-03-06T22:46:40.809+0000] {dag.py:3954} INFO - Setting next_dagrun for data_quality to None, run_after=None
[2026-03-06T22:46:40.819+0000] {logging_mixin.py:188} INFO - [2026-03-06T22:46:40.819+0000] {dag.py:3954} INFO - Setting next_dagrun for produce_json to 2026-03-06 14:00:00+00:00, run_after=2026-03-07 14:00:00+00:00
[2026-03-06T22:46:40.822+0000] {logging_mixin.py:188} INFO - [2026-03-06T22:46:40.821+0000] {dag.py:3954} INFO - Setting next_dagrun for update_db to None, run_after=None
[2026-03-06T22:46:40.847+0000] {processor.py:183} INFO - Processing /opt/airflow/dags/main.py took 0.219 seconds
[2026-03-06T22:47:11.702+0000] {processor.py:161} INFO - Started process (PID=1703) to work on /opt/airflow/dags/main.py
[2026-03-06T22:47:11.705+0000] {processor.py:830} INFO - Processing file /opt/airflow/dags/main.py for tasks to queue
[2026-03-06T22:47:11.707+0000] {logging_mixin.py:188} INFO - [2026-03-06T22:47:11.706+0000] {dagbag.py:545} INFO - Filling up the DagBag from /opt/airflow/dags/main.py
[2026-03-06T22:47:11.815+0000] {processor.py:840} INFO - DAG(s) 'produce_json', 'update_db', 'data_quality' retrieved from /opt/airflow/dags/main.py
[2026-03-06T22:47:11.927+0000] {logging_mixin.py:188} INFO - [2026-03-06T22:47:11.926+0000] {dag.py:3096} INFO - Sync 3 DAGs
[2026-03-06T22:47:11.981+0000] {logging_mixin.py:188} INFO - [2026-03-06T22:47:11.981+0000] {dag.py:3954} INFO - Setting next_dagrun for data_quality to None, run_after=None
[2026-03-06T22:47:12.001+0000] {logging_mixin.py:188} INFO - [2026-03-06T22:47:12.001+0000] {dag.py:3954} INFO - Setting next_dagrun for produce_json to 2026-03-06 14:00:00+00:00, run_after=2026-03-07 14:00:00+00:00
[2026-03-06T22:47:12.004+0000] {logging_mixin.py:188} INFO - [2026-03-06T22:47:12.003+0000] {dag.py:3954} INFO - Setting next_dagrun for update_db to None, run_after=None
[2026-03-06T22:47:12.031+0000] {processor.py:183} INFO - Processing /opt/airflow/dags/main.py took 0.342 seconds
[2026-03-06T22:47:42.227+0000] {processor.py:161} INFO - Started process (PID=1710) to work on /opt/airflow/dags/main.py
[2026-03-06T22:47:42.230+0000] {processor.py:830} INFO - Processing file /opt/airflow/dags/main.py for tasks to queue
[2026-03-06T22:47:42.234+0000] {logging_mixin.py:188} INFO - [2026-03-06T22:47:42.233+0000] {dagbag.py:545} INFO - Filling up the DagBag from /opt/airflow/dags/main.py
[2026-03-06T22:47:42.295+0000] {processor.py:840} INFO - DAG(s) 'produce_json', 'update_db', 'data_quality' retrieved from /opt/airflow/dags/main.py
[2026-03-06T22:47:42.345+0000] {logging_mixin.py:188} INFO - [2026-03-06T22:47:42.345+0000] {dag.py:3096} INFO - Sync 3 DAGs
[2026-03-06T22:47:42.381+0000] {logging_mixin.py:188} INFO - [2026-03-06T22:47:42.380+0000] {dag.py:3954} INFO - Setting next_dagrun for data_quality to None, run_after=None
[2026-03-06T22:47:42.396+0000] {logging_mixin.py:188} INFO - [2026-03-06T22:47:42.395+0000] {dag.py:3954} INFO - Setting next_dagrun for produce_json to 2026-03-06 14:00:00+00:00, run_after=2026-03-07 14:00:00+00:00
[2026-03-06T22:47:42.400+0000] {logging_mixin.py:188} INFO - [2026-03-06T22:47:42.399+0000] {dag.py:3954} INFO - Setting next_dagrun for update_db to None, run_after=None
[2026-03-06T22:47:42.445+0000] {processor.py:183} INFO - Processing /opt/airflow/dags/main.py took 0.232 seconds
[2026-03-06T22:49:05.938+0000] {processor.py:161} INFO - Started process (PID=1717) to work on /opt/airflow/dags/main.py
[2026-03-06T22:49:05.948+0000] {processor.py:830} INFO - Processing file /opt/airflow/dags/main.py for tasks to queue
[2026-03-06T22:49:05.955+0000] {logging_mixin.py:188} INFO - [2026-03-06T22:49:05.954+0000] {dagbag.py:545} INFO - Filling up the DagBag from /opt/airflow/dags/main.py
[2026-03-06T22:49:06.354+0000] {processor.py:840} INFO - DAG(s) 'data_quality', 'update_db', 'produce_json' retrieved from /opt/airflow/dags/main.py
[2026-03-06T22:49:06.724+0000] {logging_mixin.py:188} INFO - [2026-03-06T22:49:06.724+0000] {dag.py:3096} INFO - Sync 3 DAGs
[2026-03-06T22:49:06.827+0000] {logging_mixin.py:188} INFO - [2026-03-06T22:49:06.826+0000] {dag.py:3954} INFO - Setting next_dagrun for data_quality to None, run_after=None
[2026-03-06T22:49:06.847+0000] {logging_mixin.py:188} INFO - [2026-03-06T22:49:06.847+0000] {dag.py:3954} INFO - Setting next_dagrun for produce_json to 2026-03-06 14:00:00+00:00, run_after=2026-03-07 14:00:00+00:00
[2026-03-06T22:49:06.867+0000] {logging_mixin.py:188} INFO - [2026-03-06T22:49:06.862+0000] {dag.py:3954} INFO - Setting next_dagrun for update_db to None, run_after=None
[2026-03-06T22:49:06.901+0000] {processor.py:183} INFO - Processing /opt/airflow/dags/main.py took 1.082 seconds
[2026-03-06T22:49:37.213+0000] {processor.py:161} INFO - Started process (PID=1730) to work on /opt/airflow/dags/main.py
[2026-03-06T22:49:37.217+0000] {processor.py:830} INFO - Processing file /opt/airflow/dags/main.py for tasks to queue
[2026-03-06T22:49:37.219+0000] {logging_mixin.py:188} INFO - [2026-03-06T22:49:37.218+0000] {dagbag.py:545} INFO - Filling up the DagBag from /opt/airflow/dags/main.py
[2026-03-06T22:49:37.278+0000] {processor.py:840} INFO - DAG(s) 'data_quality', 'produce_json', 'update_db' retrieved from /opt/airflow/dags/main.py
[2026-03-06T22:49:37.332+0000] {logging_mixin.py:188} INFO - [2026-03-06T22:49:37.332+0000] {dag.py:3096} INFO - Sync 3 DAGs
[2026-03-06T22:49:37.364+0000] {logging_mixin.py:188} INFO - [2026-03-06T22:49:37.364+0000] {dag.py:3954} INFO - Setting next_dagrun for data_quality to None, run_after=None
[2026-03-06T22:49:37.374+0000] {logging_mixin.py:188} INFO - [2026-03-06T22:49:37.373+0000] {dag.py:3954} INFO - Setting next_dagrun for produce_json to 2026-03-06 14:00:00+00:00, run_after=2026-03-07 14:00:00+00:00
[2026-03-06T22:49:37.378+0000] {logging_mixin.py:188} INFO - [2026-03-06T22:49:37.377+0000] {dag.py:3954} INFO - Setting next_dagrun for update_db to None, run_after=None
[2026-03-06T22:49:37.402+0000] {processor.py:183} INFO - Processing /opt/airflow/dags/main.py took 0.203 seconds
[2026-03-06T22:50:08.282+0000] {processor.py:161} INFO - Started process (PID=1737) to work on /opt/airflow/dags/main.py
[2026-03-06T22:50:08.286+0000] {processor.py:830} INFO - Processing file /opt/airflow/dags/main.py for tasks to queue
[2026-03-06T22:50:08.288+0000] {logging_mixin.py:188} INFO - [2026-03-06T22:50:08.288+0000] {dagbag.py:545} INFO - Filling up the DagBag from /opt/airflow/dags/main.py
[2026-03-06T22:50:08.375+0000] {processor.py:840} INFO - DAG(s) 'update_db', 'data_quality', 'produce_json' retrieved from /opt/airflow/dags/main.py
[2026-03-06T22:50:08.461+0000] {logging_mixin.py:188} INFO - [2026-03-06T22:50:08.461+0000] {dag.py:3096} INFO - Sync 3 DAGs
[2026-03-06T22:50:08.504+0000] {logging_mixin.py:188} INFO - [2026-03-06T22:50:08.504+0000] {dag.py:3954} INFO - Setting next_dagrun for data_quality to None, run_after=None
[2026-03-06T22:50:08.520+0000] {logging_mixin.py:188} INFO - [2026-03-06T22:50:08.519+0000] {dag.py:3954} INFO - Setting next_dagrun for produce_json to 2026-03-06 14:00:00+00:00, run_after=2026-03-07 14:00:00+00:00
[2026-03-06T22:50:08.524+0000] {logging_mixin.py:188} INFO - [2026-03-06T22:50:08.523+0000] {dag.py:3954} INFO - Setting next_dagrun for update_db to None, run_after=None
[2026-03-06T22:50:08.568+0000] {processor.py:183} INFO - Processing /opt/airflow/dags/main.py took 0.354 seconds
[2026-03-06T22:51:05.810+0000] {processor.py:161} INFO - Started process (PID=1738) to work on /opt/airflow/dags/main.py
[2026-03-06T22:51:05.829+0000] {processor.py:830} INFO - Processing file /opt/airflow/dags/main.py for tasks to queue
[2026-03-06T22:51:05.840+0000] {logging_mixin.py:188} INFO - [2026-03-06T22:51:05.840+0000] {dagbag.py:545} INFO - Filling up the DagBag from /opt/airflow/dags/main.py
[2026-03-06T22:51:06.019+0000] {processor.py:840} INFO - DAG(s) 'update_db', 'produce_json', 'data_quality' retrieved from /opt/airflow/dags/main.py
[2026-03-06T22:51:06.251+0000] {logging_mixin.py:188} INFO - [2026-03-06T22:51:06.251+0000] {dag.py:3096} INFO - Sync 3 DAGs
[2026-03-06T22:51:06.527+0000] {logging_mixin.py:188} INFO - [2026-03-06T22:51:06.527+0000] {dag.py:3954} INFO - Setting next_dagrun for data_quality to None, run_after=None
[2026-03-06T22:51:06.567+0000] {logging_mixin.py:188} INFO - [2026-03-06T22:51:06.567+0000] {dag.py:3954} INFO - Setting next_dagrun for produce_json to 2026-03-06 14:00:00+00:00, run_after=2026-03-07 14:00:00+00:00
[2026-03-06T22:51:06.573+0000] {logging_mixin.py:188} INFO - [2026-03-06T22:51:06.572+0000] {dag.py:3954} INFO - Setting next_dagrun for update_db to None, run_after=None
[2026-03-06T22:51:06.646+0000] {processor.py:183} INFO - Processing /opt/airflow/dags/main.py took 0.885 seconds
[2026-03-06T22:51:36.962+0000] {processor.py:161} INFO - Started process (PID=1753) to work on /opt/airflow/dags/main.py
[2026-03-06T22:51:36.966+0000] {processor.py:830} INFO - Processing file /opt/airflow/dags/main.py for tasks to queue
[2026-03-06T22:51:36.968+0000] {logging_mixin.py:188} INFO - [2026-03-06T22:51:36.967+0000] {dagbag.py:545} INFO - Filling up the DagBag from /opt/airflow/dags/main.py
[2026-03-06T22:51:37.042+0000] {processor.py:840} INFO - DAG(s) 'data_quality', 'update_db', 'produce_json' retrieved from /opt/airflow/dags/main.py
[2026-03-06T22:51:37.147+0000] {logging_mixin.py:188} INFO - [2026-03-06T22:51:37.146+0000] {dag.py:3096} INFO - Sync 3 DAGs
[2026-03-06T22:51:37.179+0000] {logging_mixin.py:188} INFO - [2026-03-06T22:51:37.179+0000] {dag.py:3954} INFO - Setting next_dagrun for data_quality to None, run_after=None
[2026-03-06T22:51:37.191+0000] {logging_mixin.py:188} INFO - [2026-03-06T22:51:37.190+0000] {dag.py:3954} INFO - Setting next_dagrun for produce_json to 2026-03-06 14:00:00+00:00, run_after=2026-03-07 14:00:00+00:00
[2026-03-06T22:51:37.195+0000] {logging_mixin.py:188} INFO - [2026-03-06T22:51:37.194+0000] {dag.py:3954} INFO - Setting next_dagrun for update_db to None, run_after=None
[2026-03-06T22:51:37.240+0000] {processor.py:183} INFO - Processing /opt/airflow/dags/main.py took 0.305 seconds
[2026-03-06T22:52:07.422+0000] {processor.py:161} INFO - Started process (PID=1761) to work on /opt/airflow/dags/main.py
[2026-03-06T22:52:07.427+0000] {processor.py:830} INFO - Processing file /opt/airflow/dags/main.py for tasks to queue
[2026-03-06T22:52:07.430+0000] {logging_mixin.py:188} INFO - [2026-03-06T22:52:07.430+0000] {dagbag.py:545} INFO - Filling up the DagBag from /opt/airflow/dags/main.py
[2026-03-06T22:52:07.556+0000] {processor.py:840} INFO - DAG(s) 'produce_json', 'data_quality', 'update_db' retrieved from /opt/airflow/dags/main.py
[2026-03-06T22:52:07.649+0000] {logging_mixin.py:188} INFO - [2026-03-06T22:52:07.649+0000] {dag.py:3096} INFO - Sync 3 DAGs
[2026-03-06T22:52:07.690+0000] {logging_mixin.py:188} INFO - [2026-03-06T22:52:07.690+0000] {dag.py:3954} INFO - Setting next_dagrun for data_quality to None, run_after=None
[2026-03-06T22:52:07.702+0000] {logging_mixin.py:188} INFO - [2026-03-06T22:52:07.702+0000] {dag.py:3954} INFO - Setting next_dagrun for produce_json to 2026-03-06 14:00:00+00:00, run_after=2026-03-07 14:00:00+00:00
[2026-03-06T22:52:07.705+0000] {logging_mixin.py:188} INFO - [2026-03-06T22:52:07.705+0000] {dag.py:3954} INFO - Setting next_dagrun for update_db to None, run_after=None
[2026-03-06T22:52:07.739+0000] {processor.py:183} INFO - Processing /opt/airflow/dags/main.py took 0.337 seconds
[2026-03-06T22:53:05.806+0000] {processor.py:161} INFO - Started process (PID=1762) to work on /opt/airflow/dags/main.py
[2026-03-06T22:53:05.824+0000] {processor.py:830} INFO - Processing file /opt/airflow/dags/main.py for tasks to queue
[2026-03-06T22:53:05.826+0000] {logging_mixin.py:188} INFO - [2026-03-06T22:53:05.825+0000] {dagbag.py:545} INFO - Filling up the DagBag from /opt/airflow/dags/main.py
[2026-03-06T22:53:06.016+0000] {processor.py:840} INFO - DAG(s) 'produce_json', 'update_db', 'data_quality' retrieved from /opt/airflow/dags/main.py
[2026-03-06T22:53:06.230+0000] {logging_mixin.py:188} INFO - [2026-03-06T22:53:06.230+0000] {dag.py:3096} INFO - Sync 3 DAGs
[2026-03-06T22:53:06.412+0000] {logging_mixin.py:188} INFO - [2026-03-06T22:53:06.412+0000] {dag.py:3954} INFO - Setting next_dagrun for data_quality to None, run_after=None
[2026-03-06T22:53:06.447+0000] {logging_mixin.py:188} INFO - [2026-03-06T22:53:06.447+0000] {dag.py:3954} INFO - Setting next_dagrun for produce_json to 2026-03-06 14:00:00+00:00, run_after=2026-03-07 14:00:00+00:00
[2026-03-06T22:53:06.669+0000] {logging_mixin.py:188} INFO - [2026-03-06T22:53:06.668+0000] {dag.py:3954} INFO - Setting next_dagrun for update_db to None, run_after=None
[2026-03-06T22:53:06.729+0000] {processor.py:183} INFO - Processing /opt/airflow/dags/main.py took 0.968 seconds
[2026-03-06T22:54:05.866+0000] {processor.py:161} INFO - Started process (PID=1769) to work on /opt/airflow/dags/main.py
[2026-03-06T22:54:05.878+0000] {processor.py:830} INFO - Processing file /opt/airflow/dags/main.py for tasks to queue
[2026-03-06T22:54:05.880+0000] {logging_mixin.py:188} INFO - [2026-03-06T22:54:05.880+0000] {dagbag.py:545} INFO - Filling up the DagBag from /opt/airflow/dags/main.py
[2026-03-06T22:54:06.037+0000] {processor.py:840} INFO - DAG(s) 'produce_json', 'data_quality', 'update_db' retrieved from /opt/airflow/dags/main.py
[2026-03-06T22:54:06.244+0000] {logging_mixin.py:188} INFO - [2026-03-06T22:54:06.243+0000] {dag.py:3096} INFO - Sync 3 DAGs
[2026-03-06T22:54:06.392+0000] {logging_mixin.py:188} INFO - [2026-03-06T22:54:06.391+0000] {dag.py:3954} INFO - Setting next_dagrun for data_quality to None, run_after=None
[2026-03-06T22:54:06.417+0000] {logging_mixin.py:188} INFO - [2026-03-06T22:54:06.416+0000] {dag.py:3954} INFO - Setting next_dagrun for produce_json to 2026-03-06 14:00:00+00:00, run_after=2026-03-07 14:00:00+00:00
[2026-03-06T22:54:06.426+0000] {logging_mixin.py:188} INFO - [2026-03-06T22:54:06.426+0000] {dag.py:3954} INFO - Setting next_dagrun for update_db to None, run_after=None
[2026-03-06T22:54:06.578+0000] {processor.py:183} INFO - Processing /opt/airflow/dags/main.py took 0.781 seconds
[2026-03-06T22:54:36.860+0000] {processor.py:161} INFO - Started process (PID=1782) to work on /opt/airflow/dags/main.py
[2026-03-06T22:54:36.863+0000] {processor.py:830} INFO - Processing file /opt/airflow/dags/main.py for tasks to queue
[2026-03-06T22:54:36.865+0000] {logging_mixin.py:188} INFO - [2026-03-06T22:54:36.864+0000] {dagbag.py:545} INFO - Filling up the DagBag from /opt/airflow/dags/main.py
[2026-03-06T22:54:36.978+0000] {processor.py:840} INFO - DAG(s) 'update_db', 'data_quality', 'produce_json' retrieved from /opt/airflow/dags/main.py
[2026-03-06T22:54:37.107+0000] {logging_mixin.py:188} INFO - [2026-03-06T22:54:37.106+0000] {dag.py:3096} INFO - Sync 3 DAGs
[2026-03-06T22:54:37.160+0000] {logging_mixin.py:188} INFO - [2026-03-06T22:54:37.160+0000] {dag.py:3954} INFO - Setting next_dagrun for data_quality to None, run_after=None
[2026-03-06T22:54:37.169+0000] {logging_mixin.py:188} INFO - [2026-03-06T22:54:37.168+0000] {dag.py:3954} INFO - Setting next_dagrun for produce_json to 2026-03-06 14:00:00+00:00, run_after=2026-03-07 14:00:00+00:00
[2026-03-06T22:54:37.173+0000] {logging_mixin.py:188} INFO - [2026-03-06T22:54:37.172+0000] {dag.py:3954} INFO - Setting next_dagrun for update_db to None, run_after=None
[2026-03-06T22:54:37.203+0000] {processor.py:183} INFO - Processing /opt/airflow/dags/main.py took 0.358 seconds
[2026-03-06T22:56:05.966+0000] {processor.py:161} INFO - Started process (PID=1783) to work on /opt/airflow/dags/main.py
[2026-03-06T22:56:05.973+0000] {processor.py:830} INFO - Processing file /opt/airflow/dags/main.py for tasks to queue
[2026-03-06T22:56:05.982+0000] {logging_mixin.py:188} INFO - [2026-03-06T22:56:05.982+0000] {dagbag.py:545} INFO - Filling up the DagBag from /opt/airflow/dags/main.py
[2026-03-06T22:56:06.468+0000] {processor.py:840} INFO - DAG(s) 'data_quality', 'produce_json', 'update_db' retrieved from /opt/airflow/dags/main.py
[2026-03-06T22:56:07.050+0000] {logging_mixin.py:188} INFO - [2026-03-06T22:56:07.050+0000] {dag.py:3096} INFO - Sync 3 DAGs
[2026-03-06T22:56:07.102+0000] {logging_mixin.py:188} INFO - [2026-03-06T22:56:07.102+0000] {dag.py:3954} INFO - Setting next_dagrun for data_quality to None, run_after=None
[2026-03-06T22:56:07.120+0000] {logging_mixin.py:188} INFO - [2026-03-06T22:56:07.119+0000] {dag.py:3954} INFO - Setting next_dagrun for produce_json to 2026-03-06 14:00:00+00:00, run_after=2026-03-07 14:00:00+00:00
[2026-03-06T22:56:07.123+0000] {logging_mixin.py:188} INFO - [2026-03-06T22:56:07.123+0000] {dag.py:3954} INFO - Setting next_dagrun for update_db to None, run_after=None
[2026-03-06T22:56:07.153+0000] {processor.py:183} INFO - Processing /opt/airflow/dags/main.py took 1.318 seconds
[2026-03-06T22:56:37.421+0000] {processor.py:161} INFO - Started process (PID=1796) to work on /opt/airflow/dags/main.py
[2026-03-06T22:56:37.428+0000] {processor.py:830} INFO - Processing file /opt/airflow/dags/main.py for tasks to queue
[2026-03-06T22:56:37.430+0000] {logging_mixin.py:188} INFO - [2026-03-06T22:56:37.429+0000] {dagbag.py:545} INFO - Filling up the DagBag from /opt/airflow/dags/main.py
[2026-03-06T22:56:37.487+0000] {processor.py:840} INFO - DAG(s) 'data_quality', 'update_db', 'produce_json' retrieved from /opt/airflow/dags/main.py
[2026-03-06T22:56:37.576+0000] {logging_mixin.py:188} INFO - [2026-03-06T22:56:37.576+0000] {dag.py:3096} INFO - Sync 3 DAGs
[2026-03-06T22:56:37.634+0000] {logging_mixin.py:188} INFO - [2026-03-06T22:56:37.633+0000] {dag.py:3954} INFO - Setting next_dagrun for data_quality to None, run_after=None
[2026-03-06T22:56:37.647+0000] {logging_mixin.py:188} INFO - [2026-03-06T22:56:37.646+0000] {dag.py:3954} INFO - Setting next_dagrun for produce_json to 2026-03-06 14:00:00+00:00, run_after=2026-03-07 14:00:00+00:00
[2026-03-06T22:56:37.651+0000] {logging_mixin.py:188} INFO - [2026-03-06T22:56:37.651+0000] {dag.py:3954} INFO - Setting next_dagrun for update_db to None, run_after=None
[2026-03-06T22:56:37.697+0000] {processor.py:183} INFO - Processing /opt/airflow/dags/main.py took 0.309 seconds
[2026-03-06T22:57:07.780+0000] {processor.py:161} INFO - Started process (PID=1803) to work on /opt/airflow/dags/main.py
[2026-03-06T22:57:07.784+0000] {processor.py:830} INFO - Processing file /opt/airflow/dags/main.py for tasks to queue
[2026-03-06T22:57:07.788+0000] {logging_mixin.py:188} INFO - [2026-03-06T22:57:07.787+0000] {dagbag.py:545} INFO - Filling up the DagBag from /opt/airflow/dags/main.py
[2026-03-06T22:57:07.893+0000] {processor.py:840} INFO - DAG(s) 'update_db', 'data_quality', 'produce_json' retrieved from /opt/airflow/dags/main.py
[2026-03-06T22:57:07.948+0000] {logging_mixin.py:188} INFO - [2026-03-06T22:57:07.948+0000] {dag.py:3096} INFO - Sync 3 DAGs
[2026-03-06T22:57:08.010+0000] {logging_mixin.py:188} INFO - [2026-03-06T22:57:08.010+0000] {dag.py:3954} INFO - Setting next_dagrun for data_quality to None, run_after=None
[2026-03-06T22:57:08.021+0000] {logging_mixin.py:188} INFO - [2026-03-06T22:57:08.021+0000] {dag.py:3954} INFO - Setting next_dagrun for produce_json to 2026-03-06 14:00:00+00:00, run_after=2026-03-07 14:00:00+00:00
[2026-03-06T22:57:08.028+0000] {logging_mixin.py:188} INFO - [2026-03-06T22:57:08.027+0000] {dag.py:3954} INFO - Setting next_dagrun for update_db to None, run_after=None
[2026-03-06T22:57:08.071+0000] {processor.py:183} INFO - Processing /opt/airflow/dags/main.py took 0.307 seconds
[2026-03-06T22:57:38.214+0000] {processor.py:161} INFO - Started process (PID=1810) to work on /opt/airflow/dags/main.py
[2026-03-06T22:57:38.219+0000] {processor.py:830} INFO - Processing file /opt/airflow/dags/main.py for tasks to queue
[2026-03-06T22:57:38.221+0000] {logging_mixin.py:188} INFO - [2026-03-06T22:57:38.221+0000] {dagbag.py:545} INFO - Filling up the DagBag from /opt/airflow/dags/main.py
[2026-03-06T22:57:38.328+0000] {processor.py:840} INFO - DAG(s) 'data_quality', 'update_db', 'produce_json' retrieved from /opt/airflow/dags/main.py
[2026-03-06T22:57:38.455+0000] {logging_mixin.py:188} INFO - [2026-03-06T22:57:38.455+0000] {dag.py:3096} INFO - Sync 3 DAGs
[2026-03-06T22:57:38.495+0000] {logging_mixin.py:188} INFO - [2026-03-06T22:57:38.494+0000] {dag.py:3954} INFO - Setting next_dagrun for data_quality to None, run_after=None
[2026-03-06T22:57:38.504+0000] {logging_mixin.py:188} INFO - [2026-03-06T22:57:38.504+0000] {dag.py:3954} INFO - Setting next_dagrun for produce_json to 2026-03-06 14:00:00+00:00, run_after=2026-03-07 14:00:00+00:00
[2026-03-06T22:57:38.507+0000] {logging_mixin.py:188} INFO - [2026-03-06T22:57:38.507+0000] {dag.py:3954} INFO - Setting next_dagrun for update_db to None, run_after=None
[2026-03-06T22:57:38.544+0000] {processor.py:183} INFO - Processing /opt/airflow/dags/main.py took 0.356 seconds
[2026-03-06T22:58:08.738+0000] {processor.py:161} INFO - Started process (PID=1816) to work on /opt/airflow/dags/main.py
[2026-03-06T22:58:08.742+0000] {processor.py:830} INFO - Processing file /opt/airflow/dags/main.py for tasks to queue
[2026-03-06T22:58:08.744+0000] {logging_mixin.py:188} INFO - [2026-03-06T22:58:08.743+0000] {dagbag.py:545} INFO - Filling up the DagBag from /opt/airflow/dags/main.py
[2026-03-06T22:58:08.869+0000] {processor.py:840} INFO - DAG(s) 'produce_json', 'data_quality', 'update_db' retrieved from /opt/airflow/dags/main.py
[2026-03-06T22:58:08.943+0000] {logging_mixin.py:188} INFO - [2026-03-06T22:58:08.943+0000] {dag.py:3096} INFO - Sync 3 DAGs
[2026-03-06T22:58:08.983+0000] {logging_mixin.py:188} INFO - [2026-03-06T22:58:08.982+0000] {dag.py:3954} INFO - Setting next_dagrun for data_quality to None, run_after=None
[2026-03-06T22:58:08.994+0000] {logging_mixin.py:188} INFO - [2026-03-06T22:58:08.994+0000] {dag.py:3954} INFO - Setting next_dagrun for produce_json to 2026-03-06 14:00:00+00:00, run_after=2026-03-07 14:00:00+00:00
[2026-03-06T22:58:09.000+0000] {logging_mixin.py:188} INFO - [2026-03-06T22:58:08.999+0000] {dag.py:3954} INFO - Setting next_dagrun for update_db to None, run_after=None
[2026-03-06T22:58:09.041+0000] {processor.py:183} INFO - Processing /opt/airflow/dags/main.py took 0.318 seconds
[2026-03-06T22:58:39.264+0000] {processor.py:161} INFO - Started process (PID=1823) to work on /opt/airflow/dags/main.py
[2026-03-06T22:58:39.267+0000] {processor.py:830} INFO - Processing file /opt/airflow/dags/main.py for tasks to queue
[2026-03-06T22:58:39.269+0000] {logging_mixin.py:188} INFO - [2026-03-06T22:58:39.268+0000] {dagbag.py:545} INFO - Filling up the DagBag from /opt/airflow/dags/main.py
[2026-03-06T22:58:39.386+0000] {processor.py:840} INFO - DAG(s) 'data_quality', 'update_db', 'produce_json' retrieved from /opt/airflow/dags/main.py
[2026-03-06T22:58:39.457+0000] {logging_mixin.py:188} INFO - [2026-03-06T22:58:39.457+0000] {dag.py:3096} INFO - Sync 3 DAGs
[2026-03-06T22:58:39.502+0000] {logging_mixin.py:188} INFO - [2026-03-06T22:58:39.502+0000] {dag.py:3954} INFO - Setting next_dagrun for data_quality to None, run_after=None
[2026-03-06T22:58:39.517+0000] {logging_mixin.py:188} INFO - [2026-03-06T22:58:39.517+0000] {dag.py:3954} INFO - Setting next_dagrun for produce_json to 2026-03-06 14:00:00+00:00, run_after=2026-03-07 14:00:00+00:00
[2026-03-06T22:58:39.521+0000] {logging_mixin.py:188} INFO - [2026-03-06T22:58:39.521+0000] {dag.py:3954} INFO - Setting next_dagrun for update_db to None, run_after=None
[2026-03-06T22:58:39.568+0000] {processor.py:183} INFO - Processing /opt/airflow/dags/main.py took 0.321 seconds
[2026-03-06T23:00:06.028+0000] {processor.py:161} INFO - Started process (PID=1824) to work on /opt/airflow/dags/main.py
[2026-03-06T23:00:06.044+0000] {processor.py:830} INFO - Processing file /opt/airflow/dags/main.py for tasks to queue
[2026-03-06T23:00:06.085+0000] {logging_mixin.py:188} INFO - [2026-03-06T23:00:06.076+0000] {dagbag.py:545} INFO - Filling up the DagBag from /opt/airflow/dags/main.py
[2026-03-06T23:00:06.382+0000] {processor.py:840} INFO - DAG(s) 'data_quality', 'produce_json', 'update_db' retrieved from /opt/airflow/dags/main.py
[2026-03-06T23:00:06.740+0000] {logging_mixin.py:188} INFO - [2026-03-06T23:00:06.735+0000] {dag.py:3096} INFO - Sync 3 DAGs
[2026-03-06T23:00:06.986+0000] {logging_mixin.py:188} INFO - [2026-03-06T23:00:06.986+0000] {dag.py:3954} INFO - Setting next_dagrun for data_quality to None, run_after=None
[2026-03-06T23:00:07.056+0000] {logging_mixin.py:188} INFO - [2026-03-06T23:00:07.056+0000] {dag.py:3954} INFO - Setting next_dagrun for produce_json to 2026-03-06 14:00:00+00:00, run_after=2026-03-07 14:00:00+00:00
[2026-03-06T23:00:07.149+0000] {logging_mixin.py:188} INFO - [2026-03-06T23:00:07.149+0000] {dag.py:3954} INFO - Setting next_dagrun for update_db to None, run_after=None
[2026-03-06T23:00:07.343+0000] {processor.py:183} INFO - Processing /opt/airflow/dags/main.py took 1.361 seconds
[2026-03-06T23:01:05.925+0000] {processor.py:161} INFO - Started process (PID=1831) to work on /opt/airflow/dags/main.py
[2026-03-06T23:01:05.954+0000] {processor.py:830} INFO - Processing file /opt/airflow/dags/main.py for tasks to queue
[2026-03-06T23:01:05.984+0000] {logging_mixin.py:188} INFO - [2026-03-06T23:01:05.975+0000] {dagbag.py:545} INFO - Filling up the DagBag from /opt/airflow/dags/main.py
[2026-03-06T23:01:06.454+0000] {processor.py:840} INFO - DAG(s) 'produce_json', 'update_db', 'data_quality' retrieved from /opt/airflow/dags/main.py
[2026-03-06T23:01:06.991+0000] {logging_mixin.py:188} INFO - [2026-03-06T23:01:06.991+0000] {dag.py:3096} INFO - Sync 3 DAGs
[2026-03-06T23:01:07.057+0000] {logging_mixin.py:188} INFO - [2026-03-06T23:01:07.057+0000] {dag.py:3954} INFO - Setting next_dagrun for data_quality to None, run_after=None
[2026-03-06T23:01:07.066+0000] {logging_mixin.py:188} INFO - [2026-03-06T23:01:07.066+0000] {dag.py:3954} INFO - Setting next_dagrun for produce_json to 2026-03-06 14:00:00+00:00, run_after=2026-03-07 14:00:00+00:00
[2026-03-06T23:01:07.068+0000] {logging_mixin.py:188} INFO - [2026-03-06T23:01:07.068+0000] {dag.py:3954} INFO - Setting next_dagrun for update_db to None, run_after=None
[2026-03-06T23:01:07.093+0000] {processor.py:183} INFO - Processing /opt/airflow/dags/main.py took 1.330 seconds
[2026-03-06T23:02:05.857+0000] {processor.py:161} INFO - Started process (PID=1838) to work on /opt/airflow/dags/main.py
[2026-03-06T23:02:05.862+0000] {processor.py:830} INFO - Processing file /opt/airflow/dags/main.py for tasks to queue
[2026-03-06T23:02:05.868+0000] {logging_mixin.py:188} INFO - [2026-03-06T23:02:05.867+0000] {dagbag.py:545} INFO - Filling up the DagBag from /opt/airflow/dags/main.py
[2026-03-06T23:02:06.028+0000] {processor.py:840} INFO - DAG(s) 'update_db', 'data_quality', 'produce_json' retrieved from /opt/airflow/dags/main.py
[2026-03-06T23:02:06.277+0000] {logging_mixin.py:188} INFO - [2026-03-06T23:02:06.275+0000] {dag.py:3096} INFO - Sync 3 DAGs
[2026-03-06T23:02:06.495+0000] {logging_mixin.py:188} INFO - [2026-03-06T23:02:06.495+0000] {dag.py:3954} INFO - Setting next_dagrun for data_quality to None, run_after=None
[2026-03-06T23:02:06.593+0000] {logging_mixin.py:188} INFO - [2026-03-06T23:02:06.590+0000] {dag.py:3954} INFO - Setting next_dagrun for produce_json to 2026-03-06 14:00:00+00:00, run_after=2026-03-07 14:00:00+00:00
[2026-03-06T23:02:06.625+0000] {logging_mixin.py:188} INFO - [2026-03-06T23:02:06.625+0000] {dag.py:3954} INFO - Setting next_dagrun for update_db to None, run_after=None
[2026-03-06T23:02:07.076+0000] {processor.py:183} INFO - Processing /opt/airflow/dags/main.py took 1.292 seconds
[2026-03-06T23:02:37.400+0000] {processor.py:161} INFO - Started process (PID=1851) to work on /opt/airflow/dags/main.py
[2026-03-06T23:02:37.403+0000] {processor.py:830} INFO - Processing file /opt/airflow/dags/main.py for tasks to queue
[2026-03-06T23:02:37.405+0000] {logging_mixin.py:188} INFO - [2026-03-06T23:02:37.404+0000] {dagbag.py:545} INFO - Filling up the DagBag from /opt/airflow/dags/main.py
[2026-03-06T23:02:37.538+0000] {processor.py:840} INFO - DAG(s) 'produce_json', 'data_quality', 'update_db' retrieved from /opt/airflow/dags/main.py
[2026-03-06T23:02:37.633+0000] {logging_mixin.py:188} INFO - [2026-03-06T23:02:37.632+0000] {dag.py:3096} INFO - Sync 3 DAGs
[2026-03-06T23:02:37.673+0000] {logging_mixin.py:188} INFO - [2026-03-06T23:02:37.673+0000] {dag.py:3954} INFO - Setting next_dagrun for data_quality to None, run_after=None
[2026-03-06T23:02:37.685+0000] {logging_mixin.py:188} INFO - [2026-03-06T23:02:37.685+0000] {dag.py:3954} INFO - Setting next_dagrun for produce_json to 2026-03-06 14:00:00+00:00, run_after=2026-03-07 14:00:00+00:00
[2026-03-06T23:02:37.693+0000] {logging_mixin.py:188} INFO - [2026-03-06T23:02:37.692+0000] {dag.py:3954} INFO - Setting next_dagrun for update_db to None, run_after=None
[2026-03-06T23:02:37.738+0000] {processor.py:183} INFO - Processing /opt/airflow/dags/main.py took 0.349 seconds
[2026-03-06T23:03:07.983+0000] {processor.py:161} INFO - Started process (PID=1858) to work on /opt/airflow/dags/main.py
[2026-03-06T23:03:07.985+0000] {processor.py:830} INFO - Processing file /opt/airflow/dags/main.py for tasks to queue
[2026-03-06T23:03:07.987+0000] {logging_mixin.py:188} INFO - [2026-03-06T23:03:07.987+0000] {dagbag.py:545} INFO - Filling up the DagBag from /opt/airflow/dags/main.py
[2026-03-06T23:03:08.047+0000] {processor.py:840} INFO - DAG(s) 'data_quality', 'update_db', 'produce_json' retrieved from /opt/airflow/dags/main.py
[2026-03-06T23:03:08.128+0000] {logging_mixin.py:188} INFO - [2026-03-06T23:03:08.128+0000] {dag.py:3096} INFO - Sync 3 DAGs
[2026-03-06T23:03:08.170+0000] {logging_mixin.py:188} INFO - [2026-03-06T23:03:08.169+0000] {dag.py:3954} INFO - Setting next_dagrun for data_quality to None, run_after=None
[2026-03-06T23:03:08.178+0000] {logging_mixin.py:188} INFO - [2026-03-06T23:03:08.177+0000] {dag.py:3954} INFO - Setting next_dagrun for produce_json to 2026-03-06 14:00:00+00:00, run_after=2026-03-07 14:00:00+00:00
[2026-03-06T23:03:08.180+0000] {logging_mixin.py:188} INFO - [2026-03-06T23:03:08.180+0000] {dag.py:3954} INFO - Setting next_dagrun for update_db to None, run_after=None
[2026-03-06T23:03:08.206+0000] {processor.py:183} INFO - Processing /opt/airflow/dags/main.py took 0.235 seconds
[2026-03-06T23:03:38.899+0000] {processor.py:161} INFO - Started process (PID=1865) to work on /opt/airflow/dags/main.py
[2026-03-06T23:03:38.902+0000] {processor.py:830} INFO - Processing file /opt/airflow/dags/main.py for tasks to queue
[2026-03-06T23:03:38.904+0000] {logging_mixin.py:188} INFO - [2026-03-06T23:03:38.904+0000] {dagbag.py:545} INFO - Filling up the DagBag from /opt/airflow/dags/main.py
[2026-03-06T23:03:39.005+0000] {processor.py:840} INFO - DAG(s) 'update_db', 'data_quality', 'produce_json' retrieved from /opt/airflow/dags/main.py
[2026-03-06T23:03:39.090+0000] {logging_mixin.py:188} INFO - [2026-03-06T23:03:39.090+0000] {dag.py:3096} INFO - Sync 3 DAGs
[2026-03-06T23:03:39.131+0000] {logging_mixin.py:188} INFO - [2026-03-06T23:03:39.128+0000] {dag.py:3954} INFO - Setting next_dagrun for data_quality to None, run_after=None
[2026-03-06T23:03:39.165+0000] {logging_mixin.py:188} INFO - [2026-03-06T23:03:39.164+0000] {dag.py:3954} INFO - Setting next_dagrun for produce_json to 2026-03-06 14:00:00+00:00, run_after=2026-03-07 14:00:00+00:00
[2026-03-06T23:03:39.171+0000] {logging_mixin.py:188} INFO - [2026-03-06T23:03:39.170+0000] {dag.py:3954} INFO - Setting next_dagrun for update_db to None, run_after=None
[2026-03-06T23:03:39.207+0000] {processor.py:183} INFO - Processing /opt/airflow/dags/main.py took 0.323 seconds
[2026-03-06T23:04:09.364+0000] {processor.py:161} INFO - Started process (PID=1872) to work on /opt/airflow/dags/main.py
[2026-03-06T23:04:09.367+0000] {processor.py:830} INFO - Processing file /opt/airflow/dags/main.py for tasks to queue
[2026-03-06T23:04:09.369+0000] {logging_mixin.py:188} INFO - [2026-03-06T23:04:09.369+0000] {dagbag.py:545} INFO - Filling up the DagBag from /opt/airflow/dags/main.py
[2026-03-06T23:04:09.500+0000] {processor.py:840} INFO - DAG(s) 'produce_json', 'data_quality', 'update_db' retrieved from /opt/airflow/dags/main.py
[2026-03-06T23:04:09.572+0000] {logging_mixin.py:188} INFO - [2026-03-06T23:04:09.571+0000] {dag.py:3096} INFO - Sync 3 DAGs
[2026-03-06T23:04:09.613+0000] {logging_mixin.py:188} INFO - [2026-03-06T23:04:09.613+0000] {dag.py:3954} INFO - Setting next_dagrun for data_quality to None, run_after=None
[2026-03-06T23:04:09.622+0000] {logging_mixin.py:188} INFO - [2026-03-06T23:04:09.622+0000] {dag.py:3954} INFO - Setting next_dagrun for produce_json to 2026-03-06 14:00:00+00:00, run_after=2026-03-07 14:00:00+00:00
[2026-03-06T23:04:09.626+0000] {logging_mixin.py:188} INFO - [2026-03-06T23:04:09.626+0000] {dag.py:3954} INFO - Setting next_dagrun for update_db to None, run_after=None
[2026-03-06T23:04:09.667+0000] {processor.py:183} INFO - Processing /opt/airflow/dags/main.py took 0.317 seconds
[2026-03-06T23:04:40.008+0000] {processor.py:161} INFO - Started process (PID=1879) to work on /opt/airflow/dags/main.py
[2026-03-06T23:04:40.011+0000] {processor.py:830} INFO - Processing file /opt/airflow/dags/main.py for tasks to queue
[2026-03-06T23:04:40.013+0000] {logging_mixin.py:188} INFO - [2026-03-06T23:04:40.013+0000] {dagbag.py:545} INFO - Filling up the DagBag from /opt/airflow/dags/main.py
[2026-03-06T23:04:40.118+0000] {processor.py:840} INFO - DAG(s) 'data_quality', 'update_db', 'produce_json' retrieved from /opt/airflow/dags/main.py
[2026-03-06T23:04:40.191+0000] {logging_mixin.py:188} INFO - [2026-03-06T23:04:40.190+0000] {dag.py:3096} INFO - Sync 3 DAGs
[2026-03-06T23:04:40.234+0000] {logging_mixin.py:188} INFO - [2026-03-06T23:04:40.234+0000] {dag.py:3954} INFO - Setting next_dagrun for data_quality to None, run_after=None
[2026-03-06T23:04:40.246+0000] {logging_mixin.py:188} INFO - [2026-03-06T23:04:40.245+0000] {dag.py:3954} INFO - Setting next_dagrun for produce_json to 2026-03-06 14:00:00+00:00, run_after=2026-03-07 14:00:00+00:00
[2026-03-06T23:04:40.249+0000] {logging_mixin.py:188} INFO - [2026-03-06T23:04:40.249+0000] {dag.py:3954} INFO - Setting next_dagrun for update_db to None, run_after=None
[2026-03-06T23:04:40.296+0000] {processor.py:183} INFO - Processing /opt/airflow/dags/main.py took 0.299 seconds
[2026-03-06T23:05:10.659+0000] {processor.py:161} INFO - Started process (PID=1887) to work on /opt/airflow/dags/main.py
[2026-03-06T23:05:10.663+0000] {processor.py:830} INFO - Processing file /opt/airflow/dags/main.py for tasks to queue
[2026-03-06T23:05:10.664+0000] {logging_mixin.py:188} INFO - [2026-03-06T23:05:10.664+0000] {dagbag.py:545} INFO - Filling up the DagBag from /opt/airflow/dags/main.py
[2026-03-06T23:05:10.751+0000] {processor.py:840} INFO - DAG(s) 'data_quality', 'produce_json', 'update_db' retrieved from /opt/airflow/dags/main.py
[2026-03-06T23:05:10.803+0000] {logging_mixin.py:188} INFO - [2026-03-06T23:05:10.803+0000] {dag.py:3096} INFO - Sync 3 DAGs
[2026-03-06T23:05:10.840+0000] {logging_mixin.py:188} INFO - [2026-03-06T23:05:10.840+0000] {dag.py:3954} INFO - Setting next_dagrun for data_quality to None, run_after=None
[2026-03-06T23:05:10.848+0000] {logging_mixin.py:188} INFO - [2026-03-06T23:05:10.848+0000] {dag.py:3954} INFO - Setting next_dagrun for produce_json to 2026-03-06 14:00:00+00:00, run_after=2026-03-07 14:00:00+00:00
[2026-03-06T23:05:10.851+0000] {logging_mixin.py:188} INFO - [2026-03-06T23:05:10.851+0000] {dag.py:3954} INFO - Setting next_dagrun for update_db to None, run_after=None
[2026-03-06T23:05:10.876+0000] {processor.py:183} INFO - Processing /opt/airflow/dags/main.py took 0.236 seconds
[2026-03-06T23:05:41.236+0000] {processor.py:161} INFO - Started process (PID=1895) to work on /opt/airflow/dags/main.py
[2026-03-06T23:05:41.240+0000] {processor.py:830} INFO - Processing file /opt/airflow/dags/main.py for tasks to queue
[2026-03-06T23:05:41.243+0000] {logging_mixin.py:188} INFO - [2026-03-06T23:05:41.242+0000] {dagbag.py:545} INFO - Filling up the DagBag from /opt/airflow/dags/main.py
[2026-03-06T23:05:41.367+0000] {processor.py:840} INFO - DAG(s) 'data_quality', 'produce_json', 'update_db' retrieved from /opt/airflow/dags/main.py
[2026-03-06T23:05:41.428+0000] {logging_mixin.py:188} INFO - [2026-03-06T23:05:41.428+0000] {dag.py:3096} INFO - Sync 3 DAGs
[2026-03-06T23:05:41.471+0000] {logging_mixin.py:188} INFO - [2026-03-06T23:05:41.470+0000] {dag.py:3954} INFO - Setting next_dagrun for data_quality to None, run_after=None
[2026-03-06T23:05:41.482+0000] {logging_mixin.py:188} INFO - [2026-03-06T23:05:41.482+0000] {dag.py:3954} INFO - Setting next_dagrun for produce_json to 2026-03-06 14:00:00+00:00, run_after=2026-03-07 14:00:00+00:00
[2026-03-06T23:05:41.485+0000] {logging_mixin.py:188} INFO - [2026-03-06T23:05:41.485+0000] {dag.py:3954} INFO - Setting next_dagrun for update_db to None, run_after=None
[2026-03-06T23:05:41.534+0000] {processor.py:183} INFO - Processing /opt/airflow/dags/main.py took 0.324 seconds
[2026-03-06T23:06:12.186+0000] {processor.py:161} INFO - Started process (PID=1902) to work on /opt/airflow/dags/main.py
[2026-03-06T23:06:12.189+0000] {processor.py:830} INFO - Processing file /opt/airflow/dags/main.py for tasks to queue
[2026-03-06T23:06:12.191+0000] {logging_mixin.py:188} INFO - [2026-03-06T23:06:12.190+0000] {dagbag.py:545} INFO - Filling up the DagBag from /opt/airflow/dags/main.py
[2026-03-06T23:06:12.292+0000] {processor.py:840} INFO - DAG(s) 'produce_json', 'data_quality', 'update_db' retrieved from /opt/airflow/dags/main.py
[2026-03-06T23:06:12.371+0000] {logging_mixin.py:188} INFO - [2026-03-06T23:06:12.370+0000] {dag.py:3096} INFO - Sync 3 DAGs
[2026-03-06T23:06:12.429+0000] {logging_mixin.py:188} INFO - [2026-03-06T23:06:12.429+0000] {dag.py:3954} INFO - Setting next_dagrun for data_quality to None, run_after=None
[2026-03-06T23:06:12.445+0000] {logging_mixin.py:188} INFO - [2026-03-06T23:06:12.445+0000] {dag.py:3954} INFO - Setting next_dagrun for produce_json to 2026-03-06 14:00:00+00:00, run_after=2026-03-07 14:00:00+00:00
[2026-03-06T23:06:12.449+0000] {logging_mixin.py:188} INFO - [2026-03-06T23:06:12.449+0000] {dag.py:3954} INFO - Setting next_dagrun for update_db to None, run_after=None
[2026-03-06T23:06:12.491+0000] {processor.py:183} INFO - Processing /opt/airflow/dags/main.py took 0.326 seconds
[2026-03-06T23:06:43.016+0000] {processor.py:161} INFO - Started process (PID=1910) to work on /opt/airflow/dags/main.py
[2026-03-06T23:06:43.022+0000] {processor.py:830} INFO - Processing file /opt/airflow/dags/main.py for tasks to queue
[2026-03-06T23:06:43.024+0000] {logging_mixin.py:188} INFO - [2026-03-06T23:06:43.024+0000] {dagbag.py:545} INFO - Filling up the DagBag from /opt/airflow/dags/main.py
[2026-03-06T23:06:43.090+0000] {processor.py:840} INFO - DAG(s) 'data_quality', 'produce_json', 'update_db' retrieved from /opt/airflow/dags/main.py
[2026-03-06T23:06:43.786+0000] {logging_mixin.py:188} INFO - [2026-03-06T23:06:43.785+0000] {dag.py:3096} INFO - Sync 3 DAGs
[2026-03-06T23:06:43.875+0000] {logging_mixin.py:188} INFO - [2026-03-06T23:06:43.875+0000] {dag.py:3954} INFO - Setting next_dagrun for data_quality to None, run_after=None
[2026-03-06T23:06:43.885+0000] {logging_mixin.py:188} INFO - [2026-03-06T23:06:43.884+0000] {dag.py:3954} INFO - Setting next_dagrun for produce_json to 2026-03-06 14:00:00+00:00, run_after=2026-03-07 14:00:00+00:00
[2026-03-06T23:06:43.901+0000] {logging_mixin.py:188} INFO - [2026-03-06T23:06:43.900+0000] {dag.py:3954} INFO - Setting next_dagrun for update_db to None, run_after=None
[2026-03-06T23:06:44.041+0000] {processor.py:183} INFO - Processing /opt/airflow/dags/main.py took 1.046 seconds
[2026-03-06T23:07:14.899+0000] {processor.py:161} INFO - Started process (PID=1917) to work on /opt/airflow/dags/main.py
[2026-03-06T23:07:14.910+0000] {processor.py:830} INFO - Processing file /opt/airflow/dags/main.py for tasks to queue
[2026-03-06T23:07:14.912+0000] {logging_mixin.py:188} INFO - [2026-03-06T23:07:14.911+0000] {dagbag.py:545} INFO - Filling up the DagBag from /opt/airflow/dags/main.py
[2026-03-06T23:07:14.973+0000] {processor.py:840} INFO - DAG(s) 'update_db', 'produce_json', 'data_quality' retrieved from /opt/airflow/dags/main.py
[2026-03-06T23:07:15.024+0000] {logging_mixin.py:188} INFO - [2026-03-06T23:07:15.023+0000] {dag.py:3096} INFO - Sync 3 DAGs
[2026-03-06T23:07:15.055+0000] {logging_mixin.py:188} INFO - [2026-03-06T23:07:15.055+0000] {dag.py:3954} INFO - Setting next_dagrun for data_quality to None, run_after=None
[2026-03-06T23:07:15.067+0000] {logging_mixin.py:188} INFO - [2026-03-06T23:07:15.067+0000] {dag.py:3954} INFO - Setting next_dagrun for produce_json to 2026-03-06 14:00:00+00:00, run_after=2026-03-07 14:00:00+00:00
[2026-03-06T23:07:15.072+0000] {logging_mixin.py:188} INFO - [2026-03-06T23:07:15.070+0000] {dag.py:3954} INFO - Setting next_dagrun for update_db to None, run_after=None
[2026-03-06T23:07:15.097+0000] {processor.py:183} INFO - Processing /opt/airflow/dags/main.py took 0.211 seconds
[2026-03-06T23:07:45.697+0000] {processor.py:161} INFO - Started process (PID=1924) to work on /opt/airflow/dags/main.py
[2026-03-06T23:07:45.699+0000] {processor.py:830} INFO - Processing file /opt/airflow/dags/main.py for tasks to queue
[2026-03-06T23:07:45.702+0000] {logging_mixin.py:188} INFO - [2026-03-06T23:07:45.701+0000] {dagbag.py:545} INFO - Filling up the DagBag from /opt/airflow/dags/main.py
[2026-03-06T23:07:45.761+0000] {processor.py:840} INFO - DAG(s) 'data_quality', 'update_db', 'produce_json' retrieved from /opt/airflow/dags/main.py
[2026-03-06T23:07:45.839+0000] {logging_mixin.py:188} INFO - [2026-03-06T23:07:45.838+0000] {dag.py:3096} INFO - Sync 3 DAGs
[2026-03-06T23:07:45.876+0000] {logging_mixin.py:188} INFO - [2026-03-06T23:07:45.876+0000] {dag.py:3954} INFO - Setting next_dagrun for data_quality to None, run_after=None
[2026-03-06T23:07:45.889+0000] {logging_mixin.py:188} INFO - [2026-03-06T23:07:45.888+0000] {dag.py:3954} INFO - Setting next_dagrun for produce_json to 2026-03-06 14:00:00+00:00, run_after=2026-03-07 14:00:00+00:00
[2026-03-06T23:07:45.894+0000] {logging_mixin.py:188} INFO - [2026-03-06T23:07:45.894+0000] {dag.py:3954} INFO - Setting next_dagrun for update_db to None, run_after=None
[2026-03-06T23:07:45.930+0000] {processor.py:183} INFO - Processing /opt/airflow/dags/main.py took 0.244 seconds
[2026-03-06T23:09:05.872+0000] {processor.py:161} INFO - Started process (PID=1925) to work on /opt/airflow/dags/main.py
[2026-03-06T23:09:05.967+0000] {processor.py:830} INFO - Processing file /opt/airflow/dags/main.py for tasks to queue
[2026-03-06T23:09:05.969+0000] {logging_mixin.py:188} INFO - [2026-03-06T23:09:05.968+0000] {dagbag.py:545} INFO - Filling up the DagBag from /opt/airflow/dags/main.py
[2026-03-06T23:09:06.113+0000] {processor.py:840} INFO - DAG(s) 'produce_json', 'data_quality', 'update_db' retrieved from /opt/airflow/dags/main.py
[2026-03-06T23:09:06.350+0000] {logging_mixin.py:188} INFO - [2026-03-06T23:09:06.350+0000] {dag.py:3096} INFO - Sync 3 DAGs
[2026-03-06T23:09:06.537+0000] {logging_mixin.py:188} INFO - [2026-03-06T23:09:06.535+0000] {dag.py:3954} INFO - Setting next_dagrun for data_quality to None, run_after=None
[2026-03-06T23:09:06.571+0000] {logging_mixin.py:188} INFO - [2026-03-06T23:09:06.571+0000] {dag.py:3954} INFO - Setting next_dagrun for produce_json to 2026-03-06 14:00:00+00:00, run_after=2026-03-07 14:00:00+00:00
[2026-03-06T23:09:06.607+0000] {logging_mixin.py:188} INFO - [2026-03-06T23:09:06.598+0000] {dag.py:3954} INFO - Setting next_dagrun for update_db to None, run_after=None
[2026-03-06T23:09:07.249+0000] {processor.py:183} INFO - Processing /opt/airflow/dags/main.py took 1.421 seconds
[2026-03-06T23:10:05.900+0000] {processor.py:161} INFO - Started process (PID=1932) to work on /opt/airflow/dags/main.py
[2026-03-06T23:10:05.920+0000] {processor.py:830} INFO - Processing file /opt/airflow/dags/main.py for tasks to queue
[2026-03-06T23:10:05.928+0000] {logging_mixin.py:188} INFO - [2026-03-06T23:10:05.927+0000] {dagbag.py:545} INFO - Filling up the DagBag from /opt/airflow/dags/main.py
[2026-03-06T23:10:05.996+0000] {processor.py:840} INFO - DAG(s) 'data_quality', 'update_db', 'produce_json' retrieved from /opt/airflow/dags/main.py
[2026-03-06T23:10:06.309+0000] {logging_mixin.py:188} INFO - [2026-03-06T23:10:06.305+0000] {dag.py:3096} INFO - Sync 3 DAGs
[2026-03-06T23:10:06.482+0000] {logging_mixin.py:188} INFO - [2026-03-06T23:10:06.478+0000] {dag.py:3954} INFO - Setting next_dagrun for data_quality to None, run_after=None
[2026-03-06T23:10:06.553+0000] {logging_mixin.py:188} INFO - [2026-03-06T23:10:06.552+0000] {dag.py:3954} INFO - Setting next_dagrun for produce_json to 2026-03-06 14:00:00+00:00, run_after=2026-03-07 14:00:00+00:00
[2026-03-06T23:10:06.608+0000] {logging_mixin.py:188} INFO - [2026-03-06T23:10:06.607+0000] {dag.py:3954} INFO - Setting next_dagrun for update_db to None, run_after=None
[2026-03-06T23:10:07.128+0000] {processor.py:183} INFO - Processing /opt/airflow/dags/main.py took 1.333 seconds
[2026-03-06T23:10:38.173+0000] {processor.py:161} INFO - Started process (PID=1945) to work on /opt/airflow/dags/main.py
[2026-03-06T23:10:38.177+0000] {processor.py:830} INFO - Processing file /opt/airflow/dags/main.py for tasks to queue
[2026-03-06T23:10:38.180+0000] {logging_mixin.py:188} INFO - [2026-03-06T23:10:38.179+0000] {dagbag.py:545} INFO - Filling up the DagBag from /opt/airflow/dags/main.py
[2026-03-06T23:10:38.290+0000] {processor.py:840} INFO - DAG(s) 'data_quality', 'update_db', 'produce_json' retrieved from /opt/airflow/dags/main.py
[2026-03-06T23:10:38.379+0000] {logging_mixin.py:188} INFO - [2026-03-06T23:10:38.378+0000] {dag.py:3096} INFO - Sync 3 DAGs
[2026-03-06T23:10:38.428+0000] {logging_mixin.py:188} INFO - [2026-03-06T23:10:38.428+0000] {dag.py:3954} INFO - Setting next_dagrun for data_quality to None, run_after=None
[2026-03-06T23:10:38.440+0000] {logging_mixin.py:188} INFO - [2026-03-06T23:10:38.439+0000] {dag.py:3954} INFO - Setting next_dagrun for produce_json to 2026-03-06 14:00:00+00:00, run_after=2026-03-07 14:00:00+00:00
[2026-03-06T23:10:38.444+0000] {logging_mixin.py:188} INFO - [2026-03-06T23:10:38.443+0000] {dag.py:3954} INFO - Setting next_dagrun for update_db to None, run_after=None
[2026-03-06T23:10:38.485+0000] {processor.py:183} INFO - Processing /opt/airflow/dags/main.py took 0.325 seconds
[2026-03-06T23:11:08.688+0000] {processor.py:161} INFO - Started process (PID=1951) to work on /opt/airflow/dags/main.py
[2026-03-06T23:11:08.691+0000] {processor.py:830} INFO - Processing file /opt/airflow/dags/main.py for tasks to queue
[2026-03-06T23:11:08.694+0000] {logging_mixin.py:188} INFO - [2026-03-06T23:11:08.693+0000] {dagbag.py:545} INFO - Filling up the DagBag from /opt/airflow/dags/main.py
[2026-03-06T23:11:08.782+0000] {processor.py:840} INFO - DAG(s) 'produce_json', 'data_quality', 'update_db' retrieved from /opt/airflow/dags/main.py
[2026-03-06T23:11:08.828+0000] {logging_mixin.py:188} INFO - [2026-03-06T23:11:08.828+0000] {dag.py:3096} INFO - Sync 3 DAGs
[2026-03-06T23:11:08.859+0000] {logging_mixin.py:188} INFO - [2026-03-06T23:11:08.858+0000] {dag.py:3954} INFO - Setting next_dagrun for data_quality to None, run_after=None
[2026-03-06T23:11:08.873+0000] {logging_mixin.py:188} INFO - [2026-03-06T23:11:08.873+0000] {dag.py:3954} INFO - Setting next_dagrun for produce_json to 2026-03-06 14:00:00+00:00, run_after=2026-03-07 14:00:00+00:00
[2026-03-06T23:11:08.878+0000] {logging_mixin.py:188} INFO - [2026-03-06T23:11:08.877+0000] {dag.py:3954} INFO - Setting next_dagrun for update_db to None, run_after=None
[2026-03-06T23:11:08.922+0000] {processor.py:183} INFO - Processing /opt/airflow/dags/main.py took 0.246 seconds
[2026-03-06T23:13:05.676+0000] {processor.py:161} INFO - Started process (PID=1952) to work on /opt/airflow/dags/main.py
[2026-03-06T23:13:05.752+0000] {processor.py:830} INFO - Processing file /opt/airflow/dags/main.py for tasks to queue
[2026-03-06T23:13:05.758+0000] {logging_mixin.py:188} INFO - [2026-03-06T23:13:05.758+0000] {dagbag.py:545} INFO - Filling up the DagBag from /opt/airflow/dags/main.py
[2026-03-06T23:13:05.857+0000] {processor.py:840} INFO - DAG(s) 'data_quality', 'update_db', 'produce_json' retrieved from /opt/airflow/dags/main.py
[2026-03-06T23:13:05.935+0000] {logging_mixin.py:188} INFO - [2026-03-06T23:13:05.935+0000] {dag.py:3096} INFO - Sync 3 DAGs
[2026-03-06T23:13:06.045+0000] {logging_mixin.py:188} INFO - [2026-03-06T23:13:06.044+0000] {dag.py:3954} INFO - Setting next_dagrun for data_quality to None, run_after=None
[2026-03-06T23:13:06.055+0000] {logging_mixin.py:188} INFO - [2026-03-06T23:13:06.055+0000] {dag.py:3954} INFO - Setting next_dagrun for produce_json to 2026-03-06 14:00:00+00:00, run_after=2026-03-07 14:00:00+00:00
[2026-03-06T23:13:06.059+0000] {logging_mixin.py:188} INFO - [2026-03-06T23:13:06.059+0000] {dag.py:3954} INFO - Setting next_dagrun for update_db to None, run_after=None
[2026-03-06T23:13:06.091+0000] {processor.py:183} INFO - Processing /opt/airflow/dags/main.py took 0.427 seconds
[2026-03-06T23:14:05.804+0000] {processor.py:161} INFO - Started process (PID=1953) to work on /opt/airflow/dags/main.py
[2026-03-06T23:14:05.820+0000] {processor.py:830} INFO - Processing file /opt/airflow/dags/main.py for tasks to queue
[2026-03-06T23:14:05.829+0000] {logging_mixin.py:188} INFO - [2026-03-06T23:14:05.825+0000] {dagbag.py:545} INFO - Filling up the DagBag from /opt/airflow/dags/main.py
[2026-03-06T23:14:05.980+0000] {processor.py:840} INFO - DAG(s) 'produce_json', 'data_quality', 'update_db' retrieved from /opt/airflow/dags/main.py
[2026-03-06T23:14:06.356+0000] {logging_mixin.py:188} INFO - [2026-03-06T23:14:06.351+0000] {dag.py:3096} INFO - Sync 3 DAGs
[2026-03-06T23:14:06.870+0000] {logging_mixin.py:188} INFO - [2026-03-06T23:14:06.859+0000] {dag.py:3954} INFO - Setting next_dagrun for data_quality to None, run_after=None
[2026-03-06T23:14:06.914+0000] {logging_mixin.py:188} INFO - [2026-03-06T23:14:06.913+0000] {dag.py:3954} INFO - Setting next_dagrun for produce_json to 2026-03-06 14:00:00+00:00, run_after=2026-03-07 14:00:00+00:00
[2026-03-06T23:14:06.951+0000] {logging_mixin.py:188} INFO - [2026-03-06T23:14:06.951+0000] {dag.py:3954} INFO - Setting next_dagrun for update_db to None, run_after=None
[2026-03-06T23:14:07.130+0000] {processor.py:183} INFO - Processing /opt/airflow/dags/main.py took 1.422 seconds
[2026-03-06T23:15:05.774+0000] {processor.py:161} INFO - Started process (PID=1960) to work on /opt/airflow/dags/main.py
[2026-03-06T23:15:05.823+0000] {processor.py:830} INFO - Processing file /opt/airflow/dags/main.py for tasks to queue
[2026-03-06T23:15:05.832+0000] {logging_mixin.py:188} INFO - [2026-03-06T23:15:05.832+0000] {dagbag.py:545} INFO - Filling up the DagBag from /opt/airflow/dags/main.py
[2026-03-06T23:15:05.950+0000] {processor.py:840} INFO - DAG(s) 'data_quality', 'update_db', 'produce_json' retrieved from /opt/airflow/dags/main.py
[2026-03-06T23:15:06.060+0000] {logging_mixin.py:188} INFO - [2026-03-06T23:15:06.059+0000] {dag.py:3096} INFO - Sync 3 DAGs
[2026-03-06T23:15:06.089+0000] {logging_mixin.py:188} INFO - [2026-03-06T23:15:06.088+0000] {dag.py:3954} INFO - Setting next_dagrun for data_quality to None, run_after=None
[2026-03-06T23:15:06.098+0000] {logging_mixin.py:188} INFO - [2026-03-06T23:15:06.098+0000] {dag.py:3954} INFO - Setting next_dagrun for produce_json to 2026-03-06 14:00:00+00:00, run_after=2026-03-07 14:00:00+00:00
[2026-03-06T23:15:06.100+0000] {logging_mixin.py:188} INFO - [2026-03-06T23:15:06.100+0000] {dag.py:3954} INFO - Setting next_dagrun for update_db to None, run_after=None
[2026-03-06T23:15:06.124+0000] {processor.py:183} INFO - Processing /opt/airflow/dags/main.py took 0.430 seconds
[2026-03-06T23:16:06.900+0000] {processor.py:161} INFO - Started process (PID=1968) to work on /opt/airflow/dags/main.py
[2026-03-06T23:16:06.903+0000] {processor.py:830} INFO - Processing file /opt/airflow/dags/main.py for tasks to queue
[2026-03-06T23:16:06.905+0000] {logging_mixin.py:188} INFO - [2026-03-06T23:16:06.904+0000] {dagbag.py:545} INFO - Filling up the DagBag from /opt/airflow/dags/main.py
[2026-03-06T23:16:06.980+0000] {processor.py:840} INFO - DAG(s) 'data_quality', 'update_db', 'produce_json' retrieved from /opt/airflow/dags/main.py
[2026-03-06T23:16:07.059+0000] {logging_mixin.py:188} INFO - [2026-03-06T23:16:07.058+0000] {dag.py:3096} INFO - Sync 3 DAGs
[2026-03-06T23:16:07.096+0000] {logging_mixin.py:188} INFO - [2026-03-06T23:16:07.096+0000] {dag.py:3954} INFO - Setting next_dagrun for data_quality to None, run_after=None
[2026-03-06T23:16:07.105+0000] {logging_mixin.py:188} INFO - [2026-03-06T23:16:07.105+0000] {dag.py:3954} INFO - Setting next_dagrun for produce_json to 2026-03-06 14:00:00+00:00, run_after=2026-03-07 14:00:00+00:00
[2026-03-06T23:16:07.108+0000] {logging_mixin.py:188} INFO - [2026-03-06T23:16:07.107+0000] {dag.py:3954} INFO - Setting next_dagrun for update_db to None, run_after=None
[2026-03-06T23:16:07.137+0000] {processor.py:183} INFO - Processing /opt/airflow/dags/main.py took 0.268 seconds
[2026-03-06T23:16:37.235+0000] {processor.py:161} INFO - Started process (PID=1975) to work on /opt/airflow/dags/main.py
[2026-03-06T23:16:37.241+0000] {processor.py:830} INFO - Processing file /opt/airflow/dags/main.py for tasks to queue
[2026-03-06T23:16:37.242+0000] {logging_mixin.py:188} INFO - [2026-03-06T23:16:37.242+0000] {dagbag.py:545} INFO - Filling up the DagBag from /opt/airflow/dags/main.py
[2026-03-06T23:16:37.315+0000] {processor.py:840} INFO - DAG(s) 'update_db', 'data_quality', 'produce_json' retrieved from /opt/airflow/dags/main.py
[2026-03-06T23:16:38.104+0000] {logging_mixin.py:188} INFO - [2026-03-06T23:16:38.104+0000] {dag.py:3096} INFO - Sync 3 DAGs
[2026-03-06T23:16:38.134+0000] {logging_mixin.py:188} INFO - [2026-03-06T23:16:38.134+0000] {dag.py:3954} INFO - Setting next_dagrun for data_quality to None, run_after=None
[2026-03-06T23:16:38.142+0000] {logging_mixin.py:188} INFO - [2026-03-06T23:16:38.142+0000] {dag.py:3954} INFO - Setting next_dagrun for produce_json to 2026-03-06 14:00:00+00:00, run_after=2026-03-07 14:00:00+00:00
[2026-03-06T23:16:38.145+0000] {logging_mixin.py:188} INFO - [2026-03-06T23:16:38.145+0000] {dag.py:3954} INFO - Setting next_dagrun for update_db to None, run_after=None
[2026-03-06T23:16:38.188+0000] {processor.py:183} INFO - Processing /opt/airflow/dags/main.py took 0.965 seconds
[2026-03-06T23:18:05.834+0000] {processor.py:161} INFO - Started process (PID=1976) to work on /opt/airflow/dags/main.py
[2026-03-06T23:18:05.847+0000] {processor.py:830} INFO - Processing file /opt/airflow/dags/main.py for tasks to queue
[2026-03-06T23:18:05.853+0000] {logging_mixin.py:188} INFO - [2026-03-06T23:18:05.852+0000] {dagbag.py:545} INFO - Filling up the DagBag from /opt/airflow/dags/main.py
[2026-03-06T23:18:06.190+0000] {processor.py:840} INFO - DAG(s) 'produce_json', 'update_db', 'data_quality' retrieved from /opt/airflow/dags/main.py
[2026-03-06T23:18:06.509+0000] {logging_mixin.py:188} INFO - [2026-03-06T23:18:06.508+0000] {dag.py:3096} INFO - Sync 3 DAGs
[2026-03-06T23:18:06.585+0000] {logging_mixin.py:188} INFO - [2026-03-06T23:18:06.585+0000] {dag.py:3954} INFO - Setting next_dagrun for data_quality to None, run_after=None
[2026-03-06T23:18:06.594+0000] {logging_mixin.py:188} INFO - [2026-03-06T23:18:06.593+0000] {dag.py:3954} INFO - Setting next_dagrun for produce_json to 2026-03-06 14:00:00+00:00, run_after=2026-03-07 14:00:00+00:00
[2026-03-06T23:18:06.596+0000] {logging_mixin.py:188} INFO - [2026-03-06T23:18:06.596+0000] {dag.py:3954} INFO - Setting next_dagrun for update_db to None, run_after=None
[2026-03-06T23:18:06.826+0000] {processor.py:183} INFO - Processing /opt/airflow/dags/main.py took 1.042 seconds
[2026-03-06T23:18:37.656+0000] {processor.py:161} INFO - Started process (PID=1989) to work on /opt/airflow/dags/main.py
[2026-03-06T23:18:37.659+0000] {processor.py:830} INFO - Processing file /opt/airflow/dags/main.py for tasks to queue
[2026-03-06T23:18:37.661+0000] {logging_mixin.py:188} INFO - [2026-03-06T23:18:37.661+0000] {dagbag.py:545} INFO - Filling up the DagBag from /opt/airflow/dags/main.py
[2026-03-06T23:18:37.753+0000] {processor.py:840} INFO - DAG(s) 'update_db', 'produce_json', 'data_quality' retrieved from /opt/airflow/dags/main.py
[2026-03-06T23:18:37.830+0000] {logging_mixin.py:188} INFO - [2026-03-06T23:18:37.830+0000] {dag.py:3096} INFO - Sync 3 DAGs
[2026-03-06T23:18:38.118+0000] {logging_mixin.py:188} INFO - [2026-03-06T23:18:38.118+0000] {dag.py:3954} INFO - Setting next_dagrun for data_quality to None, run_after=None
[2026-03-06T23:18:38.128+0000] {logging_mixin.py:188} INFO - [2026-03-06T23:18:38.128+0000] {dag.py:3954} INFO - Setting next_dagrun for produce_json to 2026-03-06 14:00:00+00:00, run_after=2026-03-07 14:00:00+00:00
[2026-03-06T23:18:38.132+0000] {logging_mixin.py:188} INFO - [2026-03-06T23:18:38.132+0000] {dag.py:3954} INFO - Setting next_dagrun for update_db to None, run_after=None
[2026-03-06T23:18:38.168+0000] {processor.py:183} INFO - Processing /opt/airflow/dags/main.py took 0.526 seconds
[2026-03-06T23:20:05.882+0000] {processor.py:161} INFO - Started process (PID=1990) to work on /opt/airflow/dags/main.py
[2026-03-06T23:20:05.884+0000] {processor.py:830} INFO - Processing file /opt/airflow/dags/main.py for tasks to queue
[2026-03-06T23:20:05.889+0000] {logging_mixin.py:188} INFO - [2026-03-06T23:20:05.888+0000] {dagbag.py:545} INFO - Filling up the DagBag from /opt/airflow/dags/main.py
[2026-03-06T23:20:06.012+0000] {processor.py:840} INFO - DAG(s) 'produce_json', 'update_db', 'data_quality' retrieved from /opt/airflow/dags/main.py
[2026-03-06T23:20:06.692+0000] {logging_mixin.py:188} INFO - [2026-03-06T23:20:06.691+0000] {dag.py:3096} INFO - Sync 3 DAGs
[2026-03-06T23:20:06.718+0000] {logging_mixin.py:188} INFO - [2026-03-06T23:20:06.718+0000] {dag.py:3954} INFO - Setting next_dagrun for data_quality to None, run_after=None
[2026-03-06T23:20:06.727+0000] {logging_mixin.py:188} INFO - [2026-03-06T23:20:06.726+0000] {dag.py:3954} INFO - Setting next_dagrun for produce_json to 2026-03-06 14:00:00+00:00, run_after=2026-03-07 14:00:00+00:00
[2026-03-06T23:20:06.730+0000] {logging_mixin.py:188} INFO - [2026-03-06T23:20:06.729+0000] {dag.py:3954} INFO - Setting next_dagrun for update_db to None, run_after=None
[2026-03-06T23:20:06.752+0000] {processor.py:183} INFO - Processing /opt/airflow/dags/main.py took 0.915 seconds
[2026-03-06T23:21:05.804+0000] {processor.py:161} INFO - Started process (PID=1997) to work on /opt/airflow/dags/main.py
[2026-03-06T23:21:05.815+0000] {processor.py:830} INFO - Processing file /opt/airflow/dags/main.py for tasks to queue
[2026-03-06T23:21:05.818+0000] {logging_mixin.py:188} INFO - [2026-03-06T23:21:05.818+0000] {dagbag.py:545} INFO - Filling up the DagBag from /opt/airflow/dags/main.py
[2026-03-06T23:21:06.319+0000] {processor.py:840} INFO - DAG(s) 'produce_json', 'data_quality', 'update_db' retrieved from /opt/airflow/dags/main.py
[2026-03-06T23:21:06.393+0000] {logging_mixin.py:188} INFO - [2026-03-06T23:21:06.393+0000] {dag.py:3096} INFO - Sync 3 DAGs
[2026-03-06T23:21:06.437+0000] {logging_mixin.py:188} INFO - [2026-03-06T23:21:06.436+0000] {dag.py:3954} INFO - Setting next_dagrun for data_quality to None, run_after=None
[2026-03-06T23:21:06.447+0000] {logging_mixin.py:188} INFO - [2026-03-06T23:21:06.447+0000] {dag.py:3954} INFO - Setting next_dagrun for produce_json to 2026-03-06 14:00:00+00:00, run_after=2026-03-07 14:00:00+00:00
[2026-03-06T23:21:06.456+0000] {logging_mixin.py:188} INFO - [2026-03-06T23:21:06.456+0000] {dag.py:3954} INFO - Setting next_dagrun for update_db to None, run_after=None
[2026-03-06T23:21:06.727+0000] {processor.py:183} INFO - Processing /opt/airflow/dags/main.py took 0.949 seconds
[2026-03-06T23:21:37.027+0000] {processor.py:161} INFO - Started process (PID=2010) to work on /opt/airflow/dags/main.py
[2026-03-06T23:21:37.037+0000] {processor.py:830} INFO - Processing file /opt/airflow/dags/main.py for tasks to queue
[2026-03-06T23:21:37.040+0000] {logging_mixin.py:188} INFO - [2026-03-06T23:21:37.040+0000] {dagbag.py:545} INFO - Filling up the DagBag from /opt/airflow/dags/main.py
[2026-03-06T23:21:37.453+0000] {processor.py:840} INFO - DAG(s) 'update_db', 'produce_json', 'data_quality' retrieved from /opt/airflow/dags/main.py
[2026-03-06T23:21:37.516+0000] {logging_mixin.py:188} INFO - [2026-03-06T23:21:37.515+0000] {dag.py:3096} INFO - Sync 3 DAGs
[2026-03-06T23:21:37.553+0000] {logging_mixin.py:188} INFO - [2026-03-06T23:21:37.552+0000] {dag.py:3954} INFO - Setting next_dagrun for data_quality to None, run_after=None
[2026-03-06T23:21:37.568+0000] {logging_mixin.py:188} INFO - [2026-03-06T23:21:37.567+0000] {dag.py:3954} INFO - Setting next_dagrun for produce_json to 2026-03-06 14:00:00+00:00, run_after=2026-03-07 14:00:00+00:00
[2026-03-06T23:21:37.572+0000] {logging_mixin.py:188} INFO - [2026-03-06T23:21:37.571+0000] {dag.py:3954} INFO - Setting next_dagrun for update_db to None, run_after=None
[2026-03-06T23:21:37.613+0000] {processor.py:183} INFO - Processing /opt/airflow/dags/main.py took 0.622 seconds
[2026-03-06T23:22:07.701+0000] {processor.py:161} INFO - Started process (PID=2017) to work on /opt/airflow/dags/main.py
[2026-03-06T23:22:07.705+0000] {processor.py:830} INFO - Processing file /opt/airflow/dags/main.py for tasks to queue
[2026-03-06T23:22:07.707+0000] {logging_mixin.py:188} INFO - [2026-03-06T23:22:07.707+0000] {dagbag.py:545} INFO - Filling up the DagBag from /opt/airflow/dags/main.py
[2026-03-06T23:22:07.770+0000] {processor.py:840} INFO - DAG(s) 'produce_json', 'update_db', 'data_quality' retrieved from /opt/airflow/dags/main.py
[2026-03-06T23:22:07.812+0000] {logging_mixin.py:188} INFO - [2026-03-06T23:22:07.811+0000] {dag.py:3096} INFO - Sync 3 DAGs
[2026-03-06T23:22:07.846+0000] {logging_mixin.py:188} INFO - [2026-03-06T23:22:07.845+0000] {dag.py:3954} INFO - Setting next_dagrun for data_quality to None, run_after=None
[2026-03-06T23:22:07.863+0000] {logging_mixin.py:188} INFO - [2026-03-06T23:22:07.862+0000] {dag.py:3954} INFO - Setting next_dagrun for produce_json to 2026-03-06 14:00:00+00:00, run_after=2026-03-07 14:00:00+00:00
[2026-03-06T23:22:07.868+0000] {logging_mixin.py:188} INFO - [2026-03-06T23:22:07.868+0000] {dag.py:3954} INFO - Setting next_dagrun for update_db to None, run_after=None
[2026-03-06T23:22:07.906+0000] {processor.py:183} INFO - Processing /opt/airflow/dags/main.py took 0.216 seconds
[2026-03-06T23:23:05.768+0000] {processor.py:161} INFO - Started process (PID=2018) to work on /opt/airflow/dags/main.py
[2026-03-06T23:23:05.776+0000] {processor.py:830} INFO - Processing file /opt/airflow/dags/main.py for tasks to queue
[2026-03-06T23:23:05.777+0000] {logging_mixin.py:188} INFO - [2026-03-06T23:23:05.776+0000] {dagbag.py:545} INFO - Filling up the DagBag from /opt/airflow/dags/main.py
[2026-03-06T23:23:06.040+0000] {processor.py:840} INFO - DAG(s) 'produce_json', 'update_db', 'data_quality' retrieved from /opt/airflow/dags/main.py
[2026-03-06T23:23:06.132+0000] {logging_mixin.py:188} INFO - [2026-03-06T23:23:06.131+0000] {dag.py:3096} INFO - Sync 3 DAGs
[2026-03-06T23:23:06.185+0000] {logging_mixin.py:188} INFO - [2026-03-06T23:23:06.185+0000] {dag.py:3954} INFO - Setting next_dagrun for data_quality to None, run_after=None
[2026-03-06T23:23:06.200+0000] {logging_mixin.py:188} INFO - [2026-03-06T23:23:06.199+0000] {dag.py:3954} INFO - Setting next_dagrun for produce_json to 2026-03-06 14:00:00+00:00, run_after=2026-03-07 14:00:00+00:00
[2026-03-06T23:23:06.208+0000] {logging_mixin.py:188} INFO - [2026-03-06T23:23:06.208+0000] {dag.py:3954} INFO - Setting next_dagrun for update_db to None, run_after=None
[2026-03-06T23:23:06.785+0000] {processor.py:183} INFO - Processing /opt/airflow/dags/main.py took 1.053 seconds
[2026-03-06T23:24:05.853+0000] {processor.py:161} INFO - Started process (PID=2025) to work on /opt/airflow/dags/main.py
[2026-03-06T23:24:05.865+0000] {processor.py:830} INFO - Processing file /opt/airflow/dags/main.py for tasks to queue
[2026-03-06T23:24:05.867+0000] {logging_mixin.py:188} INFO - [2026-03-06T23:24:05.866+0000] {dagbag.py:545} INFO - Filling up the DagBag from /opt/airflow/dags/main.py
[2026-03-06T23:24:06.202+0000] {processor.py:840} INFO - DAG(s) 'update_db', 'data_quality', 'produce_json' retrieved from /opt/airflow/dags/main.py
[2026-03-06T23:24:06.298+0000] {logging_mixin.py:188} INFO - [2026-03-06T23:24:06.297+0000] {dag.py:3096} INFO - Sync 3 DAGs
[2026-03-06T23:24:06.627+0000] {logging_mixin.py:188} INFO - [2026-03-06T23:24:06.622+0000] {dag.py:3954} INFO - Setting next_dagrun for data_quality to None, run_after=None
[2026-03-06T23:24:06.696+0000] {logging_mixin.py:188} INFO - [2026-03-06T23:24:06.696+0000] {dag.py:3954} INFO - Setting next_dagrun for produce_json to 2026-03-06 14:00:00+00:00, run_after=2026-03-07 14:00:00+00:00
[2026-03-06T23:24:06.715+0000] {logging_mixin.py:188} INFO - [2026-03-06T23:24:06.714+0000] {dag.py:3954} INFO - Setting next_dagrun for update_db to None, run_after=None
[2026-03-06T23:24:06.799+0000] {processor.py:183} INFO - Processing /opt/airflow/dags/main.py took 1.024 seconds
[2026-03-06T23:24:37.659+0000] {processor.py:161} INFO - Started process (PID=2038) to work on /opt/airflow/dags/main.py
[2026-03-06T23:24:37.661+0000] {processor.py:830} INFO - Processing file /opt/airflow/dags/main.py for tasks to queue
[2026-03-06T23:24:37.662+0000] {logging_mixin.py:188} INFO - [2026-03-06T23:24:37.662+0000] {dagbag.py:545} INFO - Filling up the DagBag from /opt/airflow/dags/main.py
[2026-03-06T23:24:37.718+0000] {processor.py:840} INFO - DAG(s) 'data_quality', 'produce_json', 'update_db' retrieved from /opt/airflow/dags/main.py
[2026-03-06T23:24:37.990+0000] {logging_mixin.py:188} INFO - [2026-03-06T23:24:37.989+0000] {dag.py:3096} INFO - Sync 3 DAGs
[2026-03-06T23:24:38.022+0000] {logging_mixin.py:188} INFO - [2026-03-06T23:24:38.022+0000] {dag.py:3954} INFO - Setting next_dagrun for data_quality to None, run_after=None
[2026-03-06T23:24:38.034+0000] {logging_mixin.py:188} INFO - [2026-03-06T23:24:38.033+0000] {dag.py:3954} INFO - Setting next_dagrun for produce_json to 2026-03-06 14:00:00+00:00, run_after=2026-03-07 14:00:00+00:00
[2026-03-06T23:24:38.038+0000] {logging_mixin.py:188} INFO - [2026-03-06T23:24:38.038+0000] {dag.py:3954} INFO - Setting next_dagrun for update_db to None, run_after=None
[2026-03-06T23:24:38.081+0000] {processor.py:183} INFO - Processing /opt/airflow/dags/main.py took 0.437 seconds
[2026-03-06T23:25:08.527+0000] {processor.py:161} INFO - Started process (PID=2045) to work on /opt/airflow/dags/main.py
[2026-03-06T23:25:08.530+0000] {processor.py:830} INFO - Processing file /opt/airflow/dags/main.py for tasks to queue
[2026-03-06T23:25:08.534+0000] {logging_mixin.py:188} INFO - [2026-03-06T23:25:08.532+0000] {dagbag.py:545} INFO - Filling up the DagBag from /opt/airflow/dags/main.py
[2026-03-06T23:25:08.814+0000] {processor.py:840} INFO - DAG(s) 'update_db', 'data_quality', 'produce_json' retrieved from /opt/airflow/dags/main.py
[2026-03-06T23:25:08.856+0000] {logging_mixin.py:188} INFO - [2026-03-06T23:25:08.855+0000] {dag.py:3096} INFO - Sync 3 DAGs
[2026-03-06T23:25:08.881+0000] {logging_mixin.py:188} INFO - [2026-03-06T23:25:08.880+0000] {dag.py:3954} INFO - Setting next_dagrun for data_quality to None, run_after=None
[2026-03-06T23:25:08.889+0000] {logging_mixin.py:188} INFO - [2026-03-06T23:25:08.889+0000] {dag.py:3954} INFO - Setting next_dagrun for produce_json to 2026-03-06 14:00:00+00:00, run_after=2026-03-07 14:00:00+00:00
[2026-03-06T23:25:08.892+0000] {logging_mixin.py:188} INFO - [2026-03-06T23:25:08.892+0000] {dag.py:3954} INFO - Setting next_dagrun for update_db to None, run_after=None
[2026-03-06T23:25:08.925+0000] {processor.py:183} INFO - Processing /opt/airflow/dags/main.py took 0.411 seconds
[2026-03-06T23:25:39.171+0000] {processor.py:161} INFO - Started process (PID=2052) to work on /opt/airflow/dags/main.py
[2026-03-06T23:25:39.174+0000] {processor.py:830} INFO - Processing file /opt/airflow/dags/main.py for tasks to queue
[2026-03-06T23:25:39.176+0000] {logging_mixin.py:188} INFO - [2026-03-06T23:25:39.175+0000] {dagbag.py:545} INFO - Filling up the DagBag from /opt/airflow/dags/main.py
[2026-03-06T23:25:39.573+0000] {processor.py:840} INFO - DAG(s) 'produce_json', 'data_quality', 'update_db' retrieved from /opt/airflow/dags/main.py
[2026-03-06T23:25:39.648+0000] {logging_mixin.py:188} INFO - [2026-03-06T23:25:39.648+0000] {dag.py:3096} INFO - Sync 3 DAGs
[2026-03-06T23:25:39.691+0000] {logging_mixin.py:188} INFO - [2026-03-06T23:25:39.690+0000] {dag.py:3954} INFO - Setting next_dagrun for data_quality to None, run_after=None
[2026-03-06T23:25:39.702+0000] {logging_mixin.py:188} INFO - [2026-03-06T23:25:39.701+0000] {dag.py:3954} INFO - Setting next_dagrun for produce_json to 2026-03-06 14:00:00+00:00, run_after=2026-03-07 14:00:00+00:00
[2026-03-06T23:25:39.709+0000] {logging_mixin.py:188} INFO - [2026-03-06T23:25:39.709+0000] {dag.py:3954} INFO - Setting next_dagrun for update_db to None, run_after=None
[2026-03-06T23:25:39.748+0000] {processor.py:183} INFO - Processing /opt/airflow/dags/main.py took 0.593 seconds
[2026-03-06T23:26:09.853+0000] {processor.py:161} INFO - Started process (PID=2058) to work on /opt/airflow/dags/main.py
[2026-03-06T23:26:09.856+0000] {processor.py:830} INFO - Processing file /opt/airflow/dags/main.py for tasks to queue
[2026-03-06T23:26:09.860+0000] {logging_mixin.py:188} INFO - [2026-03-06T23:26:09.859+0000] {dagbag.py:545} INFO - Filling up the DagBag from /opt/airflow/dags/main.py
[2026-03-06T23:26:09.954+0000] {processor.py:840} INFO - DAG(s) 'data_quality', 'produce_json', 'update_db' retrieved from /opt/airflow/dags/main.py
[2026-03-06T23:26:10.024+0000] {logging_mixin.py:188} INFO - [2026-03-06T23:26:10.023+0000] {dag.py:3096} INFO - Sync 3 DAGs
[2026-03-06T23:26:10.068+0000] {logging_mixin.py:188} INFO - [2026-03-06T23:26:10.067+0000] {dag.py:3954} INFO - Setting next_dagrun for data_quality to None, run_after=None
[2026-03-06T23:26:10.087+0000] {logging_mixin.py:188} INFO - [2026-03-06T23:26:10.087+0000] {dag.py:3954} INFO - Setting next_dagrun for produce_json to 2026-03-06 14:00:00+00:00, run_after=2026-03-07 14:00:00+00:00
[2026-03-06T23:26:10.093+0000] {logging_mixin.py:188} INFO - [2026-03-06T23:26:10.093+0000] {dag.py:3954} INFO - Setting next_dagrun for update_db to None, run_after=None
[2026-03-06T23:26:10.136+0000] {processor.py:183} INFO - Processing /opt/airflow/dags/main.py took 0.295 seconds
[2026-03-06T23:26:40.449+0000] {processor.py:161} INFO - Started process (PID=2065) to work on /opt/airflow/dags/main.py
[2026-03-06T23:26:40.452+0000] {processor.py:830} INFO - Processing file /opt/airflow/dags/main.py for tasks to queue
[2026-03-06T23:26:40.454+0000] {logging_mixin.py:188} INFO - [2026-03-06T23:26:40.453+0000] {dagbag.py:545} INFO - Filling up the DagBag from /opt/airflow/dags/main.py
[2026-03-06T23:26:40.559+0000] {processor.py:840} INFO - DAG(s) 'update_db', 'produce_json', 'data_quality' retrieved from /opt/airflow/dags/main.py
[2026-03-06T23:26:40.628+0000] {logging_mixin.py:188} INFO - [2026-03-06T23:26:40.627+0000] {dag.py:3096} INFO - Sync 3 DAGs
[2026-03-06T23:26:40.686+0000] {logging_mixin.py:188} INFO - [2026-03-06T23:26:40.685+0000] {dag.py:3954} INFO - Setting next_dagrun for data_quality to None, run_after=None
[2026-03-06T23:26:40.709+0000] {logging_mixin.py:188} INFO - [2026-03-06T23:26:40.709+0000] {dag.py:3954} INFO - Setting next_dagrun for produce_json to 2026-03-06 14:00:00+00:00, run_after=2026-03-07 14:00:00+00:00
[2026-03-06T23:26:40.714+0000] {logging_mixin.py:188} INFO - [2026-03-06T23:26:40.714+0000] {dag.py:3954} INFO - Setting next_dagrun for update_db to None, run_after=None
[2026-03-06T23:26:41.035+0000] {processor.py:183} INFO - Processing /opt/airflow/dags/main.py took 0.599 seconds
[2026-03-06T23:28:05.980+0000] {processor.py:161} INFO - Started process (PID=2066) to work on /opt/airflow/dags/main.py
[2026-03-06T23:28:05.988+0000] {processor.py:830} INFO - Processing file /opt/airflow/dags/main.py for tasks to queue
[2026-03-06T23:28:05.996+0000] {logging_mixin.py:188} INFO - [2026-03-06T23:28:05.993+0000] {dagbag.py:545} INFO - Filling up the DagBag from /opt/airflow/dags/main.py
[2026-03-06T23:28:06.401+0000] {processor.py:840} INFO - DAG(s) 'produce_json', 'update_db', 'data_quality' retrieved from /opt/airflow/dags/main.py
[2026-03-06T23:28:06.723+0000] {logging_mixin.py:188} INFO - [2026-03-06T23:28:06.721+0000] {dag.py:3096} INFO - Sync 3 DAGs
[2026-03-06T23:28:07.149+0000] {logging_mixin.py:188} INFO - [2026-03-06T23:28:07.148+0000] {dag.py:3954} INFO - Setting next_dagrun for data_quality to None, run_after=None
[2026-03-06T23:28:07.173+0000] {logging_mixin.py:188} INFO - [2026-03-06T23:28:07.173+0000] {dag.py:3954} INFO - Setting next_dagrun for produce_json to 2026-03-06 14:00:00+00:00, run_after=2026-03-07 14:00:00+00:00
[2026-03-06T23:28:07.190+0000] {logging_mixin.py:188} INFO - [2026-03-06T23:28:07.189+0000] {dag.py:3954} INFO - Setting next_dagrun for update_db to None, run_after=None
[2026-03-06T23:28:07.297+0000] {processor.py:183} INFO - Processing /opt/airflow/dags/main.py took 1.393 seconds
[2026-03-06T23:28:37.786+0000] {processor.py:161} INFO - Started process (PID=2079) to work on /opt/airflow/dags/main.py
[2026-03-06T23:28:37.789+0000] {processor.py:830} INFO - Processing file /opt/airflow/dags/main.py for tasks to queue
[2026-03-06T23:28:37.792+0000] {logging_mixin.py:188} INFO - [2026-03-06T23:28:37.791+0000] {dagbag.py:545} INFO - Filling up the DagBag from /opt/airflow/dags/main.py
[2026-03-06T23:28:37.917+0000] {processor.py:840} INFO - DAG(s) 'update_db', 'data_quality', 'produce_json' retrieved from /opt/airflow/dags/main.py
[2026-03-06T23:28:38.469+0000] {logging_mixin.py:188} INFO - [2026-03-06T23:28:38.469+0000] {dag.py:3096} INFO - Sync 3 DAGs
[2026-03-06T23:28:38.519+0000] {logging_mixin.py:188} INFO - [2026-03-06T23:28:38.518+0000] {dag.py:3954} INFO - Setting next_dagrun for data_quality to None, run_after=None
[2026-03-06T23:28:38.531+0000] {logging_mixin.py:188} INFO - [2026-03-06T23:28:38.531+0000] {dag.py:3954} INFO - Setting next_dagrun for produce_json to 2026-03-06 14:00:00+00:00, run_after=2026-03-07 14:00:00+00:00
[2026-03-06T23:28:38.534+0000] {logging_mixin.py:188} INFO - [2026-03-06T23:28:38.534+0000] {dag.py:3954} INFO - Setting next_dagrun for update_db to None, run_after=None
[2026-03-06T23:28:38.572+0000] {processor.py:183} INFO - Processing /opt/airflow/dags/main.py took 0.807 seconds
[2026-03-06T23:29:08.899+0000] {processor.py:161} INFO - Started process (PID=2085) to work on /opt/airflow/dags/main.py
[2026-03-06T23:29:08.931+0000] {processor.py:830} INFO - Processing file /opt/airflow/dags/main.py for tasks to queue
[2026-03-06T23:29:08.934+0000] {logging_mixin.py:188} INFO - [2026-03-06T23:29:08.932+0000] {dagbag.py:545} INFO - Filling up the DagBag from /opt/airflow/dags/main.py
[2026-03-06T23:29:09.699+0000] {processor.py:840} INFO - DAG(s) 'produce_json', 'update_db', 'data_quality' retrieved from /opt/airflow/dags/main.py
[2026-03-06T23:29:09.855+0000] {logging_mixin.py:188} INFO - [2026-03-06T23:29:09.855+0000] {dag.py:3096} INFO - Sync 3 DAGs
[2026-03-06T23:29:09.947+0000] {logging_mixin.py:188} INFO - [2026-03-06T23:29:09.946+0000] {dag.py:3954} INFO - Setting next_dagrun for data_quality to None, run_after=None
[2026-03-06T23:29:09.964+0000] {logging_mixin.py:188} INFO - [2026-03-06T23:29:09.963+0000] {dag.py:3954} INFO - Setting next_dagrun for produce_json to 2026-03-06 14:00:00+00:00, run_after=2026-03-07 14:00:00+00:00
[2026-03-06T23:29:09.970+0000] {logging_mixin.py:188} INFO - [2026-03-06T23:29:09.969+0000] {dag.py:3954} INFO - Setting next_dagrun for update_db to None, run_after=None
[2026-03-06T23:29:10.029+0000] {processor.py:183} INFO - Processing /opt/airflow/dags/main.py took 1.171 seconds
[2026-03-06T23:29:40.615+0000] {processor.py:161} INFO - Started process (PID=2093) to work on /opt/airflow/dags/main.py
[2026-03-06T23:29:40.628+0000] {processor.py:830} INFO - Processing file /opt/airflow/dags/main.py for tasks to queue
[2026-03-06T23:29:40.631+0000] {logging_mixin.py:188} INFO - [2026-03-06T23:29:40.630+0000] {dagbag.py:545} INFO - Filling up the DagBag from /opt/airflow/dags/main.py
[2026-03-06T23:29:40.989+0000] {processor.py:840} INFO - DAG(s) 'produce_json', 'update_db', 'data_quality' retrieved from /opt/airflow/dags/main.py
[2026-03-06T23:29:41.059+0000] {logging_mixin.py:188} INFO - [2026-03-06T23:29:41.059+0000] {dag.py:3096} INFO - Sync 3 DAGs
[2026-03-06T23:29:41.088+0000] {logging_mixin.py:188} INFO - [2026-03-06T23:29:41.088+0000] {dag.py:3954} INFO - Setting next_dagrun for data_quality to None, run_after=None
[2026-03-06T23:29:41.097+0000] {logging_mixin.py:188} INFO - [2026-03-06T23:29:41.097+0000] {dag.py:3954} INFO - Setting next_dagrun for produce_json to 2026-03-06 14:00:00+00:00, run_after=2026-03-07 14:00:00+00:00
[2026-03-06T23:29:41.103+0000] {logging_mixin.py:188} INFO - [2026-03-06T23:29:41.103+0000] {dag.py:3954} INFO - Setting next_dagrun for update_db to None, run_after=None
[2026-03-06T23:29:41.148+0000] {processor.py:183} INFO - Processing /opt/airflow/dags/main.py took 0.567 seconds
[2026-03-06T23:30:11.919+0000] {processor.py:161} INFO - Started process (PID=2100) to work on /opt/airflow/dags/main.py
[2026-03-06T23:30:11.928+0000] {processor.py:830} INFO - Processing file /opt/airflow/dags/main.py for tasks to queue
[2026-03-06T23:30:11.930+0000] {logging_mixin.py:188} INFO - [2026-03-06T23:30:11.930+0000] {dagbag.py:545} INFO - Filling up the DagBag from /opt/airflow/dags/main.py
[2026-03-06T23:30:12.034+0000] {processor.py:840} INFO - DAG(s) 'update_db', 'produce_json', 'data_quality' retrieved from /opt/airflow/dags/main.py
[2026-03-06T23:30:12.118+0000] {logging_mixin.py:188} INFO - [2026-03-06T23:30:12.117+0000] {dag.py:3096} INFO - Sync 3 DAGs
[2026-03-06T23:30:12.162+0000] {logging_mixin.py:188} INFO - [2026-03-06T23:30:12.162+0000] {dag.py:3954} INFO - Setting next_dagrun for data_quality to None, run_after=None
[2026-03-06T23:30:12.175+0000] {logging_mixin.py:188} INFO - [2026-03-06T23:30:12.175+0000] {dag.py:3954} INFO - Setting next_dagrun for produce_json to 2026-03-06 14:00:00+00:00, run_after=2026-03-07 14:00:00+00:00
[2026-03-06T23:30:12.178+0000] {logging_mixin.py:188} INFO - [2026-03-06T23:30:12.178+0000] {dag.py:3954} INFO - Setting next_dagrun for update_db to None, run_after=None
[2026-03-06T23:30:12.224+0000] {processor.py:183} INFO - Processing /opt/airflow/dags/main.py took 0.339 seconds
[2026-03-06T23:30:42.731+0000] {processor.py:161} INFO - Started process (PID=2107) to work on /opt/airflow/dags/main.py
[2026-03-06T23:30:42.734+0000] {processor.py:830} INFO - Processing file /opt/airflow/dags/main.py for tasks to queue
[2026-03-06T23:30:42.739+0000] {logging_mixin.py:188} INFO - [2026-03-06T23:30:42.737+0000] {dagbag.py:545} INFO - Filling up the DagBag from /opt/airflow/dags/main.py
[2026-03-06T23:30:42.868+0000] {processor.py:840} INFO - DAG(s) 'data_quality', 'update_db', 'produce_json' retrieved from /opt/airflow/dags/main.py
[2026-03-06T23:30:42.956+0000] {logging_mixin.py:188} INFO - [2026-03-06T23:30:42.955+0000] {dag.py:3096} INFO - Sync 3 DAGs
[2026-03-06T23:30:42.994+0000] {logging_mixin.py:188} INFO - [2026-03-06T23:30:42.993+0000] {dag.py:3954} INFO - Setting next_dagrun for data_quality to None, run_after=None
[2026-03-06T23:30:43.009+0000] {logging_mixin.py:188} INFO - [2026-03-06T23:30:43.008+0000] {dag.py:3954} INFO - Setting next_dagrun for produce_json to 2026-03-06 14:00:00+00:00, run_after=2026-03-07 14:00:00+00:00
[2026-03-06T23:30:43.013+0000] {logging_mixin.py:188} INFO - [2026-03-06T23:30:43.012+0000] {dag.py:3954} INFO - Setting next_dagrun for update_db to None, run_after=None
[2026-03-06T23:30:43.278+0000] {processor.py:183} INFO - Processing /opt/airflow/dags/main.py took 0.564 seconds
[2026-03-06T23:31:13.909+0000] {processor.py:161} INFO - Started process (PID=2113) to work on /opt/airflow/dags/main.py
[2026-03-06T23:31:13.912+0000] {processor.py:830} INFO - Processing file /opt/airflow/dags/main.py for tasks to queue
[2026-03-06T23:31:13.914+0000] {logging_mixin.py:188} INFO - [2026-03-06T23:31:13.914+0000] {dagbag.py:545} INFO - Filling up the DagBag from /opt/airflow/dags/main.py
[2026-03-06T23:31:13.987+0000] {processor.py:840} INFO - DAG(s) 'produce_json', 'update_db', 'data_quality' retrieved from /opt/airflow/dags/main.py
[2026-03-06T23:31:14.071+0000] {logging_mixin.py:188} INFO - [2026-03-06T23:31:14.070+0000] {dag.py:3096} INFO - Sync 3 DAGs
[2026-03-06T23:31:14.299+0000] {logging_mixin.py:188} INFO - [2026-03-06T23:31:14.298+0000] {dag.py:3954} INFO - Setting next_dagrun for data_quality to None, run_after=None
[2026-03-06T23:31:14.316+0000] {logging_mixin.py:188} INFO - [2026-03-06T23:31:14.316+0000] {dag.py:3954} INFO - Setting next_dagrun for produce_json to 2026-03-06 14:00:00+00:00, run_after=2026-03-07 14:00:00+00:00
[2026-03-06T23:31:14.323+0000] {logging_mixin.py:188} INFO - [2026-03-06T23:31:14.322+0000] {dag.py:3954} INFO - Setting next_dagrun for update_db to None, run_after=None
[2026-03-06T23:31:14.381+0000] {processor.py:183} INFO - Processing /opt/airflow/dags/main.py took 0.490 seconds
[2026-03-06T23:31:44.729+0000] {processor.py:161} INFO - Started process (PID=2120) to work on /opt/airflow/dags/main.py
[2026-03-06T23:31:44.731+0000] {processor.py:830} INFO - Processing file /opt/airflow/dags/main.py for tasks to queue
[2026-03-06T23:31:44.733+0000] {logging_mixin.py:188} INFO - [2026-03-06T23:31:44.733+0000] {dagbag.py:545} INFO - Filling up the DagBag from /opt/airflow/dags/main.py
[2026-03-06T23:31:44.798+0000] {processor.py:840} INFO - DAG(s) 'produce_json', 'update_db', 'data_quality' retrieved from /opt/airflow/dags/main.py
[2026-03-06T23:31:45.041+0000] {logging_mixin.py:188} INFO - [2026-03-06T23:31:45.041+0000] {dag.py:3096} INFO - Sync 3 DAGs
[2026-03-06T23:31:45.073+0000] {logging_mixin.py:188} INFO - [2026-03-06T23:31:45.073+0000] {dag.py:3954} INFO - Setting next_dagrun for data_quality to None, run_after=None
[2026-03-06T23:31:45.093+0000] {logging_mixin.py:188} INFO - [2026-03-06T23:31:45.091+0000] {dag.py:3954} INFO - Setting next_dagrun for produce_json to 2026-03-06 14:00:00+00:00, run_after=2026-03-07 14:00:00+00:00
[2026-03-06T23:31:45.099+0000] {logging_mixin.py:188} INFO - [2026-03-06T23:31:45.098+0000] {dag.py:3954} INFO - Setting next_dagrun for update_db to None, run_after=None
[2026-03-06T23:31:45.146+0000] {processor.py:183} INFO - Processing /opt/airflow/dags/main.py took 0.434 seconds
[2026-03-06T23:32:15.622+0000] {processor.py:161} INFO - Started process (PID=2128) to work on /opt/airflow/dags/main.py
[2026-03-06T23:32:15.639+0000] {processor.py:830} INFO - Processing file /opt/airflow/dags/main.py for tasks to queue
[2026-03-06T23:32:15.646+0000] {logging_mixin.py:188} INFO - [2026-03-06T23:32:15.640+0000] {dagbag.py:545} INFO - Filling up the DagBag from /opt/airflow/dags/main.py
[2026-03-06T23:32:16.003+0000] {processor.py:840} INFO - DAG(s) 'data_quality', 'produce_json', 'update_db' retrieved from /opt/airflow/dags/main.py
[2026-03-06T23:32:16.085+0000] {logging_mixin.py:188} INFO - [2026-03-06T23:32:16.085+0000] {dag.py:3096} INFO - Sync 3 DAGs
[2026-03-06T23:32:16.114+0000] {logging_mixin.py:188} INFO - [2026-03-06T23:32:16.114+0000] {dag.py:3954} INFO - Setting next_dagrun for data_quality to None, run_after=None
[2026-03-06T23:32:16.127+0000] {logging_mixin.py:188} INFO - [2026-03-06T23:32:16.126+0000] {dag.py:3954} INFO - Setting next_dagrun for produce_json to 2026-03-06 14:00:00+00:00, run_after=2026-03-07 14:00:00+00:00
[2026-03-06T23:32:16.131+0000] {logging_mixin.py:188} INFO - [2026-03-06T23:32:16.131+0000] {dag.py:3954} INFO - Setting next_dagrun for update_db to None, run_after=None
[2026-03-06T23:32:16.183+0000] {processor.py:183} INFO - Processing /opt/airflow/dags/main.py took 0.572 seconds
[2026-03-06T23:32:47.150+0000] {processor.py:161} INFO - Started process (PID=2135) to work on /opt/airflow/dags/main.py
[2026-03-06T23:32:47.153+0000] {processor.py:830} INFO - Processing file /opt/airflow/dags/main.py for tasks to queue
[2026-03-06T23:32:47.155+0000] {logging_mixin.py:188} INFO - [2026-03-06T23:32:47.154+0000] {dagbag.py:545} INFO - Filling up the DagBag from /opt/airflow/dags/main.py
[2026-03-06T23:32:47.442+0000] {processor.py:840} INFO - DAG(s) 'data_quality', 'update_db', 'produce_json' retrieved from /opt/airflow/dags/main.py
[2026-03-06T23:32:47.510+0000] {logging_mixin.py:188} INFO - [2026-03-06T23:32:47.509+0000] {dag.py:3096} INFO - Sync 3 DAGs
[2026-03-06T23:32:47.542+0000] {logging_mixin.py:188} INFO - [2026-03-06T23:32:47.541+0000] {dag.py:3954} INFO - Setting next_dagrun for data_quality to None, run_after=None
[2026-03-06T23:32:47.550+0000] {logging_mixin.py:188} INFO - [2026-03-06T23:32:47.550+0000] {dag.py:3954} INFO - Setting next_dagrun for produce_json to 2026-03-06 14:00:00+00:00, run_after=2026-03-07 14:00:00+00:00
[2026-03-06T23:32:47.553+0000] {logging_mixin.py:188} INFO - [2026-03-06T23:32:47.552+0000] {dag.py:3954} INFO - Setting next_dagrun for update_db to None, run_after=None
[2026-03-06T23:32:47.590+0000] {processor.py:183} INFO - Processing /opt/airflow/dags/main.py took 0.454 seconds
[2026-03-06T23:33:17.726+0000] {processor.py:161} INFO - Started process (PID=2142) to work on /opt/airflow/dags/main.py
[2026-03-06T23:33:17.728+0000] {processor.py:830} INFO - Processing file /opt/airflow/dags/main.py for tasks to queue
[2026-03-06T23:33:17.730+0000] {logging_mixin.py:188} INFO - [2026-03-06T23:33:17.730+0000] {dagbag.py:545} INFO - Filling up the DagBag from /opt/airflow/dags/main.py
[2026-03-06T23:33:17.806+0000] {processor.py:840} INFO - DAG(s) 'update_db', 'produce_json', 'data_quality' retrieved from /opt/airflow/dags/main.py
[2026-03-06T23:33:17.864+0000] {logging_mixin.py:188} INFO - [2026-03-06T23:33:17.864+0000] {dag.py:3096} INFO - Sync 3 DAGs
[2026-03-06T23:33:17.905+0000] {logging_mixin.py:188} INFO - [2026-03-06T23:33:17.904+0000] {dag.py:3954} INFO - Setting next_dagrun for data_quality to None, run_after=None
[2026-03-06T23:33:17.923+0000] {logging_mixin.py:188} INFO - [2026-03-06T23:33:17.923+0000] {dag.py:3954} INFO - Setting next_dagrun for produce_json to 2026-03-06 14:00:00+00:00, run_after=2026-03-07 14:00:00+00:00
[2026-03-06T23:33:17.926+0000] {logging_mixin.py:188} INFO - [2026-03-06T23:33:17.925+0000] {dag.py:3954} INFO - Setting next_dagrun for update_db to None, run_after=None
[2026-03-06T23:33:17.955+0000] {processor.py:183} INFO - Processing /opt/airflow/dags/main.py took 0.241 seconds
[2026-03-06T23:33:48.732+0000] {processor.py:161} INFO - Started process (PID=2149) to work on /opt/airflow/dags/main.py
[2026-03-06T23:33:48.735+0000] {processor.py:830} INFO - Processing file /opt/airflow/dags/main.py for tasks to queue
[2026-03-06T23:33:48.738+0000] {logging_mixin.py:188} INFO - [2026-03-06T23:33:48.737+0000] {dagbag.py:545} INFO - Filling up the DagBag from /opt/airflow/dags/main.py
[2026-03-06T23:33:48.870+0000] {processor.py:840} INFO - DAG(s) 'produce_json', 'data_quality', 'update_db' retrieved from /opt/airflow/dags/main.py
[2026-03-06T23:33:48.945+0000] {logging_mixin.py:188} INFO - [2026-03-06T23:33:48.944+0000] {dag.py:3096} INFO - Sync 3 DAGs
[2026-03-06T23:33:49.008+0000] {logging_mixin.py:188} INFO - [2026-03-06T23:33:49.008+0000] {dag.py:3954} INFO - Setting next_dagrun for data_quality to None, run_after=None
[2026-03-06T23:33:49.217+0000] {logging_mixin.py:188} INFO - [2026-03-06T23:33:49.217+0000] {dag.py:3954} INFO - Setting next_dagrun for produce_json to 2026-03-06 14:00:00+00:00, run_after=2026-03-07 14:00:00+00:00
[2026-03-06T23:33:49.220+0000] {logging_mixin.py:188} INFO - [2026-03-06T23:33:49.220+0000] {dag.py:3954} INFO - Setting next_dagrun for update_db to None, run_after=None
[2026-03-06T23:33:49.262+0000] {processor.py:183} INFO - Processing /opt/airflow/dags/main.py took 0.564 seconds
[2026-03-06T23:34:20.184+0000] {processor.py:161} INFO - Started process (PID=2156) to work on /opt/airflow/dags/main.py
[2026-03-06T23:34:20.186+0000] {processor.py:830} INFO - Processing file /opt/airflow/dags/main.py for tasks to queue
[2026-03-06T23:34:20.188+0000] {logging_mixin.py:188} INFO - [2026-03-06T23:34:20.187+0000] {dagbag.py:545} INFO - Filling up the DagBag from /opt/airflow/dags/main.py
[2026-03-06T23:34:20.262+0000] {processor.py:840} INFO - DAG(s) 'data_quality', 'update_db', 'produce_json' retrieved from /opt/airflow/dags/main.py
[2026-03-06T23:34:20.314+0000] {logging_mixin.py:188} INFO - [2026-03-06T23:34:20.314+0000] {dag.py:3096} INFO - Sync 3 DAGs
[2026-03-06T23:34:20.561+0000] {logging_mixin.py:188} INFO - [2026-03-06T23:34:20.560+0000] {dag.py:3954} INFO - Setting next_dagrun for data_quality to None, run_after=None
[2026-03-06T23:34:20.582+0000] {logging_mixin.py:188} INFO - [2026-03-06T23:34:20.581+0000] {dag.py:3954} INFO - Setting next_dagrun for produce_json to 2026-03-06 14:00:00+00:00, run_after=2026-03-07 14:00:00+00:00
[2026-03-06T23:34:20.606+0000] {logging_mixin.py:188} INFO - [2026-03-06T23:34:20.604+0000] {dag.py:3954} INFO - Setting next_dagrun for update_db to None, run_after=None
[2026-03-06T23:34:20.716+0000] {processor.py:183} INFO - Processing /opt/airflow/dags/main.py took 0.545 seconds
[2026-03-06T23:34:50.939+0000] {processor.py:161} INFO - Started process (PID=2163) to work on /opt/airflow/dags/main.py
[2026-03-06T23:34:50.942+0000] {processor.py:830} INFO - Processing file /opt/airflow/dags/main.py for tasks to queue
[2026-03-06T23:34:50.946+0000] {logging_mixin.py:188} INFO - [2026-03-06T23:34:50.945+0000] {dagbag.py:545} INFO - Filling up the DagBag from /opt/airflow/dags/main.py
[2026-03-06T23:34:51.020+0000] {processor.py:840} INFO - DAG(s) 'produce_json', 'update_db', 'data_quality' retrieved from /opt/airflow/dags/main.py
[2026-03-06T23:34:51.305+0000] {logging_mixin.py:188} INFO - [2026-03-06T23:34:51.305+0000] {dag.py:3096} INFO - Sync 3 DAGs
[2026-03-06T23:34:51.339+0000] {logging_mixin.py:188} INFO - [2026-03-06T23:34:51.339+0000] {dag.py:3954} INFO - Setting next_dagrun for data_quality to None, run_after=None
[2026-03-06T23:34:51.350+0000] {logging_mixin.py:188} INFO - [2026-03-06T23:34:51.350+0000] {dag.py:3954} INFO - Setting next_dagrun for produce_json to 2026-03-06 14:00:00+00:00, run_after=2026-03-07 14:00:00+00:00
[2026-03-06T23:34:51.354+0000] {logging_mixin.py:188} INFO - [2026-03-06T23:34:51.353+0000] {dag.py:3954} INFO - Setting next_dagrun for update_db to None, run_after=None
[2026-03-06T23:34:51.390+0000] {processor.py:183} INFO - Processing /opt/airflow/dags/main.py took 0.462 seconds
[2026-03-06T23:35:21.953+0000] {processor.py:161} INFO - Started process (PID=2170) to work on /opt/airflow/dags/main.py
[2026-03-06T23:35:21.961+0000] {processor.py:830} INFO - Processing file /opt/airflow/dags/main.py for tasks to queue
[2026-03-06T23:35:21.964+0000] {logging_mixin.py:188} INFO - [2026-03-06T23:35:21.963+0000] {dagbag.py:545} INFO - Filling up the DagBag from /opt/airflow/dags/main.py
[2026-03-06T23:35:22.310+0000] {processor.py:840} INFO - DAG(s) 'update_db', 'data_quality', 'produce_json' retrieved from /opt/airflow/dags/main.py
[2026-03-06T23:35:22.369+0000] {logging_mixin.py:188} INFO - [2026-03-06T23:35:22.369+0000] {dag.py:3096} INFO - Sync 3 DAGs
[2026-03-06T23:35:22.400+0000] {logging_mixin.py:188} INFO - [2026-03-06T23:35:22.399+0000] {dag.py:3954} INFO - Setting next_dagrun for data_quality to None, run_after=None
[2026-03-06T23:35:22.409+0000] {logging_mixin.py:188} INFO - [2026-03-06T23:35:22.409+0000] {dag.py:3954} INFO - Setting next_dagrun for produce_json to 2026-03-06 14:00:00+00:00, run_after=2026-03-07 14:00:00+00:00
[2026-03-06T23:35:22.413+0000] {logging_mixin.py:188} INFO - [2026-03-06T23:35:22.413+0000] {dag.py:3954} INFO - Setting next_dagrun for update_db to None, run_after=None
[2026-03-06T23:35:22.457+0000] {processor.py:183} INFO - Processing /opt/airflow/dags/main.py took 0.515 seconds
[2026-03-06T23:35:52.640+0000] {processor.py:161} INFO - Started process (PID=2176) to work on /opt/airflow/dags/main.py
[2026-03-06T23:35:52.643+0000] {processor.py:830} INFO - Processing file /opt/airflow/dags/main.py for tasks to queue
[2026-03-06T23:35:52.645+0000] {logging_mixin.py:188} INFO - [2026-03-06T23:35:52.644+0000] {dagbag.py:545} INFO - Filling up the DagBag from /opt/airflow/dags/main.py
[2026-03-06T23:35:52.927+0000] {processor.py:840} INFO - DAG(s) 'produce_json', 'data_quality', 'update_db' retrieved from /opt/airflow/dags/main.py
[2026-03-06T23:35:53.618+0000] {logging_mixin.py:188} INFO - [2026-03-06T23:35:53.618+0000] {dag.py:3096} INFO - Sync 3 DAGs
[2026-03-06T23:35:53.687+0000] {logging_mixin.py:188} INFO - [2026-03-06T23:35:53.687+0000] {dag.py:3954} INFO - Setting next_dagrun for data_quality to None, run_after=None
[2026-03-06T23:35:53.704+0000] {logging_mixin.py:188} INFO - [2026-03-06T23:35:53.704+0000] {dag.py:3954} INFO - Setting next_dagrun for produce_json to 2026-03-06 14:00:00+00:00, run_after=2026-03-07 14:00:00+00:00
[2026-03-06T23:35:53.713+0000] {logging_mixin.py:188} INFO - [2026-03-06T23:35:53.713+0000] {dag.py:3954} INFO - Setting next_dagrun for update_db to None, run_after=None
[2026-03-06T23:35:53.768+0000] {processor.py:183} INFO - Processing /opt/airflow/dags/main.py took 1.148 seconds
[2026-03-06T23:36:24.536+0000] {processor.py:161} INFO - Started process (PID=2183) to work on /opt/airflow/dags/main.py
[2026-03-06T23:36:24.539+0000] {processor.py:830} INFO - Processing file /opt/airflow/dags/main.py for tasks to queue
[2026-03-06T23:36:24.542+0000] {logging_mixin.py:188} INFO - [2026-03-06T23:36:24.540+0000] {dagbag.py:545} INFO - Filling up the DagBag from /opt/airflow/dags/main.py
[2026-03-06T23:36:25.374+0000] {processor.py:840} INFO - DAG(s) 'data_quality', 'produce_json', 'update_db' retrieved from /opt/airflow/dags/main.py
[2026-03-06T23:36:25.465+0000] {logging_mixin.py:188} INFO - [2026-03-06T23:36:25.463+0000] {dag.py:3096} INFO - Sync 3 DAGs
[2026-03-06T23:36:25.523+0000] {logging_mixin.py:188} INFO - [2026-03-06T23:36:25.523+0000] {dag.py:3954} INFO - Setting next_dagrun for data_quality to None, run_after=None
[2026-03-06T23:36:25.536+0000] {logging_mixin.py:188} INFO - [2026-03-06T23:36:25.536+0000] {dag.py:3954} INFO - Setting next_dagrun for produce_json to 2026-03-06 14:00:00+00:00, run_after=2026-03-07 14:00:00+00:00
[2026-03-06T23:36:25.540+0000] {logging_mixin.py:188} INFO - [2026-03-06T23:36:25.540+0000] {dag.py:3954} INFO - Setting next_dagrun for update_db to None, run_after=None
[2026-03-06T23:36:25.594+0000] {processor.py:183} INFO - Processing /opt/airflow/dags/main.py took 1.073 seconds
[2026-03-06T23:36:55.994+0000] {processor.py:161} INFO - Started process (PID=2190) to work on /opt/airflow/dags/main.py
[2026-03-06T23:36:56.000+0000] {processor.py:830} INFO - Processing file /opt/airflow/dags/main.py for tasks to queue
[2026-03-06T23:36:56.004+0000] {logging_mixin.py:188} INFO - [2026-03-06T23:36:56.003+0000] {dagbag.py:545} INFO - Filling up the DagBag from /opt/airflow/dags/main.py
[2026-03-06T23:36:56.073+0000] {processor.py:840} INFO - DAG(s) 'produce_json', 'data_quality', 'update_db' retrieved from /opt/airflow/dags/main.py
[2026-03-06T23:36:56.179+0000] {logging_mixin.py:188} INFO - [2026-03-06T23:36:56.178+0000] {dag.py:3096} INFO - Sync 3 DAGs
[2026-03-06T23:36:56.248+0000] {logging_mixin.py:188} INFO - [2026-03-06T23:36:56.248+0000] {dag.py:3954} INFO - Setting next_dagrun for data_quality to None, run_after=None
[2026-03-06T23:36:56.258+0000] {logging_mixin.py:188} INFO - [2026-03-06T23:36:56.258+0000] {dag.py:3954} INFO - Setting next_dagrun for produce_json to 2026-03-06 14:00:00+00:00, run_after=2026-03-07 14:00:00+00:00
[2026-03-06T23:36:56.264+0000] {logging_mixin.py:188} INFO - [2026-03-06T23:36:56.264+0000] {dag.py:3954} INFO - Setting next_dagrun for update_db to None, run_after=None
[2026-03-06T23:36:56.346+0000] {processor.py:183} INFO - Processing /opt/airflow/dags/main.py took 0.377 seconds
[2026-03-06T23:37:26.964+0000] {processor.py:161} INFO - Started process (PID=2197) to work on /opt/airflow/dags/main.py
[2026-03-06T23:37:26.967+0000] {processor.py:830} INFO - Processing file /opt/airflow/dags/main.py for tasks to queue
[2026-03-06T23:37:26.971+0000] {logging_mixin.py:188} INFO - [2026-03-06T23:37:26.969+0000] {dagbag.py:545} INFO - Filling up the DagBag from /opt/airflow/dags/main.py
[2026-03-06T23:37:27.048+0000] {processor.py:840} INFO - DAG(s) 'update_db', 'data_quality', 'produce_json' retrieved from /opt/airflow/dags/main.py
[2026-03-06T23:37:27.108+0000] {logging_mixin.py:188} INFO - [2026-03-06T23:37:27.107+0000] {dag.py:3096} INFO - Sync 3 DAGs
[2026-03-06T23:37:27.147+0000] {logging_mixin.py:188} INFO - [2026-03-06T23:37:27.147+0000] {dag.py:3954} INFO - Setting next_dagrun for data_quality to None, run_after=None
[2026-03-06T23:37:27.158+0000] {logging_mixin.py:188} INFO - [2026-03-06T23:37:27.158+0000] {dag.py:3954} INFO - Setting next_dagrun for produce_json to 2026-03-06 14:00:00+00:00, run_after=2026-03-07 14:00:00+00:00
[2026-03-06T23:37:27.161+0000] {logging_mixin.py:188} INFO - [2026-03-06T23:37:27.161+0000] {dag.py:3954} INFO - Setting next_dagrun for update_db to None, run_after=None
[2026-03-06T23:37:27.189+0000] {processor.py:183} INFO - Processing /opt/airflow/dags/main.py took 0.238 seconds
[2026-03-06T23:37:58.090+0000] {processor.py:161} INFO - Started process (PID=2204) to work on /opt/airflow/dags/main.py
[2026-03-06T23:37:58.093+0000] {processor.py:830} INFO - Processing file /opt/airflow/dags/main.py for tasks to queue
[2026-03-06T23:37:58.096+0000] {logging_mixin.py:188} INFO - [2026-03-06T23:37:58.095+0000] {dagbag.py:545} INFO - Filling up the DagBag from /opt/airflow/dags/main.py
[2026-03-06T23:37:58.164+0000] {processor.py:840} INFO - DAG(s) 'data_quality', 'update_db', 'produce_json' retrieved from /opt/airflow/dags/main.py
[2026-03-06T23:37:58.276+0000] {logging_mixin.py:188} INFO - [2026-03-06T23:37:58.276+0000] {dag.py:3096} INFO - Sync 3 DAGs
[2026-03-06T23:37:58.351+0000] {logging_mixin.py:188} INFO - [2026-03-06T23:37:58.350+0000] {dag.py:3954} INFO - Setting next_dagrun for data_quality to None, run_after=None
[2026-03-06T23:37:58.359+0000] {logging_mixin.py:188} INFO - [2026-03-06T23:37:58.359+0000] {dag.py:3954} INFO - Setting next_dagrun for produce_json to 2026-03-06 14:00:00+00:00, run_after=2026-03-07 14:00:00+00:00
[2026-03-06T23:37:58.362+0000] {logging_mixin.py:188} INFO - [2026-03-06T23:37:58.362+0000] {dag.py:3954} INFO - Setting next_dagrun for update_db to None, run_after=None
[2026-03-06T23:37:58.455+0000] {processor.py:183} INFO - Processing /opt/airflow/dags/main.py took 0.384 seconds
[2026-03-06T23:38:29.044+0000] {processor.py:161} INFO - Started process (PID=2211) to work on /opt/airflow/dags/main.py
[2026-03-06T23:38:29.049+0000] {processor.py:830} INFO - Processing file /opt/airflow/dags/main.py for tasks to queue
[2026-03-06T23:38:29.052+0000] {logging_mixin.py:188} INFO - [2026-03-06T23:38:29.051+0000] {dagbag.py:545} INFO - Filling up the DagBag from /opt/airflow/dags/main.py
[2026-03-06T23:38:29.128+0000] {processor.py:840} INFO - DAG(s) 'produce_json', 'data_quality', 'update_db' retrieved from /opt/airflow/dags/main.py
[2026-03-06T23:38:29.208+0000] {logging_mixin.py:188} INFO - [2026-03-06T23:38:29.207+0000] {dag.py:3096} INFO - Sync 3 DAGs
[2026-03-06T23:38:29.241+0000] {logging_mixin.py:188} INFO - [2026-03-06T23:38:29.241+0000] {dag.py:3954} INFO - Setting next_dagrun for data_quality to None, run_after=None
[2026-03-06T23:38:29.251+0000] {logging_mixin.py:188} INFO - [2026-03-06T23:38:29.250+0000] {dag.py:3954} INFO - Setting next_dagrun for produce_json to 2026-03-06 14:00:00+00:00, run_after=2026-03-07 14:00:00+00:00
[2026-03-06T23:38:29.254+0000] {logging_mixin.py:188} INFO - [2026-03-06T23:38:29.254+0000] {dag.py:3954} INFO - Setting next_dagrun for update_db to None, run_after=None
[2026-03-06T23:38:29.289+0000] {processor.py:183} INFO - Processing /opt/airflow/dags/main.py took 0.259 seconds
[2026-03-06T23:38:59.547+0000] {processor.py:161} INFO - Started process (PID=2218) to work on /opt/airflow/dags/main.py
[2026-03-06T23:38:59.550+0000] {processor.py:830} INFO - Processing file /opt/airflow/dags/main.py for tasks to queue
[2026-03-06T23:38:59.551+0000] {logging_mixin.py:188} INFO - [2026-03-06T23:38:59.551+0000] {dagbag.py:545} INFO - Filling up the DagBag from /opt/airflow/dags/main.py
[2026-03-06T23:38:59.611+0000] {processor.py:840} INFO - DAG(s) 'data_quality', 'update_db', 'produce_json' retrieved from /opt/airflow/dags/main.py
[2026-03-06T23:38:59.689+0000] {logging_mixin.py:188} INFO - [2026-03-06T23:38:59.689+0000] {dag.py:3096} INFO - Sync 3 DAGs
[2026-03-06T23:38:59.754+0000] {logging_mixin.py:188} INFO - [2026-03-06T23:38:59.754+0000] {dag.py:3954} INFO - Setting next_dagrun for data_quality to None, run_after=None
[2026-03-06T23:38:59.765+0000] {logging_mixin.py:188} INFO - [2026-03-06T23:38:59.764+0000] {dag.py:3954} INFO - Setting next_dagrun for produce_json to 2026-03-06 14:00:00+00:00, run_after=2026-03-07 14:00:00+00:00
[2026-03-06T23:38:59.770+0000] {logging_mixin.py:188} INFO - [2026-03-06T23:38:59.768+0000] {dag.py:3954} INFO - Setting next_dagrun for update_db to None, run_after=None
[2026-03-06T23:38:59.819+0000] {processor.py:183} INFO - Processing /opt/airflow/dags/main.py took 0.284 seconds
[2026-03-06T23:39:30.128+0000] {processor.py:161} INFO - Started process (PID=2225) to work on /opt/airflow/dags/main.py
[2026-03-06T23:39:30.132+0000] {processor.py:830} INFO - Processing file /opt/airflow/dags/main.py for tasks to queue
[2026-03-06T23:39:30.133+0000] {logging_mixin.py:188} INFO - [2026-03-06T23:39:30.133+0000] {dagbag.py:545} INFO - Filling up the DagBag from /opt/airflow/dags/main.py
[2026-03-06T23:39:30.219+0000] {processor.py:840} INFO - DAG(s) 'update_db', 'produce_json', 'data_quality' retrieved from /opt/airflow/dags/main.py
[2026-03-06T23:39:30.276+0000] {logging_mixin.py:188} INFO - [2026-03-06T23:39:30.276+0000] {dag.py:3096} INFO - Sync 3 DAGs
[2026-03-06T23:39:30.313+0000] {logging_mixin.py:188} INFO - [2026-03-06T23:39:30.313+0000] {dag.py:3954} INFO - Setting next_dagrun for data_quality to None, run_after=None
[2026-03-06T23:39:30.324+0000] {logging_mixin.py:188} INFO - [2026-03-06T23:39:30.324+0000] {dag.py:3954} INFO - Setting next_dagrun for produce_json to 2026-03-06 14:00:00+00:00, run_after=2026-03-07 14:00:00+00:00
[2026-03-06T23:39:30.327+0000] {logging_mixin.py:188} INFO - [2026-03-06T23:39:30.326+0000] {dag.py:3954} INFO - Setting next_dagrun for update_db to None, run_after=None
[2026-03-06T23:39:30.357+0000] {processor.py:183} INFO - Processing /opt/airflow/dags/main.py took 0.249 seconds
[2026-03-06T23:40:00.610+0000] {processor.py:161} INFO - Started process (PID=2231) to work on /opt/airflow/dags/main.py
[2026-03-06T23:40:00.618+0000] {processor.py:830} INFO - Processing file /opt/airflow/dags/main.py for tasks to queue
[2026-03-06T23:40:00.619+0000] {logging_mixin.py:188} INFO - [2026-03-06T23:40:00.619+0000] {dagbag.py:545} INFO - Filling up the DagBag from /opt/airflow/dags/main.py
[2026-03-06T23:40:00.721+0000] {processor.py:840} INFO - DAG(s) 'update_db', 'data_quality', 'produce_json' retrieved from /opt/airflow/dags/main.py
[2026-03-06T23:40:00.836+0000] {logging_mixin.py:188} INFO - [2026-03-06T23:40:00.835+0000] {dag.py:3096} INFO - Sync 3 DAGs
[2026-03-06T23:40:00.953+0000] {logging_mixin.py:188} INFO - [2026-03-06T23:40:00.949+0000] {dag.py:3954} INFO - Setting next_dagrun for data_quality to None, run_after=None
[2026-03-06T23:40:00.964+0000] {logging_mixin.py:188} INFO - [2026-03-06T23:40:00.964+0000] {dag.py:3954} INFO - Setting next_dagrun for produce_json to 2026-03-06 14:00:00+00:00, run_after=2026-03-07 14:00:00+00:00
[2026-03-06T23:40:00.969+0000] {logging_mixin.py:188} INFO - [2026-03-06T23:40:00.969+0000] {dag.py:3954} INFO - Setting next_dagrun for update_db to None, run_after=None
[2026-03-06T23:40:01.003+0000] {processor.py:183} INFO - Processing /opt/airflow/dags/main.py took 0.406 seconds
[2026-03-06T23:40:31.659+0000] {processor.py:161} INFO - Started process (PID=2237) to work on /opt/airflow/dags/main.py
[2026-03-06T23:40:31.662+0000] {processor.py:830} INFO - Processing file /opt/airflow/dags/main.py for tasks to queue
[2026-03-06T23:40:31.663+0000] {logging_mixin.py:188} INFO - [2026-03-06T23:40:31.663+0000] {dagbag.py:545} INFO - Filling up the DagBag from /opt/airflow/dags/main.py
[2026-03-06T23:40:31.738+0000] {processor.py:840} INFO - DAG(s) 'data_quality', 'produce_json', 'update_db' retrieved from /opt/airflow/dags/main.py
[2026-03-06T23:40:31.833+0000] {logging_mixin.py:188} INFO - [2026-03-06T23:40:31.831+0000] {dag.py:3096} INFO - Sync 3 DAGs
[2026-03-06T23:40:31.893+0000] {logging_mixin.py:188} INFO - [2026-03-06T23:40:31.892+0000] {dag.py:3954} INFO - Setting next_dagrun for data_quality to None, run_after=None
[2026-03-06T23:40:31.906+0000] {logging_mixin.py:188} INFO - [2026-03-06T23:40:31.906+0000] {dag.py:3954} INFO - Setting next_dagrun for produce_json to 2026-03-06 14:00:00+00:00, run_after=2026-03-07 14:00:00+00:00
[2026-03-06T23:40:31.911+0000] {logging_mixin.py:188} INFO - [2026-03-06T23:40:31.910+0000] {dag.py:3954} INFO - Setting next_dagrun for update_db to None, run_after=None
[2026-03-06T23:40:31.969+0000] {processor.py:183} INFO - Processing /opt/airflow/dags/main.py took 0.327 seconds
[2026-03-06T23:41:02.168+0000] {processor.py:161} INFO - Started process (PID=2244) to work on /opt/airflow/dags/main.py
[2026-03-06T23:41:02.183+0000] {processor.py:830} INFO - Processing file /opt/airflow/dags/main.py for tasks to queue
[2026-03-06T23:41:02.186+0000] {logging_mixin.py:188} INFO - [2026-03-06T23:41:02.185+0000] {dagbag.py:545} INFO - Filling up the DagBag from /opt/airflow/dags/main.py
[2026-03-06T23:41:02.282+0000] {processor.py:840} INFO - DAG(s) 'data_quality', 'update_db', 'produce_json' retrieved from /opt/airflow/dags/main.py
[2026-03-06T23:41:02.383+0000] {logging_mixin.py:188} INFO - [2026-03-06T23:41:02.382+0000] {dag.py:3096} INFO - Sync 3 DAGs
[2026-03-06T23:41:02.438+0000] {logging_mixin.py:188} INFO - [2026-03-06T23:41:02.438+0000] {dag.py:3954} INFO - Setting next_dagrun for data_quality to None, run_after=None
[2026-03-06T23:41:02.449+0000] {logging_mixin.py:188} INFO - [2026-03-06T23:41:02.448+0000] {dag.py:3954} INFO - Setting next_dagrun for produce_json to 2026-03-06 14:00:00+00:00, run_after=2026-03-07 14:00:00+00:00
[2026-03-06T23:41:02.452+0000] {logging_mixin.py:188} INFO - [2026-03-06T23:41:02.451+0000] {dag.py:3954} INFO - Setting next_dagrun for update_db to None, run_after=None
[2026-03-06T23:41:02.493+0000] {processor.py:183} INFO - Processing /opt/airflow/dags/main.py took 0.338 seconds
[2026-03-06T23:41:32.628+0000] {processor.py:161} INFO - Started process (PID=2251) to work on /opt/airflow/dags/main.py
[2026-03-06T23:41:32.631+0000] {processor.py:830} INFO - Processing file /opt/airflow/dags/main.py for tasks to queue
[2026-03-06T23:41:32.633+0000] {logging_mixin.py:188} INFO - [2026-03-06T23:41:32.632+0000] {dagbag.py:545} INFO - Filling up the DagBag from /opt/airflow/dags/main.py
[2026-03-06T23:41:32.700+0000] {processor.py:840} INFO - DAG(s) 'data_quality', 'produce_json', 'update_db' retrieved from /opt/airflow/dags/main.py
[2026-03-06T23:41:32.841+0000] {logging_mixin.py:188} INFO - [2026-03-06T23:41:32.841+0000] {dag.py:3096} INFO - Sync 3 DAGs
[2026-03-06T23:41:32.908+0000] {logging_mixin.py:188} INFO - [2026-03-06T23:41:32.907+0000] {dag.py:3954} INFO - Setting next_dagrun for data_quality to None, run_after=None
[2026-03-06T23:41:32.932+0000] {logging_mixin.py:188} INFO - [2026-03-06T23:41:32.929+0000] {dag.py:3954} INFO - Setting next_dagrun for produce_json to 2026-03-06 14:00:00+00:00, run_after=2026-03-07 14:00:00+00:00
[2026-03-06T23:41:32.938+0000] {logging_mixin.py:188} INFO - [2026-03-06T23:41:32.937+0000] {dag.py:3954} INFO - Setting next_dagrun for update_db to None, run_after=None
[2026-03-06T23:41:32.999+0000] {processor.py:183} INFO - Processing /opt/airflow/dags/main.py took 0.382 seconds
[2026-03-06T23:42:03.134+0000] {processor.py:161} INFO - Started process (PID=2259) to work on /opt/airflow/dags/main.py
[2026-03-06T23:42:03.138+0000] {processor.py:830} INFO - Processing file /opt/airflow/dags/main.py for tasks to queue
[2026-03-06T23:42:03.142+0000] {logging_mixin.py:188} INFO - [2026-03-06T23:42:03.141+0000] {dagbag.py:545} INFO - Filling up the DagBag from /opt/airflow/dags/main.py
[2026-03-06T23:42:03.302+0000] {processor.py:840} INFO - DAG(s) 'data_quality', 'produce_json', 'update_db' retrieved from /opt/airflow/dags/main.py
[2026-03-06T23:42:03.459+0000] {logging_mixin.py:188} INFO - [2026-03-06T23:42:03.458+0000] {dag.py:3096} INFO - Sync 3 DAGs
[2026-03-06T23:42:03.828+0000] {logging_mixin.py:188} INFO - [2026-03-06T23:42:03.827+0000] {dag.py:3954} INFO - Setting next_dagrun for data_quality to None, run_after=None
[2026-03-06T23:42:03.854+0000] {logging_mixin.py:188} INFO - [2026-03-06T23:42:03.854+0000] {dag.py:3954} INFO - Setting next_dagrun for produce_json to 2026-03-06 14:00:00+00:00, run_after=2026-03-07 14:00:00+00:00
[2026-03-06T23:42:03.859+0000] {logging_mixin.py:188} INFO - [2026-03-06T23:42:03.859+0000] {dag.py:3954} INFO - Setting next_dagrun for update_db to None, run_after=None
[2026-03-06T23:42:03.909+0000] {processor.py:183} INFO - Processing /opt/airflow/dags/main.py took 0.803 seconds
[2026-03-06T23:42:34.154+0000] {processor.py:161} INFO - Started process (PID=2267) to work on /opt/airflow/dags/main.py
[2026-03-06T23:42:34.157+0000] {processor.py:830} INFO - Processing file /opt/airflow/dags/main.py for tasks to queue
[2026-03-06T23:42:34.161+0000] {logging_mixin.py:188} INFO - [2026-03-06T23:42:34.160+0000] {dagbag.py:545} INFO - Filling up the DagBag from /opt/airflow/dags/main.py
[2026-03-06T23:42:34.236+0000] {processor.py:840} INFO - DAG(s) 'produce_json', 'update_db', 'data_quality' retrieved from /opt/airflow/dags/main.py
[2026-03-06T23:42:34.346+0000] {logging_mixin.py:188} INFO - [2026-03-06T23:42:34.345+0000] {dag.py:3096} INFO - Sync 3 DAGs
[2026-03-06T23:42:34.407+0000] {logging_mixin.py:188} INFO - [2026-03-06T23:42:34.406+0000] {dag.py:3954} INFO - Setting next_dagrun for data_quality to None, run_after=None
[2026-03-06T23:42:34.416+0000] {logging_mixin.py:188} INFO - [2026-03-06T23:42:34.416+0000] {dag.py:3954} INFO - Setting next_dagrun for produce_json to 2026-03-06 14:00:00+00:00, run_after=2026-03-07 14:00:00+00:00
[2026-03-06T23:42:34.420+0000] {logging_mixin.py:188} INFO - [2026-03-06T23:42:34.420+0000] {dag.py:3954} INFO - Setting next_dagrun for update_db to None, run_after=None
[2026-03-06T23:42:34.459+0000] {processor.py:183} INFO - Processing /opt/airflow/dags/main.py took 0.322 seconds
[2026-03-06T23:43:05.126+0000] {processor.py:161} INFO - Started process (PID=2274) to work on /opt/airflow/dags/main.py
[2026-03-06T23:43:05.130+0000] {processor.py:830} INFO - Processing file /opt/airflow/dags/main.py for tasks to queue
[2026-03-06T23:43:05.132+0000] {logging_mixin.py:188} INFO - [2026-03-06T23:43:05.131+0000] {dagbag.py:545} INFO - Filling up the DagBag from /opt/airflow/dags/main.py
[2026-03-06T23:43:05.224+0000] {processor.py:840} INFO - DAG(s) 'produce_json', 'data_quality', 'update_db' retrieved from /opt/airflow/dags/main.py
[2026-03-06T23:43:05.305+0000] {logging_mixin.py:188} INFO - [2026-03-06T23:43:05.305+0000] {dag.py:3096} INFO - Sync 3 DAGs
[2026-03-06T23:43:05.363+0000] {logging_mixin.py:188} INFO - [2026-03-06T23:43:05.363+0000] {dag.py:3954} INFO - Setting next_dagrun for data_quality to None, run_after=None
[2026-03-06T23:43:05.371+0000] {logging_mixin.py:188} INFO - [2026-03-06T23:43:05.371+0000] {dag.py:3954} INFO - Setting next_dagrun for produce_json to 2026-03-06 14:00:00+00:00, run_after=2026-03-07 14:00:00+00:00
[2026-03-06T23:43:05.376+0000] {logging_mixin.py:188} INFO - [2026-03-06T23:43:05.374+0000] {dag.py:3954} INFO - Setting next_dagrun for update_db to None, run_after=None
[2026-03-06T23:43:05.430+0000] {processor.py:183} INFO - Processing /opt/airflow/dags/main.py took 0.584 seconds
[2026-03-06T23:43:36.984+0000] {processor.py:161} INFO - Started process (PID=2281) to work on /opt/airflow/dags/main.py
[2026-03-06T23:43:36.997+0000] {processor.py:830} INFO - Processing file /opt/airflow/dags/main.py for tasks to queue
[2026-03-06T23:43:37.006+0000] {logging_mixin.py:188} INFO - [2026-03-06T23:43:37.003+0000] {dagbag.py:545} INFO - Filling up the DagBag from /opt/airflow/dags/main.py
[2026-03-06T23:43:37.298+0000] {processor.py:840} INFO - DAG(s) 'produce_json', 'update_db', 'data_quality' retrieved from /opt/airflow/dags/main.py
[2026-03-06T23:43:37.395+0000] {logging_mixin.py:188} INFO - [2026-03-06T23:43:37.395+0000] {dag.py:3096} INFO - Sync 3 DAGs
[2026-03-06T23:43:37.430+0000] {logging_mixin.py:188} INFO - [2026-03-06T23:43:37.429+0000] {dag.py:3954} INFO - Setting next_dagrun for data_quality to None, run_after=None
[2026-03-06T23:43:37.443+0000] {logging_mixin.py:188} INFO - [2026-03-06T23:43:37.442+0000] {dag.py:3954} INFO - Setting next_dagrun for produce_json to 2026-03-06 14:00:00+00:00, run_after=2026-03-07 14:00:00+00:00
[2026-03-06T23:43:37.446+0000] {logging_mixin.py:188} INFO - [2026-03-06T23:43:37.446+0000] {dag.py:3954} INFO - Setting next_dagrun for update_db to None, run_after=None
[2026-03-06T23:43:37.478+0000] {processor.py:183} INFO - Processing /opt/airflow/dags/main.py took 0.582 seconds
[2026-03-06T23:44:07.731+0000] {processor.py:161} INFO - Started process (PID=2288) to work on /opt/airflow/dags/main.py
[2026-03-06T23:44:07.734+0000] {processor.py:830} INFO - Processing file /opt/airflow/dags/main.py for tasks to queue
[2026-03-06T23:44:07.738+0000] {logging_mixin.py:188} INFO - [2026-03-06T23:44:07.737+0000] {dagbag.py:545} INFO - Filling up the DagBag from /opt/airflow/dags/main.py
[2026-03-06T23:44:07.883+0000] {processor.py:840} INFO - DAG(s) 'data_quality', 'produce_json', 'update_db' retrieved from /opt/airflow/dags/main.py
[2026-03-06T23:44:08.035+0000] {logging_mixin.py:188} INFO - [2026-03-06T23:44:08.035+0000] {dag.py:3096} INFO - Sync 3 DAGs
[2026-03-06T23:44:08.071+0000] {logging_mixin.py:188} INFO - [2026-03-06T23:44:08.071+0000] {dag.py:3954} INFO - Setting next_dagrun for data_quality to None, run_after=None
[2026-03-06T23:44:08.082+0000] {logging_mixin.py:188} INFO - [2026-03-06T23:44:08.082+0000] {dag.py:3954} INFO - Setting next_dagrun for produce_json to 2026-03-06 14:00:00+00:00, run_after=2026-03-07 14:00:00+00:00
[2026-03-06T23:44:08.090+0000] {logging_mixin.py:188} INFO - [2026-03-06T23:44:08.089+0000] {dag.py:3954} INFO - Setting next_dagrun for update_db to None, run_after=None
[2026-03-06T23:44:08.149+0000] {processor.py:183} INFO - Processing /opt/airflow/dags/main.py took 0.436 seconds
[2026-03-06T23:44:38.300+0000] {processor.py:161} INFO - Started process (PID=2295) to work on /opt/airflow/dags/main.py
[2026-03-06T23:44:38.303+0000] {processor.py:830} INFO - Processing file /opt/airflow/dags/main.py for tasks to queue
[2026-03-06T23:44:38.305+0000] {logging_mixin.py:188} INFO - [2026-03-06T23:44:38.304+0000] {dagbag.py:545} INFO - Filling up the DagBag from /opt/airflow/dags/main.py
[2026-03-06T23:44:38.368+0000] {processor.py:840} INFO - DAG(s) 'data_quality', 'produce_json', 'update_db' retrieved from /opt/airflow/dags/main.py
[2026-03-06T23:44:38.418+0000] {logging_mixin.py:188} INFO - [2026-03-06T23:44:38.418+0000] {dag.py:3096} INFO - Sync 3 DAGs
[2026-03-06T23:44:38.451+0000] {logging_mixin.py:188} INFO - [2026-03-06T23:44:38.451+0000] {dag.py:3954} INFO - Setting next_dagrun for data_quality to None, run_after=None
[2026-03-06T23:44:38.473+0000] {logging_mixin.py:188} INFO - [2026-03-06T23:44:38.472+0000] {dag.py:3954} INFO - Setting next_dagrun for produce_json to 2026-03-06 14:00:00+00:00, run_after=2026-03-07 14:00:00+00:00
[2026-03-06T23:44:38.482+0000] {logging_mixin.py:188} INFO - [2026-03-06T23:44:38.481+0000] {dag.py:3954} INFO - Setting next_dagrun for update_db to None, run_after=None
[2026-03-06T23:44:38.538+0000] {processor.py:183} INFO - Processing /opt/airflow/dags/main.py took 0.250 seconds
[2026-03-06T23:45:08.760+0000] {processor.py:161} INFO - Started process (PID=2302) to work on /opt/airflow/dags/main.py
[2026-03-06T23:45:08.765+0000] {processor.py:830} INFO - Processing file /opt/airflow/dags/main.py for tasks to queue
[2026-03-06T23:45:08.770+0000] {logging_mixin.py:188} INFO - [2026-03-06T23:45:08.769+0000] {dagbag.py:545} INFO - Filling up the DagBag from /opt/airflow/dags/main.py
[2026-03-06T23:45:09.034+0000] {processor.py:840} INFO - DAG(s) 'data_quality', 'produce_json', 'update_db' retrieved from /opt/airflow/dags/main.py
[2026-03-06T23:45:09.082+0000] {logging_mixin.py:188} INFO - [2026-03-06T23:45:09.082+0000] {dag.py:3096} INFO - Sync 3 DAGs
[2026-03-06T23:45:09.117+0000] {logging_mixin.py:188} INFO - [2026-03-06T23:45:09.116+0000] {dag.py:3954} INFO - Setting next_dagrun for data_quality to None, run_after=None
[2026-03-06T23:45:09.128+0000] {logging_mixin.py:188} INFO - [2026-03-06T23:45:09.127+0000] {dag.py:3954} INFO - Setting next_dagrun for produce_json to 2026-03-06 14:00:00+00:00, run_after=2026-03-07 14:00:00+00:00
[2026-03-06T23:45:09.134+0000] {logging_mixin.py:188} INFO - [2026-03-06T23:45:09.134+0000] {dag.py:3954} INFO - Setting next_dagrun for update_db to None, run_after=None
[2026-03-06T23:45:09.174+0000] {processor.py:183} INFO - Processing /opt/airflow/dags/main.py took 0.439 seconds
[2026-03-06T23:45:40.245+0000] {processor.py:161} INFO - Started process (PID=2309) to work on /opt/airflow/dags/main.py
[2026-03-06T23:45:40.248+0000] {processor.py:830} INFO - Processing file /opt/airflow/dags/main.py for tasks to queue
[2026-03-06T23:45:40.250+0000] {logging_mixin.py:188} INFO - [2026-03-06T23:45:40.249+0000] {dagbag.py:545} INFO - Filling up the DagBag from /opt/airflow/dags/main.py
[2026-03-06T23:45:40.316+0000] {processor.py:840} INFO - DAG(s) 'produce_json', 'update_db', 'data_quality' retrieved from /opt/airflow/dags/main.py
[2026-03-06T23:45:40.363+0000] {logging_mixin.py:188} INFO - [2026-03-06T23:45:40.362+0000] {dag.py:3096} INFO - Sync 3 DAGs
[2026-03-06T23:45:40.433+0000] {logging_mixin.py:188} INFO - [2026-03-06T23:45:40.432+0000] {dag.py:3954} INFO - Setting next_dagrun for data_quality to None, run_after=None
[2026-03-06T23:45:40.447+0000] {logging_mixin.py:188} INFO - [2026-03-06T23:45:40.447+0000] {dag.py:3954} INFO - Setting next_dagrun for produce_json to 2026-03-06 14:00:00+00:00, run_after=2026-03-07 14:00:00+00:00
[2026-03-06T23:45:40.451+0000] {logging_mixin.py:188} INFO - [2026-03-06T23:45:40.451+0000] {dag.py:3954} INFO - Setting next_dagrun for update_db to None, run_after=None
[2026-03-06T23:45:40.506+0000] {processor.py:183} INFO - Processing /opt/airflow/dags/main.py took 0.276 seconds
[2026-03-06T23:46:11.214+0000] {processor.py:161} INFO - Started process (PID=2316) to work on /opt/airflow/dags/main.py
[2026-03-06T23:46:11.218+0000] {processor.py:830} INFO - Processing file /opt/airflow/dags/main.py for tasks to queue
[2026-03-06T23:46:11.220+0000] {logging_mixin.py:188} INFO - [2026-03-06T23:46:11.219+0000] {dagbag.py:545} INFO - Filling up the DagBag from /opt/airflow/dags/main.py
[2026-03-06T23:46:11.352+0000] {processor.py:840} INFO - DAG(s) 'produce_json', 'update_db', 'data_quality' retrieved from /opt/airflow/dags/main.py
[2026-03-06T23:46:11.427+0000] {logging_mixin.py:188} INFO - [2026-03-06T23:46:11.426+0000] {dag.py:3096} INFO - Sync 3 DAGs
[2026-03-06T23:46:11.471+0000] {logging_mixin.py:188} INFO - [2026-03-06T23:46:11.470+0000] {dag.py:3954} INFO - Setting next_dagrun for data_quality to None, run_after=None
[2026-03-06T23:46:11.489+0000] {logging_mixin.py:188} INFO - [2026-03-06T23:46:11.486+0000] {dag.py:3954} INFO - Setting next_dagrun for produce_json to 2026-03-06 14:00:00+00:00, run_after=2026-03-07 14:00:00+00:00
[2026-03-06T23:46:11.497+0000] {logging_mixin.py:188} INFO - [2026-03-06T23:46:11.496+0000] {dag.py:3954} INFO - Setting next_dagrun for update_db to None, run_after=None
[2026-03-06T23:46:11.570+0000] {processor.py:183} INFO - Processing /opt/airflow/dags/main.py took 0.384 seconds
[2026-03-06T23:46:42.544+0000] {processor.py:161} INFO - Started process (PID=2323) to work on /opt/airflow/dags/main.py
[2026-03-06T23:46:42.547+0000] {processor.py:830} INFO - Processing file /opt/airflow/dags/main.py for tasks to queue
[2026-03-06T23:46:42.551+0000] {logging_mixin.py:188} INFO - [2026-03-06T23:46:42.549+0000] {dagbag.py:545} INFO - Filling up the DagBag from /opt/airflow/dags/main.py
[2026-03-06T23:46:42.958+0000] {processor.py:840} INFO - DAG(s) 'produce_json', 'data_quality', 'update_db' retrieved from /opt/airflow/dags/main.py
[2026-03-06T23:46:43.057+0000] {logging_mixin.py:188} INFO - [2026-03-06T23:46:43.056+0000] {dag.py:3096} INFO - Sync 3 DAGs
[2026-03-06T23:46:43.131+0000] {logging_mixin.py:188} INFO - [2026-03-06T23:46:43.130+0000] {dag.py:3954} INFO - Setting next_dagrun for data_quality to None, run_after=None
[2026-03-06T23:46:43.159+0000] {logging_mixin.py:188} INFO - [2026-03-06T23:46:43.158+0000] {dag.py:3954} INFO - Setting next_dagrun for produce_json to 2026-03-06 14:00:00+00:00, run_after=2026-03-07 14:00:00+00:00
[2026-03-06T23:46:43.164+0000] {logging_mixin.py:188} INFO - [2026-03-06T23:46:43.163+0000] {dag.py:3954} INFO - Setting next_dagrun for update_db to None, run_after=None
[2026-03-06T23:46:43.235+0000] {processor.py:183} INFO - Processing /opt/airflow/dags/main.py took 0.710 seconds
[2026-03-06T23:47:13.958+0000] {processor.py:161} INFO - Started process (PID=2330) to work on /opt/airflow/dags/main.py
[2026-03-06T23:47:13.961+0000] {processor.py:830} INFO - Processing file /opt/airflow/dags/main.py for tasks to queue
[2026-03-06T23:47:13.962+0000] {logging_mixin.py:188} INFO - [2026-03-06T23:47:13.962+0000] {dagbag.py:545} INFO - Filling up the DagBag from /opt/airflow/dags/main.py
[2026-03-06T23:47:14.031+0000] {processor.py:840} INFO - DAG(s) 'update_db', 'data_quality', 'produce_json' retrieved from /opt/airflow/dags/main.py
[2026-03-06T23:47:14.095+0000] {logging_mixin.py:188} INFO - [2026-03-06T23:47:14.095+0000] {dag.py:3096} INFO - Sync 3 DAGs
[2026-03-06T23:47:14.129+0000] {logging_mixin.py:188} INFO - [2026-03-06T23:47:14.128+0000] {dag.py:3954} INFO - Setting next_dagrun for data_quality to None, run_after=None
[2026-03-06T23:47:14.138+0000] {logging_mixin.py:188} INFO - [2026-03-06T23:47:14.138+0000] {dag.py:3954} INFO - Setting next_dagrun for produce_json to 2026-03-06 14:00:00+00:00, run_after=2026-03-07 14:00:00+00:00
[2026-03-06T23:47:14.140+0000] {logging_mixin.py:188} INFO - [2026-03-06T23:47:14.140+0000] {dag.py:3954} INFO - Setting next_dagrun for update_db to None, run_after=None
[2026-03-06T23:47:14.165+0000] {processor.py:183} INFO - Processing /opt/airflow/dags/main.py took 0.222 seconds
[2026-03-06T23:47:45.481+0000] {processor.py:161} INFO - Started process (PID=2338) to work on /opt/airflow/dags/main.py
[2026-03-06T23:47:45.484+0000] {processor.py:830} INFO - Processing file /opt/airflow/dags/main.py for tasks to queue
[2026-03-06T23:47:45.485+0000] {logging_mixin.py:188} INFO - [2026-03-06T23:47:45.485+0000] {dagbag.py:545} INFO - Filling up the DagBag from /opt/airflow/dags/main.py
[2026-03-06T23:47:45.567+0000] {processor.py:840} INFO - DAG(s) 'produce_json', 'update_db', 'data_quality' retrieved from /opt/airflow/dags/main.py
[2026-03-06T23:47:45.653+0000] {logging_mixin.py:188} INFO - [2026-03-06T23:47:45.653+0000] {dag.py:3096} INFO - Sync 3 DAGs
[2026-03-06T23:47:45.686+0000] {logging_mixin.py:188} INFO - [2026-03-06T23:47:45.685+0000] {dag.py:3954} INFO - Setting next_dagrun for data_quality to None, run_after=None
[2026-03-06T23:47:45.694+0000] {logging_mixin.py:188} INFO - [2026-03-06T23:47:45.694+0000] {dag.py:3954} INFO - Setting next_dagrun for produce_json to 2026-03-06 14:00:00+00:00, run_after=2026-03-07 14:00:00+00:00
[2026-03-06T23:47:45.696+0000] {logging_mixin.py:188} INFO - [2026-03-06T23:47:45.696+0000] {dag.py:3954} INFO - Setting next_dagrun for update_db to None, run_after=None
[2026-03-06T23:47:45.736+0000] {processor.py:183} INFO - Processing /opt/airflow/dags/main.py took 0.276 seconds
[2026-03-06T23:48:15.908+0000] {processor.py:161} INFO - Started process (PID=2347) to work on /opt/airflow/dags/main.py
[2026-03-06T23:48:15.911+0000] {processor.py:830} INFO - Processing file /opt/airflow/dags/main.py for tasks to queue
[2026-03-06T23:48:15.913+0000] {logging_mixin.py:188} INFO - [2026-03-06T23:48:15.912+0000] {dagbag.py:545} INFO - Filling up the DagBag from /opt/airflow/dags/main.py
[2026-03-06T23:48:15.980+0000] {processor.py:840} INFO - DAG(s) 'data_quality', 'produce_json', 'update_db' retrieved from /opt/airflow/dags/main.py
[2026-03-06T23:48:16.117+0000] {logging_mixin.py:188} INFO - [2026-03-06T23:48:16.116+0000] {dag.py:3096} INFO - Sync 3 DAGs
[2026-03-06T23:48:16.164+0000] {logging_mixin.py:188} INFO - [2026-03-06T23:48:16.164+0000] {dag.py:3954} INFO - Setting next_dagrun for data_quality to None, run_after=None
[2026-03-06T23:48:16.172+0000] {logging_mixin.py:188} INFO - [2026-03-06T23:48:16.171+0000] {dag.py:3954} INFO - Setting next_dagrun for produce_json to 2026-03-06 14:00:00+00:00, run_after=2026-03-07 14:00:00+00:00
[2026-03-06T23:48:16.174+0000] {logging_mixin.py:188} INFO - [2026-03-06T23:48:16.174+0000] {dag.py:3954} INFO - Setting next_dagrun for update_db to None, run_after=None
[2026-03-06T23:48:16.204+0000] {processor.py:183} INFO - Processing /opt/airflow/dags/main.py took 0.308 seconds
[2026-03-06T23:48:47.198+0000] {processor.py:161} INFO - Started process (PID=2354) to work on /opt/airflow/dags/main.py
[2026-03-06T23:48:47.201+0000] {processor.py:830} INFO - Processing file /opt/airflow/dags/main.py for tasks to queue
[2026-03-06T23:48:47.204+0000] {logging_mixin.py:188} INFO - [2026-03-06T23:48:47.203+0000] {dagbag.py:545} INFO - Filling up the DagBag from /opt/airflow/dags/main.py
[2026-03-06T23:48:47.314+0000] {processor.py:840} INFO - DAG(s) 'produce_json', 'update_db', 'data_quality' retrieved from /opt/airflow/dags/main.py
[2026-03-06T23:48:47.387+0000] {logging_mixin.py:188} INFO - [2026-03-06T23:48:47.386+0000] {dag.py:3096} INFO - Sync 3 DAGs
[2026-03-06T23:48:47.416+0000] {logging_mixin.py:188} INFO - [2026-03-06T23:48:47.415+0000] {dag.py:3954} INFO - Setting next_dagrun for data_quality to None, run_after=None
[2026-03-06T23:48:47.424+0000] {logging_mixin.py:188} INFO - [2026-03-06T23:48:47.423+0000] {dag.py:3954} INFO - Setting next_dagrun for produce_json to 2026-03-06 14:00:00+00:00, run_after=2026-03-07 14:00:00+00:00
[2026-03-06T23:48:47.427+0000] {logging_mixin.py:188} INFO - [2026-03-06T23:48:47.426+0000] {dag.py:3954} INFO - Setting next_dagrun for update_db to None, run_after=None
[2026-03-06T23:48:47.451+0000] {processor.py:183} INFO - Processing /opt/airflow/dags/main.py took 0.264 seconds
[2026-03-06T23:49:17.783+0000] {processor.py:161} INFO - Started process (PID=2361) to work on /opt/airflow/dags/main.py
[2026-03-06T23:49:17.791+0000] {processor.py:830} INFO - Processing file /opt/airflow/dags/main.py for tasks to queue
[2026-03-06T23:49:17.802+0000] {logging_mixin.py:188} INFO - [2026-03-06T23:49:17.800+0000] {dagbag.py:545} INFO - Filling up the DagBag from /opt/airflow/dags/main.py
[2026-03-06T23:49:18.030+0000] {processor.py:840} INFO - DAG(s) 'update_db', 'produce_json', 'data_quality' retrieved from /opt/airflow/dags/main.py
[2026-03-06T23:49:18.151+0000] {logging_mixin.py:188} INFO - [2026-03-06T23:49:18.151+0000] {dag.py:3096} INFO - Sync 3 DAGs
[2026-03-06T23:49:18.238+0000] {logging_mixin.py:188} INFO - [2026-03-06T23:49:18.237+0000] {dag.py:3954} INFO - Setting next_dagrun for data_quality to None, run_after=None
[2026-03-06T23:49:18.250+0000] {logging_mixin.py:188} INFO - [2026-03-06T23:49:18.250+0000] {dag.py:3954} INFO - Setting next_dagrun for produce_json to 2026-03-06 14:00:00+00:00, run_after=2026-03-07 14:00:00+00:00
[2026-03-06T23:49:18.254+0000] {logging_mixin.py:188} INFO - [2026-03-06T23:49:18.254+0000] {dag.py:3954} INFO - Setting next_dagrun for update_db to None, run_after=None
[2026-03-06T23:49:18.315+0000] {processor.py:183} INFO - Processing /opt/airflow/dags/main.py took 0.563 seconds
[2026-03-06T23:49:49.278+0000] {processor.py:161} INFO - Started process (PID=2368) to work on /opt/airflow/dags/main.py
[2026-03-06T23:49:49.283+0000] {processor.py:830} INFO - Processing file /opt/airflow/dags/main.py for tasks to queue
[2026-03-06T23:49:49.285+0000] {logging_mixin.py:188} INFO - [2026-03-06T23:49:49.284+0000] {dagbag.py:545} INFO - Filling up the DagBag from /opt/airflow/dags/main.py
[2026-03-06T23:49:49.405+0000] {processor.py:840} INFO - DAG(s) 'data_quality', 'produce_json', 'update_db' retrieved from /opt/airflow/dags/main.py
[2026-03-06T23:49:49.488+0000] {logging_mixin.py:188} INFO - [2026-03-06T23:49:49.487+0000] {dag.py:3096} INFO - Sync 3 DAGs
[2026-03-06T23:49:49.534+0000] {logging_mixin.py:188} INFO - [2026-03-06T23:49:49.534+0000] {dag.py:3954} INFO - Setting next_dagrun for data_quality to None, run_after=None
[2026-03-06T23:49:49.558+0000] {logging_mixin.py:188} INFO - [2026-03-06T23:49:49.558+0000] {dag.py:3954} INFO - Setting next_dagrun for produce_json to 2026-03-06 14:00:00+00:00, run_after=2026-03-07 14:00:00+00:00
[2026-03-06T23:49:49.566+0000] {logging_mixin.py:188} INFO - [2026-03-06T23:49:49.565+0000] {dag.py:3954} INFO - Setting next_dagrun for update_db to None, run_after=None
[2026-03-06T23:49:49.614+0000] {processor.py:183} INFO - Processing /opt/airflow/dags/main.py took 0.350 seconds
[2026-03-06T23:50:20.486+0000] {processor.py:161} INFO - Started process (PID=2375) to work on /opt/airflow/dags/main.py
[2026-03-06T23:50:20.489+0000] {processor.py:830} INFO - Processing file /opt/airflow/dags/main.py for tasks to queue
[2026-03-06T23:50:20.491+0000] {logging_mixin.py:188} INFO - [2026-03-06T23:50:20.491+0000] {dagbag.py:545} INFO - Filling up the DagBag from /opt/airflow/dags/main.py
[2026-03-06T23:50:20.553+0000] {processor.py:840} INFO - DAG(s) 'update_db', 'produce_json', 'data_quality' retrieved from /opt/airflow/dags/main.py
[2026-03-06T23:50:20.614+0000] {logging_mixin.py:188} INFO - [2026-03-06T23:50:20.614+0000] {dag.py:3096} INFO - Sync 3 DAGs
[2026-03-06T23:50:20.644+0000] {logging_mixin.py:188} INFO - [2026-03-06T23:50:20.644+0000] {dag.py:3954} INFO - Setting next_dagrun for data_quality to None, run_after=None
[2026-03-06T23:50:20.652+0000] {logging_mixin.py:188} INFO - [2026-03-06T23:50:20.652+0000] {dag.py:3954} INFO - Setting next_dagrun for produce_json to 2026-03-06 14:00:00+00:00, run_after=2026-03-07 14:00:00+00:00
[2026-03-06T23:50:20.655+0000] {logging_mixin.py:188} INFO - [2026-03-06T23:50:20.655+0000] {dag.py:3954} INFO - Setting next_dagrun for update_db to None, run_after=None
[2026-03-06T23:50:20.682+0000] {processor.py:183} INFO - Processing /opt/airflow/dags/main.py took 0.211 seconds
[2026-03-06T23:50:51.454+0000] {processor.py:161} INFO - Started process (PID=2382) to work on /opt/airflow/dags/main.py
[2026-03-06T23:50:51.457+0000] {processor.py:830} INFO - Processing file /opt/airflow/dags/main.py for tasks to queue
[2026-03-06T23:50:51.459+0000] {logging_mixin.py:188} INFO - [2026-03-06T23:50:51.458+0000] {dagbag.py:545} INFO - Filling up the DagBag from /opt/airflow/dags/main.py
[2026-03-06T23:50:51.579+0000] {processor.py:840} INFO - DAG(s) 'produce_json', 'data_quality', 'update_db' retrieved from /opt/airflow/dags/main.py
[2026-03-06T23:50:51.659+0000] {logging_mixin.py:188} INFO - [2026-03-06T23:50:51.659+0000] {dag.py:3096} INFO - Sync 3 DAGs
[2026-03-06T23:50:51.723+0000] {logging_mixin.py:188} INFO - [2026-03-06T23:50:51.722+0000] {dag.py:3954} INFO - Setting next_dagrun for data_quality to None, run_after=None
[2026-03-06T23:50:51.738+0000] {logging_mixin.py:188} INFO - [2026-03-06T23:50:51.737+0000] {dag.py:3954} INFO - Setting next_dagrun for produce_json to 2026-03-06 14:00:00+00:00, run_after=2026-03-07 14:00:00+00:00
[2026-03-06T23:50:51.742+0000] {logging_mixin.py:188} INFO - [2026-03-06T23:50:51.742+0000] {dag.py:3954} INFO - Setting next_dagrun for update_db to None, run_after=None
[2026-03-06T23:50:51.817+0000] {processor.py:183} INFO - Processing /opt/airflow/dags/main.py took 0.377 seconds
[2026-03-06T23:51:22.079+0000] {processor.py:161} INFO - Started process (PID=2389) to work on /opt/airflow/dags/main.py
[2026-03-06T23:51:22.084+0000] {processor.py:830} INFO - Processing file /opt/airflow/dags/main.py for tasks to queue
[2026-03-06T23:51:22.087+0000] {logging_mixin.py:188} INFO - [2026-03-06T23:51:22.086+0000] {dagbag.py:545} INFO - Filling up the DagBag from /opt/airflow/dags/main.py
[2026-03-06T23:51:22.201+0000] {processor.py:840} INFO - DAG(s) 'produce_json', 'data_quality', 'update_db' retrieved from /opt/airflow/dags/main.py
[2026-03-06T23:51:22.280+0000] {logging_mixin.py:188} INFO - [2026-03-06T23:51:22.280+0000] {dag.py:3096} INFO - Sync 3 DAGs
[2026-03-06T23:51:22.339+0000] {logging_mixin.py:188} INFO - [2026-03-06T23:51:22.337+0000] {dag.py:3954} INFO - Setting next_dagrun for data_quality to None, run_after=None
[2026-03-06T23:51:22.366+0000] {logging_mixin.py:188} INFO - [2026-03-06T23:51:22.366+0000] {dag.py:3954} INFO - Setting next_dagrun for produce_json to 2026-03-06 14:00:00+00:00, run_after=2026-03-07 14:00:00+00:00
[2026-03-06T23:51:22.370+0000] {logging_mixin.py:188} INFO - [2026-03-06T23:51:22.369+0000] {dag.py:3954} INFO - Setting next_dagrun for update_db to None, run_after=None
[2026-03-06T23:51:22.412+0000] {processor.py:183} INFO - Processing /opt/airflow/dags/main.py took 0.369 seconds
[2026-03-06T23:51:53.177+0000] {processor.py:161} INFO - Started process (PID=2402) to work on /opt/airflow/dags/main.py
[2026-03-06T23:51:53.180+0000] {processor.py:830} INFO - Processing file /opt/airflow/dags/main.py for tasks to queue
[2026-03-06T23:51:53.181+0000] {logging_mixin.py:188} INFO - [2026-03-06T23:51:53.181+0000] {dagbag.py:545} INFO - Filling up the DagBag from /opt/airflow/dags/main.py
[2026-03-06T23:51:53.279+0000] {processor.py:840} INFO - DAG(s) 'data_quality', 'update_db', 'produce_json' retrieved from /opt/airflow/dags/main.py
[2026-03-06T23:51:53.363+0000] {logging_mixin.py:188} INFO - [2026-03-06T23:51:53.363+0000] {dag.py:3096} INFO - Sync 3 DAGs
[2026-03-06T23:51:53.429+0000] {logging_mixin.py:188} INFO - [2026-03-06T23:51:53.428+0000] {dag.py:3954} INFO - Setting next_dagrun for data_quality to None, run_after=None
[2026-03-06T23:51:53.446+0000] {logging_mixin.py:188} INFO - [2026-03-06T23:51:53.445+0000] {dag.py:3954} INFO - Setting next_dagrun for produce_json to 2026-03-06 14:00:00+00:00, run_after=2026-03-07 14:00:00+00:00
[2026-03-06T23:51:53.451+0000] {logging_mixin.py:188} INFO - [2026-03-06T23:51:53.450+0000] {dag.py:3954} INFO - Setting next_dagrun for update_db to None, run_after=None
[2026-03-06T23:51:53.499+0000] {processor.py:183} INFO - Processing /opt/airflow/dags/main.py took 0.337 seconds
[2026-03-06T23:53:06.995+0000] {processor.py:161} INFO - Started process (PID=2410) to work on /opt/airflow/dags/main.py
[2026-03-06T23:53:07.020+0000] {processor.py:830} INFO - Processing file /opt/airflow/dags/main.py for tasks to queue
[2026-03-06T23:53:07.022+0000] {logging_mixin.py:188} INFO - [2026-03-06T23:53:07.021+0000] {dagbag.py:545} INFO - Filling up the DagBag from /opt/airflow/dags/main.py
[2026-03-06T23:53:07.093+0000] {processor.py:840} INFO - DAG(s) 'data_quality', 'produce_json', 'update_db' retrieved from /opt/airflow/dags/main.py
[2026-03-06T23:53:07.149+0000] {logging_mixin.py:188} INFO - [2026-03-06T23:53:07.148+0000] {dag.py:3096} INFO - Sync 3 DAGs
[2026-03-06T23:53:07.198+0000] {logging_mixin.py:188} INFO - [2026-03-06T23:53:07.197+0000] {dag.py:3954} INFO - Setting next_dagrun for data_quality to None, run_after=None
[2026-03-06T23:53:07.207+0000] {logging_mixin.py:188} INFO - [2026-03-06T23:53:07.207+0000] {dag.py:3954} INFO - Setting next_dagrun for produce_json to 2026-03-06 14:00:00+00:00, run_after=2026-03-07 14:00:00+00:00
[2026-03-06T23:53:07.211+0000] {logging_mixin.py:188} INFO - [2026-03-06T23:53:07.210+0000] {dag.py:3954} INFO - Setting next_dagrun for update_db to None, run_after=None
[2026-03-06T23:53:07.250+0000] {processor.py:183} INFO - Processing /opt/airflow/dags/main.py took 0.267 seconds
[2026-03-06T23:54:05.938+0000] {processor.py:161} INFO - Started process (PID=2411) to work on /opt/airflow/dags/main.py
[2026-03-06T23:54:05.950+0000] {processor.py:830} INFO - Processing file /opt/airflow/dags/main.py for tasks to queue
[2026-03-06T23:54:05.963+0000] {logging_mixin.py:188} INFO - [2026-03-06T23:54:05.958+0000] {dagbag.py:545} INFO - Filling up the DagBag from /opt/airflow/dags/main.py
[2026-03-06T23:54:06.411+0000] {processor.py:840} INFO - DAG(s) 'update_db', 'produce_json', 'data_quality' retrieved from /opt/airflow/dags/main.py
[2026-03-06T23:54:06.652+0000] {logging_mixin.py:188} INFO - [2026-03-06T23:54:06.652+0000] {dag.py:3096} INFO - Sync 3 DAGs
[2026-03-06T23:54:06.881+0000] {logging_mixin.py:188} INFO - [2026-03-06T23:54:06.881+0000] {dag.py:3954} INFO - Setting next_dagrun for data_quality to None, run_after=None
[2026-03-06T23:54:06.899+0000] {logging_mixin.py:188} INFO - [2026-03-06T23:54:06.899+0000] {dag.py:3954} INFO - Setting next_dagrun for produce_json to 2026-03-06 14:00:00+00:00, run_after=2026-03-07 14:00:00+00:00
[2026-03-06T23:54:06.912+0000] {logging_mixin.py:188} INFO - [2026-03-06T23:54:06.912+0000] {dag.py:3954} INFO - Setting next_dagrun for update_db to None, run_after=None
[2026-03-06T23:54:06.973+0000] {processor.py:183} INFO - Processing /opt/airflow/dags/main.py took 1.111 seconds
[2026-03-06T23:54:37.482+0000] {processor.py:161} INFO - Started process (PID=2424) to work on /opt/airflow/dags/main.py
[2026-03-06T23:54:37.486+0000] {processor.py:830} INFO - Processing file /opt/airflow/dags/main.py for tasks to queue
[2026-03-06T23:54:37.488+0000] {logging_mixin.py:188} INFO - [2026-03-06T23:54:37.487+0000] {dagbag.py:545} INFO - Filling up the DagBag from /opt/airflow/dags/main.py
[2026-03-06T23:54:37.588+0000] {processor.py:840} INFO - DAG(s) 'update_db', 'produce_json', 'data_quality' retrieved from /opt/airflow/dags/main.py
[2026-03-06T23:54:37.672+0000] {logging_mixin.py:188} INFO - [2026-03-06T23:54:37.672+0000] {dag.py:3096} INFO - Sync 3 DAGs
[2026-03-06T23:54:37.731+0000] {logging_mixin.py:188} INFO - [2026-03-06T23:54:37.730+0000] {dag.py:3954} INFO - Setting next_dagrun for data_quality to None, run_after=None
[2026-03-06T23:54:37.745+0000] {logging_mixin.py:188} INFO - [2026-03-06T23:54:37.744+0000] {dag.py:3954} INFO - Setting next_dagrun for produce_json to 2026-03-06 14:00:00+00:00, run_after=2026-03-07 14:00:00+00:00
[2026-03-06T23:54:37.751+0000] {logging_mixin.py:188} INFO - [2026-03-06T23:54:37.750+0000] {dag.py:3954} INFO - Setting next_dagrun for update_db to None, run_after=None
[2026-03-06T23:54:37.795+0000] {processor.py:183} INFO - Processing /opt/airflow/dags/main.py took 0.336 seconds
[2026-03-06T23:55:08.829+0000] {processor.py:161} INFO - Started process (PID=2431) to work on /opt/airflow/dags/main.py
[2026-03-06T23:55:08.832+0000] {processor.py:830} INFO - Processing file /opt/airflow/dags/main.py for tasks to queue
[2026-03-06T23:55:08.834+0000] {logging_mixin.py:188} INFO - [2026-03-06T23:55:08.834+0000] {dagbag.py:545} INFO - Filling up the DagBag from /opt/airflow/dags/main.py
[2026-03-06T23:55:08.955+0000] {processor.py:840} INFO - DAG(s) 'update_db', 'produce_json', 'data_quality' retrieved from /opt/airflow/dags/main.py
[2026-03-06T23:55:09.037+0000] {logging_mixin.py:188} INFO - [2026-03-06T23:55:09.037+0000] {dag.py:3096} INFO - Sync 3 DAGs
[2026-03-06T23:55:09.072+0000] {logging_mixin.py:188} INFO - [2026-03-06T23:55:09.071+0000] {dag.py:3954} INFO - Setting next_dagrun for data_quality to None, run_after=None
[2026-03-06T23:55:09.080+0000] {logging_mixin.py:188} INFO - [2026-03-06T23:55:09.080+0000] {dag.py:3954} INFO - Setting next_dagrun for produce_json to 2026-03-06 14:00:00+00:00, run_after=2026-03-07 14:00:00+00:00
[2026-03-06T23:55:09.084+0000] {logging_mixin.py:188} INFO - [2026-03-06T23:55:09.084+0000] {dag.py:3954} INFO - Setting next_dagrun for update_db to None, run_after=None
[2026-03-06T23:55:09.123+0000] {processor.py:183} INFO - Processing /opt/airflow/dags/main.py took 0.308 seconds
[2026-03-06T23:55:39.910+0000] {processor.py:161} INFO - Started process (PID=2437) to work on /opt/airflow/dags/main.py
[2026-03-06T23:55:39.913+0000] {processor.py:830} INFO - Processing file /opt/airflow/dags/main.py for tasks to queue
[2026-03-06T23:55:39.915+0000] {logging_mixin.py:188} INFO - [2026-03-06T23:55:39.914+0000] {dagbag.py:545} INFO - Filling up the DagBag from /opt/airflow/dags/main.py
[2026-03-06T23:55:40.033+0000] {processor.py:840} INFO - DAG(s) 'update_db', 'produce_json', 'data_quality' retrieved from /opt/airflow/dags/main.py
[2026-03-06T23:55:40.113+0000] {logging_mixin.py:188} INFO - [2026-03-06T23:55:40.112+0000] {dag.py:3096} INFO - Sync 3 DAGs
[2026-03-06T23:55:40.167+0000] {logging_mixin.py:188} INFO - [2026-03-06T23:55:40.167+0000] {dag.py:3954} INFO - Setting next_dagrun for data_quality to None, run_after=None
[2026-03-06T23:55:40.180+0000] {logging_mixin.py:188} INFO - [2026-03-06T23:55:40.180+0000] {dag.py:3954} INFO - Setting next_dagrun for produce_json to 2026-03-06 14:00:00+00:00, run_after=2026-03-07 14:00:00+00:00
[2026-03-06T23:55:40.184+0000] {logging_mixin.py:188} INFO - [2026-03-06T23:55:40.183+0000] {dag.py:3954} INFO - Setting next_dagrun for update_db to None, run_after=None
[2026-03-06T23:55:40.231+0000] {processor.py:183} INFO - Processing /opt/airflow/dags/main.py took 0.334 seconds
[2026-03-06T23:56:10.653+0000] {processor.py:161} INFO - Started process (PID=2443) to work on /opt/airflow/dags/main.py
[2026-03-06T23:56:10.656+0000] {processor.py:830} INFO - Processing file /opt/airflow/dags/main.py for tasks to queue
[2026-03-06T23:56:10.657+0000] {logging_mixin.py:188} INFO - [2026-03-06T23:56:10.657+0000] {dagbag.py:545} INFO - Filling up the DagBag from /opt/airflow/dags/main.py
[2026-03-06T23:56:10.717+0000] {processor.py:840} INFO - DAG(s) 'update_db', 'data_quality', 'produce_json' retrieved from /opt/airflow/dags/main.py
[2026-03-06T23:56:10.762+0000] {logging_mixin.py:188} INFO - [2026-03-06T23:56:10.762+0000] {dag.py:3096} INFO - Sync 3 DAGs
[2026-03-06T23:56:10.800+0000] {logging_mixin.py:188} INFO - [2026-03-06T23:56:10.799+0000] {dag.py:3954} INFO - Setting next_dagrun for data_quality to None, run_after=None
[2026-03-06T23:56:10.813+0000] {logging_mixin.py:188} INFO - [2026-03-06T23:56:10.812+0000] {dag.py:3954} INFO - Setting next_dagrun for produce_json to 2026-03-06 14:00:00+00:00, run_after=2026-03-07 14:00:00+00:00
[2026-03-06T23:56:10.816+0000] {logging_mixin.py:188} INFO - [2026-03-06T23:56:10.815+0000] {dag.py:3954} INFO - Setting next_dagrun for update_db to None, run_after=None
[2026-03-06T23:56:10.856+0000] {processor.py:183} INFO - Processing /opt/airflow/dags/main.py took 0.213 seconds
[2026-03-06T23:57:05.910+0000] {processor.py:161} INFO - Started process (PID=2444) to work on /opt/airflow/dags/main.py
[2026-03-06T23:57:05.924+0000] {processor.py:830} INFO - Processing file /opt/airflow/dags/main.py for tasks to queue
[2026-03-06T23:57:05.927+0000] {logging_mixin.py:188} INFO - [2026-03-06T23:57:05.925+0000] {dagbag.py:545} INFO - Filling up the DagBag from /opt/airflow/dags/main.py
[2026-03-06T23:57:06.200+0000] {processor.py:840} INFO - DAG(s) 'data_quality', 'produce_json', 'update_db' retrieved from /opt/airflow/dags/main.py
[2026-03-06T23:57:06.291+0000] {logging_mixin.py:188} INFO - [2026-03-06T23:57:06.291+0000] {dag.py:3096} INFO - Sync 3 DAGs
[2026-03-06T23:57:06.334+0000] {logging_mixin.py:188} INFO - [2026-03-06T23:57:06.334+0000] {dag.py:3954} INFO - Setting next_dagrun for data_quality to None, run_after=None
[2026-03-06T23:57:06.344+0000] {logging_mixin.py:188} INFO - [2026-03-06T23:57:06.344+0000] {dag.py:3954} INFO - Setting next_dagrun for produce_json to 2026-03-06 14:00:00+00:00, run_after=2026-03-07 14:00:00+00:00
[2026-03-06T23:57:06.347+0000] {logging_mixin.py:188} INFO - [2026-03-06T23:57:06.347+0000] {dag.py:3954} INFO - Setting next_dagrun for update_db to None, run_after=None
[2026-03-06T23:57:06.449+0000] {processor.py:183} INFO - Processing /opt/airflow/dags/main.py took 0.622 seconds
[2026-03-06T23:57:36.739+0000] {processor.py:161} INFO - Started process (PID=2451) to work on /opt/airflow/dags/main.py
[2026-03-06T23:57:36.746+0000] {processor.py:830} INFO - Processing file /opt/airflow/dags/main.py for tasks to queue
[2026-03-06T23:57:36.752+0000] {logging_mixin.py:188} INFO - [2026-03-06T23:57:36.749+0000] {dagbag.py:545} INFO - Filling up the DagBag from /opt/airflow/dags/main.py
[2026-03-06T23:57:36.976+0000] {processor.py:840} INFO - DAG(s) 'produce_json', 'data_quality', 'update_db' retrieved from /opt/airflow/dags/main.py
[2026-03-06T23:57:37.161+0000] {logging_mixin.py:188} INFO - [2026-03-06T23:57:37.160+0000] {dag.py:3096} INFO - Sync 3 DAGs
[2026-03-06T23:57:37.220+0000] {logging_mixin.py:188} INFO - [2026-03-06T23:57:37.220+0000] {dag.py:3954} INFO - Setting next_dagrun for data_quality to None, run_after=None
[2026-03-06T23:57:37.232+0000] {logging_mixin.py:188} INFO - [2026-03-06T23:57:37.231+0000] {dag.py:3954} INFO - Setting next_dagrun for produce_json to 2026-03-06 14:00:00+00:00, run_after=2026-03-07 14:00:00+00:00
[2026-03-06T23:57:37.240+0000] {logging_mixin.py:188} INFO - [2026-03-06T23:57:37.239+0000] {dag.py:3954} INFO - Setting next_dagrun for update_db to None, run_after=None
[2026-03-06T23:57:37.288+0000] {processor.py:183} INFO - Processing /opt/airflow/dags/main.py took 0.561 seconds
[2026-03-06T23:58:07.834+0000] {processor.py:161} INFO - Started process (PID=2465) to work on /opt/airflow/dags/main.py
[2026-03-06T23:58:07.836+0000] {processor.py:830} INFO - Processing file /opt/airflow/dags/main.py for tasks to queue
[2026-03-06T23:58:07.838+0000] {logging_mixin.py:188} INFO - [2026-03-06T23:58:07.838+0000] {dagbag.py:545} INFO - Filling up the DagBag from /opt/airflow/dags/main.py
[2026-03-06T23:58:07.920+0000] {processor.py:840} INFO - DAG(s) 'data_quality', 'update_db', 'produce_json' retrieved from /opt/airflow/dags/main.py
[2026-03-06T23:58:08.018+0000] {logging_mixin.py:188} INFO - [2026-03-06T23:58:08.017+0000] {dag.py:3096} INFO - Sync 3 DAGs
[2026-03-06T23:58:08.075+0000] {logging_mixin.py:188} INFO - [2026-03-06T23:58:08.075+0000] {dag.py:3954} INFO - Setting next_dagrun for data_quality to None, run_after=None
[2026-03-06T23:58:08.088+0000] {logging_mixin.py:188} INFO - [2026-03-06T23:58:08.088+0000] {dag.py:3954} INFO - Setting next_dagrun for produce_json to 2026-03-06 14:00:00+00:00, run_after=2026-03-07 14:00:00+00:00
[2026-03-06T23:58:08.093+0000] {logging_mixin.py:188} INFO - [2026-03-06T23:58:08.092+0000] {dag.py:3954} INFO - Setting next_dagrun for update_db to None, run_after=None
[2026-03-06T23:58:08.141+0000] {processor.py:183} INFO - Processing /opt/airflow/dags/main.py took 0.332 seconds
[2026-03-06T23:58:38.575+0000] {processor.py:161} INFO - Started process (PID=2472) to work on /opt/airflow/dags/main.py
[2026-03-06T23:58:38.577+0000] {processor.py:830} INFO - Processing file /opt/airflow/dags/main.py for tasks to queue
[2026-03-06T23:58:38.578+0000] {logging_mixin.py:188} INFO - [2026-03-06T23:58:38.578+0000] {dagbag.py:545} INFO - Filling up the DagBag from /opt/airflow/dags/main.py
[2026-03-06T23:58:38.642+0000] {processor.py:840} INFO - DAG(s) 'update_db', 'data_quality', 'produce_json' retrieved from /opt/airflow/dags/main.py
[2026-03-06T23:58:38.704+0000] {logging_mixin.py:188} INFO - [2026-03-06T23:58:38.704+0000] {dag.py:3096} INFO - Sync 3 DAGs
[2026-03-06T23:58:38.740+0000] {logging_mixin.py:188} INFO - [2026-03-06T23:58:38.740+0000] {dag.py:3954} INFO - Setting next_dagrun for data_quality to None, run_after=None
[2026-03-06T23:58:38.750+0000] {logging_mixin.py:188} INFO - [2026-03-06T23:58:38.750+0000] {dag.py:3954} INFO - Setting next_dagrun for produce_json to 2026-03-06 14:00:00+00:00, run_after=2026-03-07 14:00:00+00:00
[2026-03-06T23:58:38.754+0000] {logging_mixin.py:188} INFO - [2026-03-06T23:58:38.753+0000] {dag.py:3954} INFO - Setting next_dagrun for update_db to None, run_after=None
[2026-03-06T23:58:38.797+0000] {processor.py:183} INFO - Processing /opt/airflow/dags/main.py took 0.237 seconds
