[2026-02-09T09:56:19.612+0000] {processor.py:161} INFO - Started process (PID=2694) to work on /opt/airflow/dags/main.py
[2026-02-09T09:56:19.613+0000] {processor.py:830} INFO - Processing file /opt/airflow/dags/main.py for tasks to queue
[2026-02-09T09:56:19.614+0000] {logging_mixin.py:188} INFO - [2026-02-09T09:56:19.614+0000] {dagbag.py:545} INFO - Filling up the DagBag from /opt/airflow/dags/main.py
[2026-02-09T09:56:20.187+0000] {processor.py:840} INFO - DAG(s) 'produce_json' retrieved from /opt/airflow/dags/main.py
[2026-02-09T09:56:20.773+0000] {logging_mixin.py:188} INFO - [2026-02-09T09:56:20.772+0000] {dag.py:3096} INFO - Sync 1 DAGs
[2026-02-09T09:56:21.247+0000] {logging_mixin.py:188} INFO - [2026-02-09T09:56:21.246+0000] {dag.py:3954} INFO - Setting next_dagrun for produce_json to 2026-02-08 14:00:00+00:00, run_after=2026-02-09 14:00:00+00:00
[2026-02-09T09:56:21.973+0000] {processor.py:183} INFO - Processing /opt/airflow/dags/main.py took 2.690 seconds
[2026-02-09T09:56:53.049+0000] {processor.py:161} INFO - Started process (PID=2709) to work on /opt/airflow/dags/main.py
[2026-02-09T09:56:53.052+0000] {processor.py:830} INFO - Processing file /opt/airflow/dags/main.py for tasks to queue
[2026-02-09T09:56:53.055+0000] {logging_mixin.py:188} INFO - [2026-02-09T09:56:53.054+0000] {dagbag.py:545} INFO - Filling up the DagBag from /opt/airflow/dags/main.py
[2026-02-09T09:56:53.180+0000] {processor.py:840} INFO - DAG(s) 'produce_json' retrieved from /opt/airflow/dags/main.py
[2026-02-09T09:56:53.315+0000] {logging_mixin.py:188} INFO - [2026-02-09T09:56:53.314+0000] {dag.py:3096} INFO - Sync 1 DAGs
[2026-02-09T09:56:53.419+0000] {logging_mixin.py:188} INFO - [2026-02-09T09:56:53.418+0000] {dag.py:3954} INFO - Setting next_dagrun for produce_json to 2026-02-08 14:00:00+00:00, run_after=2026-02-09 14:00:00+00:00
[2026-02-09T09:56:53.480+0000] {processor.py:183} INFO - Processing /opt/airflow/dags/main.py took 0.472 seconds
[2026-02-09T09:57:24.327+0000] {processor.py:161} INFO - Started process (PID=2716) to work on /opt/airflow/dags/main.py
[2026-02-09T09:57:24.334+0000] {processor.py:830} INFO - Processing file /opt/airflow/dags/main.py for tasks to queue
[2026-02-09T09:57:24.336+0000] {logging_mixin.py:188} INFO - [2026-02-09T09:57:24.335+0000] {dagbag.py:545} INFO - Filling up the DagBag from /opt/airflow/dags/main.py
[2026-02-09T09:57:24.442+0000] {processor.py:840} INFO - DAG(s) 'produce_json' retrieved from /opt/airflow/dags/main.py
[2026-02-09T09:57:24.665+0000] {logging_mixin.py:188} INFO - [2026-02-09T09:57:24.664+0000] {dag.py:3096} INFO - Sync 1 DAGs
[2026-02-09T09:57:24.889+0000] {logging_mixin.py:188} INFO - [2026-02-09T09:57:24.878+0000] {dag.py:3954} INFO - Setting next_dagrun for produce_json to 2026-02-08 14:00:00+00:00, run_after=2026-02-09 14:00:00+00:00
[2026-02-09T09:57:25.126+0000] {processor.py:183} INFO - Processing /opt/airflow/dags/main.py took 0.825 seconds
[2026-02-09T09:57:55.346+0000] {processor.py:161} INFO - Started process (PID=2717) to work on /opt/airflow/dags/main.py
[2026-02-09T09:57:55.403+0000] {processor.py:830} INFO - Processing file /opt/airflow/dags/main.py for tasks to queue
[2026-02-09T09:57:55.407+0000] {logging_mixin.py:188} INFO - [2026-02-09T09:57:55.405+0000] {dagbag.py:545} INFO - Filling up the DagBag from /opt/airflow/dags/main.py
[2026-02-09T09:57:55.684+0000] {processor.py:840} INFO - DAG(s) 'produce_json' retrieved from /opt/airflow/dags/main.py
[2026-02-09T09:57:55.851+0000] {logging_mixin.py:188} INFO - [2026-02-09T09:57:55.850+0000] {dag.py:3096} INFO - Sync 1 DAGs
[2026-02-09T09:57:56.006+0000] {logging_mixin.py:188} INFO - [2026-02-09T09:57:56.005+0000] {dag.py:3954} INFO - Setting next_dagrun for produce_json to 2026-02-08 14:00:00+00:00, run_after=2026-02-09 14:00:00+00:00
[2026-02-09T09:57:56.137+0000] {processor.py:183} INFO - Processing /opt/airflow/dags/main.py took 0.815 seconds
[2026-02-09T09:58:27.455+0000] {processor.py:161} INFO - Started process (PID=2730) to work on /opt/airflow/dags/main.py
[2026-02-09T09:58:27.458+0000] {processor.py:830} INFO - Processing file /opt/airflow/dags/main.py for tasks to queue
[2026-02-09T09:58:27.462+0000] {logging_mixin.py:188} INFO - [2026-02-09T09:58:27.461+0000] {dagbag.py:545} INFO - Filling up the DagBag from /opt/airflow/dags/main.py
[2026-02-09T09:58:27.710+0000] {processor.py:840} INFO - DAG(s) 'produce_json' retrieved from /opt/airflow/dags/main.py
[2026-02-09T09:58:27.982+0000] {logging_mixin.py:188} INFO - [2026-02-09T09:58:27.981+0000] {dag.py:3096} INFO - Sync 1 DAGs
[2026-02-09T09:58:28.133+0000] {logging_mixin.py:188} INFO - [2026-02-09T09:58:28.132+0000] {dag.py:3954} INFO - Setting next_dagrun for produce_json to 2026-02-08 14:00:00+00:00, run_after=2026-02-09 14:00:00+00:00
[2026-02-09T09:58:28.224+0000] {processor.py:183} INFO - Processing /opt/airflow/dags/main.py took 0.785 seconds
[2026-02-09T15:29:30.612+0000] {processor.py:161} INFO - Started process (PID=2736) to work on /opt/airflow/dags/main.py
[2026-02-09T15:29:30.614+0000] {processor.py:830} INFO - Processing file /opt/airflow/dags/main.py for tasks to queue
[2026-02-09T15:29:30.616+0000] {logging_mixin.py:188} INFO - [2026-02-09T15:29:30.616+0000] {dagbag.py:545} INFO - Filling up the DagBag from /opt/airflow/dags/main.py
[2026-02-09T15:29:30.676+0000] {processor.py:840} INFO - DAG(s) 'produce_json' retrieved from /opt/airflow/dags/main.py
[2026-02-09T15:29:31.056+0000] {logging_mixin.py:188} INFO - [2026-02-09T15:29:31.055+0000] {dag.py:3096} INFO - Sync 1 DAGs
[2026-02-09T15:29:31.198+0000] {logging_mixin.py:188} INFO - [2026-02-09T15:29:31.198+0000] {dag.py:3954} INFO - Setting next_dagrun for produce_json to 2026-02-09 14:00:00+00:00, run_after=2026-02-10 14:00:00+00:00
[2026-02-09T15:29:32.055+0000] {processor.py:183} INFO - Processing /opt/airflow/dags/main.py took 1.587 seconds
[2026-02-09T15:30:03.066+0000] {processor.py:161} INFO - Started process (PID=2750) to work on /opt/airflow/dags/main.py
[2026-02-09T15:30:03.069+0000] {processor.py:830} INFO - Processing file /opt/airflow/dags/main.py for tasks to queue
[2026-02-09T15:30:03.070+0000] {logging_mixin.py:188} INFO - [2026-02-09T15:30:03.069+0000] {dagbag.py:545} INFO - Filling up the DagBag from /opt/airflow/dags/main.py
[2026-02-09T15:30:03.109+0000] {processor.py:840} INFO - DAG(s) 'produce_json' retrieved from /opt/airflow/dags/main.py
[2026-02-09T15:30:03.174+0000] {logging_mixin.py:188} INFO - [2026-02-09T15:30:03.174+0000] {dag.py:3096} INFO - Sync 1 DAGs
[2026-02-09T15:30:03.212+0000] {logging_mixin.py:188} INFO - [2026-02-09T15:30:03.212+0000] {dag.py:3954} INFO - Setting next_dagrun for produce_json to 2026-02-09 14:00:00+00:00, run_after=2026-02-10 14:00:00+00:00
[2026-02-09T15:30:03.258+0000] {processor.py:183} INFO - Processing /opt/airflow/dags/main.py took 0.205 seconds
[2026-02-09T22:08:58.256+0000] {processor.py:161} INFO - Started process (PID=2758) to work on /opt/airflow/dags/main.py
[2026-02-09T22:08:58.265+0000] {processor.py:830} INFO - Processing file /opt/airflow/dags/main.py for tasks to queue
[2026-02-09T22:08:58.267+0000] {logging_mixin.py:188} INFO - [2026-02-09T22:08:58.266+0000] {dagbag.py:545} INFO - Filling up the DagBag from /opt/airflow/dags/main.py
[2026-02-09T22:08:58.423+0000] {processor.py:840} INFO - DAG(s) 'produce_json' retrieved from /opt/airflow/dags/main.py
[2026-02-09T22:08:58.515+0000] {logging_mixin.py:188} INFO - [2026-02-09T22:08:58.515+0000] {dag.py:3096} INFO - Sync 1 DAGs
[2026-02-09T22:08:58.629+0000] {logging_mixin.py:188} INFO - [2026-02-09T22:08:58.628+0000] {dag.py:3954} INFO - Setting next_dagrun for produce_json to 2026-02-09 14:00:00+00:00, run_after=2026-02-10 14:00:00+00:00
[2026-02-09T22:08:58.697+0000] {processor.py:183} INFO - Processing /opt/airflow/dags/main.py took 0.536 seconds
[2026-02-09T22:10:27.555+0000] {processor.py:161} INFO - Started process (PID=2759) to work on /opt/airflow/dags/main.py
[2026-02-09T22:10:27.566+0000] {processor.py:830} INFO - Processing file /opt/airflow/dags/main.py for tasks to queue
[2026-02-09T22:10:27.568+0000] {logging_mixin.py:188} INFO - [2026-02-09T22:10:27.567+0000] {dagbag.py:545} INFO - Filling up the DagBag from /opt/airflow/dags/main.py
[2026-02-09T22:10:28.170+0000] {processor.py:840} INFO - DAG(s) 'produce_json' retrieved from /opt/airflow/dags/main.py
[2026-02-09T22:10:30.362+0000] {logging_mixin.py:188} INFO - [2026-02-09T22:10:30.361+0000] {dag.py:3096} INFO - Sync 1 DAGs
[2026-02-09T22:10:32.701+0000] {logging_mixin.py:188} INFO - [2026-02-09T22:10:32.701+0000] {dag.py:3954} INFO - Setting next_dagrun for produce_json to 2026-02-09 14:00:00+00:00, run_after=2026-02-10 14:00:00+00:00
[2026-02-09T22:10:36.197+0000] {processor.py:183} INFO - Processing /opt/airflow/dags/main.py took 8.719 seconds
[2026-02-09T22:29:04.883+0000] {processor.py:161} INFO - Started process (PID=2766) to work on /opt/airflow/dags/main.py
[2026-02-09T22:29:04.888+0000] {processor.py:830} INFO - Processing file /opt/airflow/dags/main.py for tasks to queue
[2026-02-09T22:29:04.890+0000] {logging_mixin.py:188} INFO - [2026-02-09T22:29:04.889+0000] {dagbag.py:545} INFO - Filling up the DagBag from /opt/airflow/dags/main.py
[2026-02-09T22:29:04.953+0000] {processor.py:840} INFO - DAG(s) 'produce_json' retrieved from /opt/airflow/dags/main.py
[2026-02-09T22:29:05.428+0000] {logging_mixin.py:188} INFO - [2026-02-09T22:29:05.428+0000] {dag.py:3096} INFO - Sync 1 DAGs
[2026-02-09T22:29:05.478+0000] {logging_mixin.py:188} INFO - [2026-02-09T22:29:05.478+0000] {dag.py:3954} INFO - Setting next_dagrun for produce_json to 2026-02-09 14:00:00+00:00, run_after=2026-02-10 14:00:00+00:00
[2026-02-09T22:29:05.571+0000] {processor.py:183} INFO - Processing /opt/airflow/dags/main.py took 0.703 seconds
[2026-02-09T22:35:06.565+0000] {processor.py:161} INFO - Started process (PID=56) to work on /opt/airflow/dags/main.py
[2026-02-09T22:35:06.664+0000] {processor.py:830} INFO - Processing file /opt/airflow/dags/main.py for tasks to queue
[2026-02-09T22:35:06.666+0000] {logging_mixin.py:188} INFO - [2026-02-09T22:35:06.666+0000] {dagbag.py:545} INFO - Filling up the DagBag from /opt/airflow/dags/main.py
[2026-02-09T22:35:08.039+0000] {processor.py:840} INFO - DAG(s) 'produce_json' retrieved from /opt/airflow/dags/main.py
[2026-02-09T22:35:11.546+0000] {logging_mixin.py:188} INFO - [2026-02-09T22:35:11.545+0000] {dag.py:3096} INFO - Sync 1 DAGs
[2026-02-09T22:35:12.285+0000] {logging_mixin.py:188} INFO - [2026-02-09T22:35:12.284+0000] {dag.py:3954} INFO - Setting next_dagrun for produce_json to 2026-02-09 14:00:00+00:00, run_after=2026-02-10 14:00:00+00:00
[2026-02-09T22:35:12.509+0000] {processor.py:183} INFO - Processing /opt/airflow/dags/main.py took 5.960 seconds
[2026-02-09T22:35:43.225+0000] {processor.py:161} INFO - Started process (PID=63) to work on /opt/airflow/dags/main.py
[2026-02-09T22:35:43.885+0000] {processor.py:830} INFO - Processing file /opt/airflow/dags/main.py for tasks to queue
[2026-02-09T22:35:43.899+0000] {logging_mixin.py:188} INFO - [2026-02-09T22:35:43.898+0000] {dagbag.py:545} INFO - Filling up the DagBag from /opt/airflow/dags/main.py
[2026-02-09T22:35:44.110+0000] {processor.py:840} INFO - DAG(s) 'produce_json' retrieved from /opt/airflow/dags/main.py
[2026-02-09T22:35:45.689+0000] {logging_mixin.py:188} INFO - [2026-02-09T22:35:45.688+0000] {dag.py:3096} INFO - Sync 1 DAGs
[2026-02-09T22:35:45.802+0000] {logging_mixin.py:188} INFO - [2026-02-09T22:35:45.802+0000] {dag.py:3954} INFO - Setting next_dagrun for produce_json to 2026-02-09 14:00:00+00:00, run_after=2026-02-10 14:00:00+00:00
[2026-02-09T22:35:46.575+0000] {processor.py:183} INFO - Processing /opt/airflow/dags/main.py took 3.407 seconds
[2026-02-09T22:36:17.621+0000] {processor.py:161} INFO - Started process (PID=70) to work on /opt/airflow/dags/main.py
[2026-02-09T22:36:17.659+0000] {processor.py:830} INFO - Processing file /opt/airflow/dags/main.py for tasks to queue
[2026-02-09T22:36:17.856+0000] {logging_mixin.py:188} INFO - [2026-02-09T22:36:17.855+0000] {dagbag.py:545} INFO - Filling up the DagBag from /opt/airflow/dags/main.py
[2026-02-09T22:36:17.913+0000] {processor.py:840} INFO - DAG(s) 'produce_json' retrieved from /opt/airflow/dags/main.py
[2026-02-09T22:36:19.358+0000] {logging_mixin.py:188} INFO - [2026-02-09T22:36:19.356+0000] {dag.py:3096} INFO - Sync 1 DAGs
[2026-02-09T22:36:19.490+0000] {logging_mixin.py:188} INFO - [2026-02-09T22:36:19.489+0000] {dag.py:3954} INFO - Setting next_dagrun for produce_json to 2026-02-09 14:00:00+00:00, run_after=2026-02-10 14:00:00+00:00
[2026-02-09T22:36:20.482+0000] {processor.py:183} INFO - Processing /opt/airflow/dags/main.py took 3.637 seconds
[2026-02-09T22:36:51.276+0000] {processor.py:161} INFO - Started process (PID=77) to work on /opt/airflow/dags/main.py
[2026-02-09T22:36:51.284+0000] {processor.py:830} INFO - Processing file /opt/airflow/dags/main.py for tasks to queue
[2026-02-09T22:36:51.307+0000] {logging_mixin.py:188} INFO - [2026-02-09T22:36:51.298+0000] {dagbag.py:545} INFO - Filling up the DagBag from /opt/airflow/dags/main.py
[2026-02-09T22:36:51.371+0000] {processor.py:840} INFO - DAG(s) 'produce_json' retrieved from /opt/airflow/dags/main.py
[2026-02-09T22:36:51.728+0000] {logging_mixin.py:188} INFO - [2026-02-09T22:36:51.727+0000] {dag.py:3096} INFO - Sync 1 DAGs
[2026-02-09T22:36:51.894+0000] {logging_mixin.py:188} INFO - [2026-02-09T22:36:51.894+0000] {dag.py:3954} INFO - Setting next_dagrun for produce_json to 2026-02-09 14:00:00+00:00, run_after=2026-02-10 14:00:00+00:00
[2026-02-09T22:36:53.286+0000] {processor.py:183} INFO - Processing /opt/airflow/dags/main.py took 2.417 seconds
[2026-02-09T22:37:23.475+0000] {processor.py:161} INFO - Started process (PID=84) to work on /opt/airflow/dags/main.py
[2026-02-09T22:37:23.500+0000] {processor.py:830} INFO - Processing file /opt/airflow/dags/main.py for tasks to queue
[2026-02-09T22:37:23.504+0000] {logging_mixin.py:188} INFO - [2026-02-09T22:37:23.503+0000] {dagbag.py:545} INFO - Filling up the DagBag from /opt/airflow/dags/main.py
[2026-02-09T22:37:23.564+0000] {processor.py:840} INFO - DAG(s) 'produce_json' retrieved from /opt/airflow/dags/main.py
[2026-02-09T22:37:23.625+0000] {logging_mixin.py:188} INFO - [2026-02-09T22:37:23.624+0000] {dag.py:3096} INFO - Sync 1 DAGs
[2026-02-09T22:37:23.678+0000] {logging_mixin.py:188} INFO - [2026-02-09T22:37:23.678+0000] {dag.py:3954} INFO - Setting next_dagrun for produce_json to 2026-02-09 14:00:00+00:00, run_after=2026-02-10 14:00:00+00:00
[2026-02-09T22:37:23.986+0000] {processor.py:183} INFO - Processing /opt/airflow/dags/main.py took 0.524 seconds
[2026-02-09T22:37:54.193+0000] {processor.py:161} INFO - Started process (PID=91) to work on /opt/airflow/dags/main.py
[2026-02-09T22:37:54.196+0000] {processor.py:830} INFO - Processing file /opt/airflow/dags/main.py for tasks to queue
[2026-02-09T22:37:54.206+0000] {logging_mixin.py:188} INFO - [2026-02-09T22:37:54.204+0000] {dagbag.py:545} INFO - Filling up the DagBag from /opt/airflow/dags/main.py
[2026-02-09T22:37:54.306+0000] {processor.py:840} INFO - DAG(s) 'produce_json' retrieved from /opt/airflow/dags/main.py
[2026-02-09T22:37:54.425+0000] {logging_mixin.py:188} INFO - [2026-02-09T22:37:54.425+0000] {dag.py:3096} INFO - Sync 1 DAGs
[2026-02-09T22:37:54.477+0000] {logging_mixin.py:188} INFO - [2026-02-09T22:37:54.477+0000] {dag.py:3954} INFO - Setting next_dagrun for produce_json to 2026-02-09 14:00:00+00:00, run_after=2026-02-10 14:00:00+00:00
[2026-02-09T22:37:54.510+0000] {processor.py:183} INFO - Processing /opt/airflow/dags/main.py took 0.353 seconds
[2026-02-09T22:38:24.708+0000] {processor.py:161} INFO - Started process (PID=98) to work on /opt/airflow/dags/main.py
[2026-02-09T22:38:24.712+0000] {processor.py:830} INFO - Processing file /opt/airflow/dags/main.py for tasks to queue
[2026-02-09T22:38:24.715+0000] {logging_mixin.py:188} INFO - [2026-02-09T22:38:24.715+0000] {dagbag.py:545} INFO - Filling up the DagBag from /opt/airflow/dags/main.py
[2026-02-09T22:38:24.766+0000] {processor.py:840} INFO - DAG(s) 'produce_json' retrieved from /opt/airflow/dags/main.py
[2026-02-09T22:38:25.098+0000] {logging_mixin.py:188} INFO - [2026-02-09T22:38:25.098+0000] {dag.py:3096} INFO - Sync 1 DAGs
[2026-02-09T22:38:25.143+0000] {logging_mixin.py:188} INFO - [2026-02-09T22:38:25.143+0000] {dag.py:3954} INFO - Setting next_dagrun for produce_json to 2026-02-09 14:00:00+00:00, run_after=2026-02-10 14:00:00+00:00
[2026-02-09T22:38:25.192+0000] {processor.py:183} INFO - Processing /opt/airflow/dags/main.py took 0.495 seconds
[2026-02-09T22:38:56.133+0000] {processor.py:161} INFO - Started process (PID=105) to work on /opt/airflow/dags/main.py
[2026-02-09T22:38:56.307+0000] {processor.py:830} INFO - Processing file /opt/airflow/dags/main.py for tasks to queue
[2026-02-09T22:38:56.318+0000] {logging_mixin.py:188} INFO - [2026-02-09T22:38:56.317+0000] {dagbag.py:545} INFO - Filling up the DagBag from /opt/airflow/dags/main.py
[2026-02-09T22:38:56.390+0000] {processor.py:840} INFO - DAG(s) 'produce_json' retrieved from /opt/airflow/dags/main.py
[2026-02-09T22:38:57.857+0000] {logging_mixin.py:188} INFO - [2026-02-09T22:38:57.856+0000] {dag.py:3096} INFO - Sync 1 DAGs
[2026-02-09T22:38:58.352+0000] {logging_mixin.py:188} INFO - [2026-02-09T22:38:58.352+0000] {dag.py:3954} INFO - Setting next_dagrun for produce_json to 2026-02-09 14:00:00+00:00, run_after=2026-02-10 14:00:00+00:00
[2026-02-09T22:38:58.817+0000] {processor.py:183} INFO - Processing /opt/airflow/dags/main.py took 2.744 seconds
[2026-02-09T22:39:29.913+0000] {processor.py:161} INFO - Started process (PID=112) to work on /opt/airflow/dags/main.py
[2026-02-09T22:39:29.929+0000] {processor.py:830} INFO - Processing file /opt/airflow/dags/main.py for tasks to queue
[2026-02-09T22:39:29.937+0000] {logging_mixin.py:188} INFO - [2026-02-09T22:39:29.936+0000] {dagbag.py:545} INFO - Filling up the DagBag from /opt/airflow/dags/main.py
[2026-02-09T22:39:30.117+0000] {processor.py:840} INFO - DAG(s) 'produce_json' retrieved from /opt/airflow/dags/main.py
[2026-02-09T22:39:30.286+0000] {logging_mixin.py:188} INFO - [2026-02-09T22:39:30.285+0000] {dag.py:3096} INFO - Sync 1 DAGs
[2026-02-09T22:39:31.103+0000] {logging_mixin.py:188} INFO - [2026-02-09T22:39:31.102+0000] {dag.py:3954} INFO - Setting next_dagrun for produce_json to 2026-02-09 14:00:00+00:00, run_after=2026-02-10 14:00:00+00:00
[2026-02-09T22:39:31.734+0000] {processor.py:183} INFO - Processing /opt/airflow/dags/main.py took 1.836 seconds
[2026-02-09T22:40:02.375+0000] {processor.py:161} INFO - Started process (PID=119) to work on /opt/airflow/dags/main.py
[2026-02-09T22:40:02.379+0000] {processor.py:830} INFO - Processing file /opt/airflow/dags/main.py for tasks to queue
[2026-02-09T22:40:02.392+0000] {logging_mixin.py:188} INFO - [2026-02-09T22:40:02.390+0000] {dagbag.py:545} INFO - Filling up the DagBag from /opt/airflow/dags/main.py
[2026-02-09T22:40:02.462+0000] {processor.py:840} INFO - DAG(s) 'produce_json' retrieved from /opt/airflow/dags/main.py
[2026-02-09T22:40:02.550+0000] {logging_mixin.py:188} INFO - [2026-02-09T22:40:02.550+0000] {dag.py:3096} INFO - Sync 1 DAGs
[2026-02-09T22:40:02.672+0000] {logging_mixin.py:188} INFO - [2026-02-09T22:40:02.671+0000] {dag.py:3954} INFO - Setting next_dagrun for produce_json to 2026-02-09 14:00:00+00:00, run_after=2026-02-10 14:00:00+00:00
[2026-02-09T22:40:02.729+0000] {processor.py:183} INFO - Processing /opt/airflow/dags/main.py took 0.383 seconds
[2026-02-09T22:40:32.956+0000] {processor.py:161} INFO - Started process (PID=126) to work on /opt/airflow/dags/main.py
[2026-02-09T22:40:32.964+0000] {processor.py:830} INFO - Processing file /opt/airflow/dags/main.py for tasks to queue
[2026-02-09T22:40:32.999+0000] {logging_mixin.py:188} INFO - [2026-02-09T22:40:32.992+0000] {dagbag.py:545} INFO - Filling up the DagBag from /opt/airflow/dags/main.py
[2026-02-09T22:40:33.304+0000] {processor.py:840} INFO - DAG(s) 'produce_json' retrieved from /opt/airflow/dags/main.py
[2026-02-09T22:40:33.500+0000] {logging_mixin.py:188} INFO - [2026-02-09T22:40:33.499+0000] {dag.py:3096} INFO - Sync 1 DAGs
[2026-02-09T22:40:33.563+0000] {logging_mixin.py:188} INFO - [2026-02-09T22:40:33.563+0000] {dag.py:3954} INFO - Setting next_dagrun for produce_json to 2026-02-09 14:00:00+00:00, run_after=2026-02-10 14:00:00+00:00
[2026-02-09T22:40:33.628+0000] {processor.py:183} INFO - Processing /opt/airflow/dags/main.py took 0.707 seconds
[2026-02-09T22:41:04.442+0000] {processor.py:161} INFO - Started process (PID=133) to work on /opt/airflow/dags/main.py
[2026-02-09T22:41:04.460+0000] {processor.py:830} INFO - Processing file /opt/airflow/dags/main.py for tasks to queue
[2026-02-09T22:41:04.489+0000] {logging_mixin.py:188} INFO - [2026-02-09T22:41:04.488+0000] {dagbag.py:545} INFO - Filling up the DagBag from /opt/airflow/dags/main.py
[2026-02-09T22:41:04.562+0000] {processor.py:840} INFO - DAG(s) 'produce_json' retrieved from /opt/airflow/dags/main.py
[2026-02-09T22:41:04.695+0000] {logging_mixin.py:188} INFO - [2026-02-09T22:41:04.694+0000] {dag.py:3096} INFO - Sync 1 DAGs
[2026-02-09T22:41:04.794+0000] {logging_mixin.py:188} INFO - [2026-02-09T22:41:04.794+0000] {dag.py:3954} INFO - Setting next_dagrun for produce_json to 2026-02-09 14:00:00+00:00, run_after=2026-02-10 14:00:00+00:00
[2026-02-09T22:41:04.844+0000] {processor.py:183} INFO - Processing /opt/airflow/dags/main.py took 0.418 seconds
[2026-02-09T22:41:35.009+0000] {processor.py:161} INFO - Started process (PID=140) to work on /opt/airflow/dags/main.py
[2026-02-09T22:41:35.062+0000] {processor.py:830} INFO - Processing file /opt/airflow/dags/main.py for tasks to queue
[2026-02-09T22:41:35.074+0000] {logging_mixin.py:188} INFO - [2026-02-09T22:41:35.073+0000] {dagbag.py:545} INFO - Filling up the DagBag from /opt/airflow/dags/main.py
[2026-02-09T22:41:35.202+0000] {processor.py:840} INFO - DAG(s) 'produce_json' retrieved from /opt/airflow/dags/main.py
[2026-02-09T22:41:35.321+0000] {logging_mixin.py:188} INFO - [2026-02-09T22:41:35.320+0000] {dag.py:3096} INFO - Sync 1 DAGs
[2026-02-09T22:41:35.394+0000] {logging_mixin.py:188} INFO - [2026-02-09T22:41:35.394+0000] {dag.py:3954} INFO - Setting next_dagrun for produce_json to 2026-02-09 14:00:00+00:00, run_after=2026-02-10 14:00:00+00:00
[2026-02-09T22:41:35.480+0000] {processor.py:183} INFO - Processing /opt/airflow/dags/main.py took 0.494 seconds
[2026-02-09T22:42:06.227+0000] {processor.py:161} INFO - Started process (PID=147) to work on /opt/airflow/dags/main.py
[2026-02-09T22:42:06.260+0000] {processor.py:830} INFO - Processing file /opt/airflow/dags/main.py for tasks to queue
[2026-02-09T22:42:06.266+0000] {logging_mixin.py:188} INFO - [2026-02-09T22:42:06.265+0000] {dagbag.py:545} INFO - Filling up the DagBag from /opt/airflow/dags/main.py
[2026-02-09T22:42:06.352+0000] {processor.py:840} INFO - DAG(s) 'produce_json' retrieved from /opt/airflow/dags/main.py
[2026-02-09T22:42:07.792+0000] {logging_mixin.py:188} INFO - [2026-02-09T22:42:07.772+0000] {dag.py:3096} INFO - Sync 1 DAGs
[2026-02-09T22:42:08.124+0000] {logging_mixin.py:188} INFO - [2026-02-09T22:42:08.124+0000] {dag.py:3954} INFO - Setting next_dagrun for produce_json to 2026-02-09 14:00:00+00:00, run_after=2026-02-10 14:00:00+00:00
[2026-02-09T22:42:08.469+0000] {processor.py:183} INFO - Processing /opt/airflow/dags/main.py took 2.260 seconds
[2026-02-09T22:42:39.225+0000] {processor.py:161} INFO - Started process (PID=154) to work on /opt/airflow/dags/main.py
[2026-02-09T22:42:39.261+0000] {processor.py:830} INFO - Processing file /opt/airflow/dags/main.py for tasks to queue
[2026-02-09T22:42:39.292+0000] {logging_mixin.py:188} INFO - [2026-02-09T22:42:39.290+0000] {dagbag.py:545} INFO - Filling up the DagBag from /opt/airflow/dags/main.py
[2026-02-09T22:42:39.360+0000] {processor.py:840} INFO - DAG(s) 'produce_json' retrieved from /opt/airflow/dags/main.py
[2026-02-09T22:42:40.072+0000] {logging_mixin.py:188} INFO - [2026-02-09T22:42:40.070+0000] {dag.py:3096} INFO - Sync 1 DAGs
[2026-02-09T22:42:41.166+0000] {logging_mixin.py:188} INFO - [2026-02-09T22:42:41.166+0000] {dag.py:3954} INFO - Setting next_dagrun for produce_json to 2026-02-09 14:00:00+00:00, run_after=2026-02-10 14:00:00+00:00
[2026-02-09T22:42:41.334+0000] {processor.py:183} INFO - Processing /opt/airflow/dags/main.py took 2.182 seconds
[2026-02-09T22:43:11.905+0000] {processor.py:161} INFO - Started process (PID=161) to work on /opt/airflow/dags/main.py
[2026-02-09T22:43:11.908+0000] {processor.py:830} INFO - Processing file /opt/airflow/dags/main.py for tasks to queue
[2026-02-09T22:43:11.912+0000] {logging_mixin.py:188} INFO - [2026-02-09T22:43:11.911+0000] {dagbag.py:545} INFO - Filling up the DagBag from /opt/airflow/dags/main.py
[2026-02-09T22:43:11.979+0000] {processor.py:840} INFO - DAG(s) 'produce_json' retrieved from /opt/airflow/dags/main.py
[2026-02-09T22:43:12.329+0000] {logging_mixin.py:188} INFO - [2026-02-09T22:43:12.329+0000] {dag.py:3096} INFO - Sync 1 DAGs
[2026-02-09T22:43:12.394+0000] {logging_mixin.py:188} INFO - [2026-02-09T22:43:12.393+0000] {dag.py:3954} INFO - Setting next_dagrun for produce_json to 2026-02-09 14:00:00+00:00, run_after=2026-02-10 14:00:00+00:00
[2026-02-09T22:43:12.448+0000] {processor.py:183} INFO - Processing /opt/airflow/dags/main.py took 0.558 seconds
[2026-02-09T22:43:42.852+0000] {processor.py:161} INFO - Started process (PID=168) to work on /opt/airflow/dags/main.py
[2026-02-09T22:43:42.895+0000] {processor.py:830} INFO - Processing file /opt/airflow/dags/main.py for tasks to queue
[2026-02-09T22:43:42.903+0000] {logging_mixin.py:188} INFO - [2026-02-09T22:43:42.902+0000] {dagbag.py:545} INFO - Filling up the DagBag from /opt/airflow/dags/main.py
[2026-02-09T22:43:43.055+0000] {processor.py:840} INFO - DAG(s) 'produce_json' retrieved from /opt/airflow/dags/main.py
[2026-02-09T22:43:43.226+0000] {logging_mixin.py:188} INFO - [2026-02-09T22:43:43.226+0000] {dag.py:3096} INFO - Sync 1 DAGs
[2026-02-09T22:43:43.506+0000] {logging_mixin.py:188} INFO - [2026-02-09T22:43:43.506+0000] {dag.py:3954} INFO - Setting next_dagrun for produce_json to 2026-02-09 14:00:00+00:00, run_after=2026-02-10 14:00:00+00:00
[2026-02-09T22:43:43.618+0000] {processor.py:183} INFO - Processing /opt/airflow/dags/main.py took 0.877 seconds
[2026-02-09T22:44:14.955+0000] {processor.py:161} INFO - Started process (PID=181) to work on /opt/airflow/dags/main.py
[2026-02-09T22:44:14.961+0000] {processor.py:830} INFO - Processing file /opt/airflow/dags/main.py for tasks to queue
[2026-02-09T22:44:14.964+0000] {logging_mixin.py:188} INFO - [2026-02-09T22:44:14.963+0000] {dagbag.py:545} INFO - Filling up the DagBag from /opt/airflow/dags/main.py
[2026-02-09T22:44:15.025+0000] {processor.py:840} INFO - DAG(s) 'produce_json' retrieved from /opt/airflow/dags/main.py
[2026-02-09T22:44:15.152+0000] {logging_mixin.py:188} INFO - [2026-02-09T22:44:15.152+0000] {dag.py:3096} INFO - Sync 1 DAGs
[2026-02-09T22:44:15.207+0000] {logging_mixin.py:188} INFO - [2026-02-09T22:44:15.206+0000] {dag.py:3954} INFO - Setting next_dagrun for produce_json to 2026-02-09 14:00:00+00:00, run_after=2026-02-10 14:00:00+00:00
[2026-02-09T22:44:15.244+0000] {processor.py:183} INFO - Processing /opt/airflow/dags/main.py took 0.320 seconds
[2026-02-09T22:44:46.489+0000] {processor.py:161} INFO - Started process (PID=188) to work on /opt/airflow/dags/main.py
[2026-02-09T22:44:46.495+0000] {processor.py:830} INFO - Processing file /opt/airflow/dags/main.py for tasks to queue
[2026-02-09T22:44:46.508+0000] {logging_mixin.py:188} INFO - [2026-02-09T22:44:46.507+0000] {dagbag.py:545} INFO - Filling up the DagBag from /opt/airflow/dags/main.py
[2026-02-09T22:44:46.692+0000] {processor.py:840} INFO - DAG(s) 'produce_json' retrieved from /opt/airflow/dags/main.py
[2026-02-09T22:44:46.830+0000] {logging_mixin.py:188} INFO - [2026-02-09T22:44:46.829+0000] {dag.py:3096} INFO - Sync 1 DAGs
[2026-02-09T22:44:46.960+0000] {logging_mixin.py:188} INFO - [2026-02-09T22:44:46.959+0000] {dag.py:3954} INFO - Setting next_dagrun for produce_json to 2026-02-09 14:00:00+00:00, run_after=2026-02-10 14:00:00+00:00
[2026-02-09T22:44:47.298+0000] {processor.py:183} INFO - Processing /opt/airflow/dags/main.py took 0.849 seconds
[2026-02-09T22:45:17.442+0000] {processor.py:161} INFO - Started process (PID=195) to work on /opt/airflow/dags/main.py
[2026-02-09T22:45:17.527+0000] {processor.py:830} INFO - Processing file /opt/airflow/dags/main.py for tasks to queue
[2026-02-09T22:45:17.551+0000] {logging_mixin.py:188} INFO - [2026-02-09T22:45:17.549+0000] {dagbag.py:545} INFO - Filling up the DagBag from /opt/airflow/dags/main.py
[2026-02-09T22:45:17.616+0000] {processor.py:840} INFO - DAG(s) 'produce_json' retrieved from /opt/airflow/dags/main.py
[2026-02-09T22:45:17.745+0000] {logging_mixin.py:188} INFO - [2026-02-09T22:45:17.744+0000] {dag.py:3096} INFO - Sync 1 DAGs
[2026-02-09T22:45:17.795+0000] {logging_mixin.py:188} INFO - [2026-02-09T22:45:17.795+0000] {dag.py:3954} INFO - Setting next_dagrun for produce_json to 2026-02-09 14:00:00+00:00, run_after=2026-02-10 14:00:00+00:00
[2026-02-09T22:45:17.905+0000] {processor.py:183} INFO - Processing /opt/airflow/dags/main.py took 0.478 seconds
[2026-02-09T22:45:48.677+0000] {processor.py:161} INFO - Started process (PID=196) to work on /opt/airflow/dags/main.py
[2026-02-09T22:45:48.887+0000] {processor.py:830} INFO - Processing file /opt/airflow/dags/main.py for tasks to queue
[2026-02-09T22:45:48.947+0000] {logging_mixin.py:188} INFO - [2026-02-09T22:45:48.944+0000] {dagbag.py:545} INFO - Filling up the DagBag from /opt/airflow/dags/main.py
[2026-02-09T22:45:49.027+0000] {processor.py:840} INFO - DAG(s) 'produce_json' retrieved from /opt/airflow/dags/main.py
[2026-02-09T22:45:49.685+0000] {logging_mixin.py:188} INFO - [2026-02-09T22:45:49.684+0000] {dag.py:3096} INFO - Sync 1 DAGs
[2026-02-09T22:45:49.742+0000] {logging_mixin.py:188} INFO - [2026-02-09T22:45:49.742+0000] {dag.py:3954} INFO - Setting next_dagrun for produce_json to 2026-02-09 14:00:00+00:00, run_after=2026-02-10 14:00:00+00:00
[2026-02-09T22:45:50.368+0000] {processor.py:183} INFO - Processing /opt/airflow/dags/main.py took 1.712 seconds
[2026-02-09T22:46:21.674+0000] {processor.py:161} INFO - Started process (PID=203) to work on /opt/airflow/dags/main.py
[2026-02-09T22:46:21.684+0000] {processor.py:830} INFO - Processing file /opt/airflow/dags/main.py for tasks to queue
[2026-02-09T22:46:21.691+0000] {logging_mixin.py:188} INFO - [2026-02-09T22:46:21.690+0000] {dagbag.py:545} INFO - Filling up the DagBag from /opt/airflow/dags/main.py
[2026-02-09T22:46:21.764+0000] {processor.py:840} INFO - DAG(s) 'produce_json' retrieved from /opt/airflow/dags/main.py
[2026-02-09T22:46:21.831+0000] {logging_mixin.py:188} INFO - [2026-02-09T22:46:21.831+0000] {dag.py:3096} INFO - Sync 1 DAGs
[2026-02-09T22:46:21.895+0000] {logging_mixin.py:188} INFO - [2026-02-09T22:46:21.894+0000] {dag.py:3954} INFO - Setting next_dagrun for produce_json to 2026-02-09 14:00:00+00:00, run_after=2026-02-10 14:00:00+00:00
[2026-02-09T22:46:21.953+0000] {processor.py:183} INFO - Processing /opt/airflow/dags/main.py took 0.301 seconds
[2026-02-09T22:46:52.781+0000] {processor.py:161} INFO - Started process (PID=218) to work on /opt/airflow/dags/main.py
[2026-02-09T22:46:52.790+0000] {processor.py:830} INFO - Processing file /opt/airflow/dags/main.py for tasks to queue
[2026-02-09T22:46:52.807+0000] {logging_mixin.py:188} INFO - [2026-02-09T22:46:52.802+0000] {dagbag.py:545} INFO - Filling up the DagBag from /opt/airflow/dags/main.py
[2026-02-09T22:46:52.896+0000] {processor.py:840} INFO - DAG(s) 'produce_json' retrieved from /opt/airflow/dags/main.py
[2026-02-09T22:46:52.983+0000] {logging_mixin.py:188} INFO - [2026-02-09T22:46:52.982+0000] {dag.py:3096} INFO - Sync 1 DAGs
[2026-02-09T22:46:53.031+0000] {logging_mixin.py:188} INFO - [2026-02-09T22:46:53.030+0000] {dag.py:3954} INFO - Setting next_dagrun for produce_json to 2026-02-09 14:00:00+00:00, run_after=2026-02-10 14:00:00+00:00
[2026-02-09T22:46:53.077+0000] {processor.py:183} INFO - Processing /opt/airflow/dags/main.py took 0.330 seconds
[2026-02-09T22:47:23.252+0000] {processor.py:161} INFO - Started process (PID=226) to work on /opt/airflow/dags/main.py
[2026-02-09T22:47:23.265+0000] {processor.py:830} INFO - Processing file /opt/airflow/dags/main.py for tasks to queue
[2026-02-09T22:47:23.283+0000] {logging_mixin.py:188} INFO - [2026-02-09T22:47:23.279+0000] {dagbag.py:545} INFO - Filling up the DagBag from /opt/airflow/dags/main.py
[2026-02-09T22:47:23.344+0000] {processor.py:840} INFO - DAG(s) 'produce_json' retrieved from /opt/airflow/dags/main.py
[2026-02-09T22:47:23.451+0000] {logging_mixin.py:188} INFO - [2026-02-09T22:47:23.450+0000] {dag.py:3096} INFO - Sync 1 DAGs
[2026-02-09T22:47:23.507+0000] {logging_mixin.py:188} INFO - [2026-02-09T22:47:23.507+0000] {dag.py:3954} INFO - Setting next_dagrun for produce_json to 2026-02-09 14:00:00+00:00, run_after=2026-02-10 14:00:00+00:00
[2026-02-09T22:47:23.554+0000] {processor.py:183} INFO - Processing /opt/airflow/dags/main.py took 0.315 seconds
[2026-02-09T22:47:54.218+0000] {processor.py:161} INFO - Started process (PID=233) to work on /opt/airflow/dags/main.py
[2026-02-09T22:47:54.225+0000] {processor.py:830} INFO - Processing file /opt/airflow/dags/main.py for tasks to queue
[2026-02-09T22:47:54.231+0000] {logging_mixin.py:188} INFO - [2026-02-09T22:47:54.230+0000] {dagbag.py:545} INFO - Filling up the DagBag from /opt/airflow/dags/main.py
[2026-02-09T22:47:54.312+0000] {processor.py:840} INFO - DAG(s) 'produce_json' retrieved from /opt/airflow/dags/main.py
[2026-02-09T22:47:54.426+0000] {logging_mixin.py:188} INFO - [2026-02-09T22:47:54.425+0000] {dag.py:3096} INFO - Sync 1 DAGs
[2026-02-09T22:47:54.481+0000] {logging_mixin.py:188} INFO - [2026-02-09T22:47:54.481+0000] {dag.py:3954} INFO - Setting next_dagrun for produce_json to 2026-02-09 14:00:00+00:00, run_after=2026-02-10 14:00:00+00:00
[2026-02-09T22:47:54.547+0000] {processor.py:183} INFO - Processing /opt/airflow/dags/main.py took 0.349 seconds
[2026-02-09T22:48:25.490+0000] {processor.py:161} INFO - Started process (PID=240) to work on /opt/airflow/dags/main.py
[2026-02-09T22:48:25.494+0000] {processor.py:830} INFO - Processing file /opt/airflow/dags/main.py for tasks to queue
[2026-02-09T22:48:25.505+0000] {logging_mixin.py:188} INFO - [2026-02-09T22:48:25.501+0000] {dagbag.py:545} INFO - Filling up the DagBag from /opt/airflow/dags/main.py
[2026-02-09T22:48:25.580+0000] {processor.py:840} INFO - DAG(s) 'produce_json' retrieved from /opt/airflow/dags/main.py
[2026-02-09T22:48:25.663+0000] {logging_mixin.py:188} INFO - [2026-02-09T22:48:25.662+0000] {dag.py:3096} INFO - Sync 1 DAGs
[2026-02-09T22:48:25.726+0000] {logging_mixin.py:188} INFO - [2026-02-09T22:48:25.725+0000] {dag.py:3954} INFO - Setting next_dagrun for produce_json to 2026-02-09 14:00:00+00:00, run_after=2026-02-10 14:00:00+00:00
[2026-02-09T22:48:25.783+0000] {processor.py:183} INFO - Processing /opt/airflow/dags/main.py took 0.313 seconds
[2026-02-09T22:48:55.983+0000] {processor.py:161} INFO - Started process (PID=246) to work on /opt/airflow/dags/main.py
[2026-02-09T22:48:55.995+0000] {processor.py:830} INFO - Processing file /opt/airflow/dags/main.py for tasks to queue
[2026-02-09T22:48:56.890+0000] {logging_mixin.py:188} INFO - [2026-02-09T22:48:56.100+0000] {dagbag.py:545} INFO - Filling up the DagBag from /opt/airflow/dags/main.py
[2026-02-09T22:48:57.135+0000] {processor.py:840} INFO - DAG(s) 'produce_json' retrieved from /opt/airflow/dags/main.py
[2026-02-09T22:48:57.272+0000] {logging_mixin.py:188} INFO - [2026-02-09T22:48:57.272+0000] {dag.py:3096} INFO - Sync 1 DAGs
[2026-02-09T22:48:57.324+0000] {logging_mixin.py:188} INFO - [2026-02-09T22:48:57.324+0000] {dag.py:3954} INFO - Setting next_dagrun for produce_json to 2026-02-09 14:00:00+00:00, run_after=2026-02-10 14:00:00+00:00
[2026-02-09T22:48:57.419+0000] {processor.py:183} INFO - Processing /opt/airflow/dags/main.py took 1.450 seconds
[2026-02-09T22:49:27.903+0000] {processor.py:161} INFO - Started process (PID=254) to work on /opt/airflow/dags/main.py
[2026-02-09T22:49:27.910+0000] {processor.py:830} INFO - Processing file /opt/airflow/dags/main.py for tasks to queue
[2026-02-09T22:49:27.914+0000] {logging_mixin.py:188} INFO - [2026-02-09T22:49:27.914+0000] {dagbag.py:545} INFO - Filling up the DagBag from /opt/airflow/dags/main.py
[2026-02-09T22:49:27.986+0000] {processor.py:840} INFO - DAG(s) 'produce_json' retrieved from /opt/airflow/dags/main.py
[2026-02-09T22:49:28.065+0000] {logging_mixin.py:188} INFO - [2026-02-09T22:49:28.064+0000] {dag.py:3096} INFO - Sync 1 DAGs
[2026-02-09T22:49:28.118+0000] {logging_mixin.py:188} INFO - [2026-02-09T22:49:28.118+0000] {dag.py:3954} INFO - Setting next_dagrun for produce_json to 2026-02-09 14:00:00+00:00, run_after=2026-02-10 14:00:00+00:00
[2026-02-09T22:49:28.190+0000] {processor.py:183} INFO - Processing /opt/airflow/dags/main.py took 0.298 seconds
[2026-02-09T22:49:58.826+0000] {processor.py:161} INFO - Started process (PID=262) to work on /opt/airflow/dags/main.py
[2026-02-09T22:49:58.837+0000] {processor.py:830} INFO - Processing file /opt/airflow/dags/main.py for tasks to queue
[2026-02-09T22:49:58.842+0000] {logging_mixin.py:188} INFO - [2026-02-09T22:49:58.842+0000] {dagbag.py:545} INFO - Filling up the DagBag from /opt/airflow/dags/main.py
[2026-02-09T22:49:58.909+0000] {processor.py:840} INFO - DAG(s) 'produce_json' retrieved from /opt/airflow/dags/main.py
[2026-02-09T22:49:58.972+0000] {logging_mixin.py:188} INFO - [2026-02-09T22:49:58.972+0000] {dag.py:3096} INFO - Sync 1 DAGs
[2026-02-09T22:49:59.046+0000] {logging_mixin.py:188} INFO - [2026-02-09T22:49:59.045+0000] {dag.py:3954} INFO - Setting next_dagrun for produce_json to 2026-02-09 14:00:00+00:00, run_after=2026-02-10 14:00:00+00:00
[2026-02-09T22:49:59.115+0000] {processor.py:183} INFO - Processing /opt/airflow/dags/main.py took 0.304 seconds
[2026-02-09T22:50:30.053+0000] {processor.py:161} INFO - Started process (PID=269) to work on /opt/airflow/dags/main.py
[2026-02-09T22:50:30.058+0000] {processor.py:830} INFO - Processing file /opt/airflow/dags/main.py for tasks to queue
[2026-02-09T22:50:30.061+0000] {logging_mixin.py:188} INFO - [2026-02-09T22:50:30.060+0000] {dagbag.py:545} INFO - Filling up the DagBag from /opt/airflow/dags/main.py
[2026-02-09T22:50:30.108+0000] {processor.py:840} INFO - DAG(s) 'produce_json' retrieved from /opt/airflow/dags/main.py
[2026-02-09T22:50:30.192+0000] {logging_mixin.py:188} INFO - [2026-02-09T22:50:30.191+0000] {dag.py:3096} INFO - Sync 1 DAGs
[2026-02-09T22:50:30.257+0000] {logging_mixin.py:188} INFO - [2026-02-09T22:50:30.254+0000] {dag.py:3954} INFO - Setting next_dagrun for produce_json to 2026-02-09 14:00:00+00:00, run_after=2026-02-10 14:00:00+00:00
[2026-02-09T22:50:30.325+0000] {processor.py:183} INFO - Processing /opt/airflow/dags/main.py took 0.293 seconds
[2026-02-09T22:51:00.886+0000] {processor.py:161} INFO - Started process (PID=276) to work on /opt/airflow/dags/main.py
[2026-02-09T22:51:00.894+0000] {processor.py:830} INFO - Processing file /opt/airflow/dags/main.py for tasks to queue
[2026-02-09T22:51:00.897+0000] {logging_mixin.py:188} INFO - [2026-02-09T22:51:00.897+0000] {dagbag.py:545} INFO - Filling up the DagBag from /opt/airflow/dags/main.py
[2026-02-09T22:51:00.981+0000] {processor.py:840} INFO - DAG(s) 'produce_json' retrieved from /opt/airflow/dags/main.py
[2026-02-09T22:51:01.102+0000] {logging_mixin.py:188} INFO - [2026-02-09T22:51:01.102+0000] {dag.py:3096} INFO - Sync 1 DAGs
[2026-02-09T22:51:01.197+0000] {logging_mixin.py:188} INFO - [2026-02-09T22:51:01.196+0000] {dag.py:3954} INFO - Setting next_dagrun for produce_json to 2026-02-09 14:00:00+00:00, run_after=2026-02-10 14:00:00+00:00
[2026-02-09T22:51:01.264+0000] {processor.py:183} INFO - Processing /opt/airflow/dags/main.py took 0.392 seconds
[2026-02-09T22:51:31.906+0000] {processor.py:161} INFO - Started process (PID=284) to work on /opt/airflow/dags/main.py
[2026-02-09T22:51:31.911+0000] {processor.py:830} INFO - Processing file /opt/airflow/dags/main.py for tasks to queue
[2026-02-09T22:51:31.916+0000] {logging_mixin.py:188} INFO - [2026-02-09T22:51:31.915+0000] {dagbag.py:545} INFO - Filling up the DagBag from /opt/airflow/dags/main.py
[2026-02-09T22:51:31.977+0000] {processor.py:840} INFO - DAG(s) 'produce_json' retrieved from /opt/airflow/dags/main.py
[2026-02-09T22:51:32.058+0000] {logging_mixin.py:188} INFO - [2026-02-09T22:51:32.057+0000] {dag.py:3096} INFO - Sync 1 DAGs
[2026-02-09T22:51:32.127+0000] {logging_mixin.py:188} INFO - [2026-02-09T22:51:32.126+0000] {dag.py:3954} INFO - Setting next_dagrun for produce_json to 2026-02-09 14:00:00+00:00, run_after=2026-02-10 14:00:00+00:00
[2026-02-09T22:51:32.192+0000] {processor.py:183} INFO - Processing /opt/airflow/dags/main.py took 0.301 seconds
[2026-02-09T22:52:02.465+0000] {processor.py:161} INFO - Started process (PID=291) to work on /opt/airflow/dags/main.py
[2026-02-09T22:52:02.476+0000] {processor.py:830} INFO - Processing file /opt/airflow/dags/main.py for tasks to queue
[2026-02-09T22:52:02.484+0000] {logging_mixin.py:188} INFO - [2026-02-09T22:52:02.483+0000] {dagbag.py:545} INFO - Filling up the DagBag from /opt/airflow/dags/main.py
[2026-02-09T22:52:02.536+0000] {processor.py:840} INFO - DAG(s) 'produce_json' retrieved from /opt/airflow/dags/main.py
[2026-02-09T22:52:02.625+0000] {logging_mixin.py:188} INFO - [2026-02-09T22:52:02.624+0000] {dag.py:3096} INFO - Sync 1 DAGs
[2026-02-09T22:52:02.674+0000] {logging_mixin.py:188} INFO - [2026-02-09T22:52:02.674+0000] {dag.py:3954} INFO - Setting next_dagrun for produce_json to 2026-02-09 14:00:00+00:00, run_after=2026-02-10 14:00:00+00:00
[2026-02-09T22:52:02.727+0000] {processor.py:183} INFO - Processing /opt/airflow/dags/main.py took 0.282 seconds
[2026-02-09T22:52:33.082+0000] {processor.py:161} INFO - Started process (PID=298) to work on /opt/airflow/dags/main.py
[2026-02-09T22:52:33.095+0000] {processor.py:830} INFO - Processing file /opt/airflow/dags/main.py for tasks to queue
[2026-02-09T22:52:33.100+0000] {logging_mixin.py:188} INFO - [2026-02-09T22:52:33.100+0000] {dagbag.py:545} INFO - Filling up the DagBag from /opt/airflow/dags/main.py
[2026-02-09T22:52:33.149+0000] {processor.py:840} INFO - DAG(s) 'produce_json' retrieved from /opt/airflow/dags/main.py
[2026-02-09T22:52:33.240+0000] {logging_mixin.py:188} INFO - [2026-02-09T22:52:33.239+0000] {dag.py:3096} INFO - Sync 1 DAGs
[2026-02-09T22:52:33.298+0000] {logging_mixin.py:188} INFO - [2026-02-09T22:52:33.297+0000] {dag.py:3954} INFO - Setting next_dagrun for produce_json to 2026-02-09 14:00:00+00:00, run_after=2026-02-10 14:00:00+00:00
[2026-02-09T22:52:33.407+0000] {processor.py:183} INFO - Processing /opt/airflow/dags/main.py took 0.340 seconds
[2026-02-09T22:53:03.965+0000] {processor.py:161} INFO - Started process (PID=304) to work on /opt/airflow/dags/main.py
[2026-02-09T22:53:03.968+0000] {processor.py:830} INFO - Processing file /opt/airflow/dags/main.py for tasks to queue
[2026-02-09T22:53:03.972+0000] {logging_mixin.py:188} INFO - [2026-02-09T22:53:03.972+0000] {dagbag.py:545} INFO - Filling up the DagBag from /opt/airflow/dags/main.py
[2026-02-09T22:53:04.029+0000] {processor.py:840} INFO - DAG(s) 'produce_json' retrieved from /opt/airflow/dags/main.py
[2026-02-09T22:53:04.114+0000] {logging_mixin.py:188} INFO - [2026-02-09T22:53:04.114+0000] {dag.py:3096} INFO - Sync 1 DAGs
[2026-02-09T22:53:04.174+0000] {logging_mixin.py:188} INFO - [2026-02-09T22:53:04.174+0000] {dag.py:3954} INFO - Setting next_dagrun for produce_json to 2026-02-09 14:00:00+00:00, run_after=2026-02-10 14:00:00+00:00
[2026-02-09T22:53:04.210+0000] {processor.py:183} INFO - Processing /opt/airflow/dags/main.py took 0.258 seconds
[2026-02-09T22:53:34.461+0000] {processor.py:161} INFO - Started process (PID=311) to work on /opt/airflow/dags/main.py
[2026-02-09T22:53:34.466+0000] {processor.py:830} INFO - Processing file /opt/airflow/dags/main.py for tasks to queue
[2026-02-09T22:53:34.471+0000] {logging_mixin.py:188} INFO - [2026-02-09T22:53:34.471+0000] {dagbag.py:545} INFO - Filling up the DagBag from /opt/airflow/dags/main.py
[2026-02-09T22:53:34.533+0000] {processor.py:840} INFO - DAG(s) 'produce_json' retrieved from /opt/airflow/dags/main.py
[2026-02-09T22:53:34.606+0000] {logging_mixin.py:188} INFO - [2026-02-09T22:53:34.603+0000] {dag.py:3096} INFO - Sync 1 DAGs
[2026-02-09T22:53:34.662+0000] {logging_mixin.py:188} INFO - [2026-02-09T22:53:34.662+0000] {dag.py:3954} INFO - Setting next_dagrun for produce_json to 2026-02-09 14:00:00+00:00, run_after=2026-02-10 14:00:00+00:00
[2026-02-09T22:53:34.725+0000] {processor.py:183} INFO - Processing /opt/airflow/dags/main.py took 0.280 seconds
[2026-02-09T22:54:06.012+0000] {processor.py:161} INFO - Started process (PID=318) to work on /opt/airflow/dags/main.py
[2026-02-09T22:54:06.026+0000] {processor.py:830} INFO - Processing file /opt/airflow/dags/main.py for tasks to queue
[2026-02-09T22:54:06.049+0000] {logging_mixin.py:188} INFO - [2026-02-09T22:54:06.049+0000] {dagbag.py:545} INFO - Filling up the DagBag from /opt/airflow/dags/main.py
[2026-02-09T22:54:06.167+0000] {processor.py:840} INFO - DAG(s) 'produce_json' retrieved from /opt/airflow/dags/main.py
[2026-02-09T22:54:06.273+0000] {logging_mixin.py:188} INFO - [2026-02-09T22:54:06.272+0000] {dag.py:3096} INFO - Sync 1 DAGs
[2026-02-09T22:54:06.344+0000] {logging_mixin.py:188} INFO - [2026-02-09T22:54:06.343+0000] {dag.py:3954} INFO - Setting next_dagrun for produce_json to 2026-02-09 14:00:00+00:00, run_after=2026-02-10 14:00:00+00:00
[2026-02-09T22:54:06.465+0000] {processor.py:183} INFO - Processing /opt/airflow/dags/main.py took 0.549 seconds
[2026-02-09T22:54:37.046+0000] {processor.py:161} INFO - Started process (PID=326) to work on /opt/airflow/dags/main.py
[2026-02-09T22:54:37.052+0000] {processor.py:830} INFO - Processing file /opt/airflow/dags/main.py for tasks to queue
[2026-02-09T22:54:37.073+0000] {logging_mixin.py:188} INFO - [2026-02-09T22:54:37.072+0000] {dagbag.py:545} INFO - Filling up the DagBag from /opt/airflow/dags/main.py
[2026-02-09T22:54:37.353+0000] {processor.py:840} INFO - DAG(s) 'produce_json' retrieved from /opt/airflow/dags/main.py
[2026-02-09T22:54:37.436+0000] {logging_mixin.py:188} INFO - [2026-02-09T22:54:37.436+0000] {dag.py:3096} INFO - Sync 1 DAGs
[2026-02-09T22:54:37.491+0000] {logging_mixin.py:188} INFO - [2026-02-09T22:54:37.490+0000] {dag.py:3954} INFO - Setting next_dagrun for produce_json to 2026-02-09 14:00:00+00:00, run_after=2026-02-10 14:00:00+00:00
[2026-02-09T22:54:37.559+0000] {processor.py:183} INFO - Processing /opt/airflow/dags/main.py took 0.527 seconds
[2026-02-09T22:55:07.957+0000] {processor.py:161} INFO - Started process (PID=333) to work on /opt/airflow/dags/main.py
[2026-02-09T22:55:07.961+0000] {processor.py:830} INFO - Processing file /opt/airflow/dags/main.py for tasks to queue
[2026-02-09T22:55:07.964+0000] {logging_mixin.py:188} INFO - [2026-02-09T22:55:07.963+0000] {dagbag.py:545} INFO - Filling up the DagBag from /opt/airflow/dags/main.py
[2026-02-09T22:55:08.029+0000] {processor.py:840} INFO - DAG(s) 'produce_json' retrieved from /opt/airflow/dags/main.py
[2026-02-09T22:55:08.218+0000] {logging_mixin.py:188} INFO - [2026-02-09T22:55:08.218+0000] {dag.py:3096} INFO - Sync 1 DAGs
[2026-02-09T22:55:08.533+0000] {logging_mixin.py:188} INFO - [2026-02-09T22:55:08.532+0000] {dag.py:3954} INFO - Setting next_dagrun for produce_json to 2026-02-09 14:00:00+00:00, run_after=2026-02-10 14:00:00+00:00
[2026-02-09T22:55:08.678+0000] {processor.py:183} INFO - Processing /opt/airflow/dags/main.py took 0.752 seconds
[2026-02-09T22:55:39.062+0000] {processor.py:161} INFO - Started process (PID=339) to work on /opt/airflow/dags/main.py
[2026-02-09T22:55:39.069+0000] {processor.py:830} INFO - Processing file /opt/airflow/dags/main.py for tasks to queue
[2026-02-09T22:55:39.077+0000] {logging_mixin.py:188} INFO - [2026-02-09T22:55:39.075+0000] {dagbag.py:545} INFO - Filling up the DagBag from /opt/airflow/dags/main.py
[2026-02-09T22:55:39.228+0000] {processor.py:840} INFO - DAG(s) 'produce_json' retrieved from /opt/airflow/dags/main.py
[2026-02-09T22:55:39.345+0000] {logging_mixin.py:188} INFO - [2026-02-09T22:55:39.345+0000] {dag.py:3096} INFO - Sync 1 DAGs
[2026-02-09T22:55:39.434+0000] {logging_mixin.py:188} INFO - [2026-02-09T22:55:39.434+0000] {dag.py:3954} INFO - Setting next_dagrun for produce_json to 2026-02-09 14:00:00+00:00, run_after=2026-02-10 14:00:00+00:00
[2026-02-09T22:55:39.512+0000] {processor.py:183} INFO - Processing /opt/airflow/dags/main.py took 0.466 seconds
[2026-02-09T22:56:09.729+0000] {processor.py:161} INFO - Started process (PID=346) to work on /opt/airflow/dags/main.py
[2026-02-09T22:56:09.756+0000] {processor.py:830} INFO - Processing file /opt/airflow/dags/main.py for tasks to queue
[2026-02-09T22:56:09.800+0000] {logging_mixin.py:188} INFO - [2026-02-09T22:56:09.799+0000] {dagbag.py:545} INFO - Filling up the DagBag from /opt/airflow/dags/main.py
[2026-02-09T22:56:09.892+0000] {processor.py:840} INFO - DAG(s) 'produce_json' retrieved from /opt/airflow/dags/main.py
[2026-02-09T22:56:10.224+0000] {logging_mixin.py:188} INFO - [2026-02-09T22:56:10.221+0000] {dag.py:3096} INFO - Sync 1 DAGs
[2026-02-09T22:56:10.327+0000] {logging_mixin.py:188} INFO - [2026-02-09T22:56:10.326+0000] {dag.py:3954} INFO - Setting next_dagrun for produce_json to 2026-02-09 14:00:00+00:00, run_after=2026-02-10 14:00:00+00:00
[2026-02-09T22:56:10.595+0000] {processor.py:183} INFO - Processing /opt/airflow/dags/main.py took 0.882 seconds
[2026-02-09T22:56:41.333+0000] {processor.py:161} INFO - Started process (PID=352) to work on /opt/airflow/dags/main.py
[2026-02-09T22:56:41.337+0000] {processor.py:830} INFO - Processing file /opt/airflow/dags/main.py for tasks to queue
[2026-02-09T22:56:41.343+0000] {logging_mixin.py:188} INFO - [2026-02-09T22:56:41.343+0000] {dagbag.py:545} INFO - Filling up the DagBag from /opt/airflow/dags/main.py
[2026-02-09T22:56:41.413+0000] {processor.py:840} INFO - DAG(s) 'produce_json' retrieved from /opt/airflow/dags/main.py
[2026-02-09T22:56:41.493+0000] {logging_mixin.py:188} INFO - [2026-02-09T22:56:41.492+0000] {dag.py:3096} INFO - Sync 1 DAGs
[2026-02-09T22:56:41.542+0000] {logging_mixin.py:188} INFO - [2026-02-09T22:56:41.542+0000] {dag.py:3954} INFO - Setting next_dagrun for produce_json to 2026-02-09 14:00:00+00:00, run_after=2026-02-10 14:00:00+00:00
[2026-02-09T22:56:41.600+0000] {processor.py:183} INFO - Processing /opt/airflow/dags/main.py took 0.278 seconds
[2026-02-09T22:57:11.857+0000] {processor.py:161} INFO - Started process (PID=359) to work on /opt/airflow/dags/main.py
[2026-02-09T22:57:11.860+0000] {processor.py:830} INFO - Processing file /opt/airflow/dags/main.py for tasks to queue
[2026-02-09T22:57:11.863+0000] {logging_mixin.py:188} INFO - [2026-02-09T22:57:11.863+0000] {dagbag.py:545} INFO - Filling up the DagBag from /opt/airflow/dags/main.py
[2026-02-09T22:57:11.927+0000] {processor.py:840} INFO - DAG(s) 'produce_json' retrieved from /opt/airflow/dags/main.py
[2026-02-09T22:57:12.013+0000] {logging_mixin.py:188} INFO - [2026-02-09T22:57:12.010+0000] {dag.py:3096} INFO - Sync 1 DAGs
[2026-02-09T22:57:12.075+0000] {logging_mixin.py:188} INFO - [2026-02-09T22:57:12.075+0000] {dag.py:3954} INFO - Setting next_dagrun for produce_json to 2026-02-09 14:00:00+00:00, run_after=2026-02-10 14:00:00+00:00
[2026-02-09T22:57:12.135+0000] {processor.py:183} INFO - Processing /opt/airflow/dags/main.py took 0.293 seconds
[2026-02-09T22:57:42.198+0000] {processor.py:161} INFO - Started process (PID=366) to work on /opt/airflow/dags/main.py
[2026-02-09T22:57:42.206+0000] {processor.py:830} INFO - Processing file /opt/airflow/dags/main.py for tasks to queue
[2026-02-09T22:57:42.209+0000] {logging_mixin.py:188} INFO - [2026-02-09T22:57:42.208+0000] {dagbag.py:545} INFO - Filling up the DagBag from /opt/airflow/dags/main.py
[2026-02-09T22:57:42.278+0000] {processor.py:840} INFO - DAG(s) 'produce_json' retrieved from /opt/airflow/dags/main.py
[2026-02-09T22:57:42.353+0000] {logging_mixin.py:188} INFO - [2026-02-09T22:57:42.352+0000] {dag.py:3096} INFO - Sync 1 DAGs
[2026-02-09T22:57:42.433+0000] {logging_mixin.py:188} INFO - [2026-02-09T22:57:42.433+0000] {dag.py:3954} INFO - Setting next_dagrun for produce_json to 2026-02-09 14:00:00+00:00, run_after=2026-02-10 14:00:00+00:00
[2026-02-09T22:57:42.481+0000] {processor.py:183} INFO - Processing /opt/airflow/dags/main.py took 0.297 seconds
[2026-02-09T22:58:12.691+0000] {processor.py:161} INFO - Started process (PID=373) to work on /opt/airflow/dags/main.py
[2026-02-09T22:58:12.696+0000] {processor.py:830} INFO - Processing file /opt/airflow/dags/main.py for tasks to queue
[2026-02-09T22:58:12.700+0000] {logging_mixin.py:188} INFO - [2026-02-09T22:58:12.699+0000] {dagbag.py:545} INFO - Filling up the DagBag from /opt/airflow/dags/main.py
[2026-02-09T22:58:12.749+0000] {processor.py:840} INFO - DAG(s) 'produce_json' retrieved from /opt/airflow/dags/main.py
[2026-02-09T22:58:12.814+0000] {logging_mixin.py:188} INFO - [2026-02-09T22:58:12.814+0000] {dag.py:3096} INFO - Sync 1 DAGs
[2026-02-09T22:58:12.874+0000] {logging_mixin.py:188} INFO - [2026-02-09T22:58:12.874+0000] {dag.py:3954} INFO - Setting next_dagrun for produce_json to 2026-02-09 14:00:00+00:00, run_after=2026-02-10 14:00:00+00:00
[2026-02-09T22:58:12.927+0000] {processor.py:183} INFO - Processing /opt/airflow/dags/main.py took 0.250 seconds
[2026-02-09T22:58:43.095+0000] {processor.py:161} INFO - Started process (PID=380) to work on /opt/airflow/dags/main.py
[2026-02-09T22:58:43.103+0000] {processor.py:830} INFO - Processing file /opt/airflow/dags/main.py for tasks to queue
[2026-02-09T22:58:43.107+0000] {logging_mixin.py:188} INFO - [2026-02-09T22:58:43.106+0000] {dagbag.py:545} INFO - Filling up the DagBag from /opt/airflow/dags/main.py
[2026-02-09T22:58:43.169+0000] {processor.py:840} INFO - DAG(s) 'produce_json' retrieved from /opt/airflow/dags/main.py
[2026-02-09T22:58:43.243+0000] {logging_mixin.py:188} INFO - [2026-02-09T22:58:43.243+0000] {dag.py:3096} INFO - Sync 1 DAGs
[2026-02-09T22:58:43.300+0000] {logging_mixin.py:188} INFO - [2026-02-09T22:58:43.300+0000] {dag.py:3954} INFO - Setting next_dagrun for produce_json to 2026-02-09 14:00:00+00:00, run_after=2026-02-10 14:00:00+00:00
[2026-02-09T22:58:43.377+0000] {processor.py:183} INFO - Processing /opt/airflow/dags/main.py took 0.293 seconds
[2026-02-09T22:59:13.751+0000] {processor.py:161} INFO - Started process (PID=387) to work on /opt/airflow/dags/main.py
[2026-02-09T22:59:13.757+0000] {processor.py:830} INFO - Processing file /opt/airflow/dags/main.py for tasks to queue
[2026-02-09T22:59:13.761+0000] {logging_mixin.py:188} INFO - [2026-02-09T22:59:13.760+0000] {dagbag.py:545} INFO - Filling up the DagBag from /opt/airflow/dags/main.py
[2026-02-09T22:59:13.805+0000] {processor.py:840} INFO - DAG(s) 'produce_json' retrieved from /opt/airflow/dags/main.py
[2026-02-09T22:59:13.918+0000] {logging_mixin.py:188} INFO - [2026-02-09T22:59:13.918+0000] {dag.py:3096} INFO - Sync 1 DAGs
[2026-02-09T22:59:13.977+0000] {logging_mixin.py:188} INFO - [2026-02-09T22:59:13.977+0000] {dag.py:3954} INFO - Setting next_dagrun for produce_json to 2026-02-09 14:00:00+00:00, run_after=2026-02-10 14:00:00+00:00
[2026-02-09T22:59:14.029+0000] {processor.py:183} INFO - Processing /opt/airflow/dags/main.py took 0.298 seconds
[2026-02-09T22:59:44.283+0000] {processor.py:161} INFO - Started process (PID=395) to work on /opt/airflow/dags/main.py
[2026-02-09T22:59:44.306+0000] {processor.py:830} INFO - Processing file /opt/airflow/dags/main.py for tasks to queue
[2026-02-09T22:59:44.331+0000] {logging_mixin.py:188} INFO - [2026-02-09T22:59:44.330+0000] {dagbag.py:545} INFO - Filling up the DagBag from /opt/airflow/dags/main.py
[2026-02-09T22:59:44.401+0000] {processor.py:840} INFO - DAG(s) 'produce_json' retrieved from /opt/airflow/dags/main.py
[2026-02-09T22:59:44.505+0000] {logging_mixin.py:188} INFO - [2026-02-09T22:59:44.505+0000] {dag.py:3096} INFO - Sync 1 DAGs
[2026-02-09T22:59:44.549+0000] {logging_mixin.py:188} INFO - [2026-02-09T22:59:44.548+0000] {dag.py:3954} INFO - Setting next_dagrun for produce_json to 2026-02-09 14:00:00+00:00, run_after=2026-02-10 14:00:00+00:00
[2026-02-09T22:59:44.598+0000] {processor.py:183} INFO - Processing /opt/airflow/dags/main.py took 0.330 seconds
[2026-02-09T23:00:14.793+0000] {processor.py:161} INFO - Started process (PID=402) to work on /opt/airflow/dags/main.py
[2026-02-09T23:00:14.800+0000] {processor.py:830} INFO - Processing file /opt/airflow/dags/main.py for tasks to queue
[2026-02-09T23:00:14.816+0000] {logging_mixin.py:188} INFO - [2026-02-09T23:00:14.811+0000] {dagbag.py:545} INFO - Filling up the DagBag from /opt/airflow/dags/main.py
[2026-02-09T23:00:14.881+0000] {processor.py:840} INFO - DAG(s) 'produce_json' retrieved from /opt/airflow/dags/main.py
[2026-02-09T23:00:14.985+0000] {logging_mixin.py:188} INFO - [2026-02-09T23:00:14.984+0000] {dag.py:3096} INFO - Sync 1 DAGs
[2026-02-09T23:00:15.036+0000] {logging_mixin.py:188} INFO - [2026-02-09T23:00:15.036+0000] {dag.py:3954} INFO - Setting next_dagrun for produce_json to 2026-02-09 14:00:00+00:00, run_after=2026-02-10 14:00:00+00:00
[2026-02-09T23:00:15.089+0000] {processor.py:183} INFO - Processing /opt/airflow/dags/main.py took 0.325 seconds
[2026-02-09T23:00:45.602+0000] {processor.py:161} INFO - Started process (PID=409) to work on /opt/airflow/dags/main.py
[2026-02-09T23:00:45.604+0000] {processor.py:830} INFO - Processing file /opt/airflow/dags/main.py for tasks to queue
[2026-02-09T23:00:45.607+0000] {logging_mixin.py:188} INFO - [2026-02-09T23:00:45.607+0000] {dagbag.py:545} INFO - Filling up the DagBag from /opt/airflow/dags/main.py
[2026-02-09T23:00:45.665+0000] {processor.py:840} INFO - DAG(s) 'produce_json' retrieved from /opt/airflow/dags/main.py
[2026-02-09T23:00:45.758+0000] {logging_mixin.py:188} INFO - [2026-02-09T23:00:45.758+0000] {dag.py:3096} INFO - Sync 1 DAGs
[2026-02-09T23:00:45.812+0000] {logging_mixin.py:188} INFO - [2026-02-09T23:00:45.812+0000] {dag.py:3954} INFO - Setting next_dagrun for produce_json to 2026-02-09 14:00:00+00:00, run_after=2026-02-10 14:00:00+00:00
[2026-02-09T23:00:45.902+0000] {processor.py:183} INFO - Processing /opt/airflow/dags/main.py took 0.313 seconds
[2026-02-09T23:01:15.997+0000] {processor.py:161} INFO - Started process (PID=416) to work on /opt/airflow/dags/main.py
[2026-02-09T23:01:15.999+0000] {processor.py:830} INFO - Processing file /opt/airflow/dags/main.py for tasks to queue
[2026-02-09T23:01:16.004+0000] {logging_mixin.py:188} INFO - [2026-02-09T23:01:16.003+0000] {dagbag.py:545} INFO - Filling up the DagBag from /opt/airflow/dags/main.py
[2026-02-09T23:01:16.054+0000] {processor.py:840} INFO - DAG(s) 'produce_json' retrieved from /opt/airflow/dags/main.py
[2026-02-09T23:01:16.130+0000] {logging_mixin.py:188} INFO - [2026-02-09T23:01:16.129+0000] {dag.py:3096} INFO - Sync 1 DAGs
[2026-02-09T23:01:16.180+0000] {logging_mixin.py:188} INFO - [2026-02-09T23:01:16.180+0000] {dag.py:3954} INFO - Setting next_dagrun for produce_json to 2026-02-09 14:00:00+00:00, run_after=2026-02-10 14:00:00+00:00
[2026-02-09T23:01:16.235+0000] {processor.py:183} INFO - Processing /opt/airflow/dags/main.py took 0.256 seconds
[2026-02-09T23:01:46.789+0000] {processor.py:161} INFO - Started process (PID=423) to work on /opt/airflow/dags/main.py
[2026-02-09T23:01:46.798+0000] {processor.py:830} INFO - Processing file /opt/airflow/dags/main.py for tasks to queue
[2026-02-09T23:01:46.802+0000] {logging_mixin.py:188} INFO - [2026-02-09T23:01:46.801+0000] {dagbag.py:545} INFO - Filling up the DagBag from /opt/airflow/dags/main.py
[2026-02-09T23:01:46.868+0000] {processor.py:840} INFO - DAG(s) 'produce_json' retrieved from /opt/airflow/dags/main.py
[2026-02-09T23:01:46.936+0000] {logging_mixin.py:188} INFO - [2026-02-09T23:01:46.935+0000] {dag.py:3096} INFO - Sync 1 DAGs
[2026-02-09T23:01:46.993+0000] {logging_mixin.py:188} INFO - [2026-02-09T23:01:46.992+0000] {dag.py:3954} INFO - Setting next_dagrun for produce_json to 2026-02-09 14:00:00+00:00, run_after=2026-02-10 14:00:00+00:00
[2026-02-09T23:01:47.045+0000] {processor.py:183} INFO - Processing /opt/airflow/dags/main.py took 0.266 seconds
[2026-02-09T23:02:17.646+0000] {processor.py:161} INFO - Started process (PID=430) to work on /opt/airflow/dags/main.py
[2026-02-09T23:02:17.648+0000] {processor.py:830} INFO - Processing file /opt/airflow/dags/main.py for tasks to queue
[2026-02-09T23:02:17.651+0000] {logging_mixin.py:188} INFO - [2026-02-09T23:02:17.650+0000] {dagbag.py:545} INFO - Filling up the DagBag from /opt/airflow/dags/main.py
[2026-02-09T23:02:17.728+0000] {processor.py:840} INFO - DAG(s) 'produce_json' retrieved from /opt/airflow/dags/main.py
[2026-02-09T23:02:17.805+0000] {logging_mixin.py:188} INFO - [2026-02-09T23:02:17.805+0000] {dag.py:3096} INFO - Sync 1 DAGs
[2026-02-09T23:02:17.856+0000] {logging_mixin.py:188} INFO - [2026-02-09T23:02:17.855+0000] {dag.py:3954} INFO - Setting next_dagrun for produce_json to 2026-02-09 14:00:00+00:00, run_after=2026-02-10 14:00:00+00:00
[2026-02-09T23:02:17.930+0000] {processor.py:183} INFO - Processing /opt/airflow/dags/main.py took 0.299 seconds
[2026-02-09T23:02:48.490+0000] {processor.py:161} INFO - Started process (PID=436) to work on /opt/airflow/dags/main.py
[2026-02-09T23:02:48.492+0000] {processor.py:830} INFO - Processing file /opt/airflow/dags/main.py for tasks to queue
[2026-02-09T23:02:48.495+0000] {logging_mixin.py:188} INFO - [2026-02-09T23:02:48.495+0000] {dagbag.py:545} INFO - Filling up the DagBag from /opt/airflow/dags/main.py
[2026-02-09T23:02:48.540+0000] {processor.py:840} INFO - DAG(s) 'produce_json' retrieved from /opt/airflow/dags/main.py
[2026-02-09T23:02:48.650+0000] {logging_mixin.py:188} INFO - [2026-02-09T23:02:48.650+0000] {dag.py:3096} INFO - Sync 1 DAGs
[2026-02-09T23:02:48.697+0000] {logging_mixin.py:188} INFO - [2026-02-09T23:02:48.697+0000] {dag.py:3954} INFO - Setting next_dagrun for produce_json to 2026-02-09 14:00:00+00:00, run_after=2026-02-10 14:00:00+00:00
[2026-02-09T23:02:48.749+0000] {processor.py:183} INFO - Processing /opt/airflow/dags/main.py took 0.271 seconds
[2026-02-09T23:03:18.988+0000] {processor.py:161} INFO - Started process (PID=443) to work on /opt/airflow/dags/main.py
[2026-02-09T23:03:19.001+0000] {processor.py:830} INFO - Processing file /opt/airflow/dags/main.py for tasks to queue
[2026-02-09T23:03:19.004+0000] {logging_mixin.py:188} INFO - [2026-02-09T23:03:19.003+0000] {dagbag.py:545} INFO - Filling up the DagBag from /opt/airflow/dags/main.py
[2026-02-09T23:03:19.060+0000] {processor.py:840} INFO - DAG(s) 'produce_json' retrieved from /opt/airflow/dags/main.py
[2026-02-09T23:03:20.083+0000] {logging_mixin.py:188} INFO - [2026-02-09T23:03:20.083+0000] {dag.py:3096} INFO - Sync 1 DAGs
[2026-02-09T23:03:20.267+0000] {logging_mixin.py:188} INFO - [2026-02-09T23:03:20.266+0000] {dag.py:3954} INFO - Setting next_dagrun for produce_json to 2026-02-09 14:00:00+00:00, run_after=2026-02-10 14:00:00+00:00
[2026-02-09T23:03:20.306+0000] {processor.py:183} INFO - Processing /opt/airflow/dags/main.py took 1.330 seconds
[2026-02-09T23:03:50.838+0000] {processor.py:161} INFO - Started process (PID=450) to work on /opt/airflow/dags/main.py
[2026-02-09T23:03:50.844+0000] {processor.py:830} INFO - Processing file /opt/airflow/dags/main.py for tasks to queue
[2026-02-09T23:03:50.858+0000] {logging_mixin.py:188} INFO - [2026-02-09T23:03:50.852+0000] {dagbag.py:545} INFO - Filling up the DagBag from /opt/airflow/dags/main.py
[2026-02-09T23:03:51.005+0000] {processor.py:840} INFO - DAG(s) 'produce_json' retrieved from /opt/airflow/dags/main.py
[2026-02-09T23:03:51.102+0000] {logging_mixin.py:188} INFO - [2026-02-09T23:03:51.102+0000] {dag.py:3096} INFO - Sync 1 DAGs
[2026-02-09T23:03:51.156+0000] {logging_mixin.py:188} INFO - [2026-02-09T23:03:51.156+0000] {dag.py:3954} INFO - Setting next_dagrun for produce_json to 2026-02-09 14:00:00+00:00, run_after=2026-02-10 14:00:00+00:00
[2026-02-09T23:03:51.324+0000] {processor.py:183} INFO - Processing /opt/airflow/dags/main.py took 0.576 seconds
[2026-02-09T23:04:22.269+0000] {processor.py:161} INFO - Started process (PID=456) to work on /opt/airflow/dags/main.py
[2026-02-09T23:04:22.277+0000] {processor.py:830} INFO - Processing file /opt/airflow/dags/main.py for tasks to queue
[2026-02-09T23:04:22.299+0000] {logging_mixin.py:188} INFO - [2026-02-09T23:04:22.297+0000] {dagbag.py:545} INFO - Filling up the DagBag from /opt/airflow/dags/main.py
[2026-02-09T23:04:22.367+0000] {processor.py:840} INFO - DAG(s) 'produce_json' retrieved from /opt/airflow/dags/main.py
[2026-02-09T23:04:22.532+0000] {logging_mixin.py:188} INFO - [2026-02-09T23:04:22.531+0000] {dag.py:3096} INFO - Sync 1 DAGs
[2026-02-09T23:04:22.608+0000] {logging_mixin.py:188} INFO - [2026-02-09T23:04:22.608+0000] {dag.py:3954} INFO - Setting next_dagrun for produce_json to 2026-02-09 14:00:00+00:00, run_after=2026-02-10 14:00:00+00:00
[2026-02-09T23:04:22.702+0000] {processor.py:183} INFO - Processing /opt/airflow/dags/main.py took 0.463 seconds
[2026-02-09T23:04:53.063+0000] {processor.py:161} INFO - Started process (PID=462) to work on /opt/airflow/dags/main.py
[2026-02-09T23:04:53.066+0000] {processor.py:830} INFO - Processing file /opt/airflow/dags/main.py for tasks to queue
[2026-02-09T23:04:53.089+0000] {logging_mixin.py:188} INFO - [2026-02-09T23:04:53.085+0000] {dagbag.py:545} INFO - Filling up the DagBag from /opt/airflow/dags/main.py
[2026-02-09T23:04:53.267+0000] {processor.py:840} INFO - DAG(s) 'produce_json' retrieved from /opt/airflow/dags/main.py
[2026-02-09T23:04:53.411+0000] {logging_mixin.py:188} INFO - [2026-02-09T23:04:53.410+0000] {dag.py:3096} INFO - Sync 1 DAGs
[2026-02-09T23:04:53.510+0000] {logging_mixin.py:188} INFO - [2026-02-09T23:04:53.510+0000] {dag.py:3954} INFO - Setting next_dagrun for produce_json to 2026-02-09 14:00:00+00:00, run_after=2026-02-10 14:00:00+00:00
[2026-02-09T23:04:53.570+0000] {processor.py:183} INFO - Processing /opt/airflow/dags/main.py took 0.529 seconds
[2026-02-09T23:05:23.768+0000] {processor.py:161} INFO - Started process (PID=469) to work on /opt/airflow/dags/main.py
[2026-02-09T23:05:23.772+0000] {processor.py:830} INFO - Processing file /opt/airflow/dags/main.py for tasks to queue
[2026-02-09T23:05:23.781+0000] {logging_mixin.py:188} INFO - [2026-02-09T23:05:23.780+0000] {dagbag.py:545} INFO - Filling up the DagBag from /opt/airflow/dags/main.py
[2026-02-09T23:05:23.889+0000] {processor.py:840} INFO - DAG(s) 'produce_json' retrieved from /opt/airflow/dags/main.py
[2026-02-09T23:05:23.974+0000] {logging_mixin.py:188} INFO - [2026-02-09T23:05:23.972+0000] {dag.py:3096} INFO - Sync 1 DAGs
[2026-02-09T23:05:24.039+0000] {logging_mixin.py:188} INFO - [2026-02-09T23:05:24.039+0000] {dag.py:3954} INFO - Setting next_dagrun for produce_json to 2026-02-09 14:00:00+00:00, run_after=2026-02-10 14:00:00+00:00
[2026-02-09T23:05:24.068+0000] {processor.py:183} INFO - Processing /opt/airflow/dags/main.py took 0.312 seconds
[2026-02-09T23:05:54.351+0000] {processor.py:161} INFO - Started process (PID=476) to work on /opt/airflow/dags/main.py
[2026-02-09T23:05:54.354+0000] {processor.py:830} INFO - Processing file /opt/airflow/dags/main.py for tasks to queue
[2026-02-09T23:05:54.357+0000] {logging_mixin.py:188} INFO - [2026-02-09T23:05:54.356+0000] {dagbag.py:545} INFO - Filling up the DagBag from /opt/airflow/dags/main.py
[2026-02-09T23:05:54.440+0000] {processor.py:840} INFO - DAG(s) 'produce_json' retrieved from /opt/airflow/dags/main.py
[2026-02-09T23:05:54.532+0000] {logging_mixin.py:188} INFO - [2026-02-09T23:05:54.532+0000] {dag.py:3096} INFO - Sync 1 DAGs
[2026-02-09T23:05:54.586+0000] {logging_mixin.py:188} INFO - [2026-02-09T23:05:54.586+0000] {dag.py:3954} INFO - Setting next_dagrun for produce_json to 2026-02-09 14:00:00+00:00, run_after=2026-02-10 14:00:00+00:00
[2026-02-09T23:05:54.965+0000] {processor.py:183} INFO - Processing /opt/airflow/dags/main.py took 0.629 seconds
[2026-02-09T23:06:25.103+0000] {processor.py:161} INFO - Started process (PID=483) to work on /opt/airflow/dags/main.py
[2026-02-09T23:06:25.111+0000] {processor.py:830} INFO - Processing file /opt/airflow/dags/main.py for tasks to queue
[2026-02-09T23:06:25.114+0000] {logging_mixin.py:188} INFO - [2026-02-09T23:06:25.113+0000] {dagbag.py:545} INFO - Filling up the DagBag from /opt/airflow/dags/main.py
[2026-02-09T23:06:25.163+0000] {processor.py:840} INFO - DAG(s) 'produce_json' retrieved from /opt/airflow/dags/main.py
[2026-02-09T23:06:25.267+0000] {logging_mixin.py:188} INFO - [2026-02-09T23:06:25.267+0000] {dag.py:3096} INFO - Sync 1 DAGs
[2026-02-09T23:06:25.328+0000] {logging_mixin.py:188} INFO - [2026-02-09T23:06:25.327+0000] {dag.py:3954} INFO - Setting next_dagrun for produce_json to 2026-02-09 14:00:00+00:00, run_after=2026-02-10 14:00:00+00:00
[2026-02-09T23:06:25.369+0000] {processor.py:183} INFO - Processing /opt/airflow/dags/main.py took 0.277 seconds
[2026-02-09T23:06:57.008+0000] {processor.py:161} INFO - Started process (PID=490) to work on /opt/airflow/dags/main.py
[2026-02-09T23:06:57.058+0000] {processor.py:830} INFO - Processing file /opt/airflow/dags/main.py for tasks to queue
[2026-02-09T23:06:57.127+0000] {logging_mixin.py:188} INFO - [2026-02-09T23:06:57.095+0000] {dagbag.py:545} INFO - Filling up the DagBag from /opt/airflow/dags/main.py
[2026-02-09T23:06:57.255+0000] {processor.py:840} INFO - DAG(s) 'produce_json' retrieved from /opt/airflow/dags/main.py
[2026-02-09T23:06:58.964+0000] {logging_mixin.py:188} INFO - [2026-02-09T23:06:58.957+0000] {dag.py:3096} INFO - Sync 1 DAGs
[2026-02-09T23:06:59.479+0000] {logging_mixin.py:188} INFO - [2026-02-09T23:06:59.467+0000] {dag.py:3954} INFO - Setting next_dagrun for produce_json to 2026-02-09 14:00:00+00:00, run_after=2026-02-10 14:00:00+00:00
[2026-02-09T23:06:59.652+0000] {processor.py:183} INFO - Processing /opt/airflow/dags/main.py took 2.666 seconds
[2026-02-09T23:07:30.054+0000] {processor.py:161} INFO - Started process (PID=496) to work on /opt/airflow/dags/main.py
[2026-02-09T23:07:30.058+0000] {processor.py:830} INFO - Processing file /opt/airflow/dags/main.py for tasks to queue
[2026-02-09T23:07:30.069+0000] {logging_mixin.py:188} INFO - [2026-02-09T23:07:30.068+0000] {dagbag.py:545} INFO - Filling up the DagBag from /opt/airflow/dags/main.py
[2026-02-09T23:07:30.112+0000] {processor.py:840} INFO - DAG(s) 'produce_json' retrieved from /opt/airflow/dags/main.py
[2026-02-09T23:07:30.195+0000] {logging_mixin.py:188} INFO - [2026-02-09T23:07:30.195+0000] {dag.py:3096} INFO - Sync 1 DAGs
[2026-02-09T23:07:30.255+0000] {logging_mixin.py:188} INFO - [2026-02-09T23:07:30.255+0000] {dag.py:3954} INFO - Setting next_dagrun for produce_json to 2026-02-09 14:00:00+00:00, run_after=2026-02-10 14:00:00+00:00
[2026-02-09T23:07:30.312+0000] {processor.py:183} INFO - Processing /opt/airflow/dags/main.py took 0.269 seconds
[2026-02-09T23:08:01.115+0000] {processor.py:161} INFO - Started process (PID=503) to work on /opt/airflow/dags/main.py
[2026-02-09T23:08:01.122+0000] {processor.py:830} INFO - Processing file /opt/airflow/dags/main.py for tasks to queue
[2026-02-09T23:08:01.125+0000] {logging_mixin.py:188} INFO - [2026-02-09T23:08:01.125+0000] {dagbag.py:545} INFO - Filling up the DagBag from /opt/airflow/dags/main.py
[2026-02-09T23:08:01.187+0000] {processor.py:840} INFO - DAG(s) 'produce_json' retrieved from /opt/airflow/dags/main.py
[2026-02-09T23:08:01.262+0000] {logging_mixin.py:188} INFO - [2026-02-09T23:08:01.261+0000] {dag.py:3096} INFO - Sync 1 DAGs
[2026-02-09T23:08:01.326+0000] {logging_mixin.py:188} INFO - [2026-02-09T23:08:01.325+0000] {dag.py:3954} INFO - Setting next_dagrun for produce_json to 2026-02-09 14:00:00+00:00, run_after=2026-02-10 14:00:00+00:00
[2026-02-09T23:08:01.393+0000] {processor.py:183} INFO - Processing /opt/airflow/dags/main.py took 0.291 seconds
[2026-02-09T23:08:31.751+0000] {processor.py:161} INFO - Started process (PID=510) to work on /opt/airflow/dags/main.py
[2026-02-09T23:08:31.756+0000] {processor.py:830} INFO - Processing file /opt/airflow/dags/main.py for tasks to queue
[2026-02-09T23:08:31.763+0000] {logging_mixin.py:188} INFO - [2026-02-09T23:08:31.763+0000] {dagbag.py:545} INFO - Filling up the DagBag from /opt/airflow/dags/main.py
[2026-02-09T23:08:31.825+0000] {processor.py:840} INFO - DAG(s) 'produce_json' retrieved from /opt/airflow/dags/main.py
[2026-02-09T23:08:31.944+0000] {logging_mixin.py:188} INFO - [2026-02-09T23:08:31.941+0000] {dag.py:3096} INFO - Sync 1 DAGs
[2026-02-09T23:08:32.003+0000] {logging_mixin.py:188} INFO - [2026-02-09T23:08:32.002+0000] {dag.py:3954} INFO - Setting next_dagrun for produce_json to 2026-02-09 14:00:00+00:00, run_after=2026-02-10 14:00:00+00:00
[2026-02-09T23:08:32.107+0000] {processor.py:183} INFO - Processing /opt/airflow/dags/main.py took 0.383 seconds
[2026-02-09T23:09:02.193+0000] {processor.py:161} INFO - Started process (PID=517) to work on /opt/airflow/dags/main.py
[2026-02-09T23:09:02.202+0000] {processor.py:830} INFO - Processing file /opt/airflow/dags/main.py for tasks to queue
[2026-02-09T23:09:02.209+0000] {logging_mixin.py:188} INFO - [2026-02-09T23:09:02.208+0000] {dagbag.py:545} INFO - Filling up the DagBag from /opt/airflow/dags/main.py
[2026-02-09T23:09:02.300+0000] {processor.py:840} INFO - DAG(s) 'produce_json' retrieved from /opt/airflow/dags/main.py
[2026-02-09T23:09:02.423+0000] {logging_mixin.py:188} INFO - [2026-02-09T23:09:02.422+0000] {dag.py:3096} INFO - Sync 1 DAGs
[2026-02-09T23:09:02.480+0000] {logging_mixin.py:188} INFO - [2026-02-09T23:09:02.479+0000] {dag.py:3954} INFO - Setting next_dagrun for produce_json to 2026-02-09 14:00:00+00:00, run_after=2026-02-10 14:00:00+00:00
[2026-02-09T23:09:02.598+0000] {processor.py:183} INFO - Processing /opt/airflow/dags/main.py took 0.420 seconds
[2026-02-09T23:09:33.125+0000] {processor.py:161} INFO - Started process (PID=525) to work on /opt/airflow/dags/main.py
[2026-02-09T23:09:33.135+0000] {processor.py:830} INFO - Processing file /opt/airflow/dags/main.py for tasks to queue
[2026-02-09T23:09:33.142+0000] {logging_mixin.py:188} INFO - [2026-02-09T23:09:33.142+0000] {dagbag.py:545} INFO - Filling up the DagBag from /opt/airflow/dags/main.py
[2026-02-09T23:09:33.271+0000] {processor.py:840} INFO - DAG(s) 'produce_json' retrieved from /opt/airflow/dags/main.py
[2026-02-09T23:09:33.376+0000] {logging_mixin.py:188} INFO - [2026-02-09T23:09:33.376+0000] {dag.py:3096} INFO - Sync 1 DAGs
[2026-02-09T23:09:33.453+0000] {logging_mixin.py:188} INFO - [2026-02-09T23:09:33.453+0000] {dag.py:3954} INFO - Setting next_dagrun for produce_json to 2026-02-09 14:00:00+00:00, run_after=2026-02-10 14:00:00+00:00
[2026-02-09T23:09:33.525+0000] {processor.py:183} INFO - Processing /opt/airflow/dags/main.py took 0.417 seconds
[2026-02-09T23:10:04.243+0000] {processor.py:161} INFO - Started process (PID=533) to work on /opt/airflow/dags/main.py
[2026-02-09T23:10:04.259+0000] {processor.py:830} INFO - Processing file /opt/airflow/dags/main.py for tasks to queue
[2026-02-09T23:10:04.278+0000] {logging_mixin.py:188} INFO - [2026-02-09T23:10:04.277+0000] {dagbag.py:545} INFO - Filling up the DagBag from /opt/airflow/dags/main.py
[2026-02-09T23:10:04.373+0000] {processor.py:840} INFO - DAG(s) 'produce_json' retrieved from /opt/airflow/dags/main.py
[2026-02-09T23:10:04.463+0000] {logging_mixin.py:188} INFO - [2026-02-09T23:10:04.463+0000] {dag.py:3096} INFO - Sync 1 DAGs
[2026-02-09T23:10:04.539+0000] {logging_mixin.py:188} INFO - [2026-02-09T23:10:04.539+0000] {dag.py:3954} INFO - Setting next_dagrun for produce_json to 2026-02-09 14:00:00+00:00, run_after=2026-02-10 14:00:00+00:00
[2026-02-09T23:10:04.603+0000] {processor.py:183} INFO - Processing /opt/airflow/dags/main.py took 0.376 seconds
[2026-02-09T23:10:34.846+0000] {processor.py:161} INFO - Started process (PID=540) to work on /opt/airflow/dags/main.py
[2026-02-09T23:10:34.848+0000] {processor.py:830} INFO - Processing file /opt/airflow/dags/main.py for tasks to queue
[2026-02-09T23:10:34.851+0000] {logging_mixin.py:188} INFO - [2026-02-09T23:10:34.851+0000] {dagbag.py:545} INFO - Filling up the DagBag from /opt/airflow/dags/main.py
[2026-02-09T23:10:34.908+0000] {processor.py:840} INFO - DAG(s) 'produce_json' retrieved from /opt/airflow/dags/main.py
[2026-02-09T23:10:35.218+0000] {logging_mixin.py:188} INFO - [2026-02-09T23:10:35.218+0000] {dag.py:3096} INFO - Sync 1 DAGs
[2026-02-09T23:10:35.273+0000] {logging_mixin.py:188} INFO - [2026-02-09T23:10:35.271+0000] {dag.py:3954} INFO - Setting next_dagrun for produce_json to 2026-02-09 14:00:00+00:00, run_after=2026-02-10 14:00:00+00:00
[2026-02-09T23:10:35.315+0000] {processor.py:183} INFO - Processing /opt/airflow/dags/main.py took 0.482 seconds
[2026-02-09T23:11:05.641+0000] {processor.py:161} INFO - Started process (PID=547) to work on /opt/airflow/dags/main.py
[2026-02-09T23:11:05.644+0000] {processor.py:830} INFO - Processing file /opt/airflow/dags/main.py for tasks to queue
[2026-02-09T23:11:05.654+0000] {logging_mixin.py:188} INFO - [2026-02-09T23:11:05.653+0000] {dagbag.py:545} INFO - Filling up the DagBag from /opt/airflow/dags/main.py
[2026-02-09T23:11:05.723+0000] {processor.py:840} INFO - DAG(s) 'produce_json' retrieved from /opt/airflow/dags/main.py
[2026-02-09T23:11:05.900+0000] {logging_mixin.py:188} INFO - [2026-02-09T23:11:05.900+0000] {dag.py:3096} INFO - Sync 1 DAGs
[2026-02-09T23:11:05.993+0000] {logging_mixin.py:188} INFO - [2026-02-09T23:11:05.993+0000] {dag.py:3954} INFO - Setting next_dagrun for produce_json to 2026-02-09 14:00:00+00:00, run_after=2026-02-10 14:00:00+00:00
[2026-02-09T23:11:06.034+0000] {processor.py:183} INFO - Processing /opt/airflow/dags/main.py took 0.407 seconds
[2026-02-09T23:11:36.626+0000] {processor.py:161} INFO - Started process (PID=554) to work on /opt/airflow/dags/main.py
[2026-02-09T23:11:36.628+0000] {processor.py:830} INFO - Processing file /opt/airflow/dags/main.py for tasks to queue
[2026-02-09T23:11:36.631+0000] {logging_mixin.py:188} INFO - [2026-02-09T23:11:36.631+0000] {dagbag.py:545} INFO - Filling up the DagBag from /opt/airflow/dags/main.py
[2026-02-09T23:11:36.714+0000] {processor.py:840} INFO - DAG(s) 'produce_json' retrieved from /opt/airflow/dags/main.py
[2026-02-09T23:11:36.796+0000] {logging_mixin.py:188} INFO - [2026-02-09T23:11:36.795+0000] {dag.py:3096} INFO - Sync 1 DAGs
[2026-02-09T23:11:36.864+0000] {logging_mixin.py:188} INFO - [2026-02-09T23:11:36.863+0000] {dag.py:3954} INFO - Setting next_dagrun for produce_json to 2026-02-09 14:00:00+00:00, run_after=2026-02-10 14:00:00+00:00
[2026-02-09T23:11:36.923+0000] {processor.py:183} INFO - Processing /opt/airflow/dags/main.py took 0.311 seconds
[2026-02-09T23:12:07.663+0000] {processor.py:161} INFO - Started process (PID=561) to work on /opt/airflow/dags/main.py
[2026-02-09T23:12:07.670+0000] {processor.py:830} INFO - Processing file /opt/airflow/dags/main.py for tasks to queue
[2026-02-09T23:12:07.676+0000] {logging_mixin.py:188} INFO - [2026-02-09T23:12:07.673+0000] {dagbag.py:545} INFO - Filling up the DagBag from /opt/airflow/dags/main.py
[2026-02-09T23:12:07.739+0000] {processor.py:840} INFO - DAG(s) 'produce_json' retrieved from /opt/airflow/dags/main.py
[2026-02-09T23:12:07.824+0000] {logging_mixin.py:188} INFO - [2026-02-09T23:12:07.822+0000] {dag.py:3096} INFO - Sync 1 DAGs
[2026-02-09T23:12:07.888+0000] {logging_mixin.py:188} INFO - [2026-02-09T23:12:07.887+0000] {dag.py:3954} INFO - Setting next_dagrun for produce_json to 2026-02-09 14:00:00+00:00, run_after=2026-02-10 14:00:00+00:00
[2026-02-09T23:12:07.965+0000] {processor.py:183} INFO - Processing /opt/airflow/dags/main.py took 0.324 seconds
[2026-02-09T23:12:38.661+0000] {processor.py:161} INFO - Started process (PID=569) to work on /opt/airflow/dags/main.py
[2026-02-09T23:12:38.663+0000] {processor.py:830} INFO - Processing file /opt/airflow/dags/main.py for tasks to queue
[2026-02-09T23:12:38.666+0000] {logging_mixin.py:188} INFO - [2026-02-09T23:12:38.666+0000] {dagbag.py:545} INFO - Filling up the DagBag from /opt/airflow/dags/main.py
[2026-02-09T23:12:38.729+0000] {processor.py:840} INFO - DAG(s) 'produce_json' retrieved from /opt/airflow/dags/main.py
[2026-02-09T23:12:38.815+0000] {logging_mixin.py:188} INFO - [2026-02-09T23:12:38.815+0000] {dag.py:3096} INFO - Sync 1 DAGs
[2026-02-09T23:12:38.933+0000] {logging_mixin.py:188} INFO - [2026-02-09T23:12:38.933+0000] {dag.py:3954} INFO - Setting next_dagrun for produce_json to 2026-02-09 14:00:00+00:00, run_after=2026-02-10 14:00:00+00:00
[2026-02-09T23:12:38.983+0000] {processor.py:183} INFO - Processing /opt/airflow/dags/main.py took 0.335 seconds
[2026-02-09T23:13:09.674+0000] {processor.py:161} INFO - Started process (PID=577) to work on /opt/airflow/dags/main.py
[2026-02-09T23:13:09.685+0000] {processor.py:830} INFO - Processing file /opt/airflow/dags/main.py for tasks to queue
[2026-02-09T23:13:09.692+0000] {logging_mixin.py:188} INFO - [2026-02-09T23:13:09.691+0000] {dagbag.py:545} INFO - Filling up the DagBag from /opt/airflow/dags/main.py
[2026-02-09T23:13:09.795+0000] {processor.py:840} INFO - DAG(s) 'produce_json' retrieved from /opt/airflow/dags/main.py
[2026-02-09T23:13:09.898+0000] {logging_mixin.py:188} INFO - [2026-02-09T23:13:09.897+0000] {dag.py:3096} INFO - Sync 1 DAGs
[2026-02-09T23:13:09.936+0000] {logging_mixin.py:188} INFO - [2026-02-09T23:13:09.936+0000] {dag.py:3954} INFO - Setting next_dagrun for produce_json to 2026-02-09 14:00:00+00:00, run_after=2026-02-10 14:00:00+00:00
[2026-02-09T23:13:09.998+0000] {processor.py:183} INFO - Processing /opt/airflow/dags/main.py took 0.350 seconds
[2026-02-09T23:13:40.345+0000] {processor.py:161} INFO - Started process (PID=584) to work on /opt/airflow/dags/main.py
[2026-02-09T23:13:40.353+0000] {processor.py:830} INFO - Processing file /opt/airflow/dags/main.py for tasks to queue
[2026-02-09T23:13:40.359+0000] {logging_mixin.py:188} INFO - [2026-02-09T23:13:40.358+0000] {dagbag.py:545} INFO - Filling up the DagBag from /opt/airflow/dags/main.py
[2026-02-09T23:13:40.456+0000] {processor.py:840} INFO - DAG(s) 'produce_json' retrieved from /opt/airflow/dags/main.py
[2026-02-09T23:13:40.539+0000] {logging_mixin.py:188} INFO - [2026-02-09T23:13:40.538+0000] {dag.py:3096} INFO - Sync 1 DAGs
[2026-02-09T23:13:40.596+0000] {logging_mixin.py:188} INFO - [2026-02-09T23:13:40.596+0000] {dag.py:3954} INFO - Setting next_dagrun for produce_json to 2026-02-09 14:00:00+00:00, run_after=2026-02-10 14:00:00+00:00
[2026-02-09T23:13:40.661+0000] {processor.py:183} INFO - Processing /opt/airflow/dags/main.py took 0.331 seconds
[2026-02-09T23:14:11.407+0000] {processor.py:161} INFO - Started process (PID=590) to work on /opt/airflow/dags/main.py
[2026-02-09T23:14:11.412+0000] {processor.py:830} INFO - Processing file /opt/airflow/dags/main.py for tasks to queue
[2026-02-09T23:14:11.418+0000] {logging_mixin.py:188} INFO - [2026-02-09T23:14:11.417+0000] {dagbag.py:545} INFO - Filling up the DagBag from /opt/airflow/dags/main.py
[2026-02-09T23:14:11.484+0000] {processor.py:840} INFO - DAG(s) 'produce_json' retrieved from /opt/airflow/dags/main.py
[2026-02-09T23:14:11.571+0000] {logging_mixin.py:188} INFO - [2026-02-09T23:14:11.571+0000] {dag.py:3096} INFO - Sync 1 DAGs
[2026-02-09T23:14:11.634+0000] {logging_mixin.py:188} INFO - [2026-02-09T23:14:11.634+0000] {dag.py:3954} INFO - Setting next_dagrun for produce_json to 2026-02-09 14:00:00+00:00, run_after=2026-02-10 14:00:00+00:00
[2026-02-09T23:14:11.706+0000] {processor.py:183} INFO - Processing /opt/airflow/dags/main.py took 0.324 seconds
[2026-02-09T23:14:42.486+0000] {processor.py:161} INFO - Started process (PID=598) to work on /opt/airflow/dags/main.py
[2026-02-09T23:14:42.507+0000] {processor.py:830} INFO - Processing file /opt/airflow/dags/main.py for tasks to queue
[2026-02-09T23:14:42.532+0000] {logging_mixin.py:188} INFO - [2026-02-09T23:14:42.531+0000] {dagbag.py:545} INFO - Filling up the DagBag from /opt/airflow/dags/main.py
[2026-02-09T23:14:42.620+0000] {processor.py:840} INFO - DAG(s) 'produce_json' retrieved from /opt/airflow/dags/main.py
[2026-02-09T23:14:42.752+0000] {logging_mixin.py:188} INFO - [2026-02-09T23:14:42.751+0000] {dag.py:3096} INFO - Sync 1 DAGs
[2026-02-09T23:14:42.832+0000] {logging_mixin.py:188} INFO - [2026-02-09T23:14:42.832+0000] {dag.py:3954} INFO - Setting next_dagrun for produce_json to 2026-02-09 14:00:00+00:00, run_after=2026-02-10 14:00:00+00:00
[2026-02-09T23:14:42.906+0000] {processor.py:183} INFO - Processing /opt/airflow/dags/main.py took 0.436 seconds
[2026-02-09T23:15:13.356+0000] {processor.py:161} INFO - Started process (PID=604) to work on /opt/airflow/dags/main.py
[2026-02-09T23:15:13.360+0000] {processor.py:830} INFO - Processing file /opt/airflow/dags/main.py for tasks to queue
[2026-02-09T23:15:13.370+0000] {logging_mixin.py:188} INFO - [2026-02-09T23:15:13.370+0000] {dagbag.py:545} INFO - Filling up the DagBag from /opt/airflow/dags/main.py
[2026-02-09T23:15:13.475+0000] {processor.py:840} INFO - DAG(s) 'produce_json' retrieved from /opt/airflow/dags/main.py
[2026-02-09T23:15:13.558+0000] {logging_mixin.py:188} INFO - [2026-02-09T23:15:13.557+0000] {dag.py:3096} INFO - Sync 1 DAGs
[2026-02-09T23:15:13.626+0000] {logging_mixin.py:188} INFO - [2026-02-09T23:15:13.626+0000] {dag.py:3954} INFO - Setting next_dagrun for produce_json to 2026-02-09 14:00:00+00:00, run_after=2026-02-10 14:00:00+00:00
[2026-02-09T23:15:13.673+0000] {processor.py:183} INFO - Processing /opt/airflow/dags/main.py took 0.330 seconds
[2026-02-09T23:15:44.550+0000] {processor.py:161} INFO - Started process (PID=611) to work on /opt/airflow/dags/main.py
[2026-02-09T23:15:44.553+0000] {processor.py:830} INFO - Processing file /opt/airflow/dags/main.py for tasks to queue
[2026-02-09T23:15:44.556+0000] {logging_mixin.py:188} INFO - [2026-02-09T23:15:44.556+0000] {dagbag.py:545} INFO - Filling up the DagBag from /opt/airflow/dags/main.py
[2026-02-09T23:15:44.614+0000] {processor.py:840} INFO - DAG(s) 'produce_json' retrieved from /opt/airflow/dags/main.py
[2026-02-09T23:15:44.770+0000] {logging_mixin.py:188} INFO - [2026-02-09T23:15:44.767+0000] {dag.py:3096} INFO - Sync 1 DAGs
[2026-02-09T23:15:44.919+0000] {logging_mixin.py:188} INFO - [2026-02-09T23:15:44.915+0000] {dag.py:3954} INFO - Setting next_dagrun for produce_json to 2026-02-09 14:00:00+00:00, run_after=2026-02-10 14:00:00+00:00
[2026-02-09T23:15:45.002+0000] {processor.py:183} INFO - Processing /opt/airflow/dags/main.py took 0.484 seconds
[2026-02-09T23:16:16.046+0000] {processor.py:161} INFO - Started process (PID=619) to work on /opt/airflow/dags/main.py
[2026-02-09T23:16:16.049+0000] {processor.py:830} INFO - Processing file /opt/airflow/dags/main.py for tasks to queue
[2026-02-09T23:16:16.054+0000] {logging_mixin.py:188} INFO - [2026-02-09T23:16:16.053+0000] {dagbag.py:545} INFO - Filling up the DagBag from /opt/airflow/dags/main.py
[2026-02-09T23:16:16.139+0000] {processor.py:840} INFO - DAG(s) 'produce_json' retrieved from /opt/airflow/dags/main.py
[2026-02-09T23:16:16.214+0000] {logging_mixin.py:188} INFO - [2026-02-09T23:16:16.213+0000] {dag.py:3096} INFO - Sync 1 DAGs
[2026-02-09T23:16:16.271+0000] {logging_mixin.py:188} INFO - [2026-02-09T23:16:16.271+0000] {dag.py:3954} INFO - Setting next_dagrun for produce_json to 2026-02-09 14:00:00+00:00, run_after=2026-02-10 14:00:00+00:00
[2026-02-09T23:16:16.340+0000] {processor.py:183} INFO - Processing /opt/airflow/dags/main.py took 0.321 seconds
[2026-02-09T23:16:47.156+0000] {processor.py:161} INFO - Started process (PID=626) to work on /opt/airflow/dags/main.py
[2026-02-09T23:16:47.163+0000] {processor.py:830} INFO - Processing file /opt/airflow/dags/main.py for tasks to queue
[2026-02-09T23:16:47.168+0000] {logging_mixin.py:188} INFO - [2026-02-09T23:16:47.167+0000] {dagbag.py:545} INFO - Filling up the DagBag from /opt/airflow/dags/main.py
[2026-02-09T23:16:47.224+0000] {processor.py:840} INFO - DAG(s) 'produce_json' retrieved from /opt/airflow/dags/main.py
[2026-02-09T23:16:47.312+0000] {logging_mixin.py:188} INFO - [2026-02-09T23:16:47.312+0000] {dag.py:3096} INFO - Sync 1 DAGs
[2026-02-09T23:16:47.382+0000] {logging_mixin.py:188} INFO - [2026-02-09T23:16:47.382+0000] {dag.py:3954} INFO - Setting next_dagrun for produce_json to 2026-02-09 14:00:00+00:00, run_after=2026-02-10 14:00:00+00:00
[2026-02-09T23:16:47.472+0000] {processor.py:183} INFO - Processing /opt/airflow/dags/main.py took 0.333 seconds
[2026-02-09T23:17:17.626+0000] {processor.py:161} INFO - Started process (PID=634) to work on /opt/airflow/dags/main.py
[2026-02-09T23:17:17.628+0000] {processor.py:830} INFO - Processing file /opt/airflow/dags/main.py for tasks to queue
[2026-02-09T23:17:17.631+0000] {logging_mixin.py:188} INFO - [2026-02-09T23:17:17.631+0000] {dagbag.py:545} INFO - Filling up the DagBag from /opt/airflow/dags/main.py
[2026-02-09T23:17:17.682+0000] {processor.py:840} INFO - DAG(s) 'produce_json' retrieved from /opt/airflow/dags/main.py
[2026-02-09T23:17:17.816+0000] {logging_mixin.py:188} INFO - [2026-02-09T23:17:17.813+0000] {dag.py:3096} INFO - Sync 1 DAGs
[2026-02-09T23:17:17.882+0000] {logging_mixin.py:188} INFO - [2026-02-09T23:17:17.881+0000] {dag.py:3954} INFO - Setting next_dagrun for produce_json to 2026-02-09 14:00:00+00:00, run_after=2026-02-10 14:00:00+00:00
[2026-02-09T23:17:17.926+0000] {processor.py:183} INFO - Processing /opt/airflow/dags/main.py took 0.312 seconds
[2026-02-09T23:17:48.570+0000] {processor.py:161} INFO - Started process (PID=642) to work on /opt/airflow/dags/main.py
[2026-02-09T23:17:48.576+0000] {processor.py:830} INFO - Processing file /opt/airflow/dags/main.py for tasks to queue
[2026-02-09T23:17:48.584+0000] {logging_mixin.py:188} INFO - [2026-02-09T23:17:48.583+0000] {dagbag.py:545} INFO - Filling up the DagBag from /opt/airflow/dags/main.py
[2026-02-09T23:17:48.714+0000] {processor.py:840} INFO - DAG(s) 'produce_json' retrieved from /opt/airflow/dags/main.py
[2026-02-09T23:17:48.873+0000] {logging_mixin.py:188} INFO - [2026-02-09T23:17:48.872+0000] {dag.py:3096} INFO - Sync 1 DAGs
[2026-02-09T23:17:48.966+0000] {logging_mixin.py:188} INFO - [2026-02-09T23:17:48.966+0000] {dag.py:3954} INFO - Setting next_dagrun for produce_json to 2026-02-09 14:00:00+00:00, run_after=2026-02-10 14:00:00+00:00
[2026-02-09T23:17:49.021+0000] {processor.py:183} INFO - Processing /opt/airflow/dags/main.py took 0.480 seconds
[2026-02-09T23:18:19.626+0000] {processor.py:161} INFO - Started process (PID=656) to work on /opt/airflow/dags/main.py
[2026-02-09T23:18:19.634+0000] {processor.py:830} INFO - Processing file /opt/airflow/dags/main.py for tasks to queue
[2026-02-09T23:18:19.643+0000] {logging_mixin.py:188} INFO - [2026-02-09T23:18:19.643+0000] {dagbag.py:545} INFO - Filling up the DagBag from /opt/airflow/dags/main.py
[2026-02-09T23:18:19.722+0000] {processor.py:840} INFO - DAG(s) 'produce_json' retrieved from /opt/airflow/dags/main.py
[2026-02-09T23:18:19.871+0000] {logging_mixin.py:188} INFO - [2026-02-09T23:18:19.870+0000] {dag.py:3096} INFO - Sync 1 DAGs
[2026-02-09T23:18:19.977+0000] {logging_mixin.py:188} INFO - [2026-02-09T23:18:19.976+0000] {dag.py:3954} INFO - Setting next_dagrun for produce_json to 2026-02-09 14:00:00+00:00, run_after=2026-02-10 14:00:00+00:00
[2026-02-09T23:18:20.048+0000] {processor.py:183} INFO - Processing /opt/airflow/dags/main.py took 0.448 seconds
[2026-02-09T23:18:50.494+0000] {processor.py:161} INFO - Started process (PID=664) to work on /opt/airflow/dags/main.py
[2026-02-09T23:18:50.506+0000] {processor.py:830} INFO - Processing file /opt/airflow/dags/main.py for tasks to queue
[2026-02-09T23:18:50.511+0000] {logging_mixin.py:188} INFO - [2026-02-09T23:18:50.510+0000] {dagbag.py:545} INFO - Filling up the DagBag from /opt/airflow/dags/main.py
[2026-02-09T23:18:50.567+0000] {processor.py:840} INFO - DAG(s) 'produce_json' retrieved from /opt/airflow/dags/main.py
[2026-02-09T23:18:50.675+0000] {logging_mixin.py:188} INFO - [2026-02-09T23:18:50.675+0000] {dag.py:3096} INFO - Sync 1 DAGs
[2026-02-09T23:18:50.725+0000] {logging_mixin.py:188} INFO - [2026-02-09T23:18:50.725+0000] {dag.py:3954} INFO - Setting next_dagrun for produce_json to 2026-02-09 14:00:00+00:00, run_after=2026-02-10 14:00:00+00:00
[2026-02-09T23:18:50.778+0000] {processor.py:183} INFO - Processing /opt/airflow/dags/main.py took 0.300 seconds
[2026-02-09T23:19:20.924+0000] {processor.py:161} INFO - Started process (PID=671) to work on /opt/airflow/dags/main.py
[2026-02-09T23:19:20.929+0000] {processor.py:830} INFO - Processing file /opt/airflow/dags/main.py for tasks to queue
[2026-02-09T23:19:20.935+0000] {logging_mixin.py:188} INFO - [2026-02-09T23:19:20.934+0000] {dagbag.py:545} INFO - Filling up the DagBag from /opt/airflow/dags/main.py
[2026-02-09T23:19:21.002+0000] {processor.py:840} INFO - DAG(s) 'produce_json' retrieved from /opt/airflow/dags/main.py
[2026-02-09T23:19:21.071+0000] {logging_mixin.py:188} INFO - [2026-02-09T23:19:21.071+0000] {dag.py:3096} INFO - Sync 1 DAGs
[2026-02-09T23:19:21.127+0000] {logging_mixin.py:188} INFO - [2026-02-09T23:19:21.127+0000] {dag.py:3954} INFO - Setting next_dagrun for produce_json to 2026-02-09 14:00:00+00:00, run_after=2026-02-10 14:00:00+00:00
[2026-02-09T23:19:21.199+0000] {processor.py:183} INFO - Processing /opt/airflow/dags/main.py took 0.290 seconds
[2026-02-09T23:19:52.015+0000] {processor.py:161} INFO - Started process (PID=678) to work on /opt/airflow/dags/main.py
[2026-02-09T23:19:52.019+0000] {processor.py:830} INFO - Processing file /opt/airflow/dags/main.py for tasks to queue
[2026-02-09T23:19:52.024+0000] {logging_mixin.py:188} INFO - [2026-02-09T23:19:52.024+0000] {dagbag.py:545} INFO - Filling up the DagBag from /opt/airflow/dags/main.py
[2026-02-09T23:19:52.095+0000] {processor.py:840} INFO - DAG(s) 'produce_json' retrieved from /opt/airflow/dags/main.py
[2026-02-09T23:19:52.185+0000] {logging_mixin.py:188} INFO - [2026-02-09T23:19:52.184+0000] {dag.py:3096} INFO - Sync 1 DAGs
[2026-02-09T23:19:52.245+0000] {logging_mixin.py:188} INFO - [2026-02-09T23:19:52.244+0000] {dag.py:3954} INFO - Setting next_dagrun for produce_json to 2026-02-09 14:00:00+00:00, run_after=2026-02-10 14:00:00+00:00
[2026-02-09T23:19:52.299+0000] {processor.py:183} INFO - Processing /opt/airflow/dags/main.py took 0.303 seconds
[2026-02-09T23:20:23.007+0000] {processor.py:161} INFO - Started process (PID=686) to work on /opt/airflow/dags/main.py
[2026-02-09T23:20:23.013+0000] {processor.py:830} INFO - Processing file /opt/airflow/dags/main.py for tasks to queue
[2026-02-09T23:20:23.022+0000] {logging_mixin.py:188} INFO - [2026-02-09T23:20:23.021+0000] {dagbag.py:545} INFO - Filling up the DagBag from /opt/airflow/dags/main.py
[2026-02-09T23:20:23.075+0000] {processor.py:840} INFO - DAG(s) 'produce_json' retrieved from /opt/airflow/dags/main.py
[2026-02-09T23:20:23.175+0000] {logging_mixin.py:188} INFO - [2026-02-09T23:20:23.175+0000] {dag.py:3096} INFO - Sync 1 DAGs
[2026-02-09T23:20:23.219+0000] {logging_mixin.py:188} INFO - [2026-02-09T23:20:23.218+0000] {dag.py:3954} INFO - Setting next_dagrun for produce_json to 2026-02-09 14:00:00+00:00, run_after=2026-02-10 14:00:00+00:00
[2026-02-09T23:20:23.277+0000] {processor.py:183} INFO - Processing /opt/airflow/dags/main.py took 0.287 seconds
[2026-02-09T23:20:53.564+0000] {processor.py:161} INFO - Started process (PID=693) to work on /opt/airflow/dags/main.py
[2026-02-09T23:20:53.570+0000] {processor.py:830} INFO - Processing file /opt/airflow/dags/main.py for tasks to queue
[2026-02-09T23:20:53.574+0000] {logging_mixin.py:188} INFO - [2026-02-09T23:20:53.574+0000] {dagbag.py:545} INFO - Filling up the DagBag from /opt/airflow/dags/main.py
[2026-02-09T23:20:53.630+0000] {processor.py:840} INFO - DAG(s) 'produce_json' retrieved from /opt/airflow/dags/main.py
[2026-02-09T23:20:53.738+0000] {logging_mixin.py:188} INFO - [2026-02-09T23:20:53.737+0000] {dag.py:3096} INFO - Sync 1 DAGs
[2026-02-09T23:20:53.776+0000] {logging_mixin.py:188} INFO - [2026-02-09T23:20:53.776+0000] {dag.py:3954} INFO - Setting next_dagrun for produce_json to 2026-02-09 14:00:00+00:00, run_after=2026-02-10 14:00:00+00:00
[2026-02-09T23:20:53.846+0000] {processor.py:183} INFO - Processing /opt/airflow/dags/main.py took 0.302 seconds
[2026-02-09T23:21:23.910+0000] {processor.py:161} INFO - Started process (PID=699) to work on /opt/airflow/dags/main.py
[2026-02-09T23:21:23.912+0000] {processor.py:830} INFO - Processing file /opt/airflow/dags/main.py for tasks to queue
[2026-02-09T23:21:23.921+0000] {logging_mixin.py:188} INFO - [2026-02-09T23:21:23.920+0000] {dagbag.py:545} INFO - Filling up the DagBag from /opt/airflow/dags/main.py
[2026-02-09T23:21:23.975+0000] {processor.py:840} INFO - DAG(s) 'produce_json' retrieved from /opt/airflow/dags/main.py
[2026-02-09T23:21:24.094+0000] {logging_mixin.py:188} INFO - [2026-02-09T23:21:24.093+0000] {dag.py:3096} INFO - Sync 1 DAGs
[2026-02-09T23:21:24.153+0000] {logging_mixin.py:188} INFO - [2026-02-09T23:21:24.153+0000] {dag.py:3954} INFO - Setting next_dagrun for produce_json to 2026-02-09 14:00:00+00:00, run_after=2026-02-10 14:00:00+00:00
[2026-02-09T23:21:24.217+0000] {processor.py:183} INFO - Processing /opt/airflow/dags/main.py took 0.320 seconds
[2026-02-09T23:21:54.529+0000] {processor.py:161} INFO - Started process (PID=707) to work on /opt/airflow/dags/main.py
[2026-02-09T23:21:54.532+0000] {processor.py:830} INFO - Processing file /opt/airflow/dags/main.py for tasks to queue
[2026-02-09T23:21:54.535+0000] {logging_mixin.py:188} INFO - [2026-02-09T23:21:54.534+0000] {dagbag.py:545} INFO - Filling up the DagBag from /opt/airflow/dags/main.py
[2026-02-09T23:21:54.604+0000] {processor.py:840} INFO - DAG(s) 'produce_json' retrieved from /opt/airflow/dags/main.py
[2026-02-09T23:21:54.678+0000] {logging_mixin.py:188} INFO - [2026-02-09T23:21:54.677+0000] {dag.py:3096} INFO - Sync 1 DAGs
[2026-02-09T23:21:54.724+0000] {logging_mixin.py:188} INFO - [2026-02-09T23:21:54.724+0000] {dag.py:3954} INFO - Setting next_dagrun for produce_json to 2026-02-09 14:00:00+00:00, run_after=2026-02-10 14:00:00+00:00
[2026-02-09T23:21:54.794+0000] {processor.py:183} INFO - Processing /opt/airflow/dags/main.py took 0.277 seconds
[2026-02-09T23:22:26.734+0000] {processor.py:161} INFO - Started process (PID=715) to work on /opt/airflow/dags/main.py
[2026-02-09T23:22:26.769+0000] {processor.py:830} INFO - Processing file /opt/airflow/dags/main.py for tasks to queue
[2026-02-09T23:22:26.777+0000] {logging_mixin.py:188} INFO - [2026-02-09T23:22:26.776+0000] {dagbag.py:545} INFO - Filling up the DagBag from /opt/airflow/dags/main.py
[2026-02-09T23:22:26.856+0000] {processor.py:840} INFO - DAG(s) 'produce_json' retrieved from /opt/airflow/dags/main.py
[2026-02-09T23:22:27.087+0000] {logging_mixin.py:188} INFO - [2026-02-09T23:22:27.086+0000] {dag.py:3096} INFO - Sync 1 DAGs
[2026-02-09T23:22:27.165+0000] {logging_mixin.py:188} INFO - [2026-02-09T23:22:27.165+0000] {dag.py:3954} INFO - Setting next_dagrun for produce_json to 2026-02-09 14:00:00+00:00, run_after=2026-02-10 14:00:00+00:00
[2026-02-09T23:22:27.218+0000] {processor.py:183} INFO - Processing /opt/airflow/dags/main.py took 0.574 seconds
[2026-02-09T23:22:57.674+0000] {processor.py:161} INFO - Started process (PID=722) to work on /opt/airflow/dags/main.py
[2026-02-09T23:22:57.682+0000] {processor.py:830} INFO - Processing file /opt/airflow/dags/main.py for tasks to queue
[2026-02-09T23:22:57.698+0000] {logging_mixin.py:188} INFO - [2026-02-09T23:22:57.698+0000] {dagbag.py:545} INFO - Filling up the DagBag from /opt/airflow/dags/main.py
[2026-02-09T23:22:57.784+0000] {processor.py:840} INFO - DAG(s) 'produce_json' retrieved from /opt/airflow/dags/main.py
[2026-02-09T23:22:57.952+0000] {logging_mixin.py:188} INFO - [2026-02-09T23:22:57.952+0000] {dag.py:3096} INFO - Sync 1 DAGs
[2026-02-09T23:22:58.030+0000] {logging_mixin.py:188} INFO - [2026-02-09T23:22:58.029+0000] {dag.py:3954} INFO - Setting next_dagrun for produce_json to 2026-02-09 14:00:00+00:00, run_after=2026-02-10 14:00:00+00:00
[2026-02-09T23:22:58.076+0000] {processor.py:183} INFO - Processing /opt/airflow/dags/main.py took 0.413 seconds
[2026-02-09T23:23:28.774+0000] {processor.py:161} INFO - Started process (PID=729) to work on /opt/airflow/dags/main.py
[2026-02-09T23:23:28.784+0000] {processor.py:830} INFO - Processing file /opt/airflow/dags/main.py for tasks to queue
[2026-02-09T23:23:28.790+0000] {logging_mixin.py:188} INFO - [2026-02-09T23:23:28.789+0000] {dagbag.py:545} INFO - Filling up the DagBag from /opt/airflow/dags/main.py
[2026-02-09T23:23:28.876+0000] {processor.py:840} INFO - DAG(s) 'produce_json' retrieved from /opt/airflow/dags/main.py
[2026-02-09T23:23:29.022+0000] {logging_mixin.py:188} INFO - [2026-02-09T23:23:29.022+0000] {dag.py:3096} INFO - Sync 1 DAGs
[2026-02-09T23:23:29.102+0000] {logging_mixin.py:188} INFO - [2026-02-09T23:23:29.101+0000] {dag.py:3954} INFO - Setting next_dagrun for produce_json to 2026-02-09 14:00:00+00:00, run_after=2026-02-10 14:00:00+00:00
[2026-02-09T23:23:29.186+0000] {processor.py:183} INFO - Processing /opt/airflow/dags/main.py took 0.431 seconds
[2026-02-09T23:23:59.716+0000] {processor.py:161} INFO - Started process (PID=735) to work on /opt/airflow/dags/main.py
[2026-02-09T23:23:59.746+0000] {processor.py:830} INFO - Processing file /opt/airflow/dags/main.py for tasks to queue
[2026-02-09T23:23:59.756+0000] {logging_mixin.py:188} INFO - [2026-02-09T23:23:59.755+0000] {dagbag.py:545} INFO - Filling up the DagBag from /opt/airflow/dags/main.py
[2026-02-09T23:23:59.829+0000] {processor.py:840} INFO - DAG(s) 'produce_json' retrieved from /opt/airflow/dags/main.py
[2026-02-09T23:23:59.969+0000] {logging_mixin.py:188} INFO - [2026-02-09T23:23:59.968+0000] {dag.py:3096} INFO - Sync 1 DAGs
[2026-02-09T23:24:00.113+0000] {logging_mixin.py:188} INFO - [2026-02-09T23:24:00.113+0000] {dag.py:3954} INFO - Setting next_dagrun for produce_json to 2026-02-09 14:00:00+00:00, run_after=2026-02-10 14:00:00+00:00
[2026-02-09T23:24:00.189+0000] {processor.py:183} INFO - Processing /opt/airflow/dags/main.py took 0.541 seconds
[2026-02-09T23:24:30.459+0000] {processor.py:161} INFO - Started process (PID=742) to work on /opt/airflow/dags/main.py
[2026-02-09T23:24:30.469+0000] {processor.py:830} INFO - Processing file /opt/airflow/dags/main.py for tasks to queue
[2026-02-09T23:24:30.476+0000] {logging_mixin.py:188} INFO - [2026-02-09T23:24:30.475+0000] {dagbag.py:545} INFO - Filling up the DagBag from /opt/airflow/dags/main.py
[2026-02-09T23:24:30.525+0000] {processor.py:840} INFO - DAG(s) 'produce_json' retrieved from /opt/airflow/dags/main.py
[2026-02-09T23:24:30.617+0000] {logging_mixin.py:188} INFO - [2026-02-09T23:24:30.616+0000] {dag.py:3096} INFO - Sync 1 DAGs
[2026-02-09T23:24:30.670+0000] {logging_mixin.py:188} INFO - [2026-02-09T23:24:30.669+0000] {dag.py:3954} INFO - Setting next_dagrun for produce_json to 2026-02-09 14:00:00+00:00, run_after=2026-02-10 14:00:00+00:00
[2026-02-09T23:24:30.725+0000] {processor.py:183} INFO - Processing /opt/airflow/dags/main.py took 0.290 seconds
[2026-02-09T23:25:01.761+0000] {processor.py:161} INFO - Started process (PID=748) to work on /opt/airflow/dags/main.py
[2026-02-09T23:25:01.765+0000] {processor.py:830} INFO - Processing file /opt/airflow/dags/main.py for tasks to queue
[2026-02-09T23:25:01.770+0000] {logging_mixin.py:188} INFO - [2026-02-09T23:25:01.770+0000] {dagbag.py:545} INFO - Filling up the DagBag from /opt/airflow/dags/main.py
[2026-02-09T23:25:01.861+0000] {processor.py:840} INFO - DAG(s) 'produce_json' retrieved from /opt/airflow/dags/main.py
[2026-02-09T23:25:01.943+0000] {logging_mixin.py:188} INFO - [2026-02-09T23:25:01.943+0000] {dag.py:3096} INFO - Sync 1 DAGs
[2026-02-09T23:25:01.998+0000] {logging_mixin.py:188} INFO - [2026-02-09T23:25:01.997+0000] {dag.py:3954} INFO - Setting next_dagrun for produce_json to 2026-02-09 14:00:00+00:00, run_after=2026-02-10 14:00:00+00:00
[2026-02-09T23:25:02.460+0000] {processor.py:183} INFO - Processing /opt/airflow/dags/main.py took 0.728 seconds
[2026-02-09T23:25:32.826+0000] {processor.py:161} INFO - Started process (PID=755) to work on /opt/airflow/dags/main.py
[2026-02-09T23:25:32.834+0000] {processor.py:830} INFO - Processing file /opt/airflow/dags/main.py for tasks to queue
[2026-02-09T23:25:32.839+0000] {logging_mixin.py:188} INFO - [2026-02-09T23:25:32.838+0000] {dagbag.py:545} INFO - Filling up the DagBag from /opt/airflow/dags/main.py
[2026-02-09T23:25:32.893+0000] {processor.py:840} INFO - DAG(s) 'produce_json' retrieved from /opt/airflow/dags/main.py
[2026-02-09T23:25:32.987+0000] {logging_mixin.py:188} INFO - [2026-02-09T23:25:32.986+0000] {dag.py:3096} INFO - Sync 1 DAGs
[2026-02-09T23:25:33.045+0000] {logging_mixin.py:188} INFO - [2026-02-09T23:25:33.044+0000] {dag.py:3954} INFO - Setting next_dagrun for produce_json to 2026-02-09 14:00:00+00:00, run_after=2026-02-10 14:00:00+00:00
[2026-02-09T23:25:33.112+0000] {processor.py:183} INFO - Processing /opt/airflow/dags/main.py took 0.307 seconds
[2026-02-09T23:26:03.704+0000] {processor.py:161} INFO - Started process (PID=762) to work on /opt/airflow/dags/main.py
[2026-02-09T23:26:03.722+0000] {processor.py:830} INFO - Processing file /opt/airflow/dags/main.py for tasks to queue
[2026-02-09T23:26:03.758+0000] {logging_mixin.py:188} INFO - [2026-02-09T23:26:03.757+0000] {dagbag.py:545} INFO - Filling up the DagBag from /opt/airflow/dags/main.py
[2026-02-09T23:26:03.874+0000] {processor.py:840} INFO - DAG(s) 'produce_json' retrieved from /opt/airflow/dags/main.py
[2026-02-09T23:26:04.016+0000] {logging_mixin.py:188} INFO - [2026-02-09T23:26:04.016+0000] {dag.py:3096} INFO - Sync 1 DAGs
[2026-02-09T23:26:04.072+0000] {logging_mixin.py:188} INFO - [2026-02-09T23:26:04.072+0000] {dag.py:3954} INFO - Setting next_dagrun for produce_json to 2026-02-09 14:00:00+00:00, run_after=2026-02-10 14:00:00+00:00
[2026-02-09T23:26:04.243+0000] {processor.py:183} INFO - Processing /opt/airflow/dags/main.py took 0.552 seconds
[2026-02-09T23:26:34.394+0000] {processor.py:161} INFO - Started process (PID=769) to work on /opt/airflow/dags/main.py
[2026-02-09T23:26:34.396+0000] {processor.py:830} INFO - Processing file /opt/airflow/dags/main.py for tasks to queue
[2026-02-09T23:26:34.399+0000] {logging_mixin.py:188} INFO - [2026-02-09T23:26:34.399+0000] {dagbag.py:545} INFO - Filling up the DagBag from /opt/airflow/dags/main.py
[2026-02-09T23:26:34.499+0000] {processor.py:840} INFO - DAG(s) 'produce_json' retrieved from /opt/airflow/dags/main.py
[2026-02-09T23:26:34.614+0000] {logging_mixin.py:188} INFO - [2026-02-09T23:26:34.614+0000] {dag.py:3096} INFO - Sync 1 DAGs
[2026-02-09T23:26:34.658+0000] {logging_mixin.py:188} INFO - [2026-02-09T23:26:34.658+0000] {dag.py:3954} INFO - Setting next_dagrun for produce_json to 2026-02-09 14:00:00+00:00, run_after=2026-02-10 14:00:00+00:00
[2026-02-09T23:26:34.709+0000] {processor.py:183} INFO - Processing /opt/airflow/dags/main.py took 0.331 seconds
[2026-02-09T23:27:04.921+0000] {processor.py:161} INFO - Started process (PID=777) to work on /opt/airflow/dags/main.py
[2026-02-09T23:27:04.931+0000] {processor.py:830} INFO - Processing file /opt/airflow/dags/main.py for tasks to queue
[2026-02-09T23:27:04.937+0000] {logging_mixin.py:188} INFO - [2026-02-09T23:27:04.936+0000] {dagbag.py:545} INFO - Filling up the DagBag from /opt/airflow/dags/main.py
[2026-02-09T23:27:04.998+0000] {processor.py:840} INFO - DAG(s) 'produce_json' retrieved from /opt/airflow/dags/main.py
[2026-02-09T23:27:05.093+0000] {logging_mixin.py:188} INFO - [2026-02-09T23:27:05.093+0000] {dag.py:3096} INFO - Sync 1 DAGs
[2026-02-09T23:27:05.154+0000] {logging_mixin.py:188} INFO - [2026-02-09T23:27:05.154+0000] {dag.py:3954} INFO - Setting next_dagrun for produce_json to 2026-02-09 14:00:00+00:00, run_after=2026-02-10 14:00:00+00:00
[2026-02-09T23:27:05.203+0000] {processor.py:183} INFO - Processing /opt/airflow/dags/main.py took 0.293 seconds
[2026-02-09T23:27:35.837+0000] {processor.py:161} INFO - Started process (PID=785) to work on /opt/airflow/dags/main.py
[2026-02-09T23:27:35.842+0000] {processor.py:830} INFO - Processing file /opt/airflow/dags/main.py for tasks to queue
[2026-02-09T23:27:35.848+0000] {logging_mixin.py:188} INFO - [2026-02-09T23:27:35.848+0000] {dagbag.py:545} INFO - Filling up the DagBag from /opt/airflow/dags/main.py
[2026-02-09T23:27:35.895+0000] {processor.py:840} INFO - DAG(s) 'produce_json' retrieved from /opt/airflow/dags/main.py
[2026-02-09T23:27:35.974+0000] {logging_mixin.py:188} INFO - [2026-02-09T23:27:35.973+0000] {dag.py:3096} INFO - Sync 1 DAGs
[2026-02-09T23:27:36.040+0000] {logging_mixin.py:188} INFO - [2026-02-09T23:27:36.040+0000] {dag.py:3954} INFO - Setting next_dagrun for produce_json to 2026-02-09 14:00:00+00:00, run_after=2026-02-10 14:00:00+00:00
[2026-02-09T23:27:36.088+0000] {processor.py:183} INFO - Processing /opt/airflow/dags/main.py took 0.293 seconds
[2026-02-09T23:28:06.296+0000] {processor.py:161} INFO - Started process (PID=793) to work on /opt/airflow/dags/main.py
[2026-02-09T23:28:06.302+0000] {processor.py:830} INFO - Processing file /opt/airflow/dags/main.py for tasks to queue
[2026-02-09T23:28:06.319+0000] {logging_mixin.py:188} INFO - [2026-02-09T23:28:06.318+0000] {dagbag.py:545} INFO - Filling up the DagBag from /opt/airflow/dags/main.py
[2026-02-09T23:28:06.372+0000] {processor.py:840} INFO - DAG(s) 'produce_json' retrieved from /opt/airflow/dags/main.py
[2026-02-09T23:28:06.498+0000] {logging_mixin.py:188} INFO - [2026-02-09T23:28:06.497+0000] {dag.py:3096} INFO - Sync 1 DAGs
[2026-02-09T23:28:06.543+0000] {logging_mixin.py:188} INFO - [2026-02-09T23:28:06.542+0000] {dag.py:3954} INFO - Setting next_dagrun for produce_json to 2026-02-09 14:00:00+00:00, run_after=2026-02-10 14:00:00+00:00
[2026-02-09T23:28:06.589+0000] {processor.py:183} INFO - Processing /opt/airflow/dags/main.py took 0.304 seconds
[2026-02-09T23:28:36.984+0000] {processor.py:161} INFO - Started process (PID=800) to work on /opt/airflow/dags/main.py
[2026-02-09T23:28:36.989+0000] {processor.py:830} INFO - Processing file /opt/airflow/dags/main.py for tasks to queue
[2026-02-09T23:28:36.997+0000] {logging_mixin.py:188} INFO - [2026-02-09T23:28:36.994+0000] {dagbag.py:545} INFO - Filling up the DagBag from /opt/airflow/dags/main.py
[2026-02-09T23:28:37.327+0000] {processor.py:840} INFO - DAG(s) 'produce_json' retrieved from /opt/airflow/dags/main.py
[2026-02-09T23:28:37.423+0000] {logging_mixin.py:188} INFO - [2026-02-09T23:28:37.423+0000] {dag.py:3096} INFO - Sync 1 DAGs
[2026-02-09T23:28:37.493+0000] {logging_mixin.py:188} INFO - [2026-02-09T23:28:37.493+0000] {dag.py:3954} INFO - Setting next_dagrun for produce_json to 2026-02-09 14:00:00+00:00, run_after=2026-02-10 14:00:00+00:00
[2026-02-09T23:28:37.551+0000] {processor.py:183} INFO - Processing /opt/airflow/dags/main.py took 0.583 seconds
[2026-02-09T23:29:08.203+0000] {processor.py:161} INFO - Started process (PID=807) to work on /opt/airflow/dags/main.py
[2026-02-09T23:29:08.216+0000] {processor.py:830} INFO - Processing file /opt/airflow/dags/main.py for tasks to queue
[2026-02-09T23:29:08.242+0000] {logging_mixin.py:188} INFO - [2026-02-09T23:29:08.242+0000] {dagbag.py:545} INFO - Filling up the DagBag from /opt/airflow/dags/main.py
[2026-02-09T23:29:08.342+0000] {processor.py:840} INFO - DAG(s) 'produce_json' retrieved from /opt/airflow/dags/main.py
[2026-02-09T23:29:08.458+0000] {logging_mixin.py:188} INFO - [2026-02-09T23:29:08.457+0000] {dag.py:3096} INFO - Sync 1 DAGs
[2026-02-09T23:29:08.518+0000] {logging_mixin.py:188} INFO - [2026-02-09T23:29:08.518+0000] {dag.py:3954} INFO - Setting next_dagrun for produce_json to 2026-02-09 14:00:00+00:00, run_after=2026-02-10 14:00:00+00:00
[2026-02-09T23:29:08.587+0000] {processor.py:183} INFO - Processing /opt/airflow/dags/main.py took 0.471 seconds
[2026-02-09T23:29:39.411+0000] {processor.py:161} INFO - Started process (PID=814) to work on /opt/airflow/dags/main.py
[2026-02-09T23:29:39.419+0000] {processor.py:830} INFO - Processing file /opt/airflow/dags/main.py for tasks to queue
[2026-02-09T23:29:39.433+0000] {logging_mixin.py:188} INFO - [2026-02-09T23:29:39.432+0000] {dagbag.py:545} INFO - Filling up the DagBag from /opt/airflow/dags/main.py
[2026-02-09T23:29:39.496+0000] {processor.py:840} INFO - DAG(s) 'produce_json' retrieved from /opt/airflow/dags/main.py
[2026-02-09T23:29:39.739+0000] {logging_mixin.py:188} INFO - [2026-02-09T23:29:39.738+0000] {dag.py:3096} INFO - Sync 1 DAGs
[2026-02-09T23:29:39.843+0000] {logging_mixin.py:188} INFO - [2026-02-09T23:29:39.843+0000] {dag.py:3954} INFO - Setting next_dagrun for produce_json to 2026-02-09 14:00:00+00:00, run_after=2026-02-10 14:00:00+00:00
[2026-02-09T23:29:39.960+0000] {processor.py:183} INFO - Processing /opt/airflow/dags/main.py took 0.560 seconds
[2026-02-09T23:30:10.123+0000] {processor.py:161} INFO - Started process (PID=821) to work on /opt/airflow/dags/main.py
[2026-02-09T23:30:10.125+0000] {processor.py:830} INFO - Processing file /opt/airflow/dags/main.py for tasks to queue
[2026-02-09T23:30:10.128+0000] {logging_mixin.py:188} INFO - [2026-02-09T23:30:10.128+0000] {dagbag.py:545} INFO - Filling up the DagBag from /opt/airflow/dags/main.py
[2026-02-09T23:30:10.180+0000] {processor.py:840} INFO - DAG(s) 'produce_json' retrieved from /opt/airflow/dags/main.py
[2026-02-09T23:30:10.261+0000] {logging_mixin.py:188} INFO - [2026-02-09T23:30:10.260+0000] {dag.py:3096} INFO - Sync 1 DAGs
[2026-02-09T23:30:10.327+0000] {logging_mixin.py:188} INFO - [2026-02-09T23:30:10.326+0000] {dag.py:3954} INFO - Setting next_dagrun for produce_json to 2026-02-09 14:00:00+00:00, run_after=2026-02-10 14:00:00+00:00
[2026-02-09T23:30:10.376+0000] {processor.py:183} INFO - Processing /opt/airflow/dags/main.py took 0.282 seconds
[2026-02-09T23:30:40.974+0000] {processor.py:161} INFO - Started process (PID=829) to work on /opt/airflow/dags/main.py
[2026-02-09T23:30:40.989+0000] {processor.py:830} INFO - Processing file /opt/airflow/dags/main.py for tasks to queue
[2026-02-09T23:30:41.018+0000] {logging_mixin.py:188} INFO - [2026-02-09T23:30:41.014+0000] {dagbag.py:545} INFO - Filling up the DagBag from /opt/airflow/dags/main.py
[2026-02-09T23:30:41.114+0000] {processor.py:840} INFO - DAG(s) 'produce_json' retrieved from /opt/airflow/dags/main.py
[2026-02-09T23:30:41.232+0000] {logging_mixin.py:188} INFO - [2026-02-09T23:30:41.231+0000] {dag.py:3096} INFO - Sync 1 DAGs
[2026-02-09T23:30:41.310+0000] {logging_mixin.py:188} INFO - [2026-02-09T23:30:41.309+0000] {dag.py:3954} INFO - Setting next_dagrun for produce_json to 2026-02-09 14:00:00+00:00, run_after=2026-02-10 14:00:00+00:00
[2026-02-09T23:30:41.366+0000] {processor.py:183} INFO - Processing /opt/airflow/dags/main.py took 0.411 seconds
[2026-02-09T23:31:11.768+0000] {processor.py:161} INFO - Started process (PID=836) to work on /opt/airflow/dags/main.py
[2026-02-09T23:31:11.772+0000] {processor.py:830} INFO - Processing file /opt/airflow/dags/main.py for tasks to queue
[2026-02-09T23:31:11.779+0000] {logging_mixin.py:188} INFO - [2026-02-09T23:31:11.779+0000] {dagbag.py:545} INFO - Filling up the DagBag from /opt/airflow/dags/main.py
[2026-02-09T23:31:11.824+0000] {processor.py:840} INFO - DAG(s) 'produce_json' retrieved from /opt/airflow/dags/main.py
[2026-02-09T23:31:11.903+0000] {logging_mixin.py:188} INFO - [2026-02-09T23:31:11.903+0000] {dag.py:3096} INFO - Sync 1 DAGs
[2026-02-09T23:31:11.955+0000] {logging_mixin.py:188} INFO - [2026-02-09T23:31:11.955+0000] {dag.py:3954} INFO - Setting next_dagrun for produce_json to 2026-02-09 14:00:00+00:00, run_after=2026-02-10 14:00:00+00:00
[2026-02-09T23:31:12.013+0000] {processor.py:183} INFO - Processing /opt/airflow/dags/main.py took 0.267 seconds
[2026-02-09T23:31:42.965+0000] {processor.py:161} INFO - Started process (PID=844) to work on /opt/airflow/dags/main.py
[2026-02-09T23:31:42.971+0000] {processor.py:830} INFO - Processing file /opt/airflow/dags/main.py for tasks to queue
[2026-02-09T23:31:42.981+0000] {logging_mixin.py:188} INFO - [2026-02-09T23:31:42.981+0000] {dagbag.py:545} INFO - Filling up the DagBag from /opt/airflow/dags/main.py
[2026-02-09T23:31:43.053+0000] {processor.py:840} INFO - DAG(s) 'produce_json' retrieved from /opt/airflow/dags/main.py
[2026-02-09T23:31:43.130+0000] {logging_mixin.py:188} INFO - [2026-02-09T23:31:43.130+0000] {dag.py:3096} INFO - Sync 1 DAGs
[2026-02-09T23:31:43.214+0000] {logging_mixin.py:188} INFO - [2026-02-09T23:31:43.213+0000] {dag.py:3954} INFO - Setting next_dagrun for produce_json to 2026-02-09 14:00:00+00:00, run_after=2026-02-10 14:00:00+00:00
[2026-02-09T23:31:43.286+0000] {processor.py:183} INFO - Processing /opt/airflow/dags/main.py took 0.344 seconds
[2026-02-09T23:32:13.996+0000] {processor.py:161} INFO - Started process (PID=852) to work on /opt/airflow/dags/main.py
[2026-02-09T23:32:13.999+0000] {processor.py:830} INFO - Processing file /opt/airflow/dags/main.py for tasks to queue
[2026-02-09T23:32:14.006+0000] {logging_mixin.py:188} INFO - [2026-02-09T23:32:14.005+0000] {dagbag.py:545} INFO - Filling up the DagBag from /opt/airflow/dags/main.py
[2026-02-09T23:32:14.052+0000] {processor.py:840} INFO - DAG(s) 'produce_json' retrieved from /opt/airflow/dags/main.py
[2026-02-09T23:32:14.166+0000] {logging_mixin.py:188} INFO - [2026-02-09T23:32:14.165+0000] {dag.py:3096} INFO - Sync 1 DAGs
[2026-02-09T23:32:14.250+0000] {logging_mixin.py:188} INFO - [2026-02-09T23:32:14.249+0000] {dag.py:3954} INFO - Setting next_dagrun for produce_json to 2026-02-09 14:00:00+00:00, run_after=2026-02-10 14:00:00+00:00
[2026-02-09T23:32:14.313+0000] {processor.py:183} INFO - Processing /opt/airflow/dags/main.py took 0.337 seconds
[2026-02-09T23:32:44.764+0000] {processor.py:161} INFO - Started process (PID=860) to work on /opt/airflow/dags/main.py
[2026-02-09T23:32:44.770+0000] {processor.py:830} INFO - Processing file /opt/airflow/dags/main.py for tasks to queue
[2026-02-09T23:32:44.774+0000] {logging_mixin.py:188} INFO - [2026-02-09T23:32:44.773+0000] {dagbag.py:545} INFO - Filling up the DagBag from /opt/airflow/dags/main.py
[2026-02-09T23:32:44.838+0000] {processor.py:840} INFO - DAG(s) 'produce_json' retrieved from /opt/airflow/dags/main.py
[2026-02-09T23:32:44.937+0000] {logging_mixin.py:188} INFO - [2026-02-09T23:32:44.936+0000] {dag.py:3096} INFO - Sync 1 DAGs
[2026-02-09T23:32:45.003+0000] {logging_mixin.py:188} INFO - [2026-02-09T23:32:45.003+0000] {dag.py:3954} INFO - Setting next_dagrun for produce_json to 2026-02-09 14:00:00+00:00, run_after=2026-02-10 14:00:00+00:00
[2026-02-09T23:32:45.059+0000] {processor.py:183} INFO - Processing /opt/airflow/dags/main.py took 0.308 seconds
[2026-02-09T23:33:15.689+0000] {processor.py:161} INFO - Started process (PID=866) to work on /opt/airflow/dags/main.py
[2026-02-09T23:33:15.716+0000] {processor.py:830} INFO - Processing file /opt/airflow/dags/main.py for tasks to queue
[2026-02-09T23:33:15.745+0000] {logging_mixin.py:188} INFO - [2026-02-09T23:33:15.742+0000] {dagbag.py:545} INFO - Filling up the DagBag from /opt/airflow/dags/main.py
[2026-02-09T23:33:15.971+0000] {processor.py:840} INFO - DAG(s) 'produce_json' retrieved from /opt/airflow/dags/main.py
[2026-02-09T23:33:16.084+0000] {logging_mixin.py:188} INFO - [2026-02-09T23:33:16.083+0000] {dag.py:3096} INFO - Sync 1 DAGs
[2026-02-09T23:33:16.128+0000] {logging_mixin.py:188} INFO - [2026-02-09T23:33:16.128+0000] {dag.py:3954} INFO - Setting next_dagrun for produce_json to 2026-02-09 14:00:00+00:00, run_after=2026-02-10 14:00:00+00:00
[2026-02-09T23:33:16.206+0000] {processor.py:183} INFO - Processing /opt/airflow/dags/main.py took 0.751 seconds
[2026-02-09T23:33:46.527+0000] {processor.py:161} INFO - Started process (PID=873) to work on /opt/airflow/dags/main.py
[2026-02-09T23:33:46.529+0000] {processor.py:830} INFO - Processing file /opt/airflow/dags/main.py for tasks to queue
[2026-02-09T23:33:46.532+0000] {logging_mixin.py:188} INFO - [2026-02-09T23:33:46.531+0000] {dagbag.py:545} INFO - Filling up the DagBag from /opt/airflow/dags/main.py
[2026-02-09T23:33:46.607+0000] {processor.py:840} INFO - DAG(s) 'produce_json' retrieved from /opt/airflow/dags/main.py
[2026-02-09T23:33:46.716+0000] {logging_mixin.py:188} INFO - [2026-02-09T23:33:46.715+0000] {dag.py:3096} INFO - Sync 1 DAGs
[2026-02-09T23:33:46.761+0000] {logging_mixin.py:188} INFO - [2026-02-09T23:33:46.760+0000] {dag.py:3954} INFO - Setting next_dagrun for produce_json to 2026-02-09 14:00:00+00:00, run_after=2026-02-10 14:00:00+00:00
[2026-02-09T23:33:46.826+0000] {processor.py:183} INFO - Processing /opt/airflow/dags/main.py took 0.311 seconds
[2026-02-09T23:34:17.213+0000] {processor.py:161} INFO - Started process (PID=882) to work on /opt/airflow/dags/main.py
[2026-02-09T23:34:17.223+0000] {processor.py:830} INFO - Processing file /opt/airflow/dags/main.py for tasks to queue
[2026-02-09T23:34:17.229+0000] {logging_mixin.py:188} INFO - [2026-02-09T23:34:17.228+0000] {dagbag.py:545} INFO - Filling up the DagBag from /opt/airflow/dags/main.py
[2026-02-09T23:34:17.310+0000] {processor.py:840} INFO - DAG(s) 'produce_json' retrieved from /opt/airflow/dags/main.py
[2026-02-09T23:34:17.429+0000] {logging_mixin.py:188} INFO - [2026-02-09T23:34:17.428+0000] {dag.py:3096} INFO - Sync 1 DAGs
[2026-02-09T23:34:17.514+0000] {logging_mixin.py:188} INFO - [2026-02-09T23:34:17.513+0000] {dag.py:3954} INFO - Setting next_dagrun for produce_json to 2026-02-09 14:00:00+00:00, run_after=2026-02-10 14:00:00+00:00
[2026-02-09T23:34:17.595+0000] {processor.py:183} INFO - Processing /opt/airflow/dags/main.py took 0.400 seconds
[2026-02-09T23:34:47.791+0000] {processor.py:161} INFO - Started process (PID=889) to work on /opt/airflow/dags/main.py
[2026-02-09T23:34:47.794+0000] {processor.py:830} INFO - Processing file /opt/airflow/dags/main.py for tasks to queue
[2026-02-09T23:34:47.799+0000] {logging_mixin.py:188} INFO - [2026-02-09T23:34:47.798+0000] {dagbag.py:545} INFO - Filling up the DagBag from /opt/airflow/dags/main.py
[2026-02-09T23:34:47.870+0000] {processor.py:840} INFO - DAG(s) 'produce_json' retrieved from /opt/airflow/dags/main.py
[2026-02-09T23:34:47.951+0000] {logging_mixin.py:188} INFO - [2026-02-09T23:34:47.951+0000] {dag.py:3096} INFO - Sync 1 DAGs
[2026-02-09T23:34:48.004+0000] {logging_mixin.py:188} INFO - [2026-02-09T23:34:48.004+0000] {dag.py:3954} INFO - Setting next_dagrun for produce_json to 2026-02-09 14:00:00+00:00, run_after=2026-02-10 14:00:00+00:00
[2026-02-09T23:34:48.054+0000] {processor.py:183} INFO - Processing /opt/airflow/dags/main.py took 0.302 seconds
[2026-02-09T23:35:18.656+0000] {processor.py:161} INFO - Started process (PID=896) to work on /opt/airflow/dags/main.py
[2026-02-09T23:35:18.659+0000] {processor.py:830} INFO - Processing file /opt/airflow/dags/main.py for tasks to queue
[2026-02-09T23:35:18.663+0000] {logging_mixin.py:188} INFO - [2026-02-09T23:35:18.662+0000] {dagbag.py:545} INFO - Filling up the DagBag from /opt/airflow/dags/main.py
[2026-02-09T23:35:18.726+0000] {processor.py:840} INFO - DAG(s) 'produce_json' retrieved from /opt/airflow/dags/main.py
[2026-02-09T23:35:18.813+0000] {logging_mixin.py:188} INFO - [2026-02-09T23:35:18.812+0000] {dag.py:3096} INFO - Sync 1 DAGs
[2026-02-09T23:35:18.868+0000] {logging_mixin.py:188} INFO - [2026-02-09T23:35:18.868+0000] {dag.py:3954} INFO - Setting next_dagrun for produce_json to 2026-02-09 14:00:00+00:00, run_after=2026-02-10 14:00:00+00:00
[2026-02-09T23:35:18.926+0000] {processor.py:183} INFO - Processing /opt/airflow/dags/main.py took 0.292 seconds
[2026-02-09T23:35:49.379+0000] {processor.py:161} INFO - Started process (PID=903) to work on /opt/airflow/dags/main.py
[2026-02-09T23:35:49.385+0000] {processor.py:830} INFO - Processing file /opt/airflow/dags/main.py for tasks to queue
[2026-02-09T23:35:49.390+0000] {logging_mixin.py:188} INFO - [2026-02-09T23:35:49.389+0000] {dagbag.py:545} INFO - Filling up the DagBag from /opt/airflow/dags/main.py
[2026-02-09T23:35:49.441+0000] {processor.py:840} INFO - DAG(s) 'produce_json' retrieved from /opt/airflow/dags/main.py
[2026-02-09T23:35:49.547+0000] {logging_mixin.py:188} INFO - [2026-02-09T23:35:49.546+0000] {dag.py:3096} INFO - Sync 1 DAGs
[2026-02-09T23:35:49.600+0000] {logging_mixin.py:188} INFO - [2026-02-09T23:35:49.600+0000] {dag.py:3954} INFO - Setting next_dagrun for produce_json to 2026-02-09 14:00:00+00:00, run_after=2026-02-10 14:00:00+00:00
[2026-02-09T23:35:49.649+0000] {processor.py:183} INFO - Processing /opt/airflow/dags/main.py took 0.282 seconds
[2026-02-09T23:36:21.098+0000] {processor.py:161} INFO - Started process (PID=910) to work on /opt/airflow/dags/main.py
[2026-02-09T23:36:21.109+0000] {processor.py:830} INFO - Processing file /opt/airflow/dags/main.py for tasks to queue
[2026-02-09T23:36:21.121+0000] {logging_mixin.py:188} INFO - [2026-02-09T23:36:21.121+0000] {dagbag.py:545} INFO - Filling up the DagBag from /opt/airflow/dags/main.py
[2026-02-09T23:36:21.176+0000] {processor.py:840} INFO - DAG(s) 'produce_json' retrieved from /opt/airflow/dags/main.py
[2026-02-09T23:36:21.243+0000] {logging_mixin.py:188} INFO - [2026-02-09T23:36:21.243+0000] {dag.py:3096} INFO - Sync 1 DAGs
[2026-02-09T23:36:21.288+0000] {logging_mixin.py:188} INFO - [2026-02-09T23:36:21.288+0000] {dag.py:3954} INFO - Setting next_dagrun for produce_json to 2026-02-09 14:00:00+00:00, run_after=2026-02-10 14:00:00+00:00
[2026-02-09T23:36:21.339+0000] {processor.py:183} INFO - Processing /opt/airflow/dags/main.py took 0.255 seconds
[2026-02-09T23:36:51.928+0000] {processor.py:161} INFO - Started process (PID=917) to work on /opt/airflow/dags/main.py
[2026-02-09T23:36:51.941+0000] {processor.py:830} INFO - Processing file /opt/airflow/dags/main.py for tasks to queue
[2026-02-09T23:36:51.945+0000] {logging_mixin.py:188} INFO - [2026-02-09T23:36:51.945+0000] {dagbag.py:545} INFO - Filling up the DagBag from /opt/airflow/dags/main.py
[2026-02-09T23:36:51.996+0000] {processor.py:840} INFO - DAG(s) 'produce_json' retrieved from /opt/airflow/dags/main.py
[2026-02-09T23:36:52.291+0000] {logging_mixin.py:188} INFO - [2026-02-09T23:36:52.290+0000] {dag.py:3096} INFO - Sync 1 DAGs
[2026-02-09T23:36:52.383+0000] {logging_mixin.py:188} INFO - [2026-02-09T23:36:52.383+0000] {dag.py:3954} INFO - Setting next_dagrun for produce_json to 2026-02-09 14:00:00+00:00, run_after=2026-02-10 14:00:00+00:00
[2026-02-09T23:36:52.424+0000] {processor.py:183} INFO - Processing /opt/airflow/dags/main.py took 0.509 seconds
[2026-02-09T23:37:22.891+0000] {processor.py:161} INFO - Started process (PID=924) to work on /opt/airflow/dags/main.py
[2026-02-09T23:37:22.903+0000] {processor.py:830} INFO - Processing file /opt/airflow/dags/main.py for tasks to queue
[2026-02-09T23:37:22.917+0000] {logging_mixin.py:188} INFO - [2026-02-09T23:37:22.916+0000] {dagbag.py:545} INFO - Filling up the DagBag from /opt/airflow/dags/main.py
[2026-02-09T23:37:23.000+0000] {processor.py:840} INFO - DAG(s) 'produce_json' retrieved from /opt/airflow/dags/main.py
[2026-02-09T23:37:23.124+0000] {logging_mixin.py:188} INFO - [2026-02-09T23:37:23.124+0000] {dag.py:3096} INFO - Sync 1 DAGs
[2026-02-09T23:37:23.186+0000] {logging_mixin.py:188} INFO - [2026-02-09T23:37:23.186+0000] {dag.py:3954} INFO - Setting next_dagrun for produce_json to 2026-02-09 14:00:00+00:00, run_after=2026-02-10 14:00:00+00:00
[2026-02-09T23:37:23.246+0000] {processor.py:183} INFO - Processing /opt/airflow/dags/main.py took 0.398 seconds
[2026-02-09T23:37:53.898+0000] {processor.py:161} INFO - Started process (PID=931) to work on /opt/airflow/dags/main.py
[2026-02-09T23:37:53.908+0000] {processor.py:830} INFO - Processing file /opt/airflow/dags/main.py for tasks to queue
[2026-02-09T23:37:53.912+0000] {logging_mixin.py:188} INFO - [2026-02-09T23:37:53.911+0000] {dagbag.py:545} INFO - Filling up the DagBag from /opt/airflow/dags/main.py
[2026-02-09T23:37:53.977+0000] {processor.py:840} INFO - DAG(s) 'produce_json' retrieved from /opt/airflow/dags/main.py
[2026-02-09T23:37:54.038+0000] {logging_mixin.py:188} INFO - [2026-02-09T23:37:54.038+0000] {dag.py:3096} INFO - Sync 1 DAGs
[2026-02-09T23:37:54.103+0000] {logging_mixin.py:188} INFO - [2026-02-09T23:37:54.103+0000] {dag.py:3954} INFO - Setting next_dagrun for produce_json to 2026-02-09 14:00:00+00:00, run_after=2026-02-10 14:00:00+00:00
[2026-02-09T23:37:54.135+0000] {processor.py:183} INFO - Processing /opt/airflow/dags/main.py took 0.248 seconds
[2026-02-09T23:38:24.624+0000] {processor.py:161} INFO - Started process (PID=938) to work on /opt/airflow/dags/main.py
[2026-02-09T23:38:24.627+0000] {processor.py:830} INFO - Processing file /opt/airflow/dags/main.py for tasks to queue
[2026-02-09T23:38:24.632+0000] {logging_mixin.py:188} INFO - [2026-02-09T23:38:24.632+0000] {dagbag.py:545} INFO - Filling up the DagBag from /opt/airflow/dags/main.py
[2026-02-09T23:38:24.677+0000] {processor.py:840} INFO - DAG(s) 'produce_json' retrieved from /opt/airflow/dags/main.py
[2026-02-09T23:38:24.749+0000] {logging_mixin.py:188} INFO - [2026-02-09T23:38:24.748+0000] {dag.py:3096} INFO - Sync 1 DAGs
[2026-02-09T23:38:24.788+0000] {logging_mixin.py:188} INFO - [2026-02-09T23:38:24.787+0000] {dag.py:3954} INFO - Setting next_dagrun for produce_json to 2026-02-09 14:00:00+00:00, run_after=2026-02-10 14:00:00+00:00
[2026-02-09T23:38:24.846+0000] {processor.py:183} INFO - Processing /opt/airflow/dags/main.py took 0.234 seconds
[2026-02-09T23:38:55.051+0000] {processor.py:161} INFO - Started process (PID=946) to work on /opt/airflow/dags/main.py
[2026-02-09T23:38:55.054+0000] {processor.py:830} INFO - Processing file /opt/airflow/dags/main.py for tasks to queue
[2026-02-09T23:38:55.057+0000] {logging_mixin.py:188} INFO - [2026-02-09T23:38:55.057+0000] {dagbag.py:545} INFO - Filling up the DagBag from /opt/airflow/dags/main.py
[2026-02-09T23:38:55.365+0000] {processor.py:840} INFO - DAG(s) 'produce_json' retrieved from /opt/airflow/dags/main.py
[2026-02-09T23:38:55.472+0000] {logging_mixin.py:188} INFO - [2026-02-09T23:38:55.471+0000] {dag.py:3096} INFO - Sync 1 DAGs
[2026-02-09T23:38:55.574+0000] {logging_mixin.py:188} INFO - [2026-02-09T23:38:55.574+0000] {dag.py:3954} INFO - Setting next_dagrun for produce_json to 2026-02-09 14:00:00+00:00, run_after=2026-02-10 14:00:00+00:00
[2026-02-09T23:38:55.639+0000] {processor.py:183} INFO - Processing /opt/airflow/dags/main.py took 0.636 seconds
[2026-02-09T23:39:26.593+0000] {processor.py:161} INFO - Started process (PID=953) to work on /opt/airflow/dags/main.py
[2026-02-09T23:39:26.603+0000] {processor.py:830} INFO - Processing file /opt/airflow/dags/main.py for tasks to queue
[2026-02-09T23:39:26.618+0000] {logging_mixin.py:188} INFO - [2026-02-09T23:39:26.617+0000] {dagbag.py:545} INFO - Filling up the DagBag from /opt/airflow/dags/main.py
[2026-02-09T23:39:26.727+0000] {processor.py:840} INFO - DAG(s) 'produce_json' retrieved from /opt/airflow/dags/main.py
[2026-02-09T23:39:26.805+0000] {logging_mixin.py:188} INFO - [2026-02-09T23:39:26.804+0000] {dag.py:3096} INFO - Sync 1 DAGs
[2026-02-09T23:39:26.879+0000] {logging_mixin.py:188} INFO - [2026-02-09T23:39:26.879+0000] {dag.py:3954} INFO - Setting next_dagrun for produce_json to 2026-02-09 14:00:00+00:00, run_after=2026-02-10 14:00:00+00:00
[2026-02-09T23:39:26.939+0000] {processor.py:183} INFO - Processing /opt/airflow/dags/main.py took 0.369 seconds
[2026-02-09T23:39:57.742+0000] {processor.py:161} INFO - Started process (PID=960) to work on /opt/airflow/dags/main.py
[2026-02-09T23:39:57.748+0000] {processor.py:830} INFO - Processing file /opt/airflow/dags/main.py for tasks to queue
[2026-02-09T23:39:57.758+0000] {logging_mixin.py:188} INFO - [2026-02-09T23:39:57.756+0000] {dagbag.py:545} INFO - Filling up the DagBag from /opt/airflow/dags/main.py
[2026-02-09T23:39:57.844+0000] {processor.py:840} INFO - DAG(s) 'produce_json' retrieved from /opt/airflow/dags/main.py
[2026-02-09T23:39:57.932+0000] {logging_mixin.py:188} INFO - [2026-02-09T23:39:57.930+0000] {dag.py:3096} INFO - Sync 1 DAGs
[2026-02-09T23:39:58.004+0000] {logging_mixin.py:188} INFO - [2026-02-09T23:39:58.002+0000] {dag.py:3954} INFO - Setting next_dagrun for produce_json to 2026-02-09 14:00:00+00:00, run_after=2026-02-10 14:00:00+00:00
[2026-02-09T23:39:58.076+0000] {processor.py:183} INFO - Processing /opt/airflow/dags/main.py took 0.364 seconds
[2026-02-09T23:40:28.375+0000] {processor.py:161} INFO - Started process (PID=968) to work on /opt/airflow/dags/main.py
[2026-02-09T23:40:28.391+0000] {processor.py:830} INFO - Processing file /opt/airflow/dags/main.py for tasks to queue
[2026-02-09T23:40:28.394+0000] {logging_mixin.py:188} INFO - [2026-02-09T23:40:28.394+0000] {dagbag.py:545} INFO - Filling up the DagBag from /opt/airflow/dags/main.py
[2026-02-09T23:40:28.449+0000] {processor.py:840} INFO - DAG(s) 'produce_json' retrieved from /opt/airflow/dags/main.py
[2026-02-09T23:40:28.657+0000] {logging_mixin.py:188} INFO - [2026-02-09T23:40:28.657+0000] {dag.py:3096} INFO - Sync 1 DAGs
[2026-02-09T23:40:28.712+0000] {logging_mixin.py:188} INFO - [2026-02-09T23:40:28.711+0000] {dag.py:3954} INFO - Setting next_dagrun for produce_json to 2026-02-09 14:00:00+00:00, run_after=2026-02-10 14:00:00+00:00
[2026-02-09T23:40:28.767+0000] {processor.py:183} INFO - Processing /opt/airflow/dags/main.py took 0.403 seconds
[2026-02-09T23:40:59.245+0000] {processor.py:161} INFO - Started process (PID=975) to work on /opt/airflow/dags/main.py
[2026-02-09T23:40:59.249+0000] {processor.py:830} INFO - Processing file /opt/airflow/dags/main.py for tasks to queue
[2026-02-09T23:40:59.254+0000] {logging_mixin.py:188} INFO - [2026-02-09T23:40:59.254+0000] {dagbag.py:545} INFO - Filling up the DagBag from /opt/airflow/dags/main.py
[2026-02-09T23:40:59.331+0000] {processor.py:840} INFO - DAG(s) 'produce_json' retrieved from /opt/airflow/dags/main.py
[2026-02-09T23:40:59.563+0000] {logging_mixin.py:188} INFO - [2026-02-09T23:40:59.563+0000] {dag.py:3096} INFO - Sync 1 DAGs
[2026-02-09T23:40:59.679+0000] {logging_mixin.py:188} INFO - [2026-02-09T23:40:59.679+0000] {dag.py:3954} INFO - Setting next_dagrun for produce_json to 2026-02-09 14:00:00+00:00, run_after=2026-02-10 14:00:00+00:00
[2026-02-09T23:40:59.804+0000] {processor.py:183} INFO - Processing /opt/airflow/dags/main.py took 0.573 seconds
[2026-02-09T23:41:30.769+0000] {processor.py:161} INFO - Started process (PID=982) to work on /opt/airflow/dags/main.py
[2026-02-09T23:41:30.771+0000] {processor.py:830} INFO - Processing file /opt/airflow/dags/main.py for tasks to queue
[2026-02-09T23:41:30.781+0000] {logging_mixin.py:188} INFO - [2026-02-09T23:41:30.780+0000] {dagbag.py:545} INFO - Filling up the DagBag from /opt/airflow/dags/main.py
[2026-02-09T23:41:30.874+0000] {processor.py:840} INFO - DAG(s) 'produce_json' retrieved from /opt/airflow/dags/main.py
[2026-02-09T23:41:30.946+0000] {logging_mixin.py:188} INFO - [2026-02-09T23:41:30.945+0000] {dag.py:3096} INFO - Sync 1 DAGs
[2026-02-09T23:41:31.014+0000] {logging_mixin.py:188} INFO - [2026-02-09T23:41:31.014+0000] {dag.py:3954} INFO - Setting next_dagrun for produce_json to 2026-02-09 14:00:00+00:00, run_after=2026-02-10 14:00:00+00:00
[2026-02-09T23:41:31.078+0000] {processor.py:183} INFO - Processing /opt/airflow/dags/main.py took 0.322 seconds
[2026-02-09T23:42:01.697+0000] {processor.py:161} INFO - Started process (PID=989) to work on /opt/airflow/dags/main.py
[2026-02-09T23:42:01.704+0000] {processor.py:830} INFO - Processing file /opt/airflow/dags/main.py for tasks to queue
[2026-02-09T23:42:01.709+0000] {logging_mixin.py:188} INFO - [2026-02-09T23:42:01.709+0000] {dagbag.py:545} INFO - Filling up the DagBag from /opt/airflow/dags/main.py
[2026-02-09T23:42:01.800+0000] {processor.py:840} INFO - DAG(s) 'produce_json' retrieved from /opt/airflow/dags/main.py
[2026-02-09T23:42:02.210+0000] {logging_mixin.py:188} INFO - [2026-02-09T23:42:02.210+0000] {dag.py:3096} INFO - Sync 1 DAGs
[2026-02-09T23:42:02.258+0000] {logging_mixin.py:188} INFO - [2026-02-09T23:42:02.258+0000] {dag.py:3954} INFO - Setting next_dagrun for produce_json to 2026-02-09 14:00:00+00:00, run_after=2026-02-10 14:00:00+00:00
[2026-02-09T23:42:02.320+0000] {processor.py:183} INFO - Processing /opt/airflow/dags/main.py took 0.637 seconds
[2026-02-09T23:42:32.529+0000] {processor.py:161} INFO - Started process (PID=997) to work on /opt/airflow/dags/main.py
[2026-02-09T23:42:32.538+0000] {processor.py:830} INFO - Processing file /opt/airflow/dags/main.py for tasks to queue
[2026-02-09T23:42:32.544+0000] {logging_mixin.py:188} INFO - [2026-02-09T23:42:32.543+0000] {dagbag.py:545} INFO - Filling up the DagBag from /opt/airflow/dags/main.py
[2026-02-09T23:42:32.618+0000] {processor.py:840} INFO - DAG(s) 'produce_json' retrieved from /opt/airflow/dags/main.py
[2026-02-09T23:42:32.718+0000] {logging_mixin.py:188} INFO - [2026-02-09T23:42:32.717+0000] {dag.py:3096} INFO - Sync 1 DAGs
[2026-02-09T23:42:32.800+0000] {logging_mixin.py:188} INFO - [2026-02-09T23:42:32.800+0000] {dag.py:3954} INFO - Setting next_dagrun for produce_json to 2026-02-09 14:00:00+00:00, run_after=2026-02-10 14:00:00+00:00
[2026-02-09T23:42:32.860+0000] {processor.py:183} INFO - Processing /opt/airflow/dags/main.py took 0.344 seconds
[2026-02-09T23:43:03.055+0000] {processor.py:161} INFO - Started process (PID=1004) to work on /opt/airflow/dags/main.py
[2026-02-09T23:43:03.063+0000] {processor.py:830} INFO - Processing file /opt/airflow/dags/main.py for tasks to queue
[2026-02-09T23:43:03.080+0000] {logging_mixin.py:188} INFO - [2026-02-09T23:43:03.079+0000] {dagbag.py:545} INFO - Filling up the DagBag from /opt/airflow/dags/main.py
[2026-02-09T23:43:03.185+0000] {processor.py:840} INFO - DAG(s) 'produce_json' retrieved from /opt/airflow/dags/main.py
[2026-02-09T23:43:03.302+0000] {logging_mixin.py:188} INFO - [2026-02-09T23:43:03.302+0000] {dag.py:3096} INFO - Sync 1 DAGs
[2026-02-09T23:43:03.370+0000] {logging_mixin.py:188} INFO - [2026-02-09T23:43:03.369+0000] {dag.py:3954} INFO - Setting next_dagrun for produce_json to 2026-02-09 14:00:00+00:00, run_after=2026-02-10 14:00:00+00:00
[2026-02-09T23:43:03.405+0000] {processor.py:183} INFO - Processing /opt/airflow/dags/main.py took 0.377 seconds
[2026-02-09T23:43:34.315+0000] {processor.py:161} INFO - Started process (PID=1013) to work on /opt/airflow/dags/main.py
[2026-02-09T23:43:34.323+0000] {processor.py:830} INFO - Processing file /opt/airflow/dags/main.py for tasks to queue
[2026-02-09T23:43:34.327+0000] {logging_mixin.py:188} INFO - [2026-02-09T23:43:34.326+0000] {dagbag.py:545} INFO - Filling up the DagBag from /opt/airflow/dags/main.py
[2026-02-09T23:43:34.374+0000] {processor.py:840} INFO - DAG(s) 'produce_json' retrieved from /opt/airflow/dags/main.py
[2026-02-09T23:43:34.459+0000] {logging_mixin.py:188} INFO - [2026-02-09T23:43:34.459+0000] {dag.py:3096} INFO - Sync 1 DAGs
[2026-02-09T23:43:34.525+0000] {logging_mixin.py:188} INFO - [2026-02-09T23:43:34.525+0000] {dag.py:3954} INFO - Setting next_dagrun for produce_json to 2026-02-09 14:00:00+00:00, run_after=2026-02-10 14:00:00+00:00
[2026-02-09T23:43:34.588+0000] {processor.py:183} INFO - Processing /opt/airflow/dags/main.py took 0.324 seconds
[2026-02-09T23:44:05.654+0000] {processor.py:161} INFO - Started process (PID=1020) to work on /opt/airflow/dags/main.py
[2026-02-09T23:44:05.666+0000] {processor.py:830} INFO - Processing file /opt/airflow/dags/main.py for tasks to queue
[2026-02-09T23:44:05.669+0000] {logging_mixin.py:188} INFO - [2026-02-09T23:44:05.669+0000] {dagbag.py:545} INFO - Filling up the DagBag from /opt/airflow/dags/main.py
[2026-02-09T23:44:05.774+0000] {processor.py:840} INFO - DAG(s) 'produce_json' retrieved from /opt/airflow/dags/main.py
[2026-02-09T23:44:05.966+0000] {logging_mixin.py:188} INFO - [2026-02-09T23:44:05.966+0000] {dag.py:3096} INFO - Sync 1 DAGs
[2026-02-09T23:44:06.130+0000] {logging_mixin.py:188} INFO - [2026-02-09T23:44:06.129+0000] {dag.py:3954} INFO - Setting next_dagrun for produce_json to 2026-02-09 14:00:00+00:00, run_after=2026-02-10 14:00:00+00:00
[2026-02-09T23:44:06.255+0000] {processor.py:183} INFO - Processing /opt/airflow/dags/main.py took 0.611 seconds
[2026-02-09T23:44:37.182+0000] {processor.py:161} INFO - Started process (PID=1027) to work on /opt/airflow/dags/main.py
[2026-02-09T23:44:37.193+0000] {processor.py:830} INFO - Processing file /opt/airflow/dags/main.py for tasks to queue
[2026-02-09T23:44:37.207+0000] {logging_mixin.py:188} INFO - [2026-02-09T23:44:37.207+0000] {dagbag.py:545} INFO - Filling up the DagBag from /opt/airflow/dags/main.py
[2026-02-09T23:44:37.286+0000] {processor.py:840} INFO - DAG(s) 'produce_json' retrieved from /opt/airflow/dags/main.py
[2026-02-09T23:44:37.468+0000] {logging_mixin.py:188} INFO - [2026-02-09T23:44:37.467+0000] {dag.py:3096} INFO - Sync 1 DAGs
[2026-02-09T23:44:37.560+0000] {logging_mixin.py:188} INFO - [2026-02-09T23:44:37.560+0000] {dag.py:3954} INFO - Setting next_dagrun for produce_json to 2026-02-09 14:00:00+00:00, run_after=2026-02-10 14:00:00+00:00
[2026-02-09T23:44:37.603+0000] {processor.py:183} INFO - Processing /opt/airflow/dags/main.py took 0.436 seconds
[2026-02-09T23:45:08.655+0000] {processor.py:161} INFO - Started process (PID=1034) to work on /opt/airflow/dags/main.py
[2026-02-09T23:45:08.660+0000] {processor.py:830} INFO - Processing file /opt/airflow/dags/main.py for tasks to queue
[2026-02-09T23:45:08.668+0000] {logging_mixin.py:188} INFO - [2026-02-09T23:45:08.667+0000] {dagbag.py:545} INFO - Filling up the DagBag from /opt/airflow/dags/main.py
[2026-02-09T23:45:08.721+0000] {processor.py:840} INFO - DAG(s) 'produce_json' retrieved from /opt/airflow/dags/main.py
[2026-02-09T23:45:08.825+0000] {logging_mixin.py:188} INFO - [2026-02-09T23:45:08.824+0000] {dag.py:3096} INFO - Sync 1 DAGs
[2026-02-09T23:45:08.888+0000] {logging_mixin.py:188} INFO - [2026-02-09T23:45:08.888+0000] {dag.py:3954} INFO - Setting next_dagrun for produce_json to 2026-02-09 14:00:00+00:00, run_after=2026-02-10 14:00:00+00:00
[2026-02-09T23:45:08.938+0000] {processor.py:183} INFO - Processing /opt/airflow/dags/main.py took 0.294 seconds
[2026-02-09T23:45:39.694+0000] {processor.py:161} INFO - Started process (PID=1041) to work on /opt/airflow/dags/main.py
[2026-02-09T23:45:39.698+0000] {processor.py:830} INFO - Processing file /opt/airflow/dags/main.py for tasks to queue
[2026-02-09T23:45:39.703+0000] {logging_mixin.py:188} INFO - [2026-02-09T23:45:39.702+0000] {dagbag.py:545} INFO - Filling up the DagBag from /opt/airflow/dags/main.py
[2026-02-09T23:45:39.790+0000] {processor.py:840} INFO - DAG(s) 'produce_json' retrieved from /opt/airflow/dags/main.py
[2026-02-09T23:45:39.898+0000] {logging_mixin.py:188} INFO - [2026-02-09T23:45:39.897+0000] {dag.py:3096} INFO - Sync 1 DAGs
[2026-02-09T23:45:39.964+0000] {logging_mixin.py:188} INFO - [2026-02-09T23:45:39.963+0000] {dag.py:3954} INFO - Setting next_dagrun for produce_json to 2026-02-09 14:00:00+00:00, run_after=2026-02-10 14:00:00+00:00
[2026-02-09T23:45:40.018+0000] {processor.py:183} INFO - Processing /opt/airflow/dags/main.py took 0.347 seconds
[2026-02-09T23:46:10.248+0000] {processor.py:161} INFO - Started process (PID=1049) to work on /opt/airflow/dags/main.py
[2026-02-09T23:46:10.252+0000] {processor.py:830} INFO - Processing file /opt/airflow/dags/main.py for tasks to queue
[2026-02-09T23:46:10.256+0000] {logging_mixin.py:188} INFO - [2026-02-09T23:46:10.255+0000] {dagbag.py:545} INFO - Filling up the DagBag from /opt/airflow/dags/main.py
[2026-02-09T23:46:10.346+0000] {processor.py:840} INFO - DAG(s) 'produce_json' retrieved from /opt/airflow/dags/main.py
[2026-02-09T23:46:10.424+0000] {logging_mixin.py:188} INFO - [2026-02-09T23:46:10.423+0000] {dag.py:3096} INFO - Sync 1 DAGs
[2026-02-09T23:46:10.488+0000] {logging_mixin.py:188} INFO - [2026-02-09T23:46:10.487+0000] {dag.py:3954} INFO - Setting next_dagrun for produce_json to 2026-02-09 14:00:00+00:00, run_after=2026-02-10 14:00:00+00:00
[2026-02-09T23:46:10.571+0000] {processor.py:183} INFO - Processing /opt/airflow/dags/main.py took 0.347 seconds
[2026-02-09T23:46:40.738+0000] {processor.py:161} INFO - Started process (PID=1055) to work on /opt/airflow/dags/main.py
[2026-02-09T23:46:40.744+0000] {processor.py:830} INFO - Processing file /opt/airflow/dags/main.py for tasks to queue
[2026-02-09T23:46:40.746+0000] {logging_mixin.py:188} INFO - [2026-02-09T23:46:40.746+0000] {dagbag.py:545} INFO - Filling up the DagBag from /opt/airflow/dags/main.py
[2026-02-09T23:46:40.804+0000] {processor.py:840} INFO - DAG(s) 'produce_json' retrieved from /opt/airflow/dags/main.py
[2026-02-09T23:46:40.903+0000] {logging_mixin.py:188} INFO - [2026-02-09T23:46:40.902+0000] {dag.py:3096} INFO - Sync 1 DAGs
[2026-02-09T23:46:40.940+0000] {logging_mixin.py:188} INFO - [2026-02-09T23:46:40.940+0000] {dag.py:3954} INFO - Setting next_dagrun for produce_json to 2026-02-09 14:00:00+00:00, run_after=2026-02-10 14:00:00+00:00
[2026-02-09T23:46:40.973+0000] {processor.py:183} INFO - Processing /opt/airflow/dags/main.py took 0.249 seconds
[2026-02-09T23:47:11.202+0000] {processor.py:161} INFO - Started process (PID=1062) to work on /opt/airflow/dags/main.py
[2026-02-09T23:47:11.208+0000] {processor.py:830} INFO - Processing file /opt/airflow/dags/main.py for tasks to queue
[2026-02-09T23:47:11.212+0000] {logging_mixin.py:188} INFO - [2026-02-09T23:47:11.211+0000] {dagbag.py:545} INFO - Filling up the DagBag from /opt/airflow/dags/main.py
[2026-02-09T23:47:11.295+0000] {processor.py:840} INFO - DAG(s) 'produce_json' retrieved from /opt/airflow/dags/main.py
[2026-02-09T23:47:11.391+0000] {logging_mixin.py:188} INFO - [2026-02-09T23:47:11.390+0000] {dag.py:3096} INFO - Sync 1 DAGs
[2026-02-09T23:47:11.479+0000] {logging_mixin.py:188} INFO - [2026-02-09T23:47:11.478+0000] {dag.py:3954} INFO - Setting next_dagrun for produce_json to 2026-02-09 14:00:00+00:00, run_after=2026-02-10 14:00:00+00:00
[2026-02-09T23:47:11.568+0000] {processor.py:183} INFO - Processing /opt/airflow/dags/main.py took 0.385 seconds
[2026-02-09T23:47:42.610+0000] {processor.py:161} INFO - Started process (PID=1069) to work on /opt/airflow/dags/main.py
[2026-02-09T23:47:42.613+0000] {processor.py:830} INFO - Processing file /opt/airflow/dags/main.py for tasks to queue
[2026-02-09T23:47:42.617+0000] {logging_mixin.py:188} INFO - [2026-02-09T23:47:42.616+0000] {dagbag.py:545} INFO - Filling up the DagBag from /opt/airflow/dags/main.py
[2026-02-09T23:47:42.675+0000] {processor.py:840} INFO - DAG(s) 'produce_json' retrieved from /opt/airflow/dags/main.py
[2026-02-09T23:47:42.778+0000] {logging_mixin.py:188} INFO - [2026-02-09T23:47:42.777+0000] {dag.py:3096} INFO - Sync 1 DAGs
[2026-02-09T23:47:42.822+0000] {logging_mixin.py:188} INFO - [2026-02-09T23:47:42.821+0000] {dag.py:3954} INFO - Setting next_dagrun for produce_json to 2026-02-09 14:00:00+00:00, run_after=2026-02-10 14:00:00+00:00
[2026-02-09T23:47:42.902+0000] {processor.py:183} INFO - Processing /opt/airflow/dags/main.py took 0.316 seconds
[2026-02-09T23:48:13.577+0000] {processor.py:161} INFO - Started process (PID=1077) to work on /opt/airflow/dags/main.py
[2026-02-09T23:48:13.580+0000] {processor.py:830} INFO - Processing file /opt/airflow/dags/main.py for tasks to queue
[2026-02-09T23:48:13.583+0000] {logging_mixin.py:188} INFO - [2026-02-09T23:48:13.582+0000] {dagbag.py:545} INFO - Filling up the DagBag from /opt/airflow/dags/main.py
[2026-02-09T23:48:13.633+0000] {processor.py:840} INFO - DAG(s) 'produce_json' retrieved from /opt/airflow/dags/main.py
[2026-02-09T23:48:13.760+0000] {logging_mixin.py:188} INFO - [2026-02-09T23:48:13.759+0000] {dag.py:3096} INFO - Sync 1 DAGs
[2026-02-09T23:48:13.813+0000] {logging_mixin.py:188} INFO - [2026-02-09T23:48:13.813+0000] {dag.py:3954} INFO - Setting next_dagrun for produce_json to 2026-02-09 14:00:00+00:00, run_after=2026-02-10 14:00:00+00:00
[2026-02-09T23:48:13.872+0000] {processor.py:183} INFO - Processing /opt/airflow/dags/main.py took 0.307 seconds
[2026-02-09T23:48:44.136+0000] {processor.py:161} INFO - Started process (PID=1084) to work on /opt/airflow/dags/main.py
[2026-02-09T23:48:44.150+0000] {processor.py:830} INFO - Processing file /opt/airflow/dags/main.py for tasks to queue
[2026-02-09T23:48:44.157+0000] {logging_mixin.py:188} INFO - [2026-02-09T23:48:44.154+0000] {dagbag.py:545} INFO - Filling up the DagBag from /opt/airflow/dags/main.py
[2026-02-09T23:48:44.215+0000] {processor.py:840} INFO - DAG(s) 'produce_json' retrieved from /opt/airflow/dags/main.py
[2026-02-09T23:48:44.311+0000] {logging_mixin.py:188} INFO - [2026-02-09T23:48:44.311+0000] {dag.py:3096} INFO - Sync 1 DAGs
[2026-02-09T23:48:44.372+0000] {logging_mixin.py:188} INFO - [2026-02-09T23:48:44.371+0000] {dag.py:3954} INFO - Setting next_dagrun for produce_json to 2026-02-09 14:00:00+00:00, run_after=2026-02-10 14:00:00+00:00
[2026-02-09T23:48:44.430+0000] {processor.py:183} INFO - Processing /opt/airflow/dags/main.py took 0.306 seconds
[2026-02-09T23:49:14.552+0000] {processor.py:161} INFO - Started process (PID=1091) to work on /opt/airflow/dags/main.py
[2026-02-09T23:49:14.557+0000] {processor.py:830} INFO - Processing file /opt/airflow/dags/main.py for tasks to queue
[2026-02-09T23:49:14.563+0000] {logging_mixin.py:188} INFO - [2026-02-09T23:49:14.563+0000] {dagbag.py:545} INFO - Filling up the DagBag from /opt/airflow/dags/main.py
[2026-02-09T23:49:14.630+0000] {processor.py:840} INFO - DAG(s) 'produce_json' retrieved from /opt/airflow/dags/main.py
[2026-02-09T23:49:14.721+0000] {logging_mixin.py:188} INFO - [2026-02-09T23:49:14.713+0000] {dag.py:3096} INFO - Sync 1 DAGs
[2026-02-09T23:49:14.766+0000] {logging_mixin.py:188} INFO - [2026-02-09T23:49:14.766+0000] {dag.py:3954} INFO - Setting next_dagrun for produce_json to 2026-02-09 14:00:00+00:00, run_after=2026-02-10 14:00:00+00:00
[2026-02-09T23:49:15.140+0000] {processor.py:183} INFO - Processing /opt/airflow/dags/main.py took 0.600 seconds
[2026-02-09T23:49:45.285+0000] {processor.py:161} INFO - Started process (PID=1098) to work on /opt/airflow/dags/main.py
[2026-02-09T23:49:45.292+0000] {processor.py:830} INFO - Processing file /opt/airflow/dags/main.py for tasks to queue
[2026-02-09T23:49:45.295+0000] {logging_mixin.py:188} INFO - [2026-02-09T23:49:45.295+0000] {dagbag.py:545} INFO - Filling up the DagBag from /opt/airflow/dags/main.py
[2026-02-09T23:49:45.343+0000] {processor.py:840} INFO - DAG(s) 'produce_json' retrieved from /opt/airflow/dags/main.py
[2026-02-09T23:49:45.431+0000] {logging_mixin.py:188} INFO - [2026-02-09T23:49:45.430+0000] {dag.py:3096} INFO - Sync 1 DAGs
[2026-02-09T23:49:45.490+0000] {logging_mixin.py:188} INFO - [2026-02-09T23:49:45.488+0000] {dag.py:3954} INFO - Setting next_dagrun for produce_json to 2026-02-09 14:00:00+00:00, run_after=2026-02-10 14:00:00+00:00
[2026-02-09T23:49:45.536+0000] {processor.py:183} INFO - Processing /opt/airflow/dags/main.py took 0.273 seconds
[2026-02-09T23:50:16.330+0000] {processor.py:161} INFO - Started process (PID=1106) to work on /opt/airflow/dags/main.py
[2026-02-09T23:50:16.335+0000] {processor.py:830} INFO - Processing file /opt/airflow/dags/main.py for tasks to queue
[2026-02-09T23:50:16.341+0000] {logging_mixin.py:188} INFO - [2026-02-09T23:50:16.340+0000] {dagbag.py:545} INFO - Filling up the DagBag from /opt/airflow/dags/main.py
[2026-02-09T23:50:16.388+0000] {processor.py:840} INFO - DAG(s) 'produce_json' retrieved from /opt/airflow/dags/main.py
[2026-02-09T23:50:16.482+0000] {logging_mixin.py:188} INFO - [2026-02-09T23:50:16.482+0000] {dag.py:3096} INFO - Sync 1 DAGs
[2026-02-09T23:50:16.563+0000] {logging_mixin.py:188} INFO - [2026-02-09T23:50:16.562+0000] {dag.py:3954} INFO - Setting next_dagrun for produce_json to 2026-02-09 14:00:00+00:00, run_after=2026-02-10 14:00:00+00:00
[2026-02-09T23:50:16.620+0000] {processor.py:183} INFO - Processing /opt/airflow/dags/main.py took 0.306 seconds
[2026-02-09T23:50:47.191+0000] {processor.py:161} INFO - Started process (PID=1113) to work on /opt/airflow/dags/main.py
[2026-02-09T23:50:47.204+0000] {processor.py:830} INFO - Processing file /opt/airflow/dags/main.py for tasks to queue
[2026-02-09T23:50:47.236+0000] {logging_mixin.py:188} INFO - [2026-02-09T23:50:47.233+0000] {dagbag.py:545} INFO - Filling up the DagBag from /opt/airflow/dags/main.py
[2026-02-09T23:50:47.494+0000] {processor.py:840} INFO - DAG(s) 'produce_json' retrieved from /opt/airflow/dags/main.py
[2026-02-09T23:50:47.654+0000] {logging_mixin.py:188} INFO - [2026-02-09T23:50:47.653+0000] {dag.py:3096} INFO - Sync 1 DAGs
[2026-02-09T23:50:47.730+0000] {logging_mixin.py:188} INFO - [2026-02-09T23:50:47.730+0000] {dag.py:3954} INFO - Setting next_dagrun for produce_json to 2026-02-09 14:00:00+00:00, run_after=2026-02-10 14:00:00+00:00
[2026-02-09T23:50:47.771+0000] {processor.py:183} INFO - Processing /opt/airflow/dags/main.py took 0.661 seconds
[2026-02-09T23:51:18.611+0000] {processor.py:161} INFO - Started process (PID=1126) to work on /opt/airflow/dags/main.py
[2026-02-09T23:51:18.626+0000] {processor.py:830} INFO - Processing file /opt/airflow/dags/main.py for tasks to queue
[2026-02-09T23:51:18.630+0000] {logging_mixin.py:188} INFO - [2026-02-09T23:51:18.629+0000] {dagbag.py:545} INFO - Filling up the DagBag from /opt/airflow/dags/main.py
[2026-02-09T23:51:18.677+0000] {processor.py:840} INFO - DAG(s) 'produce_json' retrieved from /opt/airflow/dags/main.py
[2026-02-09T23:51:18.780+0000] {logging_mixin.py:188} INFO - [2026-02-09T23:51:18.780+0000] {dag.py:3096} INFO - Sync 1 DAGs
[2026-02-09T23:51:18.827+0000] {logging_mixin.py:188} INFO - [2026-02-09T23:51:18.826+0000] {dag.py:3954} INFO - Setting next_dagrun for produce_json to 2026-02-09 14:00:00+00:00, run_after=2026-02-10 14:00:00+00:00
[2026-02-09T23:51:18.897+0000] {processor.py:183} INFO - Processing /opt/airflow/dags/main.py took 0.297 seconds
[2026-02-09T23:51:49.941+0000] {processor.py:161} INFO - Started process (PID=1134) to work on /opt/airflow/dags/main.py
[2026-02-09T23:51:49.944+0000] {processor.py:830} INFO - Processing file /opt/airflow/dags/main.py for tasks to queue
[2026-02-09T23:51:49.952+0000] {logging_mixin.py:188} INFO - [2026-02-09T23:51:49.948+0000] {dagbag.py:545} INFO - Filling up the DagBag from /opt/airflow/dags/main.py
[2026-02-09T23:51:50.035+0000] {processor.py:840} INFO - DAG(s) 'produce_json' retrieved from /opt/airflow/dags/main.py
[2026-02-09T23:51:50.091+0000] {logging_mixin.py:188} INFO - [2026-02-09T23:51:50.090+0000] {dag.py:3096} INFO - Sync 1 DAGs
[2026-02-09T23:51:50.132+0000] {logging_mixin.py:188} INFO - [2026-02-09T23:51:50.132+0000] {dag.py:3954} INFO - Setting next_dagrun for produce_json to 2026-02-09 14:00:00+00:00, run_after=2026-02-10 14:00:00+00:00
[2026-02-09T23:51:50.298+0000] {processor.py:183} INFO - Processing /opt/airflow/dags/main.py took 0.378 seconds
[2026-02-09T23:52:20.504+0000] {processor.py:161} INFO - Started process (PID=1140) to work on /opt/airflow/dags/main.py
[2026-02-09T23:52:20.513+0000] {processor.py:830} INFO - Processing file /opt/airflow/dags/main.py for tasks to queue
[2026-02-09T23:52:20.517+0000] {logging_mixin.py:188} INFO - [2026-02-09T23:52:20.516+0000] {dagbag.py:545} INFO - Filling up the DagBag from /opt/airflow/dags/main.py
[2026-02-09T23:52:20.597+0000] {processor.py:840} INFO - DAG(s) 'produce_json' retrieved from /opt/airflow/dags/main.py
[2026-02-09T23:52:21.045+0000] {logging_mixin.py:188} INFO - [2026-02-09T23:52:21.044+0000] {dag.py:3096} INFO - Sync 1 DAGs
[2026-02-09T23:52:21.140+0000] {logging_mixin.py:188} INFO - [2026-02-09T23:52:21.140+0000] {dag.py:3954} INFO - Setting next_dagrun for produce_json to 2026-02-09 14:00:00+00:00, run_after=2026-02-10 14:00:00+00:00
[2026-02-09T23:52:21.246+0000] {processor.py:183} INFO - Processing /opt/airflow/dags/main.py took 0.753 seconds
[2026-02-09T23:52:51.493+0000] {processor.py:161} INFO - Started process (PID=1147) to work on /opt/airflow/dags/main.py
[2026-02-09T23:52:51.506+0000] {processor.py:830} INFO - Processing file /opt/airflow/dags/main.py for tasks to queue
[2026-02-09T23:52:51.518+0000] {logging_mixin.py:188} INFO - [2026-02-09T23:52:51.517+0000] {dagbag.py:545} INFO - Filling up the DagBag from /opt/airflow/dags/main.py
[2026-02-09T23:52:51.625+0000] {processor.py:840} INFO - DAG(s) 'produce_json' retrieved from /opt/airflow/dags/main.py
[2026-02-09T23:52:51.687+0000] {logging_mixin.py:188} INFO - [2026-02-09T23:52:51.686+0000] {dag.py:3096} INFO - Sync 1 DAGs
[2026-02-09T23:52:51.737+0000] {logging_mixin.py:188} INFO - [2026-02-09T23:52:51.737+0000] {dag.py:3954} INFO - Setting next_dagrun for produce_json to 2026-02-09 14:00:00+00:00, run_after=2026-02-10 14:00:00+00:00
[2026-02-09T23:52:51.791+0000] {processor.py:183} INFO - Processing /opt/airflow/dags/main.py took 0.309 seconds
[2026-02-09T23:53:22.577+0000] {processor.py:161} INFO - Started process (PID=1154) to work on /opt/airflow/dags/main.py
[2026-02-09T23:53:22.586+0000] {processor.py:830} INFO - Processing file /opt/airflow/dags/main.py for tasks to queue
[2026-02-09T23:53:22.596+0000] {logging_mixin.py:188} INFO - [2026-02-09T23:53:22.595+0000] {dagbag.py:545} INFO - Filling up the DagBag from /opt/airflow/dags/main.py
[2026-02-09T23:53:22.666+0000] {processor.py:840} INFO - DAG(s) 'produce_json' retrieved from /opt/airflow/dags/main.py
[2026-02-09T23:53:22.753+0000] {logging_mixin.py:188} INFO - [2026-02-09T23:53:22.752+0000] {dag.py:3096} INFO - Sync 1 DAGs
[2026-02-09T23:53:22.825+0000] {logging_mixin.py:188} INFO - [2026-02-09T23:53:22.825+0000] {dag.py:3954} INFO - Setting next_dagrun for produce_json to 2026-02-09 14:00:00+00:00, run_after=2026-02-10 14:00:00+00:00
[2026-02-09T23:53:22.891+0000] {processor.py:183} INFO - Processing /opt/airflow/dags/main.py took 0.345 seconds
[2026-02-09T23:53:53.646+0000] {processor.py:161} INFO - Started process (PID=1162) to work on /opt/airflow/dags/main.py
[2026-02-09T23:53:53.648+0000] {processor.py:830} INFO - Processing file /opt/airflow/dags/main.py for tasks to queue
[2026-02-09T23:53:53.651+0000] {logging_mixin.py:188} INFO - [2026-02-09T23:53:53.651+0000] {dagbag.py:545} INFO - Filling up the DagBag from /opt/airflow/dags/main.py
[2026-02-09T23:53:53.703+0000] {processor.py:840} INFO - DAG(s) 'produce_json' retrieved from /opt/airflow/dags/main.py
[2026-02-09T23:53:53.815+0000] {logging_mixin.py:188} INFO - [2026-02-09T23:53:53.814+0000] {dag.py:3096} INFO - Sync 1 DAGs
[2026-02-09T23:53:53.855+0000] {logging_mixin.py:188} INFO - [2026-02-09T23:53:53.855+0000] {dag.py:3954} INFO - Setting next_dagrun for produce_json to 2026-02-09 14:00:00+00:00, run_after=2026-02-10 14:00:00+00:00
[2026-02-09T23:53:53.923+0000] {processor.py:183} INFO - Processing /opt/airflow/dags/main.py took 0.290 seconds
[2026-02-09T23:54:24.018+0000] {processor.py:161} INFO - Started process (PID=1169) to work on /opt/airflow/dags/main.py
[2026-02-09T23:54:24.028+0000] {processor.py:830} INFO - Processing file /opt/airflow/dags/main.py for tasks to queue
[2026-02-09T23:54:24.031+0000] {logging_mixin.py:188} INFO - [2026-02-09T23:54:24.031+0000] {dagbag.py:545} INFO - Filling up the DagBag from /opt/airflow/dags/main.py
[2026-02-09T23:54:24.181+0000] {processor.py:840} INFO - DAG(s) 'produce_json' retrieved from /opt/airflow/dags/main.py
[2026-02-09T23:54:24.499+0000] {logging_mixin.py:188} INFO - [2026-02-09T23:54:24.499+0000] {dag.py:3096} INFO - Sync 1 DAGs
[2026-02-09T23:54:24.620+0000] {logging_mixin.py:188} INFO - [2026-02-09T23:54:24.620+0000] {dag.py:3954} INFO - Setting next_dagrun for produce_json to 2026-02-09 14:00:00+00:00, run_after=2026-02-10 14:00:00+00:00
[2026-02-09T23:54:24.691+0000] {processor.py:183} INFO - Processing /opt/airflow/dags/main.py took 0.686 seconds
[2026-02-09T23:54:55.808+0000] {processor.py:161} INFO - Started process (PID=1176) to work on /opt/airflow/dags/main.py
[2026-02-09T23:54:55.834+0000] {processor.py:830} INFO - Processing file /opt/airflow/dags/main.py for tasks to queue
[2026-02-09T23:54:55.840+0000] {logging_mixin.py:188} INFO - [2026-02-09T23:54:55.839+0000] {dagbag.py:545} INFO - Filling up the DagBag from /opt/airflow/dags/main.py
[2026-02-09T23:54:55.897+0000] {processor.py:840} INFO - DAG(s) 'produce_json' retrieved from /opt/airflow/dags/main.py
[2026-02-09T23:54:56.031+0000] {logging_mixin.py:188} INFO - [2026-02-09T23:54:56.030+0000] {dag.py:3096} INFO - Sync 1 DAGs
[2026-02-09T23:54:56.082+0000] {logging_mixin.py:188} INFO - [2026-02-09T23:54:56.082+0000] {dag.py:3954} INFO - Setting next_dagrun for produce_json to 2026-02-09 14:00:00+00:00, run_after=2026-02-10 14:00:00+00:00
[2026-02-09T23:54:56.126+0000] {processor.py:183} INFO - Processing /opt/airflow/dags/main.py took 0.334 seconds
[2026-02-09T23:55:26.421+0000] {processor.py:161} INFO - Started process (PID=1183) to work on /opt/airflow/dags/main.py
[2026-02-09T23:55:26.428+0000] {processor.py:830} INFO - Processing file /opt/airflow/dags/main.py for tasks to queue
[2026-02-09T23:55:26.433+0000] {logging_mixin.py:188} INFO - [2026-02-09T23:55:26.431+0000] {dagbag.py:545} INFO - Filling up the DagBag from /opt/airflow/dags/main.py
[2026-02-09T23:55:26.496+0000] {processor.py:840} INFO - DAG(s) 'produce_json' retrieved from /opt/airflow/dags/main.py
[2026-02-09T23:55:26.607+0000] {logging_mixin.py:188} INFO - [2026-02-09T23:55:26.605+0000] {dag.py:3096} INFO - Sync 1 DAGs
[2026-02-09T23:55:26.654+0000] {logging_mixin.py:188} INFO - [2026-02-09T23:55:26.654+0000] {dag.py:3954} INFO - Setting next_dagrun for produce_json to 2026-02-09 14:00:00+00:00, run_after=2026-02-10 14:00:00+00:00
[2026-02-09T23:55:26.718+0000] {processor.py:183} INFO - Processing /opt/airflow/dags/main.py took 0.342 seconds
[2026-02-09T23:55:57.881+0000] {processor.py:161} INFO - Started process (PID=1190) to work on /opt/airflow/dags/main.py
[2026-02-09T23:55:57.884+0000] {processor.py:830} INFO - Processing file /opt/airflow/dags/main.py for tasks to queue
[2026-02-09T23:55:57.888+0000] {logging_mixin.py:188} INFO - [2026-02-09T23:55:57.887+0000] {dagbag.py:545} INFO - Filling up the DagBag from /opt/airflow/dags/main.py
[2026-02-09T23:55:57.968+0000] {processor.py:840} INFO - DAG(s) 'produce_json' retrieved from /opt/airflow/dags/main.py
[2026-02-09T23:55:58.065+0000] {logging_mixin.py:188} INFO - [2026-02-09T23:55:58.064+0000] {dag.py:3096} INFO - Sync 1 DAGs
[2026-02-09T23:55:58.124+0000] {logging_mixin.py:188} INFO - [2026-02-09T23:55:58.124+0000] {dag.py:3954} INFO - Setting next_dagrun for produce_json to 2026-02-09 14:00:00+00:00, run_after=2026-02-10 14:00:00+00:00
[2026-02-09T23:55:58.180+0000] {processor.py:183} INFO - Processing /opt/airflow/dags/main.py took 0.323 seconds
[2026-02-09T23:56:28.771+0000] {processor.py:161} INFO - Started process (PID=1197) to work on /opt/airflow/dags/main.py
[2026-02-09T23:56:28.779+0000] {processor.py:830} INFO - Processing file /opt/airflow/dags/main.py for tasks to queue
[2026-02-09T23:56:28.784+0000] {logging_mixin.py:188} INFO - [2026-02-09T23:56:28.783+0000] {dagbag.py:545} INFO - Filling up the DagBag from /opt/airflow/dags/main.py
[2026-02-09T23:56:28.894+0000] {processor.py:840} INFO - DAG(s) 'produce_json' retrieved from /opt/airflow/dags/main.py
[2026-02-09T23:56:29.000+0000] {logging_mixin.py:188} INFO - [2026-02-09T23:56:28.999+0000] {dag.py:3096} INFO - Sync 1 DAGs
[2026-02-09T23:56:29.084+0000] {logging_mixin.py:188} INFO - [2026-02-09T23:56:29.083+0000] {dag.py:3954} INFO - Setting next_dagrun for produce_json to 2026-02-09 14:00:00+00:00, run_after=2026-02-10 14:00:00+00:00
[2026-02-09T23:56:29.245+0000] {processor.py:183} INFO - Processing /opt/airflow/dags/main.py took 0.497 seconds
[2026-02-09T23:56:59.771+0000] {processor.py:161} INFO - Started process (PID=1204) to work on /opt/airflow/dags/main.py
[2026-02-09T23:56:59.774+0000] {processor.py:830} INFO - Processing file /opt/airflow/dags/main.py for tasks to queue
[2026-02-09T23:56:59.779+0000] {logging_mixin.py:188} INFO - [2026-02-09T23:56:59.778+0000] {dagbag.py:545} INFO - Filling up the DagBag from /opt/airflow/dags/main.py
[2026-02-09T23:56:59.838+0000] {processor.py:840} INFO - DAG(s) 'produce_json' retrieved from /opt/airflow/dags/main.py
[2026-02-09T23:56:59.919+0000] {logging_mixin.py:188} INFO - [2026-02-09T23:56:59.918+0000] {dag.py:3096} INFO - Sync 1 DAGs
[2026-02-09T23:56:59.987+0000] {logging_mixin.py:188} INFO - [2026-02-09T23:56:59.987+0000] {dag.py:3954} INFO - Setting next_dagrun for produce_json to 2026-02-09 14:00:00+00:00, run_after=2026-02-10 14:00:00+00:00
[2026-02-09T23:57:00.048+0000] {processor.py:183} INFO - Processing /opt/airflow/dags/main.py took 0.296 seconds
[2026-02-09T23:57:30.768+0000] {processor.py:161} INFO - Started process (PID=1211) to work on /opt/airflow/dags/main.py
[2026-02-09T23:57:30.770+0000] {processor.py:830} INFO - Processing file /opt/airflow/dags/main.py for tasks to queue
[2026-02-09T23:57:30.776+0000] {logging_mixin.py:188} INFO - [2026-02-09T23:57:30.776+0000] {dagbag.py:545} INFO - Filling up the DagBag from /opt/airflow/dags/main.py
[2026-02-09T23:57:30.842+0000] {processor.py:840} INFO - DAG(s) 'produce_json' retrieved from /opt/airflow/dags/main.py
[2026-02-09T23:57:30.899+0000] {logging_mixin.py:188} INFO - [2026-02-09T23:57:30.899+0000] {dag.py:3096} INFO - Sync 1 DAGs
[2026-02-09T23:57:30.942+0000] {logging_mixin.py:188} INFO - [2026-02-09T23:57:30.941+0000] {dag.py:3954} INFO - Setting next_dagrun for produce_json to 2026-02-09 14:00:00+00:00, run_after=2026-02-10 14:00:00+00:00
[2026-02-09T23:57:30.994+0000] {processor.py:183} INFO - Processing /opt/airflow/dags/main.py took 0.242 seconds
[2026-02-09T23:58:01.588+0000] {processor.py:161} INFO - Started process (PID=1219) to work on /opt/airflow/dags/main.py
[2026-02-09T23:58:01.594+0000] {processor.py:830} INFO - Processing file /opt/airflow/dags/main.py for tasks to queue
[2026-02-09T23:58:01.598+0000] {logging_mixin.py:188} INFO - [2026-02-09T23:58:01.597+0000] {dagbag.py:545} INFO - Filling up the DagBag from /opt/airflow/dags/main.py
[2026-02-09T23:58:01.659+0000] {processor.py:840} INFO - DAG(s) 'produce_json' retrieved from /opt/airflow/dags/main.py
[2026-02-09T23:58:01.863+0000] {logging_mixin.py:188} INFO - [2026-02-09T23:58:01.862+0000] {dag.py:3096} INFO - Sync 1 DAGs
[2026-02-09T23:58:01.916+0000] {logging_mixin.py:188} INFO - [2026-02-09T23:58:01.915+0000] {dag.py:3954} INFO - Setting next_dagrun for produce_json to 2026-02-09 14:00:00+00:00, run_after=2026-02-10 14:00:00+00:00
[2026-02-09T23:58:01.968+0000] {processor.py:183} INFO - Processing /opt/airflow/dags/main.py took 0.394 seconds
[2026-02-09T23:58:32.203+0000] {processor.py:161} INFO - Started process (PID=1225) to work on /opt/airflow/dags/main.py
[2026-02-09T23:58:32.207+0000] {processor.py:830} INFO - Processing file /opt/airflow/dags/main.py for tasks to queue
[2026-02-09T23:58:32.219+0000] {logging_mixin.py:188} INFO - [2026-02-09T23:58:32.219+0000] {dagbag.py:545} INFO - Filling up the DagBag from /opt/airflow/dags/main.py
[2026-02-09T23:58:32.272+0000] {processor.py:840} INFO - DAG(s) 'produce_json' retrieved from /opt/airflow/dags/main.py
[2026-02-09T23:58:32.376+0000] {logging_mixin.py:188} INFO - [2026-02-09T23:58:32.376+0000] {dag.py:3096} INFO - Sync 1 DAGs
[2026-02-09T23:58:32.425+0000] {logging_mixin.py:188} INFO - [2026-02-09T23:58:32.425+0000] {dag.py:3954} INFO - Setting next_dagrun for produce_json to 2026-02-09 14:00:00+00:00, run_after=2026-02-10 14:00:00+00:00
[2026-02-09T23:58:32.506+0000] {processor.py:183} INFO - Processing /opt/airflow/dags/main.py took 0.315 seconds
[2026-02-09T23:59:02.723+0000] {processor.py:161} INFO - Started process (PID=1232) to work on /opt/airflow/dags/main.py
[2026-02-09T23:59:02.726+0000] {processor.py:830} INFO - Processing file /opt/airflow/dags/main.py for tasks to queue
[2026-02-09T23:59:02.732+0000] {logging_mixin.py:188} INFO - [2026-02-09T23:59:02.731+0000] {dagbag.py:545} INFO - Filling up the DagBag from /opt/airflow/dags/main.py
[2026-02-09T23:59:02.777+0000] {processor.py:840} INFO - DAG(s) 'produce_json' retrieved from /opt/airflow/dags/main.py
[2026-02-09T23:59:02.906+0000] {logging_mixin.py:188} INFO - [2026-02-09T23:59:02.906+0000] {dag.py:3096} INFO - Sync 1 DAGs
[2026-02-09T23:59:02.981+0000] {logging_mixin.py:188} INFO - [2026-02-09T23:59:02.981+0000] {dag.py:3954} INFO - Setting next_dagrun for produce_json to 2026-02-09 14:00:00+00:00, run_after=2026-02-10 14:00:00+00:00
[2026-02-09T23:59:03.039+0000] {processor.py:183} INFO - Processing /opt/airflow/dags/main.py took 0.334 seconds
[2026-02-09T23:59:33.806+0000] {processor.py:161} INFO - Started process (PID=1239) to work on /opt/airflow/dags/main.py
[2026-02-09T23:59:33.809+0000] {processor.py:830} INFO - Processing file /opt/airflow/dags/main.py for tasks to queue
[2026-02-09T23:59:33.817+0000] {logging_mixin.py:188} INFO - [2026-02-09T23:59:33.817+0000] {dagbag.py:545} INFO - Filling up the DagBag from /opt/airflow/dags/main.py
[2026-02-09T23:59:33.870+0000] {processor.py:840} INFO - DAG(s) 'produce_json' retrieved from /opt/airflow/dags/main.py
[2026-02-09T23:59:33.951+0000] {logging_mixin.py:188} INFO - [2026-02-09T23:59:33.949+0000] {dag.py:3096} INFO - Sync 1 DAGs
[2026-02-09T23:59:34.017+0000] {logging_mixin.py:188} INFO - [2026-02-09T23:59:34.016+0000] {dag.py:3954} INFO - Setting next_dagrun for produce_json to 2026-02-09 14:00:00+00:00, run_after=2026-02-10 14:00:00+00:00
[2026-02-09T23:59:34.072+0000] {processor.py:183} INFO - Processing /opt/airflow/dags/main.py took 0.280 seconds
