[2026-02-02T00:00:14.503+0000] {manager.py:470} INFO - Processing files using up to 2 processes at a time 
[2026-02-02T00:00:14.510+0000] {manager.py:471} INFO - Process each file at most once every 30 seconds
[2026-02-02T00:00:14.532+0000] {manager.py:472} INFO - Checking for new files in /opt/airflow/dags every 300 seconds
[2026-02-02T00:00:14.536+0000] {manager.py:737} INFO - Searching for files in /opt/airflow/dags
[2026-02-02T00:00:14.559+0000] {manager.py:740} INFO - There are 0 files in /opt/airflow/dags
[2026-02-02T00:05:14.591+0000] {manager.py:737} INFO - Searching for files in /opt/airflow/dags
[2026-02-02T00:05:14.598+0000] {manager.py:740} INFO - There are 0 files in /opt/airflow/dags
[2026-02-02T10:34:53.765+0000] {manager.py:737} INFO - Searching for files in /opt/airflow/dags
[2026-02-02T10:34:53.901+0000] {manager.py:740} INFO - There are 0 files in /opt/airflow/dags
[2026-02-02T12:28:46.252+0000] {manager.py:737} INFO - Searching for files in /opt/airflow/dags
[2026-02-02T12:28:46.256+0000] {manager.py:740} INFO - There are 0 files in /opt/airflow/dags
[2026-02-02T13:16:50.296+0000] {manager.py:737} INFO - Searching for files in /opt/airflow/dags
[2026-02-02T13:16:50.324+0000] {manager.py:740} INFO - There are 0 files in /opt/airflow/dags
[2026-02-02T14:45:11.180+0000] {manager.py:737} INFO - Searching for files in /opt/airflow/dags
[2026-02-02T14:45:11.181+0000] {manager.py:740} INFO - There are 0 files in /opt/airflow/dags
[2026-02-02T22:17:58.129+0000] {manager.py:737} INFO - Searching for files in /opt/airflow/dags
[2026-02-02T22:17:58.133+0000] {manager.py:740} INFO - There are 0 files in /opt/airflow/dags
[2026-02-02T22:43:12.090+0000] {manager.py:452} INFO - Exiting gracefully upon receiving signal 15
[2026-02-02T22:43:16.858+0000] {manager.py:470} INFO - Processing files using up to 2 processes at a time 
[2026-02-02T22:43:16.859+0000] {manager.py:471} INFO - Process each file at most once every 30 seconds
[2026-02-02T22:43:16.860+0000] {manager.py:472} INFO - Checking for new files in /opt/airflow/dags every 300 seconds
[2026-02-02T22:43:16.861+0000] {manager.py:737} INFO - Searching for files in /opt/airflow/dags
[2026-02-02T22:43:16.864+0000] {manager.py:740} INFO - There are 0 files in /opt/airflow/dags
[2026-02-02T22:50:59.960+0000] {manager.py:737} INFO - Searching for files in /opt/airflow/dags
[2026-02-02T22:50:59.963+0000] {manager.py:740} INFO - There are 0 files in /opt/airflow/dags
[2026-02-02T22:56:00.618+0000] {manager.py:737} INFO - Searching for files in /opt/airflow/dags
[2026-02-02T22:56:00.621+0000] {manager.py:740} INFO - There are 0 files in /opt/airflow/dags
[2026-02-02T23:01:00.618+0000] {manager.py:737} INFO - Searching for files in /opt/airflow/dags
[2026-02-02T23:01:00.625+0000] {manager.py:740} INFO - There are 0 files in /opt/airflow/dags
[2026-02-02T23:06:01.217+0000] {manager.py:737} INFO - Searching for files in /opt/airflow/dags
[2026-02-02T23:06:01.222+0000] {manager.py:740} INFO - There are 0 files in /opt/airflow/dags
[2026-02-02T23:11:01.685+0000] {manager.py:737} INFO - Searching for files in /opt/airflow/dags
[2026-02-02T23:11:01.688+0000] {manager.py:740} INFO - There are 1 files in /opt/airflow/dags
[2026-02-02T23:11:20.475+0000] {manager.py:878} INFO - 
================================================================================
DAG File Processing Stats

File Path                  PID    Runtime      # DAGs    # Errors  Last Runtime    Last Run
-------------------------  -----  ---------  --------  ----------  --------------  -------------------
/opt/airflow/dags/main.py                           0           1  0.51s           2026-02-02T23:11:02
================================================================================
[2026-02-02T23:11:50.899+0000] {manager.py:878} INFO - 
================================================================================
DAG File Processing Stats

File Path                  PID    Runtime      # DAGs    # Errors  Last Runtime    Last Run
-------------------------  -----  ---------  --------  ----------  --------------  -------------------
/opt/airflow/dags/main.py                           0           1  0.13s           2026-02-02T23:11:23
================================================================================
[2026-02-02T23:12:21.248+0000] {manager.py:878} INFO - 
================================================================================
DAG File Processing Stats

File Path                  PID    Runtime      # DAGs    # Errors  Last Runtime    Last Run
-------------------------  -----  ---------  --------  ----------  --------------  -------------------
/opt/airflow/dags/main.py                           0           1  0.18s           2026-02-02T23:11:54
================================================================================
[2026-02-02T23:12:52.085+0000] {manager.py:878} INFO - 
================================================================================
DAG File Processing Stats

File Path                  PID    Runtime      # DAGs    # Errors  Last Runtime    Last Run
-------------------------  -----  ---------  --------  ----------  --------------  -------------------
/opt/airflow/dags/main.py                           0           1  0.11s           2026-02-02T23:12:24
================================================================================
[2026-02-02T23:13:22.798+0000] {manager.py:878} INFO - 
================================================================================
DAG File Processing Stats

File Path                  PID    Runtime      # DAGs    # Errors  Last Runtime    Last Run
-------------------------  -----  ---------  --------  ----------  --------------  -------------------
/opt/airflow/dags/main.py                           0           1  0.16s           2026-02-02T23:12:55
================================================================================
[2026-02-02T23:13:53.386+0000] {manager.py:878} INFO - 
================================================================================
DAG File Processing Stats

File Path                  PID    Runtime      # DAGs    # Errors  Last Runtime    Last Run
-------------------------  -----  ---------  --------  ----------  --------------  -------------------
/opt/airflow/dags/main.py                           0           1  0.18s           2026-02-02T23:13:26
================================================================================
[2026-02-02T23:14:24.329+0000] {manager.py:878} INFO - 
================================================================================
DAG File Processing Stats

File Path                  PID    Runtime      # DAGs    # Errors  Last Runtime    Last Run
-------------------------  -----  ---------  --------  ----------  --------------  -------------------
/opt/airflow/dags/main.py                           0           1  0.14s           2026-02-02T23:13:56
================================================================================
[2026-02-02T23:14:55.666+0000] {manager.py:878} INFO - 
================================================================================
DAG File Processing Stats

File Path                  PID    Runtime      # DAGs    # Errors  Last Runtime    Last Run
-------------------------  -----  ---------  --------  ----------  --------------  -------------------
/opt/airflow/dags/main.py                           0           1  0.12s           2026-02-02T23:14:27
================================================================================
[2026-02-02T23:15:25.959+0000] {manager.py:878} INFO - 
================================================================================
DAG File Processing Stats

File Path                  PID    Runtime      # DAGs    # Errors  Last Runtime    Last Run
-------------------------  -----  ---------  --------  ----------  --------------  -------------------
/opt/airflow/dags/main.py                           0           1  0.11s           2026-02-02T23:14:57
================================================================================
[2026-02-02T23:15:56.743+0000] {manager.py:878} INFO - 
================================================================================
DAG File Processing Stats

File Path                  PID    Runtime      # DAGs    # Errors  Last Runtime    Last Run
-------------------------  -----  ---------  --------  ----------  --------------  -------------------
/opt/airflow/dags/main.py                           0           1  0.09s           2026-02-02T23:15:39
================================================================================
[2026-02-02T23:16:01.956+0000] {manager.py:737} INFO - Searching for files in /opt/airflow/dags
[2026-02-02T23:16:02.013+0000] {manager.py:740} INFO - There are 1 files in /opt/airflow/dags
[2026-02-02T23:17:55.669+0000] {manager.py:878} INFO - 
================================================================================
DAG File Processing Stats

File Path                    PID  Runtime      # DAGs    # Errors  Last Runtime    Last Run
-------------------------  -----  ---------  --------  ----------  --------------  -------------------
/opt/airflow/dags/main.py    551  0.12s             0           1  0.17s           2026-02-02T23:16:09
================================================================================
[2026-02-02T23:18:26.225+0000] {manager.py:878} INFO - 
================================================================================
DAG File Processing Stats

File Path                  PID    Runtime      # DAGs    # Errors  Last Runtime    Last Run
-------------------------  -----  ---------  --------  ----------  --------------  -------------------
/opt/airflow/dags/main.py                           0           1  0.54s           2026-02-02T23:18:25
================================================================================
[2026-02-02T23:18:56.387+0000] {manager.py:878} INFO - 
================================================================================
DAG File Processing Stats

File Path                  PID    Runtime      # DAGs    # Errors  Last Runtime    Last Run
-------------------------  -----  ---------  --------  ----------  --------------  -------------------
/opt/airflow/dags/main.py                           0           1  0.19s           2026-02-02T23:18:48
================================================================================
[2026-02-02T23:19:26.739+0000] {manager.py:878} INFO - 
================================================================================
DAG File Processing Stats

File Path                  PID    Runtime      # DAGs    # Errors  Last Runtime    Last Run
-------------------------  -----  ---------  --------  ----------  --------------  -------------------
/opt/airflow/dags/main.py                           0           1  0.37s           2026-02-02T23:19:15
================================================================================
[2026-02-02T23:19:56.985+0000] {manager.py:878} INFO - 
================================================================================
DAG File Processing Stats

File Path                  PID    Runtime      # DAGs    # Errors  Last Runtime    Last Run
-------------------------  -----  ---------  --------  ----------  --------------  -------------------
/opt/airflow/dags/main.py                           0           1  0.22s           2026-02-02T23:19:46
================================================================================
[2026-02-02T23:20:27.600+0000] {manager.py:878} INFO - 
================================================================================
DAG File Processing Stats

File Path                  PID    Runtime      # DAGs    # Errors  Last Runtime    Last Run
-------------------------  -----  ---------  --------  ----------  --------------  -------------------
/opt/airflow/dags/main.py                           0           1  0.17s           2026-02-02T23:20:14
================================================================================
[2026-02-02T23:20:58.187+0000] {manager.py:878} INFO - 
================================================================================
DAG File Processing Stats

File Path                  PID    Runtime      # DAGs    # Errors  Last Runtime    Last Run
-------------------------  -----  ---------  --------  ----------  --------------  -------------------
/opt/airflow/dags/main.py                           0           1  0.13s           2026-02-02T23:20:44
================================================================================
[2026-02-02T23:21:02.114+0000] {manager.py:737} INFO - Searching for files in /opt/airflow/dags
[2026-02-02T23:21:02.118+0000] {manager.py:740} INFO - There are 1 files in /opt/airflow/dags
[2026-02-02T23:21:28.914+0000] {manager.py:878} INFO - 
================================================================================
DAG File Processing Stats

File Path                  PID    Runtime      # DAGs    # Errors  Last Runtime    Last Run
-------------------------  -----  ---------  --------  ----------  --------------  -------------------
/opt/airflow/dags/main.py                           0           1  0.41s           2026-02-02T23:21:27
================================================================================
[2026-02-02T23:21:59.620+0000] {manager.py:878} INFO - 
================================================================================
DAG File Processing Stats

File Path                  PID    Runtime      # DAGs    # Errors  Last Runtime    Last Run
-------------------------  -----  ---------  --------  ----------  --------------  -------------------
/opt/airflow/dags/main.py                           0           1  0.13s           2026-02-02T23:21:53
================================================================================
[2026-02-02T23:22:29.839+0000] {manager.py:878} INFO - 
================================================================================
DAG File Processing Stats

File Path                  PID    Runtime      # DAGs    # Errors  Last Runtime    Last Run
-------------------------  -----  ---------  --------  ----------  --------------  -------------------
/opt/airflow/dags/main.py                           0           1  0.17s           2026-02-02T23:22:27
================================================================================
[2026-02-02T23:23:00.480+0000] {manager.py:878} INFO - 
================================================================================
DAG File Processing Stats

File Path                  PID    Runtime      # DAGs    # Errors  Last Runtime    Last Run
-------------------------  -----  ---------  --------  ----------  --------------  -------------------
/opt/airflow/dags/main.py                           0           1  0.47s           2026-02-02T23:22:48
================================================================================
[2026-02-02T23:23:31.402+0000] {manager.py:878} INFO - 
================================================================================
DAG File Processing Stats

File Path                  PID    Runtime      # DAGs    # Errors  Last Runtime    Last Run
-------------------------  -----  ---------  --------  ----------  --------------  -------------------
/opt/airflow/dags/main.py                           0           1  0.10s           2026-02-02T23:23:09
================================================================================
[2026-02-02T23:24:02.564+0000] {manager.py:878} INFO - 
================================================================================
DAG File Processing Stats

File Path                    PID  Runtime      # DAGs    # Errors  Last Runtime    Last Run
-------------------------  -----  ---------  --------  ----------  --------------  -------------------
/opt/airflow/dags/main.py    666  0.01s             0           1  0.15s           2026-02-02T23:23:54
================================================================================
[2026-02-02T23:24:32.612+0000] {manager.py:878} INFO - 
================================================================================
DAG File Processing Stats

File Path                  PID    Runtime      # DAGs    # Errors  Last Runtime    Last Run
-------------------------  -----  ---------  --------  ----------  --------------  -------------------
/opt/airflow/dags/main.py                           0           1  0.18s           2026-02-02T23:24:18
================================================================================
[2026-02-02T23:25:02.643+0000] {manager.py:878} INFO - 
================================================================================
DAG File Processing Stats

File Path                  PID    Runtime      # DAGs    # Errors  Last Runtime    Last Run
-------------------------  -----  ---------  --------  ----------  --------------  -------------------
/opt/airflow/dags/main.py                           0           1  0.25s           2026-02-02T23:24:49
================================================================================
[2026-02-02T23:25:33.219+0000] {manager.py:878} INFO - 
================================================================================
DAG File Processing Stats

File Path                  PID    Runtime      # DAGs    # Errors  Last Runtime    Last Run
-------------------------  -----  ---------  --------  ----------  --------------  -------------------
/opt/airflow/dags/main.py                           0           1  0.13s           2026-02-02T23:25:20
================================================================================
[2026-02-02T23:26:02.981+0000] {manager.py:737} INFO - Searching for files in /opt/airflow/dags
[2026-02-02T23:26:02.984+0000] {manager.py:740} INFO - There are 1 files in /opt/airflow/dags
[2026-02-02T23:26:04.004+0000] {manager.py:878} INFO - 
================================================================================
DAG File Processing Stats

File Path                  PID    Runtime      # DAGs    # Errors  Last Runtime    Last Run
-------------------------  -----  ---------  --------  ----------  --------------  -------------------
/opt/airflow/dags/main.py                           0           1  0.17s           2026-02-02T23:25:50
================================================================================
[2026-02-02T23:26:34.400+0000] {manager.py:878} INFO - 
================================================================================
DAG File Processing Stats

File Path                  PID    Runtime      # DAGs    # Errors  Last Runtime    Last Run
-------------------------  -----  ---------  --------  ----------  --------------  -------------------
/opt/airflow/dags/main.py                           0           1  0.20s           2026-02-02T23:26:21
================================================================================
[2026-02-02T23:27:04.772+0000] {manager.py:878} INFO - 
================================================================================
DAG File Processing Stats

File Path                  PID    Runtime      # DAGs    # Errors  Last Runtime    Last Run
-------------------------  -----  ---------  --------  ----------  --------------  -------------------
/opt/airflow/dags/main.py                           0           1  0.18s           2026-02-02T23:26:52
================================================================================
[2026-02-02T23:27:35.467+0000] {manager.py:878} INFO - 
================================================================================
DAG File Processing Stats

File Path                    PID  Runtime      # DAGs    # Errors  Last Runtime    Last Run
-------------------------  -----  ---------  --------  ----------  --------------  -------------------
/opt/airflow/dags/main.py    725  0.01s             0           1  0.16s           2026-02-02T23:27:05
================================================================================
[2026-02-02T23:28:06.171+0000] {manager.py:878} INFO - 
================================================================================
DAG File Processing Stats

File Path                  PID    Runtime      # DAGs    # Errors  Last Runtime    Last Run
-------------------------  -----  ---------  --------  ----------  --------------  -------------------
/opt/airflow/dags/main.py                           0           1  0.12s           2026-02-02T23:27:38
================================================================================
[2026-02-02T23:28:36.290+0000] {manager.py:878} INFO - 
================================================================================
DAG File Processing Stats

File Path                  PID    Runtime      # DAGs    # Errors  Last Runtime    Last Run
-------------------------  -----  ---------  --------  ----------  --------------  -------------------
/opt/airflow/dags/main.py                           1           0  0.21s           2026-02-02T23:28:36
================================================================================
[2026-02-02T23:29:07.697+0000] {manager.py:878} INFO - 
================================================================================
DAG File Processing Stats

File Path                  PID    Runtime      # DAGs    # Errors  Last Runtime    Last Run
-------------------------  -----  ---------  --------  ----------  --------------  -------------------
/opt/airflow/dags/main.py                           1           0  0.72s           2026-02-02T23:28:45
================================================================================
[2026-02-02T23:29:38.355+0000] {manager.py:878} INFO - 
================================================================================
DAG File Processing Stats

File Path                  PID    Runtime      # DAGs    # Errors  Last Runtime    Last Run
-------------------------  -----  ---------  --------  ----------  --------------  -------------------
/opt/airflow/dags/main.py                           1           0  0.77s           2026-02-02T23:29:16
================================================================================
[2026-02-02T23:30:08.509+0000] {manager.py:878} INFO - 
================================================================================
DAG File Processing Stats

File Path                  PID    Runtime      # DAGs    # Errors  Last Runtime    Last Run
-------------------------  -----  ---------  --------  ----------  --------------  -------------------
/opt/airflow/dags/main.py                           1           0  0.39s           2026-02-02T23:29:48
================================================================================
[2026-02-02T23:30:38.552+0000] {manager.py:878} INFO - 
================================================================================
DAG File Processing Stats

File Path                  PID    Runtime      # DAGs    # Errors  Last Runtime    Last Run
-------------------------  -----  ---------  --------  ----------  --------------  -------------------
/opt/airflow/dags/main.py                           1           0  0.26s           2026-02-02T23:30:18
================================================================================
[2026-02-02T23:31:04.267+0000] {manager.py:737} INFO - Searching for files in /opt/airflow/dags
[2026-02-02T23:31:04.272+0000] {manager.py:740} INFO - There are 1 files in /opt/airflow/dags
[2026-02-02T23:31:09.549+0000] {manager.py:878} INFO - 
================================================================================
DAG File Processing Stats

File Path                  PID    Runtime      # DAGs    # Errors  Last Runtime    Last Run
-------------------------  -----  ---------  --------  ----------  --------------  -------------------
/opt/airflow/dags/main.py                           1           0  0.38s           2026-02-02T23:30:50
================================================================================
[2026-02-02T23:31:39.835+0000] {manager.py:878} INFO - 
================================================================================
DAG File Processing Stats

File Path                  PID    Runtime      # DAGs    # Errors  Last Runtime    Last Run
-------------------------  -----  ---------  --------  ----------  --------------  -------------------
/opt/airflow/dags/main.py                           1           0  0.86s           2026-02-02T23:31:32
================================================================================
[2026-02-02T23:32:10.468+0000] {manager.py:878} INFO - 
================================================================================
DAG File Processing Stats

File Path                  PID    Runtime      # DAGs    # Errors  Last Runtime    Last Run
-------------------------  -----  ---------  --------  ----------  --------------  -------------------
/opt/airflow/dags/main.py                           1           0  1.07s           2026-02-02T23:32:04
================================================================================
[2026-02-02T23:32:40.558+0000] {manager.py:878} INFO - 
================================================================================
DAG File Processing Stats

File Path                  PID    Runtime      # DAGs    # Errors  Last Runtime    Last Run
-------------------------  -----  ---------  --------  ----------  --------------  -------------------
/opt/airflow/dags/main.py                           1           0  0.36s           2026-02-02T23:32:34
================================================================================
[2026-02-02T23:33:10.759+0000] {manager.py:878} INFO - 
================================================================================
DAG File Processing Stats

File Path                  PID    Runtime      # DAGs    # Errors  Last Runtime    Last Run
-------------------------  -----  ---------  --------  ----------  --------------  -------------------
/opt/airflow/dags/main.py                           1           0  0.24s           2026-02-02T23:33:05
================================================================================
[2026-02-02T23:33:41.017+0000] {manager.py:878} INFO - 
================================================================================
DAG File Processing Stats

File Path                  PID    Runtime      # DAGs    # Errors  Last Runtime    Last Run
-------------------------  -----  ---------  --------  ----------  --------------  -------------------
/opt/airflow/dags/main.py                           1           0  0.44s           2026-02-02T23:33:36
================================================================================
[2026-02-02T23:34:11.149+0000] {manager.py:878} INFO - 
================================================================================
DAG File Processing Stats

File Path                  PID    Runtime      # DAGs    # Errors  Last Runtime    Last Run
-------------------------  -----  ---------  --------  ----------  --------------  -------------------
/opt/airflow/dags/main.py                           1           0  0.27s           2026-02-02T23:34:07
================================================================================
[2026-02-02T23:34:41.649+0000] {manager.py:878} INFO - 
================================================================================
DAG File Processing Stats

File Path                  PID    Runtime      # DAGs    # Errors  Last Runtime    Last Run
-------------------------  -----  ---------  --------  ----------  --------------  -------------------
/opt/airflow/dags/main.py                           1           0  0.32s           2026-02-02T23:34:37
================================================================================
[2026-02-02T23:35:12.204+0000] {manager.py:878} INFO - 
================================================================================
DAG File Processing Stats

File Path                  PID    Runtime      # DAGs    # Errors  Last Runtime    Last Run
-------------------------  -----  ---------  --------  ----------  --------------  -------------------
/opt/airflow/dags/main.py                           1           0  0.34s           2026-02-02T23:35:08
================================================================================
[2026-02-02T23:35:42.556+0000] {manager.py:878} INFO - 
================================================================================
DAG File Processing Stats

File Path                  PID    Runtime      # DAGs    # Errors  Last Runtime    Last Run
-------------------------  -----  ---------  --------  ----------  --------------  -------------------
/opt/airflow/dags/main.py                           1           0  0.67s           2026-02-02T23:35:17
================================================================================
[2026-02-02T23:36:04.602+0000] {manager.py:737} INFO - Searching for files in /opt/airflow/dags
[2026-02-02T23:36:04.618+0000] {manager.py:740} INFO - There are 1 files in /opt/airflow/dags
[2026-02-02T23:36:12.715+0000] {manager.py:878} INFO - 
================================================================================
DAG File Processing Stats

File Path                  PID    Runtime      # DAGs    # Errors  Last Runtime    Last Run
-------------------------  -----  ---------  --------  ----------  --------------  -------------------
/opt/airflow/dags/main.py                           1           0  0.29s           2026-02-02T23:35:47
================================================================================
[2026-02-02T23:36:43.378+0000] {manager.py:878} INFO - 
================================================================================
DAG File Processing Stats

File Path                  PID    Runtime      # DAGs    # Errors  Last Runtime    Last Run
-------------------------  -----  ---------  --------  ----------  --------------  -------------------
/opt/airflow/dags/main.py                           1           0  0.23s           2026-02-02T23:36:18
================================================================================
[2026-02-02T23:37:13.542+0000] {manager.py:878} INFO - 
================================================================================
DAG File Processing Stats

File Path                  PID    Runtime      # DAGs    # Errors  Last Runtime    Last Run
-------------------------  -----  ---------  --------  ----------  --------------  -------------------
/opt/airflow/dags/main.py                           1           0  0.30s           2026-02-02T23:36:49
================================================================================
[2026-02-02T23:37:44.387+0000] {manager.py:878} INFO - 
================================================================================
DAG File Processing Stats

File Path                  PID    Runtime      # DAGs    # Errors  Last Runtime    Last Run
-------------------------  -----  ---------  --------  ----------  --------------  -------------------
/opt/airflow/dags/main.py                           1           0  0.44s           2026-02-02T23:37:21
================================================================================
[2026-02-02T23:38:14.871+0000] {manager.py:878} INFO - 
================================================================================
DAG File Processing Stats

File Path                  PID    Runtime      # DAGs    # Errors  Last Runtime    Last Run
-------------------------  -----  ---------  --------  ----------  --------------  -------------------
/opt/airflow/dags/main.py                           1           0  0.24s           2026-02-02T23:37:51
================================================================================
[2026-02-02T23:38:45.846+0000] {manager.py:878} INFO - 
================================================================================
DAG File Processing Stats

File Path                  PID    Runtime      # DAGs    # Errors  Last Runtime    Last Run
-------------------------  -----  ---------  --------  ----------  --------------  -------------------
/opt/airflow/dags/main.py                           1           0  0.38s           2026-02-02T23:38:22
================================================================================
[2026-02-02T23:39:16.729+0000] {manager.py:878} INFO - 
================================================================================
DAG File Processing Stats

File Path                  PID    Runtime      # DAGs    # Errors  Last Runtime    Last Run
-------------------------  -----  ---------  --------  ----------  --------------  -------------------
/opt/airflow/dags/main.py                           1           0  0.42s           2026-02-02T23:38:53
================================================================================
[2026-02-02T23:39:47.197+0000] {manager.py:878} INFO - 
================================================================================
DAG File Processing Stats

File Path                  PID    Runtime      # DAGs    # Errors  Last Runtime    Last Run
-------------------------  -----  ---------  --------  ----------  --------------  -------------------
/opt/airflow/dags/main.py                           1           0  0.30s           2026-02-02T23:39:24
================================================================================
[2026-02-02T23:40:17.975+0000] {manager.py:878} INFO - 
================================================================================
DAG File Processing Stats

File Path                  PID    Runtime      # DAGs    # Errors  Last Runtime    Last Run
-------------------------  -----  ---------  --------  ----------  --------------  -------------------
/opt/airflow/dags/main.py                           1           0  0.48s           2026-02-02T23:39:54
================================================================================
[2026-02-02T23:40:48.048+0000] {manager.py:878} INFO - 
================================================================================
DAG File Processing Stats

File Path                  PID    Runtime      # DAGs    # Errors  Last Runtime    Last Run
-------------------------  -----  ---------  --------  ----------  --------------  -------------------
/opt/airflow/dags/main.py                           1           0  0.39s           2026-02-02T23:40:25
================================================================================
[2026-02-02T23:41:04.914+0000] {manager.py:737} INFO - Searching for files in /opt/airflow/dags
[2026-02-02T23:41:04.922+0000] {manager.py:740} INFO - There are 1 files in /opt/airflow/dags
[2026-02-02T23:41:18.375+0000] {manager.py:878} INFO - 
================================================================================
DAG File Processing Stats

File Path                  PID    Runtime      # DAGs    # Errors  Last Runtime    Last Run
-------------------------  -----  ---------  --------  ----------  --------------  -------------------
/opt/airflow/dags/main.py                           1           0  0.34s           2026-02-02T23:40:55
================================================================================
[2026-02-02T23:41:49.330+0000] {manager.py:878} INFO - 
================================================================================
DAG File Processing Stats

File Path                  PID    Runtime      # DAGs    # Errors  Last Runtime    Last Run
-------------------------  -----  ---------  --------  ----------  --------------  -------------------
/opt/airflow/dags/main.py                           1           0  0.28s           2026-02-02T23:41:26
================================================================================
[2026-02-02T23:42:19.759+0000] {manager.py:878} INFO - 
================================================================================
DAG File Processing Stats

File Path                  PID    Runtime      # DAGs    # Errors  Last Runtime    Last Run
-------------------------  -----  ---------  --------  ----------  --------------  -------------------
/opt/airflow/dags/main.py                           1           0  0.38s           2026-02-02T23:41:57
================================================================================
[2026-02-02T23:42:50.724+0000] {manager.py:878} INFO - 
================================================================================
DAG File Processing Stats

File Path                  PID    Runtime      # DAGs    # Errors  Last Runtime    Last Run
-------------------------  -----  ---------  --------  ----------  --------------  -------------------
/opt/airflow/dags/main.py                           1           0  0.46s           2026-02-02T23:42:28
================================================================================
[2026-02-02T23:43:21.450+0000] {manager.py:878} INFO - 
================================================================================
DAG File Processing Stats

File Path                  PID    Runtime      # DAGs    # Errors  Last Runtime    Last Run
-------------------------  -----  ---------  --------  ----------  --------------  -------------------
/opt/airflow/dags/main.py                           1           0  0.34s           2026-02-02T23:42:59
================================================================================
[2026-02-02T23:43:51.801+0000] {manager.py:878} INFO - 
================================================================================
DAG File Processing Stats

File Path                  PID    Runtime      # DAGs    # Errors  Last Runtime    Last Run
-------------------------  -----  ---------  --------  ----------  --------------  -------------------
/opt/airflow/dags/main.py                           1           0  0.29s           2026-02-02T23:43:29
================================================================================
[2026-02-02T23:44:22.132+0000] {manager.py:878} INFO - 
================================================================================
DAG File Processing Stats

File Path                  PID    Runtime      # DAGs    # Errors  Last Runtime    Last Run
-------------------------  -----  ---------  --------  ----------  --------------  -------------------
/opt/airflow/dags/main.py                           1           0  0.42s           2026-02-02T23:44:01
================================================================================
[2026-02-03T10:58:24.668+0000] {manager.py:737} INFO - Searching for files in /opt/airflow/dags
[2026-02-03T10:58:24.672+0000] {manager.py:740} INFO - There are 1 files in /opt/airflow/dags
[2026-02-03T10:58:39.890+0000] {manager.py:878} INFO - 
================================================================================
DAG File Processing Stats

File Path                  PID    Runtime      # DAGs    # Errors  Last Runtime    Last Run
-------------------------  -----  ---------  --------  ----------  --------------  -------------------
/opt/airflow/dags/main.py                           1           0  1.66s           2026-02-03T10:58:26
================================================================================
[2026-02-03T10:59:14.083+0000] {manager.py:878} INFO - 
================================================================================
DAG File Processing Stats

File Path                  PID    Runtime      # DAGs    # Errors  Last Runtime    Last Run
-------------------------  -----  ---------  --------  ----------  --------------  -------------------
/opt/airflow/dags/main.py                           1           0  0.70s           2026-02-03T10:58:57
================================================================================
[2026-02-03T10:59:44.612+0000] {manager.py:878} INFO - 
================================================================================
DAG File Processing Stats

File Path                  PID    Runtime      # DAGs    # Errors  Last Runtime    Last Run
-------------------------  -----  ---------  --------  ----------  --------------  -------------------
/opt/airflow/dags/main.py                           1           0  0.68s           2026-02-03T10:59:28
================================================================================
[2026-02-03T12:29:07.095+0000] {manager.py:737} INFO - Searching for files in /opt/airflow/dags
[2026-02-03T12:29:07.098+0000] {manager.py:740} INFO - There are 1 files in /opt/airflow/dags
[2026-02-03T12:29:07.269+0000] {manager.py:878} INFO - 
================================================================================
DAG File Processing Stats

File Path                    PID  Runtime      # DAGs    # Errors  Last Runtime    Last Run
-------------------------  -----  ---------  --------  ----------  --------------  -------------------
/opt/airflow/dags/main.py   1000  0.01s             1           0  3.08s           2026-02-03T11:00:03
================================================================================
[2026-02-03T16:16:15.671+0000] {manager.py:737} INFO - Searching for files in /opt/airflow/dags
[2026-02-03T16:16:15.755+0000] {manager.py:740} INFO - There are 1 files in /opt/airflow/dags
[2026-02-03T16:16:15.985+0000] {manager.py:878} INFO - 
================================================================================
DAG File Processing Stats

File Path                    PID  Runtime      # DAGs    # Errors  Last Runtime    Last Run
-------------------------  -----  ---------  --------  ----------  --------------  -------------------
/opt/airflow/dags/main.py   1006  0.04s             1           0  0.88s           2026-02-03T12:29:08
================================================================================
[2026-02-03T16:16:46.496+0000] {manager.py:878} INFO - 
================================================================================
DAG File Processing Stats

File Path                  PID    Runtime      # DAGs    # Errors  Last Runtime    Last Run
-------------------------  -----  ---------  --------  ----------  --------------  -------------------
/opt/airflow/dags/main.py                           1           0  2.58s           2026-02-03T16:16:18
================================================================================
[2026-02-03T16:17:17.243+0000] {manager.py:878} INFO - 
================================================================================
DAG File Processing Stats

File Path                  PID    Runtime      # DAGs    # Errors  Last Runtime    Last Run
-------------------------  -----  ---------  --------  ----------  --------------  -------------------
/opt/airflow/dags/main.py                           1           0  1.10s           2026-02-03T16:16:49
================================================================================
[2026-02-03T16:17:47.560+0000] {manager.py:878} INFO - 
================================================================================
DAG File Processing Stats

File Path                  PID    Runtime      # DAGs    # Errors  Last Runtime    Last Run
-------------------------  -----  ---------  --------  ----------  --------------  -------------------
/opt/airflow/dags/main.py                           1           0  1.52s           2026-02-03T16:17:21
================================================================================
[2026-02-03T16:18:17.600+0000] {manager.py:878} INFO - 
================================================================================
DAG File Processing Stats

File Path                  PID    Runtime      # DAGs    # Errors  Last Runtime    Last Run
-------------------------  -----  ---------  --------  ----------  --------------  -------------------
/opt/airflow/dags/main.py                           1           0  0.32s           2026-02-03T16:17:51
================================================================================
[2026-02-03T16:18:47.605+0000] {manager.py:878} INFO - 
================================================================================
DAG File Processing Stats

File Path                  PID    Runtime      # DAGs    # Errors  Last Runtime    Last Run
-------------------------  -----  ---------  --------  ----------  --------------  -------------------
/opt/airflow/dags/main.py                           1           0  0.35s           2026-02-03T16:18:22
================================================================================
[2026-02-03T16:19:17.972+0000] {manager.py:878} INFO - 
================================================================================
DAG File Processing Stats

File Path                  PID    Runtime      # DAGs    # Errors  Last Runtime    Last Run
-------------------------  -----  ---------  --------  ----------  --------------  -------------------
/opt/airflow/dags/main.py                           1           0  0.33s           2026-02-03T16:18:52
================================================================================
[2026-02-04T22:45:05.425+0000] {manager.py:737} INFO - Searching for files in /opt/airflow/dags
[2026-02-04T22:45:05.429+0000] {manager.py:740} INFO - There are 1 files in /opt/airflow/dags
[2026-02-04T22:45:05.534+0000] {manager.py:878} INFO - 
================================================================================
DAG File Processing Stats

File Path                    PID  Runtime      # DAGs    # Errors  Last Runtime    Last Run
-------------------------  -----  ---------  --------  ----------  --------------  -------------------
/opt/airflow/dags/main.py   1055  0.01s             1           0  0.39s           2026-02-03T16:19:23
================================================================================
[2026-02-05T11:40:55.045+0000] {manager.py:737} INFO - Searching for files in /opt/airflow/dags
[2026-02-05T11:40:55.049+0000] {manager.py:740} INFO - There are 1 files in /opt/airflow/dags
[2026-02-05T11:40:56.450+0000] {manager.py:878} INFO - 
================================================================================
DAG File Processing Stats

File Path                    PID  Runtime      # DAGs    # Errors  Last Runtime    Last Run
-------------------------  -----  ---------  --------  ----------  --------------  -------------------
/opt/airflow/dags/main.py   1062  0.19s             1           0  3.05s           2026-02-04T22:45:08
================================================================================
[2026-02-05T11:41:26.516+0000] {manager.py:878} INFO - 
================================================================================
DAG File Processing Stats

File Path                  PID    Runtime      # DAGs    # Errors  Last Runtime    Last Run
-------------------------  -----  ---------  --------  ----------  --------------  -------------------
/opt/airflow/dags/main.py                           1           0  3.14s           2026-02-05T11:40:58
================================================================================
[2026-02-05T11:41:57.076+0000] {manager.py:878} INFO - 
================================================================================
DAG File Processing Stats

File Path                  PID    Runtime      # DAGs    # Errors  Last Runtime    Last Run
-------------------------  -----  ---------  --------  ----------  --------------  -------------------
/opt/airflow/dags/main.py                           1           0  0.71s           2026-02-05T11:41:30
================================================================================
[2026-02-05T11:42:27.839+0000] {manager.py:878} INFO - 
================================================================================
DAG File Processing Stats

File Path                  PID    Runtime      # DAGs    # Errors  Last Runtime    Last Run
-------------------------  -----  ---------  --------  ----------  --------------  -------------------
/opt/airflow/dags/main.py                           1           0  1.15s           2026-02-05T11:42:01
================================================================================
[2026-02-05T11:42:57.933+0000] {manager.py:878} INFO - 
================================================================================
DAG File Processing Stats

File Path                  PID    Runtime      # DAGs    # Errors  Last Runtime    Last Run
-------------------------  -----  ---------  --------  ----------  --------------  -------------------
/opt/airflow/dags/main.py                           1           0  0.88s           2026-02-05T11:42:32
================================================================================
[2026-02-05T11:43:28.597+0000] {manager.py:878} INFO - 
================================================================================
DAG File Processing Stats

File Path                  PID    Runtime      # DAGs    # Errors  Last Runtime    Last Run
-------------------------  -----  ---------  --------  ----------  --------------  -------------------
/opt/airflow/dags/main.py                           1           0  1.83s           2026-02-05T11:43:07
================================================================================
[2026-02-05T11:43:59.199+0000] {manager.py:878} INFO - 
================================================================================
DAG File Processing Stats

File Path                  PID    Runtime      # DAGs    # Errors  Last Runtime    Last Run
-------------------------  -----  ---------  --------  ----------  --------------  -------------------
/opt/airflow/dags/main.py                           1           0  0.40s           2026-02-05T11:43:38
================================================================================
[2026-02-05T12:53:22.447+0000] {manager.py:737} INFO - Searching for files in /opt/airflow/dags
[2026-02-05T12:53:22.466+0000] {manager.py:740} INFO - There are 1 files in /opt/airflow/dags
[2026-02-05T12:53:22.599+0000] {manager.py:878} INFO - 
================================================================================
DAG File Processing Stats

File Path                    PID  Runtime      # DAGs    # Errors  Last Runtime    Last Run
-------------------------  -----  ---------  --------  ----------  --------------  -------------------
/opt/airflow/dags/main.py   1109  0.03s             1           0  0.40s           2026-02-05T11:43:38
================================================================================
[2026-02-05T12:53:53.380+0000] {manager.py:878} INFO - 
================================================================================
DAG File Processing Stats

File Path                    PID  Runtime      # DAGs    # Errors  Last Runtime    Last Run
-------------------------  -----  ---------  --------  ----------  --------------  -------------------
/opt/airflow/dags/main.py   1116  0.05s             1           0  0.70s           2026-02-05T12:53:23
================================================================================
[2026-02-05T13:06:45.400+0000] {manager.py:737} INFO - Searching for files in /opt/airflow/dags
[2026-02-05T13:06:45.404+0000] {manager.py:740} INFO - There are 1 files in /opt/airflow/dags
[2026-02-05T13:06:45.943+0000] {manager.py:878} INFO - 
================================================================================
DAG File Processing Stats

File Path                    PID  Runtime      # DAGs    # Errors  Last Runtime    Last Run
-------------------------  -----  ---------  --------  ----------  --------------  -------------------
/opt/airflow/dags/main.py   1124  0.04s             1           0  1.40s           2026-02-05T12:53:54
================================================================================
[2026-02-05T13:07:16.145+0000] {manager.py:878} INFO - 
================================================================================
DAG File Processing Stats

File Path                  PID    Runtime      # DAGs    # Errors  Last Runtime    Last Run
-------------------------  -----  ---------  --------  ----------  --------------  -------------------
/opt/airflow/dags/main.py                           1           0  1.21s           2026-02-05T13:06:47
================================================================================
[2026-02-05T13:07:46.510+0000] {manager.py:878} INFO - 
================================================================================
DAG File Processing Stats

File Path                  PID    Runtime      # DAGs    # Errors  Last Runtime    Last Run
-------------------------  -----  ---------  --------  ----------  --------------  -------------------
/opt/airflow/dags/main.py                           1           0  0.66s           2026-02-05T13:07:18
================================================================================
[2026-02-05T13:08:17.528+0000] {manager.py:878} INFO - 
================================================================================
DAG File Processing Stats

File Path                  PID    Runtime      # DAGs    # Errors  Last Runtime    Last Run
-------------------------  -----  ---------  --------  ----------  --------------  -------------------
/opt/airflow/dags/main.py                           1           0  0.50s           2026-02-05T13:07:49
================================================================================
[2026-02-05T13:08:47.554+0000] {manager.py:878} INFO - 
================================================================================
DAG File Processing Stats

File Path                  PID    Runtime      # DAGs    # Errors  Last Runtime    Last Run
-------------------------  -----  ---------  --------  ----------  --------------  -------------------
/opt/airflow/dags/main.py                           1           0  0.36s           2026-02-05T13:08:19
================================================================================
[2026-02-05T13:09:18.178+0000] {manager.py:878} INFO - 
================================================================================
DAG File Processing Stats

File Path                  PID    Runtime      # DAGs    # Errors  Last Runtime    Last Run
-------------------------  -----  ---------  --------  ----------  --------------  -------------------
/opt/airflow/dags/main.py                           1           0  0.34s           2026-02-05T13:08:50
================================================================================
[2026-02-05T13:09:48.707+0000] {manager.py:878} INFO - 
================================================================================
DAG File Processing Stats

File Path                  PID    Runtime      # DAGs    # Errors  Last Runtime    Last Run
-------------------------  -----  ---------  --------  ----------  --------------  -------------------
/opt/airflow/dags/main.py                           1           0  0.31s           2026-02-05T13:09:21
================================================================================
[2026-02-05T13:10:19.429+0000] {manager.py:878} INFO - 
================================================================================
DAG File Processing Stats

File Path                  PID    Runtime      # DAGs    # Errors  Last Runtime    Last Run
-------------------------  -----  ---------  --------  ----------  --------------  -------------------
/opt/airflow/dags/main.py                           1           0  0.32s           2026-02-05T13:09:52
================================================================================
[2026-02-05T13:10:49.449+0000] {manager.py:878} INFO - 
================================================================================
DAG File Processing Stats

File Path                  PID    Runtime      # DAGs    # Errors  Last Runtime    Last Run
-------------------------  -----  ---------  --------  ----------  --------------  -------------------
/opt/airflow/dags/main.py                           1           0  0.30s           2026-02-05T13:10:22
================================================================================
[2026-02-05T13:11:19.609+0000] {manager.py:878} INFO - 
================================================================================
DAG File Processing Stats

File Path                  PID    Runtime      # DAGs    # Errors  Last Runtime    Last Run
-------------------------  -----  ---------  --------  ----------  --------------  -------------------
/opt/airflow/dags/main.py                           1           0  0.40s           2026-02-05T13:10:53
================================================================================
[2026-02-05T13:11:45.687+0000] {manager.py:737} INFO - Searching for files in /opt/airflow/dags
[2026-02-05T13:11:45.696+0000] {manager.py:740} INFO - There are 1 files in /opt/airflow/dags
[2026-02-05T13:11:49.776+0000] {manager.py:878} INFO - 
================================================================================
DAG File Processing Stats

File Path                  PID    Runtime      # DAGs    # Errors  Last Runtime    Last Run
-------------------------  -----  ---------  --------  ----------  --------------  -------------------
/opt/airflow/dags/main.py                           1           0  0.33s           2026-02-05T13:11:24
================================================================================
[2026-02-05T13:12:20.055+0000] {manager.py:878} INFO - 
================================================================================
DAG File Processing Stats

File Path                  PID    Runtime      # DAGs    # Errors  Last Runtime    Last Run
-------------------------  -----  ---------  --------  ----------  --------------  -------------------
/opt/airflow/dags/main.py                           1           0  0.47s           2026-02-05T13:11:57
================================================================================
[2026-02-05T13:12:50.577+0000] {manager.py:878} INFO - 
================================================================================
DAG File Processing Stats

File Path                  PID    Runtime      # DAGs    # Errors  Last Runtime    Last Run
-------------------------  -----  ---------  --------  ----------  --------------  -------------------
/opt/airflow/dags/main.py                           1           0  0.26s           2026-02-05T13:12:28
================================================================================
[2026-02-05T13:13:20.725+0000] {manager.py:878} INFO - 
================================================================================
DAG File Processing Stats

File Path                  PID    Runtime      # DAGs    # Errors  Last Runtime    Last Run
-------------------------  -----  ---------  --------  ----------  --------------  -------------------
/opt/airflow/dags/main.py                           1           0  0.29s           2026-02-05T13:12:59
================================================================================
[2026-02-05T13:13:51.505+0000] {manager.py:878} INFO - 
================================================================================
DAG File Processing Stats

File Path                  PID    Runtime      # DAGs    # Errors  Last Runtime    Last Run
-------------------------  -----  ---------  --------  ----------  --------------  -------------------
/opt/airflow/dags/main.py                           1           0  0.43s           2026-02-05T13:13:30
================================================================================
[2026-02-05T13:14:22.948+0000] {manager.py:878} INFO - 
================================================================================
DAG File Processing Stats

File Path                  PID    Runtime      # DAGs    # Errors  Last Runtime    Last Run
-------------------------  -----  ---------  --------  ----------  --------------  -------------------
/opt/airflow/dags/main.py                           1           0  0.34s           2026-02-05T13:14:00
================================================================================
[2026-02-05T13:14:53.148+0000] {manager.py:878} INFO - 
================================================================================
DAG File Processing Stats

File Path                  PID    Runtime      # DAGs    # Errors  Last Runtime    Last Run
-------------------------  -----  ---------  --------  ----------  --------------  -------------------
/opt/airflow/dags/main.py                           1           0  0.33s           2026-02-05T13:14:31
================================================================================
[2026-02-05T13:15:23.616+0000] {manager.py:878} INFO - 
================================================================================
DAG File Processing Stats

File Path                  PID    Runtime      # DAGs    # Errors  Last Runtime    Last Run
-------------------------  -----  ---------  --------  ----------  --------------  -------------------
/opt/airflow/dags/main.py                           1           0  0.28s           2026-02-05T13:15:01
================================================================================
[2026-02-05T13:15:53.622+0000] {manager.py:878} INFO - 
================================================================================
DAG File Processing Stats

File Path                  PID    Runtime      # DAGs    # Errors  Last Runtime    Last Run
-------------------------  -----  ---------  --------  ----------  --------------  -------------------
/opt/airflow/dags/main.py                           1           0  0.26s           2026-02-05T13:15:32
================================================================================
[2026-02-05T13:16:23.682+0000] {manager.py:878} INFO - 
================================================================================
DAG File Processing Stats

File Path                  PID    Runtime      # DAGs    # Errors  Last Runtime    Last Run
-------------------------  -----  ---------  --------  ----------  --------------  -------------------
/opt/airflow/dags/main.py                           1           0  0.58s           2026-02-05T13:16:11
================================================================================
[2026-02-05T13:16:45.841+0000] {manager.py:737} INFO - Searching for files in /opt/airflow/dags
[2026-02-05T13:16:45.847+0000] {manager.py:740} INFO - There are 1 files in /opt/airflow/dags
[2026-02-05T13:16:53.903+0000] {manager.py:878} INFO - 
================================================================================
DAG File Processing Stats

File Path                  PID    Runtime      # DAGs    # Errors  Last Runtime    Last Run
-------------------------  -----  ---------  --------  ----------  --------------  -------------------
/opt/airflow/dags/main.py                           1           0  0.34s           2026-02-05T13:16:42
================================================================================
[2026-02-05T13:17:24.160+0000] {manager.py:878} INFO - 
================================================================================
DAG File Processing Stats

File Path                  PID    Runtime      # DAGs    # Errors  Last Runtime    Last Run
-------------------------  -----  ---------  --------  ----------  --------------  -------------------
/opt/airflow/dags/main.py                           1           0  0.35s           2026-02-05T13:17:12
================================================================================
[2026-02-05T13:17:54.359+0000] {manager.py:878} INFO - 
================================================================================
DAG File Processing Stats

File Path                  PID    Runtime      # DAGs    # Errors  Last Runtime    Last Run
-------------------------  -----  ---------  --------  ----------  --------------  -------------------
/opt/airflow/dags/main.py                           1           0  0.34s           2026-02-05T13:17:43
================================================================================
[2026-02-05T13:18:42.577+0000] {manager.py:878} INFO - 
================================================================================
DAG File Processing Stats

File Path                  PID    Runtime      # DAGs    # Errors  Last Runtime    Last Run
-------------------------  -----  ---------  --------  ----------  --------------  -------------------
/opt/airflow/dags/main.py                           1           0  0.40s           2026-02-05T13:18:14
================================================================================
[2026-02-05T13:19:12.938+0000] {manager.py:878} INFO - 
================================================================================
DAG File Processing Stats

File Path                  PID    Runtime      # DAGs    # Errors  Last Runtime    Last Run
-------------------------  -----  ---------  --------  ----------  --------------  -------------------
/opt/airflow/dags/main.py                           1           0  0.30s           2026-02-05T13:18:45
================================================================================
[2026-02-05T13:19:43.237+0000] {manager.py:878} INFO - 
================================================================================
DAG File Processing Stats

File Path                  PID    Runtime      # DAGs    # Errors  Last Runtime    Last Run
-------------------------  -----  ---------  --------  ----------  --------------  -------------------
/opt/airflow/dags/main.py                           1           0  0.37s           2026-02-05T13:19:16
================================================================================
[2026-02-05T13:20:13.884+0000] {manager.py:878} INFO - 
================================================================================
DAG File Processing Stats

File Path                  PID    Runtime      # DAGs    # Errors  Last Runtime    Last Run
-------------------------  -----  ---------  --------  ----------  --------------  -------------------
/opt/airflow/dags/main.py                           1           0  0.29s           2026-02-05T13:19:47
================================================================================
[2026-02-05T13:20:44.135+0000] {manager.py:878} INFO - 
================================================================================
DAG File Processing Stats

File Path                  PID    Runtime      # DAGs    # Errors  Last Runtime    Last Run
-------------------------  -----  ---------  --------  ----------  --------------  -------------------
/opt/airflow/dags/main.py                           1           0  0.42s           2026-02-05T13:20:18
================================================================================
[2026-02-05T13:21:14.434+0000] {manager.py:878} INFO - 
================================================================================
DAG File Processing Stats

File Path                  PID    Runtime      # DAGs    # Errors  Last Runtime    Last Run
-------------------------  -----  ---------  --------  ----------  --------------  -------------------
/opt/airflow/dags/main.py                           1           0  0.37s           2026-02-05T13:20:48
================================================================================
[2026-02-05T13:21:44.633+0000] {manager.py:878} INFO - 
================================================================================
DAG File Processing Stats

File Path                  PID    Runtime      # DAGs    # Errors  Last Runtime    Last Run
-------------------------  -----  ---------  --------  ----------  --------------  -------------------
/opt/airflow/dags/main.py                           1           0  0.27s           2026-02-05T13:21:19
================================================================================
[2026-02-05T13:21:45.859+0000] {manager.py:737} INFO - Searching for files in /opt/airflow/dags
[2026-02-05T13:21:45.862+0000] {manager.py:740} INFO - There are 1 files in /opt/airflow/dags
[2026-02-05T13:22:14.926+0000] {manager.py:878} INFO - 
================================================================================
DAG File Processing Stats

File Path                  PID    Runtime      # DAGs    # Errors  Last Runtime    Last Run
-------------------------  -----  ---------  --------  ----------  --------------  -------------------
/opt/airflow/dags/main.py                           1           0  0.28s           2026-02-05T13:21:51
================================================================================
[2026-02-05T13:22:45.285+0000] {manager.py:878} INFO - 
================================================================================
DAG File Processing Stats

File Path                  PID    Runtime      # DAGs    # Errors  Last Runtime    Last Run
-------------------------  -----  ---------  --------  ----------  --------------  -------------------
/opt/airflow/dags/main.py                           1           0  0.30s           2026-02-05T13:22:22
================================================================================
[2026-02-05T13:23:15.668+0000] {manager.py:878} INFO - 
================================================================================
DAG File Processing Stats

File Path                  PID    Runtime      # DAGs    # Errors  Last Runtime    Last Run
-------------------------  -----  ---------  --------  ----------  --------------  -------------------
/opt/airflow/dags/main.py                           1           0  0.33s           2026-02-05T13:22:53
================================================================================
[2026-02-05T13:23:45.936+0000] {manager.py:878} INFO - 
================================================================================
DAG File Processing Stats

File Path                  PID    Runtime      # DAGs    # Errors  Last Runtime    Last Run
-------------------------  -----  ---------  --------  ----------  --------------  -------------------
/opt/airflow/dags/main.py                           1           0  0.25s           2026-02-05T13:23:23
================================================================================
[2026-02-05T13:24:16.111+0000] {manager.py:878} INFO - 
================================================================================
DAG File Processing Stats

File Path                  PID    Runtime      # DAGs    # Errors  Last Runtime    Last Run
-------------------------  -----  ---------  --------  ----------  --------------  -------------------
/opt/airflow/dags/main.py                           1           0  0.28s           2026-02-05T13:23:54
================================================================================
[2026-02-05T13:24:46.259+0000] {manager.py:878} INFO - 
================================================================================
DAG File Processing Stats

File Path                  PID    Runtime      # DAGs    # Errors  Last Runtime    Last Run
-------------------------  -----  ---------  --------  ----------  --------------  -------------------
/opt/airflow/dags/main.py                           1           0  0.42s           2026-02-05T13:24:26
================================================================================
[2026-02-05T13:25:16.987+0000] {manager.py:878} INFO - 
================================================================================
DAG File Processing Stats

File Path                  PID    Runtime      # DAGs    # Errors  Last Runtime    Last Run
-------------------------  -----  ---------  --------  ----------  --------------  -------------------
/opt/airflow/dags/main.py                           1           0  0.27s           2026-02-05T13:24:56
================================================================================
[2026-02-05T13:25:47.019+0000] {manager.py:878} INFO - 
================================================================================
DAG File Processing Stats

File Path                  PID    Runtime      # DAGs    # Errors  Last Runtime    Last Run
-------------------------  -----  ---------  --------  ----------  --------------  -------------------
/opt/airflow/dags/main.py                           1           0  0.32s           2026-02-05T13:25:27
================================================================================
[2026-02-05T13:26:17.643+0000] {manager.py:878} INFO - 
================================================================================
DAG File Processing Stats

File Path                  PID    Runtime      # DAGs    # Errors  Last Runtime    Last Run
-------------------------  -----  ---------  --------  ----------  --------------  -------------------
/opt/airflow/dags/main.py                           1           0  0.35s           2026-02-05T13:25:58
================================================================================
[2026-02-05T13:26:46.203+0000] {manager.py:737} INFO - Searching for files in /opt/airflow/dags
[2026-02-05T13:26:46.207+0000] {manager.py:740} INFO - There are 1 files in /opt/airflow/dags
[2026-02-05T13:26:48.232+0000] {manager.py:878} INFO - 
================================================================================
DAG File Processing Stats

File Path                  PID    Runtime      # DAGs    # Errors  Last Runtime    Last Run
-------------------------  -----  ---------  --------  ----------  --------------  -------------------
/opt/airflow/dags/main.py                           1           0  0.48s           2026-02-05T13:26:29
================================================================================
[2026-02-05T13:27:18.463+0000] {manager.py:878} INFO - 
================================================================================
DAG File Processing Stats

File Path                  PID    Runtime      # DAGs    # Errors  Last Runtime    Last Run
-------------------------  -----  ---------  --------  ----------  --------------  -------------------
/opt/airflow/dags/main.py                           1           0  0.38s           2026-02-05T13:27:00
================================================================================
[2026-02-05T13:27:48.657+0000] {manager.py:878} INFO - 
================================================================================
DAG File Processing Stats

File Path                    PID  Runtime      # DAGs    # Errors  Last Runtime    Last Run
-------------------------  -----  ---------  --------  ----------  --------------  -------------------
/opt/airflow/dags/main.py   1418  17.25s            1           0  0.38s           2026-02-05T13:27:00
================================================================================
[2026-02-05T13:28:18.889+0000] {manager.py:878} INFO - 
================================================================================
DAG File Processing Stats

File Path                  PID    Runtime      # DAGs    # Errors  Last Runtime    Last Run
-------------------------  -----  ---------  --------  ----------  --------------  -------------------
/opt/airflow/dags/main.py                           1           0  20.45s          2026-02-05T13:27:51
================================================================================
[2026-02-05T13:28:48.987+0000] {manager.py:878} INFO - 
================================================================================
DAG File Processing Stats

File Path                  PID    Runtime      # DAGs    # Errors  Last Runtime    Last Run
-------------------------  -----  ---------  --------  ----------  --------------  -------------------
/opt/airflow/dags/main.py                           1           0  0.25s           2026-02-05T13:28:22
================================================================================
[2026-02-05T13:29:19.275+0000] {manager.py:878} INFO - 
================================================================================
DAG File Processing Stats

File Path                  PID    Runtime      # DAGs    # Errors  Last Runtime    Last Run
-------------------------  -----  ---------  --------  ----------  --------------  -------------------
/opt/airflow/dags/main.py                           1           0  0.43s           2026-02-05T13:28:53
================================================================================
[2026-02-05T13:29:50.110+0000] {manager.py:878} INFO - 
================================================================================
DAG File Processing Stats

File Path                  PID    Runtime      # DAGs    # Errors  Last Runtime    Last Run
-------------------------  -----  ---------  --------  ----------  --------------  -------------------
/opt/airflow/dags/main.py                           1           0  0.28s           2026-02-05T13:29:24
================================================================================
[2026-02-05T13:30:20.434+0000] {manager.py:878} INFO - 
================================================================================
DAG File Processing Stats

File Path                  PID    Runtime      # DAGs    # Errors  Last Runtime    Last Run
-------------------------  -----  ---------  --------  ----------  --------------  -------------------
/opt/airflow/dags/main.py                           1           0  0.36s           2026-02-05T13:29:55
================================================================================
[2026-02-05T13:30:50.919+0000] {manager.py:878} INFO - 
================================================================================
DAG File Processing Stats

File Path                  PID    Runtime      # DAGs    # Errors  Last Runtime    Last Run
-------------------------  -----  ---------  --------  ----------  --------------  -------------------
/opt/airflow/dags/main.py                           1           0  0.37s           2026-02-05T13:30:26
================================================================================
[2026-02-05T13:31:21.082+0000] {manager.py:878} INFO - 
================================================================================
DAG File Processing Stats

File Path                  PID    Runtime      # DAGs    # Errors  Last Runtime    Last Run
-------------------------  -----  ---------  --------  ----------  --------------  -------------------
/opt/airflow/dags/main.py                           1           0  0.30s           2026-02-05T13:30:57
================================================================================
[2026-02-05T13:31:46.544+0000] {manager.py:737} INFO - Searching for files in /opt/airflow/dags
[2026-02-05T13:31:46.547+0000] {manager.py:740} INFO - There are 1 files in /opt/airflow/dags
[2026-02-05T13:31:51.194+0000] {manager.py:878} INFO - 
================================================================================
DAG File Processing Stats

File Path                  PID    Runtime      # DAGs    # Errors  Last Runtime    Last Run
-------------------------  -----  ---------  --------  ----------  --------------  -------------------
/opt/airflow/dags/main.py                           1           0  0.57s           2026-02-05T13:31:28
================================================================================
[2026-02-05T13:32:21.367+0000] {manager.py:878} INFO - 
================================================================================
DAG File Processing Stats

File Path                  PID    Runtime      # DAGs    # Errors  Last Runtime    Last Run
-------------------------  -----  ---------  --------  ----------  --------------  -------------------
/opt/airflow/dags/main.py                           1           0  0.42s           2026-02-05T13:31:59
================================================================================
[2026-02-05T13:32:52.006+0000] {manager.py:878} INFO - 
================================================================================
DAG File Processing Stats

File Path                  PID    Runtime      # DAGs    # Errors  Last Runtime    Last Run
-------------------------  -----  ---------  --------  ----------  --------------  -------------------
/opt/airflow/dags/main.py                           1           0  0.33s           2026-02-05T13:32:29
================================================================================
[2026-02-05T16:37:23.424+0000] {manager.py:737} INFO - Searching for files in /opt/airflow/dags
[2026-02-05T16:37:23.427+0000] {manager.py:740} INFO - There are 1 files in /opt/airflow/dags
[2026-02-05T16:37:23.475+0000] {manager.py:878} INFO - 
================================================================================
DAG File Processing Stats

File Path                    PID  Runtime      # DAGs    # Errors  Last Runtime    Last Run
-------------------------  -----  ---------  --------  ----------  --------------  -------------------
/opt/airflow/dags/main.py   1492  0.02s             1           0  0.33s           2026-02-05T13:33:00
================================================================================
[2026-02-05T16:37:54.244+0000] {manager.py:878} INFO - 
================================================================================
DAG File Processing Stats

File Path                  PID    Runtime      # DAGs    # Errors  Last Runtime    Last Run
-------------------------  -----  ---------  --------  ----------  --------------  -------------------
/opt/airflow/dags/main.py                           1           0  3.48s           2026-02-05T16:37:26
================================================================================
[2026-02-05T16:38:24.802+0000] {manager.py:878} INFO - 
================================================================================
DAG File Processing Stats

File Path                  PID    Runtime      # DAGs    # Errors  Last Runtime    Last Run
-------------------------  -----  ---------  --------  ----------  --------------  -------------------
/opt/airflow/dags/main.py                           1           0  0.53s           2026-02-05T16:37:57
================================================================================
[2026-02-05T18:37:29.563+0000] {manager.py:737} INFO - Searching for files in /opt/airflow/dags
[2026-02-05T18:37:29.627+0000] {manager.py:740} INFO - There are 1 files in /opt/airflow/dags
[2026-02-05T18:37:29.901+0000] {manager.py:878} INFO - 
================================================================================
DAG File Processing Stats

File Path                    PID  Runtime      # DAGs    # Errors  Last Runtime    Last Run
-------------------------  -----  ---------  --------  ----------  --------------  -------------------
/opt/airflow/dags/main.py   1513  0.03s             1           0  0.38s           2026-02-05T16:38:28
================================================================================
[2026-02-05T18:38:00.108+0000] {manager.py:878} INFO - 
================================================================================
DAG File Processing Stats

File Path                  PID    Runtime      # DAGs    # Errors  Last Runtime    Last Run
-------------------------  -----  ---------  --------  ----------  --------------  -------------------
/opt/airflow/dags/main.py                           1           0  0.98s           2026-02-05T18:37:30
================================================================================
[2026-02-05T18:38:30.811+0000] {manager.py:878} INFO - 
================================================================================
DAG File Processing Stats

File Path                  PID    Runtime      # DAGs    # Errors  Last Runtime    Last Run
-------------------------  -----  ---------  --------  ----------  --------------  -------------------
/opt/airflow/dags/main.py                           1           0  0.35s           2026-02-05T18:38:01
================================================================================
[2026-02-05T18:39:00.864+0000] {manager.py:878} INFO - 
================================================================================
DAG File Processing Stats

File Path                  PID    Runtime      # DAGs    # Errors  Last Runtime    Last Run
-------------------------  -----  ---------  --------  ----------  --------------  -------------------
/opt/airflow/dags/main.py                           1           0  0.37s           2026-02-05T18:38:32
================================================================================
[2026-02-05T22:33:50.913+0000] {manager.py:737} INFO - Searching for files in /opt/airflow/dags
[2026-02-05T22:33:50.923+0000] {manager.py:740} INFO - There are 1 files in /opt/airflow/dags
[2026-02-05T22:33:51.228+0000] {manager.py:878} INFO - 
================================================================================
DAG File Processing Stats

File Path                    PID  Runtime      # DAGs    # Errors  Last Runtime    Last Run
-------------------------  -----  ---------  --------  ----------  --------------  -------------------
/opt/airflow/dags/main.py   1542  0.07s             1           0  0.21s           2026-02-05T18:39:03
================================================================================
[2026-02-05T22:34:21.420+0000] {manager.py:878} INFO - 
================================================================================
DAG File Processing Stats

File Path                  PID    Runtime      # DAGs    # Errors  Last Runtime    Last Run
-------------------------  -----  ---------  --------  ----------  --------------  -------------------
/opt/airflow/dags/main.py                           1           0  2.74s           2026-02-05T22:33:53
================================================================================
[2026-02-05T22:37:39.246+0000] {manager.py:878} INFO - 
================================================================================
DAG File Processing Stats

File Path                    PID  Runtime      # DAGs    # Errors  Last Runtime    Last Run
-------------------------  -----  ---------  --------  ----------  --------------  -------------------
/opt/airflow/dags/main.py   1556  0.08s             1           0  2.24s           2026-02-05T22:34:27
================================================================================
[2026-02-05T22:38:09.804+0000] {manager.py:878} INFO - 
================================================================================
DAG File Processing Stats

File Path                  PID    Runtime      # DAGs    # Errors  Last Runtime    Last Run
-------------------------  -----  ---------  --------  ----------  --------------  -------------------
/opt/airflow/dags/main.py                           1           0  30.03s          2026-02-05T22:38:09
================================================================================
[2026-02-05T22:38:39.882+0000] {manager.py:878} INFO - 
================================================================================
DAG File Processing Stats

File Path                    PID  Runtime      # DAGs    # Errors  Last Runtime    Last Run
-------------------------  -----  ---------  --------  ----------  --------------  -------------------
/opt/airflow/dags/main.py   1563  0.06s             1           0  30.03s          2026-02-05T22:38:09
================================================================================
[2026-02-05T22:38:51.100+0000] {manager.py:737} INFO - Searching for files in /opt/airflow/dags
[2026-02-05T22:38:51.106+0000] {manager.py:740} INFO - There are 1 files in /opt/airflow/dags
[2026-02-05T22:39:22.378+0000] {manager.py:878} INFO - 
================================================================================
DAG File Processing Stats

File Path                    PID  Runtime      # DAGs    # Errors  Last Runtime    Last Run
-------------------------  -----  ---------  --------  ----------  --------------  -------------------
/opt/airflow/dags/main.py   1564  0.10s             1           0  0.49s           2026-02-05T22:38:40
================================================================================
[2026-02-05T22:39:52.467+0000] {manager.py:878} INFO - 
================================================================================
DAG File Processing Stats

File Path                  PID    Runtime      # DAGs    # Errors  Last Runtime    Last Run
-------------------------  -----  ---------  --------  ----------  --------------  -------------------
/opt/airflow/dags/main.py                           1           0  2.43s           2026-02-05T22:39:24
================================================================================
[2026-02-05T22:40:32.882+0000] {manager.py:878} INFO - 
================================================================================
DAG File Processing Stats

File Path                    PID  Runtime      # DAGs    # Errors  Last Runtime    Last Run
-------------------------  -----  ---------  --------  ----------  --------------  -------------------
/opt/airflow/dags/main.py   1577  0.13s             1           0  0.37s           2026-02-05T22:39:55
================================================================================
[2026-02-05T22:41:03.918+0000] {manager.py:878} INFO - 
================================================================================
DAG File Processing Stats

File Path                    PID  Runtime      # DAGs    # Errors  Last Runtime    Last Run
-------------------------  -----  ---------  --------  ----------  --------------  -------------------
/opt/airflow/dags/main.py   1583  0.04s             1           0  0.87s           2026-02-05T22:40:33
================================================================================
[2026-02-05T22:41:34.733+0000] {manager.py:878} INFO - 
================================================================================
DAG File Processing Stats

File Path                  PID    Runtime      # DAGs    # Errors  Last Runtime    Last Run
-------------------------  -----  ---------  --------  ----------  --------------  -------------------
/opt/airflow/dags/main.py                           1           0  2.04s           2026-02-05T22:41:05
================================================================================
[2026-02-05T22:42:06.298+0000] {manager.py:878} INFO - 
================================================================================
DAG File Processing Stats

File Path                    PID  Runtime      # DAGs    # Errors  Last Runtime    Last Run
-------------------------  -----  ---------  --------  ----------  --------------  -------------------
/opt/airflow/dags/main.py   1597  0.09s             1           0  0.42s           2026-02-05T22:41:36
================================================================================
[2026-02-05T22:42:36.467+0000] {manager.py:878} INFO - 
================================================================================
DAG File Processing Stats

File Path                  PID    Runtime      # DAGs    # Errors  Last Runtime    Last Run
-------------------------  -----  ---------  --------  ----------  --------------  -------------------
/opt/airflow/dags/main.py                           1           0  0.94s           2026-02-05T22:42:07
================================================================================
[2026-02-05T22:43:06.839+0000] {manager.py:878} INFO - 
================================================================================
DAG File Processing Stats

File Path                  PID    Runtime      # DAGs    # Errors  Last Runtime    Last Run
-------------------------  -----  ---------  --------  ----------  --------------  -------------------
/opt/airflow/dags/main.py                           1           0  0.62s           2026-02-05T22:42:38
================================================================================
[2026-02-05T22:43:37.894+0000] {manager.py:878} INFO - 
================================================================================
DAG File Processing Stats

File Path                  PID    Runtime      # DAGs    # Errors  Last Runtime    Last Run
-------------------------  -----  ---------  --------  ----------  --------------  -------------------
/opt/airflow/dags/main.py                           1           0  0.30s           2026-02-05T22:43:09
================================================================================
[2026-02-05T22:43:51.323+0000] {manager.py:737} INFO - Searching for files in /opt/airflow/dags
[2026-02-05T22:43:51.327+0000] {manager.py:740} INFO - There are 1 files in /opt/airflow/dags
[2026-02-05T22:44:08.875+0000] {manager.py:878} INFO - 
================================================================================
DAG File Processing Stats

File Path                  PID    Runtime      # DAGs    # Errors  Last Runtime    Last Run
-------------------------  -----  ---------  --------  ----------  --------------  -------------------
/opt/airflow/dags/main.py                           1           0  0.49s           2026-02-05T22:43:40
================================================================================
[2026-02-05T22:44:39.375+0000] {manager.py:878} INFO - 
================================================================================
DAG File Processing Stats

File Path                  PID    Runtime      # DAGs    # Errors  Last Runtime    Last Run
-------------------------  -----  ---------  --------  ----------  --------------  -------------------
/opt/airflow/dags/main.py                           1           0  0.90s           2026-02-05T22:44:11
================================================================================
[2026-02-05T22:45:10.269+0000] {manager.py:878} INFO - 
================================================================================
DAG File Processing Stats

File Path                  PID    Runtime      # DAGs    # Errors  Last Runtime    Last Run
-------------------------  -----  ---------  --------  ----------  --------------  -------------------
/opt/airflow/dags/main.py                           1           0  0.73s           2026-02-05T22:44:43
================================================================================
[2026-02-05T22:45:41.049+0000] {manager.py:878} INFO - 
================================================================================
DAG File Processing Stats

File Path                  PID    Runtime      # DAGs    # Errors  Last Runtime    Last Run
-------------------------  -----  ---------  --------  ----------  --------------  -------------------
/opt/airflow/dags/main.py                           1           0  0.47s           2026-02-05T22:45:13
================================================================================
[2026-02-05T22:46:11.416+0000] {manager.py:878} INFO - 
================================================================================
DAG File Processing Stats

File Path                  PID    Runtime      # DAGs    # Errors  Last Runtime    Last Run
-------------------------  -----  ---------  --------  ----------  --------------  -------------------
/opt/airflow/dags/main.py                           1           0  0.41s           2026-02-05T22:45:44
================================================================================
[2026-02-05T22:46:42.013+0000] {manager.py:878} INFO - 
================================================================================
DAG File Processing Stats

File Path                  PID    Runtime      # DAGs    # Errors  Last Runtime    Last Run
-------------------------  -----  ---------  --------  ----------  --------------  -------------------
/opt/airflow/dags/main.py                           1           0  0.38s           2026-02-05T22:46:15
================================================================================
[2026-02-05T22:47:13.017+0000] {manager.py:878} INFO - 
================================================================================
DAG File Processing Stats

File Path                  PID    Runtime      # DAGs    # Errors  Last Runtime    Last Run
-------------------------  -----  ---------  --------  ----------  --------------  -------------------
/opt/airflow/dags/main.py                           1           0  0.31s           2026-02-05T22:46:46
================================================================================
[2026-02-05T22:47:43.427+0000] {manager.py:878} INFO - 
================================================================================
DAG File Processing Stats

File Path                  PID    Runtime      # DAGs    # Errors  Last Runtime    Last Run
-------------------------  -----  ---------  --------  ----------  --------------  -------------------
/opt/airflow/dags/main.py                           1           0  0.28s           2026-02-05T22:47:17
================================================================================
[2026-02-05T22:48:14.320+0000] {manager.py:878} INFO - 
================================================================================
DAG File Processing Stats

File Path                  PID    Runtime      # DAGs    # Errors  Last Runtime    Last Run
-------------------------  -----  ---------  --------  ----------  --------------  -------------------
/opt/airflow/dags/main.py                           1           0  0.31s           2026-02-05T22:47:47
================================================================================
[2026-02-05T22:48:44.455+0000] {manager.py:878} INFO - 
================================================================================
DAG File Processing Stats

File Path                  PID    Runtime      # DAGs    # Errors  Last Runtime    Last Run
-------------------------  -----  ---------  --------  ----------  --------------  -------------------
/opt/airflow/dags/main.py                           1           0  0.44s           2026-02-05T22:48:18
================================================================================
[2026-02-05T22:48:51.606+0000] {manager.py:737} INFO - Searching for files in /opt/airflow/dags
[2026-02-05T22:48:51.614+0000] {manager.py:740} INFO - There are 1 files in /opt/airflow/dags
[2026-02-05T22:49:15.425+0000] {manager.py:878} INFO - 
================================================================================
DAG File Processing Stats

File Path                  PID    Runtime      # DAGs    # Errors  Last Runtime    Last Run
-------------------------  -----  ---------  --------  ----------  --------------  -------------------
/opt/airflow/dags/main.py                           1           0  0.50s           2026-02-05T22:48:50
================================================================================
[2026-02-05T22:49:46.370+0000] {manager.py:878} INFO - 
================================================================================
DAG File Processing Stats

File Path                  PID    Runtime      # DAGs    # Errors  Last Runtime    Last Run
-------------------------  -----  ---------  --------  ----------  --------------  -------------------
/opt/airflow/dags/main.py                           1           0  0.28s           2026-02-05T22:49:20
================================================================================
[2026-02-05T22:50:16.977+0000] {manager.py:878} INFO - 
================================================================================
DAG File Processing Stats

File Path                  PID    Runtime      # DAGs    # Errors  Last Runtime    Last Run
-------------------------  -----  ---------  --------  ----------  --------------  -------------------
/opt/airflow/dags/main.py                           1           0  0.45s           2026-02-05T22:49:51
================================================================================
[2026-02-05T22:50:47.208+0000] {manager.py:878} INFO - 
================================================================================
DAG File Processing Stats

File Path                  PID    Runtime      # DAGs    # Errors  Last Runtime    Last Run
-------------------------  -----  ---------  --------  ----------  --------------  -------------------
/opt/airflow/dags/main.py                           1           0  0.44s           2026-02-05T22:50:22
================================================================================
[2026-02-05T22:51:18.001+0000] {manager.py:878} INFO - 
================================================================================
DAG File Processing Stats

File Path                  PID    Runtime      # DAGs    # Errors  Last Runtime    Last Run
-------------------------  -----  ---------  --------  ----------  --------------  -------------------
/opt/airflow/dags/main.py                           1           0  0.35s           2026-02-05T22:50:53
================================================================================
[2026-02-05T22:51:48.167+0000] {manager.py:878} INFO - 
================================================================================
DAG File Processing Stats

File Path                  PID    Runtime      # DAGs    # Errors  Last Runtime    Last Run
-------------------------  -----  ---------  --------  ----------  --------------  -------------------
/opt/airflow/dags/main.py                           1           0  0.61s           2026-02-05T22:51:23
================================================================================
[2026-02-05T22:52:18.283+0000] {manager.py:878} INFO - 
================================================================================
DAG File Processing Stats

File Path                  PID    Runtime      # DAGs    # Errors  Last Runtime    Last Run
-------------------------  -----  ---------  --------  ----------  --------------  -------------------
/opt/airflow/dags/main.py                           1           0  0.45s           2026-02-05T22:51:54
================================================================================
[2026-02-05T22:52:49.234+0000] {manager.py:878} INFO - 
================================================================================
DAG File Processing Stats

File Path                  PID    Runtime      # DAGs    # Errors  Last Runtime    Last Run
-------------------------  -----  ---------  --------  ----------  --------------  -------------------
/opt/airflow/dags/main.py                           1           0  0.47s           2026-02-05T22:52:25
================================================================================
[2026-02-05T22:53:19.823+0000] {manager.py:878} INFO - 
================================================================================
DAG File Processing Stats

File Path                  PID    Runtime      # DAGs    # Errors  Last Runtime    Last Run
-------------------------  -----  ---------  --------  ----------  --------------  -------------------
/opt/airflow/dags/main.py                           1           0  0.44s           2026-02-05T22:52:56
================================================================================
[2026-02-05T22:53:50.104+0000] {manager.py:878} INFO - 
================================================================================
DAG File Processing Stats

File Path                  PID    Runtime      # DAGs    # Errors  Last Runtime    Last Run
-------------------------  -----  ---------  --------  ----------  --------------  -------------------
/opt/airflow/dags/main.py                           1           0  0.35s           2026-02-05T22:53:27
================================================================================
[2026-02-05T22:53:52.126+0000] {manager.py:737} INFO - Searching for files in /opt/airflow/dags
[2026-02-05T22:53:52.131+0000] {manager.py:740} INFO - There are 1 files in /opt/airflow/dags
[2026-02-05T22:54:20.902+0000] {manager.py:878} INFO - 
================================================================================
DAG File Processing Stats

File Path                  PID    Runtime      # DAGs    # Errors  Last Runtime    Last Run
-------------------------  -----  ---------  --------  ----------  --------------  -------------------
/opt/airflow/dags/main.py                           1           0  0.45s           2026-02-05T22:53:58
================================================================================
[2026-02-05T22:54:50.926+0000] {manager.py:878} INFO - 
================================================================================
DAG File Processing Stats

File Path                  PID    Runtime      # DAGs    # Errors  Last Runtime    Last Run
-------------------------  -----  ---------  --------  ----------  --------------  -------------------
/opt/airflow/dags/main.py                           1           0  0.63s           2026-02-05T22:54:30
================================================================================
[2026-02-05T22:55:21.080+0000] {manager.py:878} INFO - 
================================================================================
DAG File Processing Stats

File Path                  PID    Runtime      # DAGs    # Errors  Last Runtime    Last Run
-------------------------  -----  ---------  --------  ----------  --------------  -------------------
/opt/airflow/dags/main.py                           1           0  0.45s           2026-02-05T22:55:00
================================================================================
[2026-02-05T22:55:51.433+0000] {manager.py:878} INFO - 
================================================================================
DAG File Processing Stats

File Path                  PID    Runtime      # DAGs    # Errors  Last Runtime    Last Run
-------------------------  -----  ---------  --------  ----------  --------------  -------------------
/opt/airflow/dags/main.py                           1           0  0.40s           2026-02-05T22:55:31
================================================================================
[2026-02-05T22:56:22.428+0000] {manager.py:878} INFO - 
================================================================================
DAG File Processing Stats

File Path                  PID    Runtime      # DAGs    # Errors  Last Runtime    Last Run
-------------------------  -----  ---------  --------  ----------  --------------  -------------------
/opt/airflow/dags/main.py                           1           0  0.35s           2026-02-05T22:56:02
================================================================================
[2026-02-05T22:56:52.596+0000] {manager.py:878} INFO - 
================================================================================
DAG File Processing Stats

File Path                  PID    Runtime      # DAGs    # Errors  Last Runtime    Last Run
-------------------------  -----  ---------  --------  ----------  --------------  -------------------
/opt/airflow/dags/main.py                           1           0  0.37s           2026-02-05T22:56:33
================================================================================
[2026-02-05T22:57:22.802+0000] {manager.py:878} INFO - 
================================================================================
DAG File Processing Stats

File Path                  PID    Runtime      # DAGs    # Errors  Last Runtime    Last Run
-------------------------  -----  ---------  --------  ----------  --------------  -------------------
/opt/airflow/dags/main.py                           1           0  0.34s           2026-02-05T22:57:03
================================================================================
[2026-02-05T22:57:54.330+0000] {manager.py:878} INFO - 
================================================================================
DAG File Processing Stats

File Path                  PID    Runtime      # DAGs    # Errors  Last Runtime    Last Run
-------------------------  -----  ---------  --------  ----------  --------------  -------------------
/opt/airflow/dags/main.py                           1           0  0.31s           2026-02-05T22:57:34
================================================================================
[2026-02-05T22:58:24.697+0000] {manager.py:878} INFO - 
================================================================================
DAG File Processing Stats

File Path                  PID    Runtime      # DAGs    # Errors  Last Runtime    Last Run
-------------------------  -----  ---------  --------  ----------  --------------  -------------------
/opt/airflow/dags/main.py                           1           0  0.43s           2026-02-05T22:58:05
================================================================================
[2026-02-05T22:58:53.056+0000] {manager.py:737} INFO - Searching for files in /opt/airflow/dags
[2026-02-05T22:58:53.067+0000] {manager.py:740} INFO - There are 1 files in /opt/airflow/dags
[2026-02-05T22:58:55.130+0000] {manager.py:878} INFO - 
================================================================================
DAG File Processing Stats

File Path                  PID    Runtime      # DAGs    # Errors  Last Runtime    Last Run
-------------------------  -----  ---------  --------  ----------  --------------  -------------------
/opt/airflow/dags/main.py                           1           0  0.36s           2026-02-05T22:58:36
================================================================================
[2026-02-05T22:59:25.527+0000] {manager.py:878} INFO - 
================================================================================
DAG File Processing Stats

File Path                  PID    Runtime      # DAGs    # Errors  Last Runtime    Last Run
-------------------------  -----  ---------  --------  ----------  --------------  -------------------
/opt/airflow/dags/main.py                           1           0  0.38s           2026-02-05T22:59:07
================================================================================
[2026-02-05T22:59:55.795+0000] {manager.py:878} INFO - 
================================================================================
DAG File Processing Stats

File Path                  PID    Runtime      # DAGs    # Errors  Last Runtime    Last Run
-------------------------  -----  ---------  --------  ----------  --------------  -------------------
/opt/airflow/dags/main.py                           1           0  0.38s           2026-02-05T22:59:38
================================================================================
[2026-02-05T23:00:26.714+0000] {manager.py:878} INFO - 
================================================================================
DAG File Processing Stats

File Path                  PID    Runtime      # DAGs    # Errors  Last Runtime    Last Run
-------------------------  -----  ---------  --------  ----------  --------------  -------------------
/opt/airflow/dags/main.py                           1           0  0.57s           2026-02-05T23:00:09
================================================================================
[2026-02-05T23:00:57.283+0000] {manager.py:878} INFO - 
================================================================================
DAG File Processing Stats

File Path                  PID    Runtime      # DAGs    # Errors  Last Runtime    Last Run
-------------------------  -----  ---------  --------  ----------  --------------  -------------------
/opt/airflow/dags/main.py                           1           0  0.43s           2026-02-05T23:00:40
================================================================================
[2026-02-05T23:01:31.480+0000] {manager.py:878} INFO - 
================================================================================
DAG File Processing Stats

File Path                  PID    Runtime      # DAGs    # Errors  Last Runtime    Last Run
-------------------------  -----  ---------  --------  ----------  --------------  -------------------
/opt/airflow/dags/main.py                           1           0  0.32s           2026-02-05T23:01:10
================================================================================
[2026-02-05T23:02:01.811+0000] {manager.py:878} INFO - 
================================================================================
DAG File Processing Stats

File Path                  PID    Runtime      # DAGs    # Errors  Last Runtime    Last Run
-------------------------  -----  ---------  --------  ----------  --------------  -------------------
/opt/airflow/dags/main.py                           1           0  0.42s           2026-02-05T23:01:41
================================================================================
[2026-02-05T23:02:32.176+0000] {manager.py:878} INFO - 
================================================================================
DAG File Processing Stats

File Path                  PID    Runtime      # DAGs    # Errors  Last Runtime    Last Run
-------------------------  -----  ---------  --------  ----------  --------------  -------------------
/opt/airflow/dags/main.py                           1           0  0.41s           2026-02-05T23:02:13
================================================================================
[2026-02-05T23:03:02.915+0000] {manager.py:878} INFO - 
================================================================================
DAG File Processing Stats

File Path                  PID    Runtime      # DAGs    # Errors  Last Runtime    Last Run
-------------------------  -----  ---------  --------  ----------  --------------  -------------------
/opt/airflow/dags/main.py                           1           0  0.31s           2026-02-05T23:02:43
================================================================================
[2026-02-05T23:03:33.318+0000] {manager.py:878} INFO - 
================================================================================
DAG File Processing Stats

File Path                  PID    Runtime      # DAGs    # Errors  Last Runtime    Last Run
-------------------------  -----  ---------  --------  ----------  --------------  -------------------
/opt/airflow/dags/main.py                           1           0  0.32s           2026-02-05T23:03:14
================================================================================
[2026-02-05T23:03:53.213+0000] {manager.py:737} INFO - Searching for files in /opt/airflow/dags
[2026-02-05T23:03:53.221+0000] {manager.py:740} INFO - There are 1 files in /opt/airflow/dags
[2026-02-05T23:04:03.859+0000] {manager.py:878} INFO - 
================================================================================
DAG File Processing Stats

File Path                  PID    Runtime      # DAGs    # Errors  Last Runtime    Last Run
-------------------------  -----  ---------  --------  ----------  --------------  -------------------
/opt/airflow/dags/main.py                           1           0  0.68s           2026-02-05T23:03:45
================================================================================
[2026-02-05T23:04:34.424+0000] {manager.py:878} INFO - 
================================================================================
DAG File Processing Stats

File Path                  PID    Runtime      # DAGs    # Errors  Last Runtime    Last Run
-------------------------  -----  ---------  --------  ----------  --------------  -------------------
/opt/airflow/dags/main.py                           1           0  0.38s           2026-02-05T23:04:16
================================================================================
[2026-02-05T23:05:05.242+0000] {manager.py:878} INFO - 
================================================================================
DAG File Processing Stats

File Path                  PID    Runtime      # DAGs    # Errors  Last Runtime    Last Run
-------------------------  -----  ---------  --------  ----------  --------------  -------------------
/opt/airflow/dags/main.py                           1           0  0.71s           2026-02-05T23:04:47
================================================================================
[2026-02-05T23:05:35.528+0000] {manager.py:878} INFO - 
================================================================================
DAG File Processing Stats

File Path                  PID    Runtime      # DAGs    # Errors  Last Runtime    Last Run
-------------------------  -----  ---------  --------  ----------  --------------  -------------------
/opt/airflow/dags/main.py                           1           0  0.32s           2026-02-05T23:05:18
================================================================================
[2026-02-05T23:06:06.034+0000] {manager.py:878} INFO - 
================================================================================
DAG File Processing Stats

File Path                  PID    Runtime      # DAGs    # Errors  Last Runtime    Last Run
-------------------------  -----  ---------  --------  ----------  --------------  -------------------
/opt/airflow/dags/main.py                           1           0  0.43s           2026-02-05T23:05:49
================================================================================
[2026-02-05T23:06:36.540+0000] {manager.py:878} INFO - 
================================================================================
DAG File Processing Stats

File Path                  PID    Runtime      # DAGs    # Errors  Last Runtime    Last Run
-------------------------  -----  ---------  --------  ----------  --------------  -------------------
/opt/airflow/dags/main.py                           1           0  0.31s           2026-02-05T23:06:19
================================================================================
[2026-02-05T23:07:49.583+0000] {manager.py:878} INFO - 
================================================================================
DAG File Processing Stats

File Path                    PID  Runtime      # DAGs    # Errors  Last Runtime    Last Run
-------------------------  -----  ---------  --------  ----------  --------------  -------------------
/opt/airflow/dags/main.py   1954  0.04s             1           0  0.47s           2026-02-05T23:06:51
================================================================================
[2026-02-05T23:08:49.670+0000] {manager.py:878} INFO - 
================================================================================
DAG File Processing Stats

File Path                    PID  Runtime      # DAGs    # Errors  Last Runtime    Last Run
-------------------------  -----  ---------  --------  ----------  --------------  -------------------
/opt/airflow/dags/main.py   1961  0.06s             1           0  1.60s           2026-02-05T23:07:51
================================================================================
[2026-02-05T23:08:53.495+0000] {manager.py:737} INFO - Searching for files in /opt/airflow/dags
[2026-02-05T23:08:53.506+0000] {manager.py:740} INFO - There are 1 files in /opt/airflow/dags
[2026-02-05T23:09:20.599+0000] {manager.py:878} INFO - 
================================================================================
DAG File Processing Stats

File Path                  PID    Runtime      # DAGs    # Errors  Last Runtime    Last Run
-------------------------  -----  ---------  --------  ----------  --------------  -------------------
/opt/airflow/dags/main.py                           1           0  1.26s           2026-02-05T23:08:50
================================================================================
[2026-02-05T23:09:51.205+0000] {manager.py:878} INFO - 
================================================================================
DAG File Processing Stats

File Path                  PID    Runtime      # DAGs    # Errors  Last Runtime    Last Run
-------------------------  -----  ---------  --------  ----------  --------------  -------------------
/opt/airflow/dags/main.py                           1           0  0.44s           2026-02-05T23:09:22
================================================================================
[2026-02-05T23:10:21.599+0000] {manager.py:878} INFO - 
================================================================================
DAG File Processing Stats

File Path                  PID    Runtime      # DAGs    # Errors  Last Runtime    Last Run
-------------------------  -----  ---------  --------  ----------  --------------  -------------------
/opt/airflow/dags/main.py                           1           0  0.86s           2026-02-05T23:09:53
================================================================================
[2026-02-05T23:11:26.644+0000] {manager.py:878} INFO - 
================================================================================
DAG File Processing Stats

File Path                    PID  Runtime      # DAGs    # Errors  Last Runtime    Last Run
-------------------------  -----  ---------  --------  ----------  --------------  -------------------
/opt/airflow/dags/main.py   1989  0.12s             1           0  0.38s           2026-02-05T23:10:23
================================================================================
[2026-02-05T23:11:57.285+0000] {manager.py:878} INFO - 
================================================================================
DAG File Processing Stats

File Path                  PID    Runtime      # DAGs    # Errors  Last Runtime    Last Run
-------------------------  -----  ---------  --------  ----------  --------------  -------------------
/opt/airflow/dags/main.py                           1           0  2.44s           2026-02-05T23:11:28
================================================================================
[2026-02-05T23:12:27.552+0000] {manager.py:878} INFO - 
================================================================================
DAG File Processing Stats

File Path                  PID    Runtime      # DAGs    # Errors  Last Runtime    Last Run
-------------------------  -----  ---------  --------  ----------  --------------  -------------------
/opt/airflow/dags/main.py                           1           0  0.50s           2026-02-05T23:11:59
================================================================================
[2026-02-05T23:12:58.197+0000] {manager.py:878} INFO - 
================================================================================
DAG File Processing Stats

File Path                  PID    Runtime      # DAGs    # Errors  Last Runtime    Last Run
-------------------------  -----  ---------  --------  ----------  --------------  -------------------
/opt/airflow/dags/main.py                           1           0  0.49s           2026-02-05T23:12:31
================================================================================
[2026-02-05T23:13:29.168+0000] {manager.py:878} INFO - 
================================================================================
DAG File Processing Stats

File Path                  PID    Runtime      # DAGs    # Errors  Last Runtime    Last Run
-------------------------  -----  ---------  --------  ----------  --------------  -------------------
/opt/airflow/dags/main.py                           1           0  0.74s           2026-02-05T23:13:01
================================================================================
[2026-02-05T23:13:54.025+0000] {manager.py:737} INFO - Searching for files in /opt/airflow/dags
[2026-02-05T23:13:54.033+0000] {manager.py:740} INFO - There are 1 files in /opt/airflow/dags
[2026-02-05T23:14:00.095+0000] {manager.py:878} INFO - 
================================================================================
DAG File Processing Stats

File Path                  PID    Runtime      # DAGs    # Errors  Last Runtime    Last Run
-------------------------  -----  ---------  --------  ----------  --------------  -------------------
/opt/airflow/dags/main.py                           1           0  0.33s           2026-02-05T23:13:32
================================================================================
[2026-02-05T23:14:30.229+0000] {manager.py:878} INFO - 
================================================================================
DAG File Processing Stats

File Path                  PID    Runtime      # DAGs    # Errors  Last Runtime    Last Run
-------------------------  -----  ---------  --------  ----------  --------------  -------------------
/opt/airflow/dags/main.py                           1           0  0.37s           2026-02-05T23:14:03
================================================================================
[2026-02-05T23:15:01.182+0000] {manager.py:878} INFO - 
================================================================================
DAG File Processing Stats

File Path                  PID    Runtime      # DAGs    # Errors  Last Runtime    Last Run
-------------------------  -----  ---------  --------  ----------  --------------  -------------------
/opt/airflow/dags/main.py                           1           0  0.65s           2026-02-05T23:14:34
================================================================================
[2026-02-05T23:15:31.208+0000] {manager.py:878} INFO - 
================================================================================
DAG File Processing Stats

File Path                  PID    Runtime      # DAGs    # Errors  Last Runtime    Last Run
-------------------------  -----  ---------  --------  ----------  --------------  -------------------
/opt/airflow/dags/main.py                           1           0  0.38s           2026-02-05T23:15:05
================================================================================
[2026-02-05T23:16:01.249+0000] {manager.py:878} INFO - 
================================================================================
DAG File Processing Stats

File Path                  PID    Runtime      # DAGs    # Errors  Last Runtime    Last Run
-------------------------  -----  ---------  --------  ----------  --------------  -------------------
/opt/airflow/dags/main.py                           1           0  0.27s           2026-02-05T23:15:36
================================================================================
[2026-02-05T23:16:32.191+0000] {manager.py:878} INFO - 
================================================================================
DAG File Processing Stats

File Path                  PID    Runtime      # DAGs    # Errors  Last Runtime    Last Run
-------------------------  -----  ---------  --------  ----------  --------------  -------------------
/opt/airflow/dags/main.py                           1           0  0.43s           2026-02-05T23:16:07
================================================================================
[2026-02-05T23:17:49.654+0000] {manager.py:878} INFO - 
================================================================================
DAG File Processing Stats

File Path                    PID  Runtime      # DAGs    # Errors  Last Runtime    Last Run
-------------------------  -----  ---------  --------  ----------  --------------  -------------------
/opt/airflow/dags/main.py   2069  0.07s             1           0  0.39s           2026-02-05T23:16:38
================================================================================
[2026-02-05T23:18:19.909+0000] {manager.py:878} INFO - 
================================================================================
DAG File Processing Stats

File Path                  PID    Runtime      # DAGs    # Errors  Last Runtime    Last Run
-------------------------  -----  ---------  --------  ----------  --------------  -------------------
/opt/airflow/dags/main.py                           1           0  1.66s           2026-02-05T23:17:51
================================================================================
[2026-02-05T23:18:50.080+0000] {manager.py:878} INFO - 
================================================================================
DAG File Processing Stats

File Path                  PID    Runtime      # DAGs    # Errors  Last Runtime    Last Run
-------------------------  -----  ---------  --------  ----------  --------------  -------------------
/opt/airflow/dags/main.py                           1           0  0.41s           2026-02-05T23:18:22
================================================================================
[2026-02-05T23:18:54.137+0000] {manager.py:737} INFO - Searching for files in /opt/airflow/dags
[2026-02-05T23:18:54.140+0000] {manager.py:740} INFO - There are 1 files in /opt/airflow/dags
[2026-02-05T23:19:20.322+0000] {manager.py:878} INFO - 
================================================================================
DAG File Processing Stats

File Path                  PID    Runtime      # DAGs    # Errors  Last Runtime    Last Run
-------------------------  -----  ---------  --------  ----------  --------------  -------------------
/opt/airflow/dags/main.py                           1           0  0.38s           2026-02-05T23:18:53
================================================================================
[2026-02-05T23:19:50.562+0000] {manager.py:878} INFO - 
================================================================================
DAG File Processing Stats

File Path                  PID    Runtime      # DAGs    # Errors  Last Runtime    Last Run
-------------------------  -----  ---------  --------  ----------  --------------  -------------------
/opt/airflow/dags/main.py                           1           0  0.31s           2026-02-05T23:19:24
================================================================================
[2026-02-05T23:20:20.803+0000] {manager.py:878} INFO - 
================================================================================
DAG File Processing Stats

File Path                  PID    Runtime      # DAGs    # Errors  Last Runtime    Last Run
-------------------------  -----  ---------  --------  ----------  --------------  -------------------
/opt/airflow/dags/main.py                           1           0  0.39s           2026-02-05T23:19:54
================================================================================
[2026-02-05T23:20:51.308+0000] {manager.py:878} INFO - 
================================================================================
DAG File Processing Stats

File Path                  PID    Runtime      # DAGs    # Errors  Last Runtime    Last Run
-------------------------  -----  ---------  --------  ----------  --------------  -------------------
/opt/airflow/dags/main.py                           1           0  0.28s           2026-02-05T23:20:25
================================================================================
[2026-02-05T23:21:21.574+0000] {manager.py:878} INFO - 
================================================================================
DAG File Processing Stats

File Path                  PID    Runtime      # DAGs    # Errors  Last Runtime    Last Run
-------------------------  -----  ---------  --------  ----------  --------------  -------------------
/opt/airflow/dags/main.py                           1           0  0.23s           2026-02-05T23:20:55
================================================================================
[2026-02-05T23:21:52.571+0000] {manager.py:878} INFO - 
================================================================================
DAG File Processing Stats

File Path                  PID    Runtime      # DAGs    # Errors  Last Runtime    Last Run
-------------------------  -----  ---------  --------  ----------  --------------  -------------------
/opt/airflow/dags/main.py                           1           0  0.29s           2026-02-05T23:21:26
================================================================================
[2026-02-05T23:22:22.593+0000] {manager.py:878} INFO - 
================================================================================
DAG File Processing Stats

File Path                  PID    Runtime      # DAGs    # Errors  Last Runtime    Last Run
-------------------------  -----  ---------  --------  ----------  --------------  -------------------
/opt/airflow/dags/main.py                           1           0  0.57s           2026-02-05T23:21:57
================================================================================
[2026-02-05T23:22:53.188+0000] {manager.py:878} INFO - 
================================================================================
DAG File Processing Stats

File Path                  PID    Runtime      # DAGs    # Errors  Last Runtime    Last Run
-------------------------  -----  ---------  --------  ----------  --------------  -------------------
/opt/airflow/dags/main.py                           1           0  0.29s           2026-02-05T23:22:27
================================================================================
[2026-02-05T23:24:57.808+0000] {manager.py:737} INFO - Searching for files in /opt/airflow/dags
[2026-02-05T23:24:58.336+0000] {manager.py:740} INFO - There are 1 files in /opt/airflow/dags
[2026-02-05T23:24:58.526+0000] {manager.py:878} INFO - 
================================================================================
DAG File Processing Stats

File Path                    PID  Runtime      # DAGs    # Errors  Last Runtime    Last Run
-------------------------  -----  ---------  --------  ----------  --------------  -------------------
/opt/airflow/dags/main.py   2146  0.05s             1           0  0.29s           2026-02-05T23:22:27
================================================================================
[2026-02-05T23:25:29.528+0000] {manager.py:878} INFO - 
================================================================================
DAG File Processing Stats

File Path                  PID    Runtime      # DAGs    # Errors  Last Runtime    Last Run
-------------------------  -----  ---------  --------  ----------  --------------  -------------------
/opt/airflow/dags/main.py                           1           0  3.26s           2026-02-05T23:25:01
================================================================================
[2026-02-05T23:26:00.289+0000] {manager.py:878} INFO - 
================================================================================
DAG File Processing Stats

File Path                  PID    Runtime      # DAGs    # Errors  Last Runtime    Last Run
-------------------------  -----  ---------  --------  ----------  --------------  -------------------
/opt/airflow/dags/main.py                           1           0  1.06s           2026-02-05T23:25:33
================================================================================
[2026-02-05T23:26:30.711+0000] {manager.py:878} INFO - 
================================================================================
DAG File Processing Stats

File Path                  PID    Runtime      # DAGs    # Errors  Last Runtime    Last Run
-------------------------  -----  ---------  --------  ----------  --------------  -------------------
/opt/airflow/dags/main.py                           1           0  0.38s           2026-02-05T23:26:04
================================================================================
[2026-02-05T23:27:00.881+0000] {manager.py:878} INFO - 
================================================================================
DAG File Processing Stats

File Path                  PID    Runtime      # DAGs    # Errors  Last Runtime    Last Run
-------------------------  -----  ---------  --------  ----------  --------------  -------------------
/opt/airflow/dags/main.py                           1           0  0.31s           2026-02-05T23:26:35
================================================================================
[2026-02-05T23:27:31.184+0000] {manager.py:878} INFO - 
================================================================================
DAG File Processing Stats

File Path                  PID    Runtime      # DAGs    # Errors  Last Runtime    Last Run
-------------------------  -----  ---------  --------  ----------  --------------  -------------------
/opt/airflow/dags/main.py                           1           0  0.39s           2026-02-05T23:27:06
================================================================================
[2026-02-05T23:28:01.498+0000] {manager.py:878} INFO - 
================================================================================
DAG File Processing Stats

File Path                  PID    Runtime      # DAGs    # Errors  Last Runtime    Last Run
-------------------------  -----  ---------  --------  ----------  --------------  -------------------
/opt/airflow/dags/main.py                           1           0  0.36s           2026-02-05T23:27:36
================================================================================
[2026-02-05T23:28:32.348+0000] {manager.py:878} INFO - 
================================================================================
DAG File Processing Stats

File Path                  PID    Runtime      # DAGs    # Errors  Last Runtime    Last Run
-------------------------  -----  ---------  --------  ----------  --------------  -------------------
/opt/airflow/dags/main.py                           1           0  0.45s           2026-02-05T23:28:08
================================================================================
[2026-02-05T23:29:02.488+0000] {manager.py:878} INFO - 
================================================================================
DAG File Processing Stats

File Path                  PID    Runtime      # DAGs    # Errors  Last Runtime    Last Run
-------------------------  -----  ---------  --------  ----------  --------------  -------------------
/opt/airflow/dags/main.py                           1           0  0.42s           2026-02-05T23:28:38
================================================================================
[2026-02-05T23:29:32.536+0000] {manager.py:878} INFO - 
================================================================================
DAG File Processing Stats

File Path                  PID    Runtime      # DAGs    # Errors  Last Runtime    Last Run
-------------------------  -----  ---------  --------  ----------  --------------  -------------------
/opt/airflow/dags/main.py                           1           0  0.29s           2026-02-05T23:29:09
================================================================================
[2026-02-05T23:29:58.182+0000] {manager.py:737} INFO - Searching for files in /opt/airflow/dags
[2026-02-05T23:29:58.195+0000] {manager.py:740} INFO - There are 1 files in /opt/airflow/dags
[2026-02-05T23:30:03.282+0000] {manager.py:878} INFO - 
================================================================================
DAG File Processing Stats

File Path                  PID    Runtime      # DAGs    # Errors  Last Runtime    Last Run
-------------------------  -----  ---------  --------  ----------  --------------  -------------------
/opt/airflow/dags/main.py                           1           0  0.43s           2026-02-05T23:29:41
================================================================================
[2026-02-05T23:30:33.334+0000] {manager.py:878} INFO - 
================================================================================
DAG File Processing Stats

File Path                  PID    Runtime      # DAGs    # Errors  Last Runtime    Last Run
-------------------------  -----  ---------  --------  ----------  --------------  -------------------
/opt/airflow/dags/main.py                           1           0  0.43s           2026-02-05T23:30:11
================================================================================
[2026-02-05T23:31:04.999+0000] {manager.py:878} INFO - 
================================================================================
DAG File Processing Stats

File Path                  PID    Runtime      # DAGs    # Errors  Last Runtime    Last Run
-------------------------  -----  ---------  --------  ----------  --------------  -------------------
/opt/airflow/dags/main.py                           1           0  0.30s           2026-02-05T23:30:42
================================================================================
[2026-02-05T23:31:35.633+0000] {manager.py:878} INFO - 
================================================================================
DAG File Processing Stats

File Path                  PID    Runtime      # DAGs    # Errors  Last Runtime    Last Run
-------------------------  -----  ---------  --------  ----------  --------------  -------------------
/opt/airflow/dags/main.py                           1           0  0.28s           2026-02-05T23:31:13
================================================================================
[2026-02-05T23:32:06.099+0000] {manager.py:878} INFO - 
================================================================================
DAG File Processing Stats

File Path                  PID    Runtime      # DAGs    # Errors  Last Runtime    Last Run
-------------------------  -----  ---------  --------  ----------  --------------  -------------------
/opt/airflow/dags/main.py                           1           0  0.44s           2026-02-05T23:31:44
================================================================================
[2026-02-05T23:32:36.714+0000] {manager.py:878} INFO - 
================================================================================
DAG File Processing Stats

File Path                  PID    Runtime      # DAGs    # Errors  Last Runtime    Last Run
-------------------------  -----  ---------  --------  ----------  --------------  -------------------
/opt/airflow/dags/main.py                           1           0  0.60s           2026-02-05T23:32:15
================================================================================
[2026-02-05T23:33:07.585+0000] {manager.py:878} INFO - 
================================================================================
DAG File Processing Stats

File Path                  PID    Runtime      # DAGs    # Errors  Last Runtime    Last Run
-------------------------  -----  ---------  --------  ----------  --------------  -------------------
/opt/airflow/dags/main.py                           1           0  0.35s           2026-02-05T23:32:47
================================================================================
[2026-02-05T23:33:38.381+0000] {manager.py:878} INFO - 
================================================================================
DAG File Processing Stats

File Path                  PID    Runtime      # DAGs    # Errors  Last Runtime    Last Run
-------------------------  -----  ---------  --------  ----------  --------------  -------------------
/opt/airflow/dags/main.py                           1           0  0.28s           2026-02-05T23:33:17
================================================================================
[2026-02-05T23:34:09.127+0000] {manager.py:878} INFO - 
================================================================================
DAG File Processing Stats

File Path                  PID    Runtime      # DAGs    # Errors  Last Runtime    Last Run
-------------------------  -----  ---------  --------  ----------  --------------  -------------------
/opt/airflow/dags/main.py                           1           0  0.27s           2026-02-05T23:33:48
================================================================================
[2026-02-05T23:34:39.147+0000] {manager.py:878} INFO - 
================================================================================
DAG File Processing Stats

File Path                  PID    Runtime      # DAGs    # Errors  Last Runtime    Last Run
-------------------------  -----  ---------  --------  ----------  --------------  -------------------
/opt/airflow/dags/main.py                           1           0  0.65s           2026-02-05T23:34:19
================================================================================
[2026-02-05T23:34:59.878+0000] {manager.py:737} INFO - Searching for files in /opt/airflow/dags
[2026-02-05T23:34:59.894+0000] {manager.py:740} INFO - There are 1 files in /opt/airflow/dags
[2026-02-05T23:35:10.080+0000] {manager.py:878} INFO - 
================================================================================
DAG File Processing Stats

File Path                  PID    Runtime      # DAGs    # Errors  Last Runtime    Last Run
-------------------------  -----  ---------  --------  ----------  --------------  -------------------
/opt/airflow/dags/main.py                           1           0  0.35s           2026-02-05T23:34:50
================================================================================
[2026-02-05T23:35:40.996+0000] {manager.py:878} INFO - 
================================================================================
DAG File Processing Stats

File Path                  PID    Runtime      # DAGs    # Errors  Last Runtime    Last Run
-------------------------  -----  ---------  --------  ----------  --------------  -------------------
/opt/airflow/dags/main.py                           1           0  0.57s           2026-02-05T23:35:21
================================================================================
[2026-02-05T23:37:52.035+0000] {manager.py:878} INFO - 
================================================================================
DAG File Processing Stats

File Path                    PID  Runtime      # DAGs    # Errors  Last Runtime    Last Run
-------------------------  -----  ---------  --------  ----------  --------------  -------------------
/opt/airflow/dags/main.py   2304  0.11s             1           0  0.49s           2026-02-05T23:35:52
================================================================================
[2026-02-05T23:38:22.240+0000] {manager.py:878} INFO - 
================================================================================
DAG File Processing Stats

File Path                  PID    Runtime      # DAGs    # Errors  Last Runtime    Last Run
-------------------------  -----  ---------  --------  ----------  --------------  -------------------
/opt/airflow/dags/main.py                           1           0  2.63s           2026-02-05T23:37:54
================================================================================
[2026-02-05T23:38:53.172+0000] {manager.py:878} INFO - 
================================================================================
DAG File Processing Stats

File Path                  PID    Runtime      # DAGs    # Errors  Last Runtime    Last Run
-------------------------  -----  ---------  --------  ----------  --------------  -------------------
/opt/airflow/dags/main.py                           1           0  0.44s           2026-02-05T23:38:25
================================================================================
[2026-02-05T23:39:24.162+0000] {manager.py:878} INFO - 
================================================================================
DAG File Processing Stats

File Path                  PID    Runtime      # DAGs    # Errors  Last Runtime    Last Run
-------------------------  -----  ---------  --------  ----------  --------------  -------------------
/opt/airflow/dags/main.py                           1           0  0.41s           2026-02-05T23:38:56
================================================================================
[2026-02-05T23:39:54.250+0000] {manager.py:878} INFO - 
================================================================================
DAG File Processing Stats

File Path                  PID    Runtime      # DAGs    # Errors  Last Runtime    Last Run
-------------------------  -----  ---------  --------  ----------  --------------  -------------------
/opt/airflow/dags/main.py                           1           0  0.42s           2026-02-05T23:39:27
================================================================================
[2026-02-05T23:40:00.330+0000] {manager.py:737} INFO - Searching for files in /opt/airflow/dags
[2026-02-05T23:40:00.335+0000] {manager.py:740} INFO - There are 1 files in /opt/airflow/dags
[2026-02-05T23:40:24.336+0000] {manager.py:878} INFO - 
================================================================================
DAG File Processing Stats

File Path                  PID    Runtime      # DAGs    # Errors  Last Runtime    Last Run
-------------------------  -----  ---------  --------  ----------  --------------  -------------------
/opt/airflow/dags/main.py                           1           0  0.31s           2026-02-05T23:39:58
================================================================================
[2026-02-05T23:40:55.675+0000] {manager.py:878} INFO - 
================================================================================
DAG File Processing Stats

File Path                  PID    Runtime      # DAGs    # Errors  Last Runtime    Last Run
-------------------------  -----  ---------  --------  ----------  --------------  -------------------
/opt/airflow/dags/main.py                           1           0  0.89s           2026-02-05T23:40:31
================================================================================
