[2026-02-11T10:31:57.545+0000] {processor.py:161} INFO - Started process (PID=1282) to work on /opt/airflow/dags/main.py
[2026-02-11T10:31:57.547+0000] {processor.py:830} INFO - Processing file /opt/airflow/dags/main.py for tasks to queue
[2026-02-11T10:31:57.551+0000] {logging_mixin.py:188} INFO - [2026-02-11T10:31:57.550+0000] {dagbag.py:545} INFO - Filling up the DagBag from /opt/airflow/dags/main.py
[2026-02-11T10:31:58.180+0000] {processor.py:840} INFO - DAG(s) 'produce_json' retrieved from /opt/airflow/dags/main.py
[2026-02-11T10:31:59.077+0000] {logging_mixin.py:188} INFO - [2026-02-11T10:31:59.076+0000] {dag.py:3096} INFO - Sync 1 DAGs
[2026-02-11T10:31:59.287+0000] {logging_mixin.py:188} INFO - [2026-02-11T10:31:59.286+0000] {dag.py:3954} INFO - Setting next_dagrun for produce_json to 2026-02-10 14:00:00+00:00, run_after=2026-02-11 14:00:00+00:00
[2026-02-11T10:31:59.505+0000] {processor.py:183} INFO - Processing /opt/airflow/dags/main.py took 2.076 seconds
[2026-02-11T10:32:29.732+0000] {processor.py:161} INFO - Started process (PID=1295) to work on /opt/airflow/dags/main.py
[2026-02-11T10:32:29.735+0000] {processor.py:830} INFO - Processing file /opt/airflow/dags/main.py for tasks to queue
[2026-02-11T10:32:29.756+0000] {logging_mixin.py:188} INFO - [2026-02-11T10:32:29.756+0000] {dagbag.py:545} INFO - Filling up the DagBag from /opt/airflow/dags/main.py
[2026-02-11T10:32:29.915+0000] {processor.py:840} INFO - DAG(s) 'produce_json' retrieved from /opt/airflow/dags/main.py
[2026-02-11T10:32:30.039+0000] {logging_mixin.py:188} INFO - [2026-02-11T10:32:30.038+0000] {dag.py:3096} INFO - Sync 1 DAGs
[2026-02-11T10:32:30.110+0000] {logging_mixin.py:188} INFO - [2026-02-11T10:32:30.109+0000] {dag.py:3954} INFO - Setting next_dagrun for produce_json to 2026-02-10 14:00:00+00:00, run_after=2026-02-11 14:00:00+00:00
[2026-02-11T10:32:30.167+0000] {processor.py:183} INFO - Processing /opt/airflow/dags/main.py took 0.516 seconds
[2026-02-11T22:10:36.934+0000] {processor.py:161} INFO - Started process (PID=1296) to work on /opt/airflow/dags/main.py
[2026-02-11T22:10:37.050+0000] {processor.py:830} INFO - Processing file /opt/airflow/dags/main.py for tasks to queue
[2026-02-11T22:10:37.054+0000] {logging_mixin.py:188} INFO - [2026-02-11T22:10:37.053+0000] {dagbag.py:545} INFO - Filling up the DagBag from /opt/airflow/dags/main.py
[2026-02-11T22:10:37.561+0000] {processor.py:840} INFO - DAG(s) 'produce_json' retrieved from /opt/airflow/dags/main.py
[2026-02-11T22:10:39.668+0000] {logging_mixin.py:188} INFO - [2026-02-11T22:10:39.668+0000] {dag.py:3096} INFO - Sync 1 DAGs
[2026-02-11T22:10:40.870+0000] {logging_mixin.py:188} INFO - [2026-02-11T22:10:40.869+0000] {dag.py:3954} INFO - Setting next_dagrun for produce_json to 2026-02-11 14:00:00+00:00, run_after=2026-02-12 14:00:00+00:00
[2026-02-11T22:10:41.515+0000] {processor.py:183} INFO - Processing /opt/airflow/dags/main.py took 4.618 seconds
[2026-02-11T22:12:04.871+0000] {processor.py:161} INFO - Started process (PID=1303) to work on /opt/airflow/dags/main.py
[2026-02-11T22:12:04.910+0000] {processor.py:830} INFO - Processing file /opt/airflow/dags/main.py for tasks to queue
[2026-02-11T22:12:04.923+0000] {logging_mixin.py:188} INFO - [2026-02-11T22:12:04.922+0000] {dagbag.py:545} INFO - Filling up the DagBag from /opt/airflow/dags/main.py
[2026-02-11T22:12:05.160+0000] {processor.py:840} INFO - DAG(s) 'produce_json' retrieved from /opt/airflow/dags/main.py
[2026-02-11T22:12:05.335+0000] {logging_mixin.py:188} INFO - [2026-02-11T22:12:05.335+0000] {dag.py:3096} INFO - Sync 1 DAGs
[2026-02-11T22:12:05.413+0000] {logging_mixin.py:188} INFO - [2026-02-11T22:12:05.412+0000] {dag.py:3954} INFO - Setting next_dagrun for produce_json to 2026-02-11 14:00:00+00:00, run_after=2026-02-12 14:00:00+00:00
[2026-02-11T22:12:05.501+0000] {processor.py:183} INFO - Processing /opt/airflow/dags/main.py took 0.770 seconds
[2026-02-11T22:17:14.641+0000] {processor.py:161} INFO - Started process (PID=54) to work on /opt/airflow/dags/main.py
[2026-02-11T22:17:14.919+0000] {processor.py:830} INFO - Processing file /opt/airflow/dags/main.py for tasks to queue
[2026-02-11T22:17:14.930+0000] {logging_mixin.py:188} INFO - [2026-02-11T22:17:14.929+0000] {dagbag.py:545} INFO - Filling up the DagBag from /opt/airflow/dags/main.py
[2026-02-11T22:17:15.379+0000] {processor.py:840} INFO - DAG(s) 'produce_json' retrieved from /opt/airflow/dags/main.py
[2026-02-11T22:17:18.006+0000] {logging_mixin.py:188} INFO - [2026-02-11T22:17:18.006+0000] {dag.py:3096} INFO - Sync 1 DAGs
[2026-02-11T22:17:18.510+0000] {logging_mixin.py:188} INFO - [2026-02-11T22:17:18.510+0000] {dag.py:3954} INFO - Setting next_dagrun for produce_json to 2026-02-11 14:00:00+00:00, run_after=2026-02-12 14:00:00+00:00
[2026-02-11T22:17:18.712+0000] {processor.py:183} INFO - Processing /opt/airflow/dags/main.py took 4.115 seconds
[2026-02-11T22:17:31.043+0000] {processor.py:161} INFO - Started process (PID=61) to work on /opt/airflow/dags/main.py
[2026-02-11T22:17:31.261+0000] {processor.py:830} INFO - Processing file /opt/airflow/dags/main.py for tasks to queue
[2026-02-11T22:17:31.264+0000] {logging_mixin.py:188} INFO - [2026-02-11T22:17:31.263+0000] {dagbag.py:545} INFO - Filling up the DagBag from /opt/airflow/dags/main.py
[2026-02-11T22:17:31.324+0000] {processor.py:840} INFO - DAG(s) 'produce_json' retrieved from /opt/airflow/dags/main.py
[2026-02-11T22:17:33.113+0000] {logging_mixin.py:188} INFO - [2026-02-11T22:17:33.112+0000] {taskinstance.py:2907} ERROR - {'DAG Id': 'produce_json', 'Task Id': 'save_to_json', 'Run Id': 'scheduled__2026-02-10T14:00:00+00:00', 'Hostname': 'a9a9531a1f20', 'External Executor Id': 'adc958be-5c35-46e3-ba85-6a173c34c6f7'}
[2026-02-11T22:17:33.433+0000] {logging_mixin.py:188} INFO - [2026-02-11T22:17:33.432+0000] {taskinstance.py:1206} INFO - Marking task as FAILED. dag_id=produce_json, task_id=save_to_json, run_id=scheduled__2026-02-10T14:00:00+00:00, execution_date=20260210T140000, start_date=20260211T221224, end_date=20260211T221733
[2026-02-11T22:17:33.521+0000] {processor.py:791} INFO - Executed failure callback for <TaskInstance: produce_json.save_to_json scheduled__2026-02-10T14:00:00+00:00 [failed]> in state failed
[2026-02-11T22:17:33.726+0000] {logging_mixin.py:188} INFO - [2026-02-11T22:17:33.725+0000] {dag.py:3096} INFO - Sync 1 DAGs
[2026-02-11T22:17:33.788+0000] {logging_mixin.py:188} INFO - [2026-02-11T22:17:33.788+0000] {dag.py:3954} INFO - Setting next_dagrun for produce_json to 2026-02-11 14:00:00+00:00, run_after=2026-02-12 14:00:00+00:00
[2026-02-11T22:17:34.303+0000] {processor.py:183} INFO - Processing /opt/airflow/dags/main.py took 3.281 seconds
[2026-02-11T22:18:05.398+0000] {processor.py:161} INFO - Started process (PID=69) to work on /opt/airflow/dags/main.py
[2026-02-11T22:18:05.420+0000] {processor.py:830} INFO - Processing file /opt/airflow/dags/main.py for tasks to queue
[2026-02-11T22:18:05.424+0000] {logging_mixin.py:188} INFO - [2026-02-11T22:18:05.423+0000] {dagbag.py:545} INFO - Filling up the DagBag from /opt/airflow/dags/main.py
[2026-02-11T22:18:05.575+0000] {processor.py:840} INFO - DAG(s) 'produce_json' retrieved from /opt/airflow/dags/main.py
[2026-02-11T22:18:05.768+0000] {logging_mixin.py:188} INFO - [2026-02-11T22:18:05.767+0000] {dag.py:3096} INFO - Sync 1 DAGs
[2026-02-11T22:18:05.949+0000] {logging_mixin.py:188} INFO - [2026-02-11T22:18:05.948+0000] {dag.py:3954} INFO - Setting next_dagrun for produce_json to 2026-02-11 14:00:00+00:00, run_after=2026-02-12 14:00:00+00:00
[2026-02-11T22:18:06.053+0000] {processor.py:183} INFO - Processing /opt/airflow/dags/main.py took 0.669 seconds
[2026-02-11T22:18:37.216+0000] {processor.py:161} INFO - Started process (PID=76) to work on /opt/airflow/dags/main.py
[2026-02-11T22:18:37.220+0000] {processor.py:830} INFO - Processing file /opt/airflow/dags/main.py for tasks to queue
[2026-02-11T22:18:37.224+0000] {logging_mixin.py:188} INFO - [2026-02-11T22:18:37.223+0000] {dagbag.py:545} INFO - Filling up the DagBag from /opt/airflow/dags/main.py
[2026-02-11T22:18:37.302+0000] {processor.py:840} INFO - DAG(s) 'produce_json' retrieved from /opt/airflow/dags/main.py
[2026-02-11T22:18:37.434+0000] {logging_mixin.py:188} INFO - [2026-02-11T22:18:37.433+0000] {dag.py:3096} INFO - Sync 1 DAGs
[2026-02-11T22:18:37.503+0000] {logging_mixin.py:188} INFO - [2026-02-11T22:18:37.502+0000] {dag.py:3954} INFO - Setting next_dagrun for produce_json to 2026-02-11 14:00:00+00:00, run_after=2026-02-12 14:00:00+00:00
[2026-02-11T22:18:37.554+0000] {processor.py:183} INFO - Processing /opt/airflow/dags/main.py took 0.351 seconds
[2026-02-11T22:19:07.997+0000] {processor.py:161} INFO - Started process (PID=83) to work on /opt/airflow/dags/main.py
[2026-02-11T22:19:08.016+0000] {processor.py:830} INFO - Processing file /opt/airflow/dags/main.py for tasks to queue
[2026-02-11T22:19:08.018+0000] {logging_mixin.py:188} INFO - [2026-02-11T22:19:08.018+0000] {dagbag.py:545} INFO - Filling up the DagBag from /opt/airflow/dags/main.py
[2026-02-11T22:19:08.070+0000] {processor.py:840} INFO - DAG(s) 'produce_json' retrieved from /opt/airflow/dags/main.py
[2026-02-11T22:19:08.121+0000] {logging_mixin.py:188} INFO - [2026-02-11T22:19:08.120+0000] {dag.py:3096} INFO - Sync 1 DAGs
[2026-02-11T22:19:08.166+0000] {logging_mixin.py:188} INFO - [2026-02-11T22:19:08.166+0000] {dag.py:3954} INFO - Setting next_dagrun for produce_json to 2026-02-11 14:00:00+00:00, run_after=2026-02-12 14:00:00+00:00
[2026-02-11T22:19:08.322+0000] {processor.py:183} INFO - Processing /opt/airflow/dags/main.py took 0.333 seconds
[2026-02-11T22:19:39.519+0000] {processor.py:161} INFO - Started process (PID=90) to work on /opt/airflow/dags/main.py
[2026-02-11T22:19:39.826+0000] {processor.py:830} INFO - Processing file /opt/airflow/dags/main.py for tasks to queue
[2026-02-11T22:19:39.896+0000] {logging_mixin.py:188} INFO - [2026-02-11T22:19:39.896+0000] {dagbag.py:545} INFO - Filling up the DagBag from /opt/airflow/dags/main.py
[2026-02-11T22:19:40.210+0000] {processor.py:840} INFO - DAG(s) 'produce_json' retrieved from /opt/airflow/dags/main.py
[2026-02-11T22:19:42.150+0000] {logging_mixin.py:188} INFO - [2026-02-11T22:19:42.147+0000] {dag.py:3096} INFO - Sync 1 DAGs
[2026-02-11T22:19:42.296+0000] {logging_mixin.py:188} INFO - [2026-02-11T22:19:42.296+0000] {dag.py:3954} INFO - Setting next_dagrun for produce_json to 2026-02-11 14:00:00+00:00, run_after=2026-02-12 14:00:00+00:00
[2026-02-11T22:19:42.466+0000] {processor.py:183} INFO - Processing /opt/airflow/dags/main.py took 2.983 seconds
[2026-02-11T22:20:13.269+0000] {processor.py:161} INFO - Started process (PID=97) to work on /opt/airflow/dags/main.py
[2026-02-11T22:20:13.301+0000] {processor.py:830} INFO - Processing file /opt/airflow/dags/main.py for tasks to queue
[2026-02-11T22:20:13.306+0000] {logging_mixin.py:188} INFO - [2026-02-11T22:20:13.305+0000] {dagbag.py:545} INFO - Filling up the DagBag from /opt/airflow/dags/main.py
[2026-02-11T22:20:13.402+0000] {processor.py:840} INFO - DAG(s) 'produce_json' retrieved from /opt/airflow/dags/main.py
[2026-02-11T22:20:13.510+0000] {logging_mixin.py:188} INFO - [2026-02-11T22:20:13.509+0000] {dag.py:3096} INFO - Sync 1 DAGs
[2026-02-11T22:20:13.575+0000] {logging_mixin.py:188} INFO - [2026-02-11T22:20:13.575+0000] {dag.py:3954} INFO - Setting next_dagrun for produce_json to 2026-02-11 14:00:00+00:00, run_after=2026-02-12 14:00:00+00:00
[2026-02-11T22:20:13.689+0000] {processor.py:183} INFO - Processing /opt/airflow/dags/main.py took 0.485 seconds
[2026-02-11T22:20:44.447+0000] {processor.py:161} INFO - Started process (PID=104) to work on /opt/airflow/dags/main.py
[2026-02-11T22:20:44.466+0000] {processor.py:830} INFO - Processing file /opt/airflow/dags/main.py for tasks to queue
[2026-02-11T22:20:44.472+0000] {logging_mixin.py:188} INFO - [2026-02-11T22:20:44.471+0000] {dagbag.py:545} INFO - Filling up the DagBag from /opt/airflow/dags/main.py
[2026-02-11T22:20:44.536+0000] {processor.py:840} INFO - DAG(s) 'produce_json' retrieved from /opt/airflow/dags/main.py
[2026-02-11T22:20:44.717+0000] {logging_mixin.py:188} INFO - [2026-02-11T22:20:44.716+0000] {dag.py:3096} INFO - Sync 1 DAGs
[2026-02-11T22:20:44.787+0000] {logging_mixin.py:188} INFO - [2026-02-11T22:20:44.787+0000] {dag.py:3954} INFO - Setting next_dagrun for produce_json to 2026-02-11 14:00:00+00:00, run_after=2026-02-12 14:00:00+00:00
[2026-02-11T22:20:44.853+0000] {processor.py:183} INFO - Processing /opt/airflow/dags/main.py took 0.442 seconds
[2026-02-11T22:21:15.576+0000] {processor.py:161} INFO - Started process (PID=111) to work on /opt/airflow/dags/main.py
[2026-02-11T22:21:15.585+0000] {processor.py:830} INFO - Processing file /opt/airflow/dags/main.py for tasks to queue
[2026-02-11T22:21:15.588+0000] {logging_mixin.py:188} INFO - [2026-02-11T22:21:15.588+0000] {dagbag.py:545} INFO - Filling up the DagBag from /opt/airflow/dags/main.py
[2026-02-11T22:21:15.648+0000] {processor.py:840} INFO - DAG(s) 'produce_json' retrieved from /opt/airflow/dags/main.py
[2026-02-11T22:21:15.806+0000] {logging_mixin.py:188} INFO - [2026-02-11T22:21:15.806+0000] {dag.py:3096} INFO - Sync 1 DAGs
[2026-02-11T22:21:15.857+0000] {logging_mixin.py:188} INFO - [2026-02-11T22:21:15.856+0000] {dag.py:3954} INFO - Setting next_dagrun for produce_json to 2026-02-11 14:00:00+00:00, run_after=2026-02-12 14:00:00+00:00
[2026-02-11T22:21:15.959+0000] {processor.py:183} INFO - Processing /opt/airflow/dags/main.py took 0.395 seconds
[2026-02-11T22:21:46.350+0000] {processor.py:161} INFO - Started process (PID=118) to work on /opt/airflow/dags/main.py
[2026-02-11T22:21:46.379+0000] {processor.py:830} INFO - Processing file /opt/airflow/dags/main.py for tasks to queue
[2026-02-11T22:21:46.458+0000] {logging_mixin.py:188} INFO - [2026-02-11T22:21:46.453+0000] {dagbag.py:545} INFO - Filling up the DagBag from /opt/airflow/dags/main.py
[2026-02-11T22:21:46.649+0000] {processor.py:840} INFO - DAG(s) 'produce_json' retrieved from /opt/airflow/dags/main.py
[2026-02-11T22:21:46.836+0000] {logging_mixin.py:188} INFO - [2026-02-11T22:21:46.836+0000] {dag.py:3096} INFO - Sync 1 DAGs
[2026-02-11T22:21:46.980+0000] {logging_mixin.py:188} INFO - [2026-02-11T22:21:46.980+0000] {dag.py:3954} INFO - Setting next_dagrun for produce_json to 2026-02-11 14:00:00+00:00, run_after=2026-02-12 14:00:00+00:00
[2026-02-11T22:21:47.057+0000] {processor.py:183} INFO - Processing /opt/airflow/dags/main.py took 0.720 seconds
[2026-02-11T22:22:17.757+0000] {processor.py:161} INFO - Started process (PID=125) to work on /opt/airflow/dags/main.py
[2026-02-11T22:22:17.772+0000] {processor.py:830} INFO - Processing file /opt/airflow/dags/main.py for tasks to queue
[2026-02-11T22:22:17.775+0000] {logging_mixin.py:188} INFO - [2026-02-11T22:22:17.775+0000] {dagbag.py:545} INFO - Filling up the DagBag from /opt/airflow/dags/main.py
[2026-02-11T22:22:17.829+0000] {processor.py:840} INFO - DAG(s) 'produce_json' retrieved from /opt/airflow/dags/main.py
[2026-02-11T22:22:17.917+0000] {logging_mixin.py:188} INFO - [2026-02-11T22:22:17.917+0000] {dag.py:3096} INFO - Sync 1 DAGs
[2026-02-11T22:22:19.215+0000] {logging_mixin.py:188} INFO - [2026-02-11T22:22:19.214+0000] {dag.py:3954} INFO - Setting next_dagrun for produce_json to 2026-02-11 14:00:00+00:00, run_after=2026-02-12 14:00:00+00:00
[2026-02-11T22:22:19.349+0000] {processor.py:183} INFO - Processing /opt/airflow/dags/main.py took 1.685 seconds
[2026-02-11T22:22:50.670+0000] {processor.py:161} INFO - Started process (PID=132) to work on /opt/airflow/dags/main.py
[2026-02-11T22:22:50.687+0000] {processor.py:830} INFO - Processing file /opt/airflow/dags/main.py for tasks to queue
[2026-02-11T22:22:50.690+0000] {logging_mixin.py:188} INFO - [2026-02-11T22:22:50.689+0000] {dagbag.py:545} INFO - Filling up the DagBag from /opt/airflow/dags/main.py
[2026-02-11T22:22:50.766+0000] {processor.py:840} INFO - DAG(s) 'produce_json' retrieved from /opt/airflow/dags/main.py
[2026-02-11T22:22:50.892+0000] {logging_mixin.py:188} INFO - [2026-02-11T22:22:50.891+0000] {dag.py:3096} INFO - Sync 1 DAGs
[2026-02-11T22:22:51.004+0000] {logging_mixin.py:188} INFO - [2026-02-11T22:22:51.003+0000] {dag.py:3954} INFO - Setting next_dagrun for produce_json to 2026-02-11 14:00:00+00:00, run_after=2026-02-12 14:00:00+00:00
[2026-02-11T22:22:51.112+0000] {processor.py:183} INFO - Processing /opt/airflow/dags/main.py took 0.454 seconds
[2026-02-11T22:23:21.729+0000] {processor.py:161} INFO - Started process (PID=139) to work on /opt/airflow/dags/main.py
[2026-02-11T22:23:21.767+0000] {processor.py:830} INFO - Processing file /opt/airflow/dags/main.py for tasks to queue
[2026-02-11T22:23:21.779+0000] {logging_mixin.py:188} INFO - [2026-02-11T22:23:21.777+0000] {dagbag.py:545} INFO - Filling up the DagBag from /opt/airflow/dags/main.py
[2026-02-11T22:23:22.090+0000] {processor.py:840} INFO - DAG(s) 'produce_json' retrieved from /opt/airflow/dags/main.py
[2026-02-11T22:23:22.212+0000] {logging_mixin.py:188} INFO - [2026-02-11T22:23:22.212+0000] {dag.py:3096} INFO - Sync 1 DAGs
[2026-02-11T22:23:22.306+0000] {logging_mixin.py:188} INFO - [2026-02-11T22:23:22.306+0000] {dag.py:3954} INFO - Setting next_dagrun for produce_json to 2026-02-11 14:00:00+00:00, run_after=2026-02-12 14:00:00+00:00
[2026-02-11T22:23:22.362+0000] {processor.py:183} INFO - Processing /opt/airflow/dags/main.py took 0.693 seconds
[2026-02-11T22:23:53.046+0000] {processor.py:161} INFO - Started process (PID=146) to work on /opt/airflow/dags/main.py
[2026-02-11T22:23:53.049+0000] {processor.py:830} INFO - Processing file /opt/airflow/dags/main.py for tasks to queue
[2026-02-11T22:23:53.057+0000] {logging_mixin.py:188} INFO - [2026-02-11T22:23:53.054+0000] {dagbag.py:545} INFO - Filling up the DagBag from /opt/airflow/dags/main.py
[2026-02-11T22:23:53.182+0000] {processor.py:840} INFO - DAG(s) 'produce_json' retrieved from /opt/airflow/dags/main.py
[2026-02-11T22:23:53.298+0000] {logging_mixin.py:188} INFO - [2026-02-11T22:23:53.294+0000] {dag.py:3096} INFO - Sync 1 DAGs
[2026-02-11T22:23:53.458+0000] {logging_mixin.py:188} INFO - [2026-02-11T22:23:53.457+0000] {dag.py:3954} INFO - Setting next_dagrun for produce_json to 2026-02-11 14:00:00+00:00, run_after=2026-02-12 14:00:00+00:00
[2026-02-11T22:23:53.537+0000] {processor.py:183} INFO - Processing /opt/airflow/dags/main.py took 0.535 seconds
[2026-02-11T22:24:24.161+0000] {processor.py:161} INFO - Started process (PID=153) to work on /opt/airflow/dags/main.py
[2026-02-11T22:24:24.177+0000] {processor.py:830} INFO - Processing file /opt/airflow/dags/main.py for tasks to queue
[2026-02-11T22:24:24.181+0000] {logging_mixin.py:188} INFO - [2026-02-11T22:24:24.180+0000] {dagbag.py:545} INFO - Filling up the DagBag from /opt/airflow/dags/main.py
[2026-02-11T22:24:24.250+0000] {processor.py:840} INFO - DAG(s) 'produce_json' retrieved from /opt/airflow/dags/main.py
[2026-02-11T22:24:24.319+0000] {logging_mixin.py:188} INFO - [2026-02-11T22:24:24.319+0000] {dag.py:3096} INFO - Sync 1 DAGs
[2026-02-11T22:24:24.556+0000] {logging_mixin.py:188} INFO - [2026-02-11T22:24:24.544+0000] {dag.py:3954} INFO - Setting next_dagrun for produce_json to 2026-02-11 14:00:00+00:00, run_after=2026-02-12 14:00:00+00:00
[2026-02-11T22:24:24.658+0000] {processor.py:183} INFO - Processing /opt/airflow/dags/main.py took 0.512 seconds
[2026-02-11T22:24:55.085+0000] {processor.py:161} INFO - Started process (PID=160) to work on /opt/airflow/dags/main.py
[2026-02-11T22:24:55.129+0000] {processor.py:830} INFO - Processing file /opt/airflow/dags/main.py for tasks to queue
[2026-02-11T22:24:55.133+0000] {logging_mixin.py:188} INFO - [2026-02-11T22:24:55.132+0000] {dagbag.py:545} INFO - Filling up the DagBag from /opt/airflow/dags/main.py
[2026-02-11T22:24:55.194+0000] {processor.py:840} INFO - DAG(s) 'produce_json' retrieved from /opt/airflow/dags/main.py
[2026-02-11T22:24:55.362+0000] {logging_mixin.py:188} INFO - [2026-02-11T22:24:55.361+0000] {dag.py:3096} INFO - Sync 1 DAGs
[2026-02-11T22:24:55.476+0000] {logging_mixin.py:188} INFO - [2026-02-11T22:24:55.476+0000] {dag.py:3954} INFO - Setting next_dagrun for produce_json to 2026-02-11 14:00:00+00:00, run_after=2026-02-12 14:00:00+00:00
[2026-02-11T22:24:56.079+0000] {processor.py:183} INFO - Processing /opt/airflow/dags/main.py took 1.005 seconds
[2026-02-11T22:25:28.271+0000] {processor.py:161} INFO - Started process (PID=167) to work on /opt/airflow/dags/main.py
[2026-02-11T22:25:28.274+0000] {processor.py:830} INFO - Processing file /opt/airflow/dags/main.py for tasks to queue
[2026-02-11T22:25:28.278+0000] {logging_mixin.py:188} INFO - [2026-02-11T22:25:28.278+0000] {dagbag.py:545} INFO - Filling up the DagBag from /opt/airflow/dags/main.py
[2026-02-11T22:25:28.356+0000] {processor.py:840} INFO - DAG(s) 'produce_json' retrieved from /opt/airflow/dags/main.py
[2026-02-11T22:25:28.436+0000] {logging_mixin.py:188} INFO - [2026-02-11T22:25:28.435+0000] {dag.py:3096} INFO - Sync 1 DAGs
[2026-02-11T22:25:28.609+0000] {logging_mixin.py:188} INFO - [2026-02-11T22:25:28.609+0000] {dag.py:3954} INFO - Setting next_dagrun for produce_json to 2026-02-11 14:00:00+00:00, run_after=2026-02-12 14:00:00+00:00
[2026-02-11T22:25:28.689+0000] {processor.py:183} INFO - Processing /opt/airflow/dags/main.py took 0.441 seconds
[2026-02-11T22:25:58.974+0000] {processor.py:161} INFO - Started process (PID=174) to work on /opt/airflow/dags/main.py
[2026-02-11T22:25:58.999+0000] {processor.py:830} INFO - Processing file /opt/airflow/dags/main.py for tasks to queue
[2026-02-11T22:25:59.005+0000] {logging_mixin.py:188} INFO - [2026-02-11T22:25:59.005+0000] {dagbag.py:545} INFO - Filling up the DagBag from /opt/airflow/dags/main.py
[2026-02-11T22:25:59.072+0000] {processor.py:840} INFO - DAG(s) 'produce_json' retrieved from /opt/airflow/dags/main.py
[2026-02-11T22:25:59.274+0000] {logging_mixin.py:188} INFO - [2026-02-11T22:25:59.274+0000] {dag.py:3096} INFO - Sync 1 DAGs
[2026-02-11T22:25:59.343+0000] {logging_mixin.py:188} INFO - [2026-02-11T22:25:59.343+0000] {dag.py:3954} INFO - Setting next_dagrun for produce_json to 2026-02-11 14:00:00+00:00, run_after=2026-02-12 14:00:00+00:00
[2026-02-11T22:25:59.397+0000] {processor.py:183} INFO - Processing /opt/airflow/dags/main.py took 0.435 seconds
[2026-02-11T22:26:29.899+0000] {processor.py:161} INFO - Started process (PID=181) to work on /opt/airflow/dags/main.py
[2026-02-11T22:26:29.907+0000] {processor.py:830} INFO - Processing file /opt/airflow/dags/main.py for tasks to queue
[2026-02-11T22:26:29.910+0000] {logging_mixin.py:188} INFO - [2026-02-11T22:26:29.909+0000] {dagbag.py:545} INFO - Filling up the DagBag from /opt/airflow/dags/main.py
[2026-02-11T22:26:29.995+0000] {processor.py:840} INFO - DAG(s) 'produce_json' retrieved from /opt/airflow/dags/main.py
[2026-02-11T22:26:30.130+0000] {logging_mixin.py:188} INFO - [2026-02-11T22:26:30.130+0000] {dag.py:3096} INFO - Sync 1 DAGs
[2026-02-11T22:26:30.182+0000] {logging_mixin.py:188} INFO - [2026-02-11T22:26:30.181+0000] {dag.py:3954} INFO - Setting next_dagrun for produce_json to 2026-02-11 14:00:00+00:00, run_after=2026-02-12 14:00:00+00:00
[2026-02-11T22:26:30.303+0000] {processor.py:183} INFO - Processing /opt/airflow/dags/main.py took 0.420 seconds
[2026-02-11T22:27:01.160+0000] {processor.py:161} INFO - Started process (PID=188) to work on /opt/airflow/dags/main.py
[2026-02-11T22:27:01.163+0000] {processor.py:830} INFO - Processing file /opt/airflow/dags/main.py for tasks to queue
[2026-02-11T22:27:01.166+0000] {logging_mixin.py:188} INFO - [2026-02-11T22:27:01.165+0000] {dagbag.py:545} INFO - Filling up the DagBag from /opt/airflow/dags/main.py
[2026-02-11T22:27:01.227+0000] {processor.py:840} INFO - DAG(s) 'produce_json' retrieved from /opt/airflow/dags/main.py
[2026-02-11T22:27:01.337+0000] {logging_mixin.py:188} INFO - [2026-02-11T22:27:01.337+0000] {dag.py:3096} INFO - Sync 1 DAGs
[2026-02-11T22:27:01.379+0000] {logging_mixin.py:188} INFO - [2026-02-11T22:27:01.378+0000] {dag.py:3954} INFO - Setting next_dagrun for produce_json to 2026-02-11 14:00:00+00:00, run_after=2026-02-12 14:00:00+00:00
[2026-02-11T22:27:01.454+0000] {processor.py:183} INFO - Processing /opt/airflow/dags/main.py took 0.307 seconds
[2026-02-11T22:27:31.872+0000] {processor.py:161} INFO - Started process (PID=194) to work on /opt/airflow/dags/main.py
[2026-02-11T22:27:31.887+0000] {processor.py:830} INFO - Processing file /opt/airflow/dags/main.py for tasks to queue
[2026-02-11T22:27:32.054+0000] {logging_mixin.py:188} INFO - [2026-02-11T22:27:32.053+0000] {dagbag.py:545} INFO - Filling up the DagBag from /opt/airflow/dags/main.py
[2026-02-11T22:27:32.197+0000] {processor.py:840} INFO - DAG(s) 'produce_json' retrieved from /opt/airflow/dags/main.py
[2026-02-11T22:27:32.331+0000] {logging_mixin.py:188} INFO - [2026-02-11T22:27:32.330+0000] {dag.py:3096} INFO - Sync 1 DAGs
[2026-02-11T22:27:32.388+0000] {logging_mixin.py:188} INFO - [2026-02-11T22:27:32.388+0000] {dag.py:3954} INFO - Setting next_dagrun for produce_json to 2026-02-11 14:00:00+00:00, run_after=2026-02-12 14:00:00+00:00
[2026-02-11T22:27:32.477+0000] {processor.py:183} INFO - Processing /opt/airflow/dags/main.py took 0.624 seconds
[2026-02-11T22:28:03.102+0000] {processor.py:161} INFO - Started process (PID=201) to work on /opt/airflow/dags/main.py
[2026-02-11T22:28:03.115+0000] {processor.py:830} INFO - Processing file /opt/airflow/dags/main.py for tasks to queue
[2026-02-11T22:28:03.118+0000] {logging_mixin.py:188} INFO - [2026-02-11T22:28:03.117+0000] {dagbag.py:545} INFO - Filling up the DagBag from /opt/airflow/dags/main.py
[2026-02-11T22:28:03.191+0000] {processor.py:840} INFO - DAG(s) 'produce_json' retrieved from /opt/airflow/dags/main.py
[2026-02-11T22:28:03.272+0000] {logging_mixin.py:188} INFO - [2026-02-11T22:28:03.271+0000] {dag.py:3096} INFO - Sync 1 DAGs
[2026-02-11T22:28:03.319+0000] {logging_mixin.py:188} INFO - [2026-02-11T22:28:03.319+0000] {dag.py:3954} INFO - Setting next_dagrun for produce_json to 2026-02-11 14:00:00+00:00, run_after=2026-02-12 14:00:00+00:00
[2026-02-11T22:28:03.410+0000] {processor.py:183} INFO - Processing /opt/airflow/dags/main.py took 0.320 seconds
[2026-02-11T22:28:34.110+0000] {processor.py:161} INFO - Started process (PID=208) to work on /opt/airflow/dags/main.py
[2026-02-11T22:28:34.113+0000] {processor.py:830} INFO - Processing file /opt/airflow/dags/main.py for tasks to queue
[2026-02-11T22:28:34.121+0000] {logging_mixin.py:188} INFO - [2026-02-11T22:28:34.120+0000] {dagbag.py:545} INFO - Filling up the DagBag from /opt/airflow/dags/main.py
[2026-02-11T22:28:34.411+0000] {processor.py:840} INFO - DAG(s) 'produce_json' retrieved from /opt/airflow/dags/main.py
[2026-02-11T22:28:34.761+0000] {logging_mixin.py:188} INFO - [2026-02-11T22:28:34.760+0000] {dag.py:3096} INFO - Sync 1 DAGs
[2026-02-11T22:28:34.830+0000] {logging_mixin.py:188} INFO - [2026-02-11T22:28:34.829+0000] {dag.py:3954} INFO - Setting next_dagrun for produce_json to 2026-02-11 14:00:00+00:00, run_after=2026-02-12 14:00:00+00:00
[2026-02-11T22:28:34.885+0000] {processor.py:183} INFO - Processing /opt/airflow/dags/main.py took 0.795 seconds
[2026-02-11T22:29:04.939+0000] {processor.py:161} INFO - Started process (PID=215) to work on /opt/airflow/dags/main.py
[2026-02-11T22:29:04.951+0000] {processor.py:830} INFO - Processing file /opt/airflow/dags/main.py for tasks to queue
[2026-02-11T22:29:04.954+0000] {logging_mixin.py:188} INFO - [2026-02-11T22:29:04.954+0000] {dagbag.py:545} INFO - Filling up the DagBag from /opt/airflow/dags/main.py
[2026-02-11T22:29:05.022+0000] {processor.py:840} INFO - DAG(s) 'produce_json' retrieved from /opt/airflow/dags/main.py
[2026-02-11T22:29:05.116+0000] {logging_mixin.py:188} INFO - [2026-02-11T22:29:05.116+0000] {dag.py:3096} INFO - Sync 1 DAGs
[2026-02-11T22:29:05.180+0000] {logging_mixin.py:188} INFO - [2026-02-11T22:29:05.179+0000] {dag.py:3954} INFO - Setting next_dagrun for produce_json to 2026-02-11 14:00:00+00:00, run_after=2026-02-12 14:00:00+00:00
[2026-02-11T22:29:05.242+0000] {processor.py:183} INFO - Processing /opt/airflow/dags/main.py took 0.314 seconds
[2026-02-11T22:29:35.608+0000] {processor.py:161} INFO - Started process (PID=221) to work on /opt/airflow/dags/main.py
[2026-02-11T22:29:35.611+0000] {processor.py:830} INFO - Processing file /opt/airflow/dags/main.py for tasks to queue
[2026-02-11T22:29:35.618+0000] {logging_mixin.py:188} INFO - [2026-02-11T22:29:35.617+0000] {dagbag.py:545} INFO - Filling up the DagBag from /opt/airflow/dags/main.py
[2026-02-11T22:29:35.676+0000] {processor.py:840} INFO - DAG(s) 'produce_json' retrieved from /opt/airflow/dags/main.py
[2026-02-11T22:29:35.758+0000] {logging_mixin.py:188} INFO - [2026-02-11T22:29:35.757+0000] {dag.py:3096} INFO - Sync 1 DAGs
[2026-02-11T22:29:35.808+0000] {logging_mixin.py:188} INFO - [2026-02-11T22:29:35.807+0000] {dag.py:3954} INFO - Setting next_dagrun for produce_json to 2026-02-11 14:00:00+00:00, run_after=2026-02-12 14:00:00+00:00
[2026-02-11T22:29:35.861+0000] {processor.py:183} INFO - Processing /opt/airflow/dags/main.py took 0.274 seconds
[2026-02-11T22:30:06.265+0000] {processor.py:161} INFO - Started process (PID=228) to work on /opt/airflow/dags/main.py
[2026-02-11T22:30:06.267+0000] {processor.py:830} INFO - Processing file /opt/airflow/dags/main.py for tasks to queue
[2026-02-11T22:30:06.271+0000] {logging_mixin.py:188} INFO - [2026-02-11T22:30:06.270+0000] {dagbag.py:545} INFO - Filling up the DagBag from /opt/airflow/dags/main.py
[2026-02-11T22:30:06.337+0000] {processor.py:840} INFO - DAG(s) 'produce_json' retrieved from /opt/airflow/dags/main.py
[2026-02-11T22:30:06.428+0000] {logging_mixin.py:188} INFO - [2026-02-11T22:30:06.427+0000] {dag.py:3096} INFO - Sync 1 DAGs
[2026-02-11T22:30:06.484+0000] {logging_mixin.py:188} INFO - [2026-02-11T22:30:06.484+0000] {dag.py:3954} INFO - Setting next_dagrun for produce_json to 2026-02-11 14:00:00+00:00, run_after=2026-02-12 14:00:00+00:00
[2026-02-11T22:30:06.584+0000] {processor.py:183} INFO - Processing /opt/airflow/dags/main.py took 0.335 seconds
[2026-02-11T22:30:37.124+0000] {processor.py:161} INFO - Started process (PID=235) to work on /opt/airflow/dags/main.py
[2026-02-11T22:30:37.675+0000] {processor.py:830} INFO - Processing file /opt/airflow/dags/main.py for tasks to queue
[2026-02-11T22:30:37.683+0000] {logging_mixin.py:188} INFO - [2026-02-11T22:30:37.682+0000] {dagbag.py:545} INFO - Filling up the DagBag from /opt/airflow/dags/main.py
[2026-02-11T22:30:37.847+0000] {processor.py:840} INFO - DAG(s) 'produce_json' retrieved from /opt/airflow/dags/main.py
[2026-02-11T22:30:38.064+0000] {logging_mixin.py:188} INFO - [2026-02-11T22:30:38.063+0000] {dag.py:3096} INFO - Sync 1 DAGs
[2026-02-11T22:30:38.170+0000] {logging_mixin.py:188} INFO - [2026-02-11T22:30:38.169+0000] {dag.py:3954} INFO - Setting next_dagrun for produce_json to 2026-02-11 14:00:00+00:00, run_after=2026-02-12 14:00:00+00:00
[2026-02-11T22:30:38.261+0000] {processor.py:183} INFO - Processing /opt/airflow/dags/main.py took 1.230 seconds
[2026-02-11T22:31:09.504+0000] {processor.py:161} INFO - Started process (PID=241) to work on /opt/airflow/dags/main.py
[2026-02-11T22:31:09.509+0000] {processor.py:830} INFO - Processing file /opt/airflow/dags/main.py for tasks to queue
[2026-02-11T22:31:09.514+0000] {logging_mixin.py:188} INFO - [2026-02-11T22:31:09.513+0000] {dagbag.py:545} INFO - Filling up the DagBag from /opt/airflow/dags/main.py
[2026-02-11T22:31:09.570+0000] {processor.py:840} INFO - DAG(s) 'produce_json' retrieved from /opt/airflow/dags/main.py
[2026-02-11T22:31:09.630+0000] {logging_mixin.py:188} INFO - [2026-02-11T22:31:09.630+0000] {dag.py:3096} INFO - Sync 1 DAGs
[2026-02-11T22:31:09.669+0000] {logging_mixin.py:188} INFO - [2026-02-11T22:31:09.668+0000] {dag.py:3954} INFO - Setting next_dagrun for produce_json to 2026-02-11 14:00:00+00:00, run_after=2026-02-12 14:00:00+00:00
[2026-02-11T22:31:09.708+0000] {processor.py:183} INFO - Processing /opt/airflow/dags/main.py took 0.220 seconds
[2026-02-11T22:31:40.404+0000] {processor.py:161} INFO - Started process (PID=248) to work on /opt/airflow/dags/main.py
[2026-02-11T22:31:40.409+0000] {processor.py:830} INFO - Processing file /opt/airflow/dags/main.py for tasks to queue
[2026-02-11T22:31:40.413+0000] {logging_mixin.py:188} INFO - [2026-02-11T22:31:40.412+0000] {dagbag.py:545} INFO - Filling up the DagBag from /opt/airflow/dags/main.py
[2026-02-11T22:31:40.464+0000] {processor.py:840} INFO - DAG(s) 'produce_json' retrieved from /opt/airflow/dags/main.py
[2026-02-11T22:31:40.531+0000] {logging_mixin.py:188} INFO - [2026-02-11T22:31:40.531+0000] {dag.py:3096} INFO - Sync 1 DAGs
[2026-02-11T22:31:40.581+0000] {logging_mixin.py:188} INFO - [2026-02-11T22:31:40.580+0000] {dag.py:3954} INFO - Setting next_dagrun for produce_json to 2026-02-11 14:00:00+00:00, run_after=2026-02-12 14:00:00+00:00
[2026-02-11T22:31:40.631+0000] {processor.py:183} INFO - Processing /opt/airflow/dags/main.py took 0.244 seconds
[2026-02-11T22:32:11.112+0000] {processor.py:161} INFO - Started process (PID=255) to work on /opt/airflow/dags/main.py
[2026-02-11T22:32:11.119+0000] {processor.py:830} INFO - Processing file /opt/airflow/dags/main.py for tasks to queue
[2026-02-11T22:32:11.124+0000] {logging_mixin.py:188} INFO - [2026-02-11T22:32:11.124+0000] {dagbag.py:545} INFO - Filling up the DagBag from /opt/airflow/dags/main.py
[2026-02-11T22:32:11.182+0000] {processor.py:840} INFO - DAG(s) 'produce_json' retrieved from /opt/airflow/dags/main.py
[2026-02-11T22:32:11.279+0000] {logging_mixin.py:188} INFO - [2026-02-11T22:32:11.279+0000] {dag.py:3096} INFO - Sync 1 DAGs
[2026-02-11T22:32:11.327+0000] {logging_mixin.py:188} INFO - [2026-02-11T22:32:11.327+0000] {dag.py:3954} INFO - Setting next_dagrun for produce_json to 2026-02-11 14:00:00+00:00, run_after=2026-02-12 14:00:00+00:00
[2026-02-11T22:32:11.385+0000] {processor.py:183} INFO - Processing /opt/airflow/dags/main.py took 0.289 seconds
[2026-02-11T22:32:41.903+0000] {processor.py:161} INFO - Started process (PID=262) to work on /opt/airflow/dags/main.py
[2026-02-11T22:32:41.913+0000] {processor.py:830} INFO - Processing file /opt/airflow/dags/main.py for tasks to queue
[2026-02-11T22:32:41.922+0000] {logging_mixin.py:188} INFO - [2026-02-11T22:32:41.922+0000] {dagbag.py:545} INFO - Filling up the DagBag from /opt/airflow/dags/main.py
[2026-02-11T22:32:41.981+0000] {processor.py:840} INFO - DAG(s) 'produce_json' retrieved from /opt/airflow/dags/main.py
[2026-02-11T22:32:42.077+0000] {logging_mixin.py:188} INFO - [2026-02-11T22:32:42.076+0000] {dag.py:3096} INFO - Sync 1 DAGs
[2026-02-11T22:32:42.141+0000] {logging_mixin.py:188} INFO - [2026-02-11T22:32:42.140+0000] {dag.py:3954} INFO - Setting next_dagrun for produce_json to 2026-02-11 14:00:00+00:00, run_after=2026-02-12 14:00:00+00:00
[2026-02-11T22:32:42.200+0000] {processor.py:183} INFO - Processing /opt/airflow/dags/main.py took 0.314 seconds
[2026-02-11T22:33:12.720+0000] {processor.py:161} INFO - Started process (PID=269) to work on /opt/airflow/dags/main.py
[2026-02-11T22:33:12.722+0000] {processor.py:830} INFO - Processing file /opt/airflow/dags/main.py for tasks to queue
[2026-02-11T22:33:12.725+0000] {logging_mixin.py:188} INFO - [2026-02-11T22:33:12.725+0000] {dagbag.py:545} INFO - Filling up the DagBag from /opt/airflow/dags/main.py
[2026-02-11T22:33:12.784+0000] {processor.py:840} INFO - DAG(s) 'produce_json' retrieved from /opt/airflow/dags/main.py
[2026-02-11T22:33:12.911+0000] {logging_mixin.py:188} INFO - [2026-02-11T22:33:12.910+0000] {dag.py:3096} INFO - Sync 1 DAGs
[2026-02-11T22:33:12.981+0000] {logging_mixin.py:188} INFO - [2026-02-11T22:33:12.981+0000] {dag.py:3954} INFO - Setting next_dagrun for produce_json to 2026-02-11 14:00:00+00:00, run_after=2026-02-12 14:00:00+00:00
[2026-02-11T22:33:13.047+0000] {processor.py:183} INFO - Processing /opt/airflow/dags/main.py took 0.341 seconds
[2026-02-11T22:33:43.563+0000] {processor.py:161} INFO - Started process (PID=276) to work on /opt/airflow/dags/main.py
[2026-02-11T22:33:43.571+0000] {processor.py:830} INFO - Processing file /opt/airflow/dags/main.py for tasks to queue
[2026-02-11T22:33:43.577+0000] {logging_mixin.py:188} INFO - [2026-02-11T22:33:43.576+0000] {dagbag.py:545} INFO - Filling up the DagBag from /opt/airflow/dags/main.py
[2026-02-11T22:33:43.640+0000] {processor.py:840} INFO - DAG(s) 'produce_json' retrieved from /opt/airflow/dags/main.py
[2026-02-11T22:33:43.719+0000] {logging_mixin.py:188} INFO - [2026-02-11T22:33:43.718+0000] {dag.py:3096} INFO - Sync 1 DAGs
[2026-02-11T22:33:43.769+0000] {logging_mixin.py:188} INFO - [2026-02-11T22:33:43.769+0000] {dag.py:3954} INFO - Setting next_dagrun for produce_json to 2026-02-11 14:00:00+00:00, run_after=2026-02-12 14:00:00+00:00
[2026-02-11T22:33:43.827+0000] {processor.py:183} INFO - Processing /opt/airflow/dags/main.py took 0.275 seconds
[2026-02-11T22:34:14.086+0000] {processor.py:161} INFO - Started process (PID=283) to work on /opt/airflow/dags/main.py
[2026-02-11T22:34:14.089+0000] {processor.py:830} INFO - Processing file /opt/airflow/dags/main.py for tasks to queue
[2026-02-11T22:34:14.095+0000] {logging_mixin.py:188} INFO - [2026-02-11T22:34:14.094+0000] {dagbag.py:545} INFO - Filling up the DagBag from /opt/airflow/dags/main.py
[2026-02-11T22:34:14.170+0000] {processor.py:840} INFO - DAG(s) 'produce_json' retrieved from /opt/airflow/dags/main.py
[2026-02-11T22:34:14.255+0000] {logging_mixin.py:188} INFO - [2026-02-11T22:34:14.254+0000] {dag.py:3096} INFO - Sync 1 DAGs
[2026-02-11T22:34:14.304+0000] {logging_mixin.py:188} INFO - [2026-02-11T22:34:14.303+0000] {dag.py:3954} INFO - Setting next_dagrun for produce_json to 2026-02-11 14:00:00+00:00, run_after=2026-02-12 14:00:00+00:00
[2026-02-11T22:34:14.355+0000] {processor.py:183} INFO - Processing /opt/airflow/dags/main.py took 0.288 seconds
[2026-02-11T22:34:45.050+0000] {processor.py:161} INFO - Started process (PID=289) to work on /opt/airflow/dags/main.py
[2026-02-11T22:34:45.098+0000] {processor.py:830} INFO - Processing file /opt/airflow/dags/main.py for tasks to queue
[2026-02-11T22:34:45.135+0000] {logging_mixin.py:188} INFO - [2026-02-11T22:34:45.133+0000] {dagbag.py:545} INFO - Filling up the DagBag from /opt/airflow/dags/main.py
[2026-02-11T22:34:45.197+0000] {processor.py:840} INFO - DAG(s) 'produce_json' retrieved from /opt/airflow/dags/main.py
[2026-02-11T22:34:45.382+0000] {logging_mixin.py:188} INFO - [2026-02-11T22:34:45.382+0000] {dag.py:3096} INFO - Sync 1 DAGs
[2026-02-11T22:34:45.433+0000] {logging_mixin.py:188} INFO - [2026-02-11T22:34:45.432+0000] {dag.py:3954} INFO - Setting next_dagrun for produce_json to 2026-02-11 14:00:00+00:00, run_after=2026-02-12 14:00:00+00:00
[2026-02-11T22:34:45.475+0000] {processor.py:183} INFO - Processing /opt/airflow/dags/main.py took 0.442 seconds
[2026-02-11T22:35:17.303+0000] {processor.py:161} INFO - Started process (PID=296) to work on /opt/airflow/dags/main.py
[2026-02-11T22:35:17.318+0000] {processor.py:830} INFO - Processing file /opt/airflow/dags/main.py for tasks to queue
[2026-02-11T22:35:17.334+0000] {logging_mixin.py:188} INFO - [2026-02-11T22:35:17.332+0000] {dagbag.py:545} INFO - Filling up the DagBag from /opt/airflow/dags/main.py
[2026-02-11T22:35:17.434+0000] {processor.py:840} INFO - DAG(s) 'produce_json' retrieved from /opt/airflow/dags/main.py
[2026-02-11T22:35:17.554+0000] {logging_mixin.py:188} INFO - [2026-02-11T22:35:17.554+0000] {dag.py:3096} INFO - Sync 1 DAGs
[2026-02-11T22:35:17.633+0000] {logging_mixin.py:188} INFO - [2026-02-11T22:35:17.633+0000] {dag.py:3954} INFO - Setting next_dagrun for produce_json to 2026-02-11 14:00:00+00:00, run_after=2026-02-12 14:00:00+00:00
[2026-02-11T22:35:17.711+0000] {processor.py:183} INFO - Processing /opt/airflow/dags/main.py took 0.436 seconds
[2026-02-11T22:35:49.163+0000] {processor.py:161} INFO - Started process (PID=303) to work on /opt/airflow/dags/main.py
[2026-02-11T22:35:49.211+0000] {processor.py:830} INFO - Processing file /opt/airflow/dags/main.py for tasks to queue
[2026-02-11T22:35:49.214+0000] {logging_mixin.py:188} INFO - [2026-02-11T22:35:49.214+0000] {dagbag.py:545} INFO - Filling up the DagBag from /opt/airflow/dags/main.py
[2026-02-11T22:35:49.428+0000] {processor.py:840} INFO - DAG(s) 'produce_json' retrieved from /opt/airflow/dags/main.py
[2026-02-11T22:35:49.543+0000] {logging_mixin.py:188} INFO - [2026-02-11T22:35:49.543+0000] {dag.py:3096} INFO - Sync 1 DAGs
[2026-02-11T22:35:49.662+0000] {logging_mixin.py:188} INFO - [2026-02-11T22:35:49.661+0000] {dag.py:3954} INFO - Setting next_dagrun for produce_json to 2026-02-11 14:00:00+00:00, run_after=2026-02-12 14:00:00+00:00
[2026-02-11T22:35:49.746+0000] {processor.py:183} INFO - Processing /opt/airflow/dags/main.py took 0.747 seconds
[2026-02-11T22:36:20.317+0000] {processor.py:161} INFO - Started process (PID=309) to work on /opt/airflow/dags/main.py
[2026-02-11T22:36:20.326+0000] {processor.py:830} INFO - Processing file /opt/airflow/dags/main.py for tasks to queue
[2026-02-11T22:36:20.330+0000] {logging_mixin.py:188} INFO - [2026-02-11T22:36:20.330+0000] {dagbag.py:545} INFO - Filling up the DagBag from /opt/airflow/dags/main.py
[2026-02-11T22:36:20.390+0000] {processor.py:840} INFO - DAG(s) 'produce_json' retrieved from /opt/airflow/dags/main.py
[2026-02-11T22:36:20.439+0000] {logging_mixin.py:188} INFO - [2026-02-11T22:36:20.438+0000] {dag.py:3096} INFO - Sync 1 DAGs
[2026-02-11T22:36:20.516+0000] {logging_mixin.py:188} INFO - [2026-02-11T22:36:20.515+0000] {dag.py:3954} INFO - Setting next_dagrun for produce_json to 2026-02-11 14:00:00+00:00, run_after=2026-02-12 14:00:00+00:00
[2026-02-11T22:36:20.575+0000] {processor.py:183} INFO - Processing /opt/airflow/dags/main.py took 0.271 seconds
[2026-02-11T22:36:50.871+0000] {processor.py:161} INFO - Started process (PID=315) to work on /opt/airflow/dags/main.py
[2026-02-11T22:36:50.874+0000] {processor.py:830} INFO - Processing file /opt/airflow/dags/main.py for tasks to queue
[2026-02-11T22:36:50.876+0000] {logging_mixin.py:188} INFO - [2026-02-11T22:36:50.876+0000] {dagbag.py:545} INFO - Filling up the DagBag from /opt/airflow/dags/main.py
[2026-02-11T22:36:50.940+0000] {processor.py:840} INFO - DAG(s) 'produce_json' retrieved from /opt/airflow/dags/main.py
[2026-02-11T22:36:51.061+0000] {logging_mixin.py:188} INFO - [2026-02-11T22:36:51.061+0000] {dag.py:3096} INFO - Sync 1 DAGs
[2026-02-11T22:36:51.132+0000] {logging_mixin.py:188} INFO - [2026-02-11T22:36:51.131+0000] {dag.py:3954} INFO - Setting next_dagrun for produce_json to 2026-02-11 14:00:00+00:00, run_after=2026-02-12 14:00:00+00:00
[2026-02-11T22:36:51.169+0000] {processor.py:183} INFO - Processing /opt/airflow/dags/main.py took 0.311 seconds
[2026-02-11T22:37:22.175+0000] {processor.py:161} INFO - Started process (PID=323) to work on /opt/airflow/dags/main.py
[2026-02-11T22:37:22.179+0000] {processor.py:830} INFO - Processing file /opt/airflow/dags/main.py for tasks to queue
[2026-02-11T22:37:22.185+0000] {logging_mixin.py:188} INFO - [2026-02-11T22:37:22.184+0000] {dagbag.py:545} INFO - Filling up the DagBag from /opt/airflow/dags/main.py
[2026-02-11T22:37:22.241+0000] {processor.py:840} INFO - DAG(s) 'produce_json' retrieved from /opt/airflow/dags/main.py
[2026-02-11T22:37:22.299+0000] {logging_mixin.py:188} INFO - [2026-02-11T22:37:22.298+0000] {dag.py:3096} INFO - Sync 1 DAGs
[2026-02-11T22:37:22.335+0000] {logging_mixin.py:188} INFO - [2026-02-11T22:37:22.335+0000] {dag.py:3954} INFO - Setting next_dagrun for produce_json to 2026-02-11 14:00:00+00:00, run_after=2026-02-12 14:00:00+00:00
[2026-02-11T22:37:22.376+0000] {processor.py:183} INFO - Processing /opt/airflow/dags/main.py took 0.221 seconds
[2026-02-11T22:37:52.994+0000] {processor.py:161} INFO - Started process (PID=330) to work on /opt/airflow/dags/main.py
[2026-02-11T22:37:52.996+0000] {processor.py:830} INFO - Processing file /opt/airflow/dags/main.py for tasks to queue
[2026-02-11T22:37:53.001+0000] {logging_mixin.py:188} INFO - [2026-02-11T22:37:53.001+0000] {dagbag.py:545} INFO - Filling up the DagBag from /opt/airflow/dags/main.py
[2026-02-11T22:37:53.152+0000] {processor.py:840} INFO - DAG(s) 'produce_json' retrieved from /opt/airflow/dags/main.py
[2026-02-11T22:37:53.283+0000] {logging_mixin.py:188} INFO - [2026-02-11T22:37:53.282+0000] {dag.py:3096} INFO - Sync 1 DAGs
[2026-02-11T22:37:53.358+0000] {logging_mixin.py:188} INFO - [2026-02-11T22:37:53.358+0000] {dag.py:3954} INFO - Setting next_dagrun for produce_json to 2026-02-11 14:00:00+00:00, run_after=2026-02-12 14:00:00+00:00
[2026-02-11T22:37:53.426+0000] {processor.py:183} INFO - Processing /opt/airflow/dags/main.py took 0.443 seconds
[2026-02-11T22:38:23.921+0000] {processor.py:161} INFO - Started process (PID=343) to work on /opt/airflow/dags/main.py
[2026-02-11T22:38:23.934+0000] {processor.py:830} INFO - Processing file /opt/airflow/dags/main.py for tasks to queue
[2026-02-11T22:38:23.937+0000] {logging_mixin.py:188} INFO - [2026-02-11T22:38:23.936+0000] {dagbag.py:545} INFO - Filling up the DagBag from /opt/airflow/dags/main.py
[2026-02-11T22:38:24.042+0000] {processor.py:840} INFO - DAG(s) 'produce_json' retrieved from /opt/airflow/dags/main.py
[2026-02-11T22:38:24.128+0000] {logging_mixin.py:188} INFO - [2026-02-11T22:38:24.127+0000] {dag.py:3096} INFO - Sync 1 DAGs
[2026-02-11T22:38:24.190+0000] {logging_mixin.py:188} INFO - [2026-02-11T22:38:24.190+0000] {dag.py:3954} INFO - Setting next_dagrun for produce_json to 2026-02-11 14:00:00+00:00, run_after=2026-02-12 14:00:00+00:00
[2026-02-11T22:38:24.253+0000] {processor.py:183} INFO - Processing /opt/airflow/dags/main.py took 0.347 seconds
[2026-02-11T22:38:55.245+0000] {processor.py:161} INFO - Started process (PID=350) to work on /opt/airflow/dags/main.py
[2026-02-11T22:38:55.252+0000] {processor.py:830} INFO - Processing file /opt/airflow/dags/main.py for tasks to queue
[2026-02-11T22:38:55.275+0000] {logging_mixin.py:188} INFO - [2026-02-11T22:38:55.274+0000] {dagbag.py:545} INFO - Filling up the DagBag from /opt/airflow/dags/main.py
[2026-02-11T22:38:55.403+0000] {processor.py:840} INFO - DAG(s) 'produce_json' retrieved from /opt/airflow/dags/main.py
[2026-02-11T22:38:55.470+0000] {logging_mixin.py:188} INFO - [2026-02-11T22:38:55.469+0000] {dag.py:3096} INFO - Sync 1 DAGs
[2026-02-11T22:38:55.518+0000] {logging_mixin.py:188} INFO - [2026-02-11T22:38:55.518+0000] {dag.py:3954} INFO - Setting next_dagrun for produce_json to 2026-02-11 14:00:00+00:00, run_after=2026-02-12 14:00:00+00:00
[2026-02-11T22:38:55.554+0000] {processor.py:183} INFO - Processing /opt/airflow/dags/main.py took 0.355 seconds
[2026-02-11T22:39:26.375+0000] {processor.py:161} INFO - Started process (PID=358) to work on /opt/airflow/dags/main.py
[2026-02-11T22:39:26.392+0000] {processor.py:830} INFO - Processing file /opt/airflow/dags/main.py for tasks to queue
[2026-02-11T22:39:26.398+0000] {logging_mixin.py:188} INFO - [2026-02-11T22:39:26.397+0000] {dagbag.py:545} INFO - Filling up the DagBag from /opt/airflow/dags/main.py
[2026-02-11T22:39:26.451+0000] {processor.py:840} INFO - DAG(s) 'produce_json' retrieved from /opt/airflow/dags/main.py
[2026-02-11T22:39:26.834+0000] {logging_mixin.py:188} INFO - [2026-02-11T22:39:26.834+0000] {dag.py:3096} INFO - Sync 1 DAGs
[2026-02-11T22:39:27.003+0000] {logging_mixin.py:188} INFO - [2026-02-11T22:39:27.002+0000] {dag.py:3954} INFO - Setting next_dagrun for produce_json to 2026-02-11 14:00:00+00:00, run_after=2026-02-12 14:00:00+00:00
[2026-02-11T22:39:27.293+0000] {processor.py:183} INFO - Processing /opt/airflow/dags/main.py took 0.932 seconds
[2026-02-11T22:39:57.442+0000] {processor.py:161} INFO - Started process (PID=365) to work on /opt/airflow/dags/main.py
[2026-02-11T22:39:57.451+0000] {processor.py:830} INFO - Processing file /opt/airflow/dags/main.py for tasks to queue
[2026-02-11T22:39:57.454+0000] {logging_mixin.py:188} INFO - [2026-02-11T22:39:57.454+0000] {dagbag.py:545} INFO - Filling up the DagBag from /opt/airflow/dags/main.py
[2026-02-11T22:39:57.522+0000] {processor.py:840} INFO - DAG(s) 'produce_json' retrieved from /opt/airflow/dags/main.py
[2026-02-11T22:39:57.856+0000] {logging_mixin.py:188} INFO - [2026-02-11T22:39:57.852+0000] {dag.py:3096} INFO - Sync 1 DAGs
[2026-02-11T22:39:57.932+0000] {logging_mixin.py:188} INFO - [2026-02-11T22:39:57.932+0000] {dag.py:3954} INFO - Setting next_dagrun for produce_json to 2026-02-11 14:00:00+00:00, run_after=2026-02-12 14:00:00+00:00
[2026-02-11T22:39:57.991+0000] {processor.py:183} INFO - Processing /opt/airflow/dags/main.py took 0.570 seconds
[2026-02-11T22:40:28.287+0000] {processor.py:161} INFO - Started process (PID=372) to work on /opt/airflow/dags/main.py
[2026-02-11T22:40:28.292+0000] {processor.py:830} INFO - Processing file /opt/airflow/dags/main.py for tasks to queue
[2026-02-11T22:40:28.296+0000] {logging_mixin.py:188} INFO - [2026-02-11T22:40:28.296+0000] {dagbag.py:545} INFO - Filling up the DagBag from /opt/airflow/dags/main.py
[2026-02-11T22:40:28.362+0000] {processor.py:840} INFO - DAG(s) 'produce_json' retrieved from /opt/airflow/dags/main.py
[2026-02-11T22:40:28.442+0000] {logging_mixin.py:188} INFO - [2026-02-11T22:40:28.441+0000] {dag.py:3096} INFO - Sync 1 DAGs
[2026-02-11T22:40:28.484+0000] {logging_mixin.py:188} INFO - [2026-02-11T22:40:28.484+0000] {dag.py:3954} INFO - Setting next_dagrun for produce_json to 2026-02-11 14:00:00+00:00, run_after=2026-02-12 14:00:00+00:00
[2026-02-11T22:40:28.561+0000] {processor.py:183} INFO - Processing /opt/airflow/dags/main.py took 0.296 seconds
[2026-02-11T22:40:58.930+0000] {processor.py:161} INFO - Started process (PID=379) to work on /opt/airflow/dags/main.py
[2026-02-11T22:40:58.933+0000] {processor.py:830} INFO - Processing file /opt/airflow/dags/main.py for tasks to queue
[2026-02-11T22:40:58.944+0000] {logging_mixin.py:188} INFO - [2026-02-11T22:40:58.943+0000] {dagbag.py:545} INFO - Filling up the DagBag from /opt/airflow/dags/main.py
[2026-02-11T22:40:59.008+0000] {processor.py:840} INFO - DAG(s) 'produce_json' retrieved from /opt/airflow/dags/main.py
[2026-02-11T22:40:59.110+0000] {logging_mixin.py:188} INFO - [2026-02-11T22:40:59.110+0000] {dag.py:3096} INFO - Sync 1 DAGs
[2026-02-11T22:40:59.151+0000] {logging_mixin.py:188} INFO - [2026-02-11T22:40:59.151+0000] {dag.py:3954} INFO - Setting next_dagrun for produce_json to 2026-02-11 14:00:00+00:00, run_after=2026-02-12 14:00:00+00:00
[2026-02-11T22:40:59.206+0000] {processor.py:183} INFO - Processing /opt/airflow/dags/main.py took 0.293 seconds
[2026-02-11T22:41:29.767+0000] {processor.py:161} INFO - Started process (PID=386) to work on /opt/airflow/dags/main.py
[2026-02-11T22:41:29.773+0000] {processor.py:830} INFO - Processing file /opt/airflow/dags/main.py for tasks to queue
[2026-02-11T22:41:29.778+0000] {logging_mixin.py:188} INFO - [2026-02-11T22:41:29.777+0000] {dagbag.py:545} INFO - Filling up the DagBag from /opt/airflow/dags/main.py
[2026-02-11T22:41:29.834+0000] {processor.py:840} INFO - DAG(s) 'produce_json' retrieved from /opt/airflow/dags/main.py
[2026-02-11T22:41:29.905+0000] {logging_mixin.py:188} INFO - [2026-02-11T22:41:29.905+0000] {dag.py:3096} INFO - Sync 1 DAGs
[2026-02-11T22:41:29.981+0000] {logging_mixin.py:188} INFO - [2026-02-11T22:41:29.980+0000] {dag.py:3954} INFO - Setting next_dagrun for produce_json to 2026-02-11 14:00:00+00:00, run_after=2026-02-12 14:00:00+00:00
[2026-02-11T22:41:30.049+0000] {processor.py:183} INFO - Processing /opt/airflow/dags/main.py took 0.295 seconds
[2026-02-11T22:42:00.430+0000] {processor.py:161} INFO - Started process (PID=393) to work on /opt/airflow/dags/main.py
[2026-02-11T22:42:00.440+0000] {processor.py:830} INFO - Processing file /opt/airflow/dags/main.py for tasks to queue
[2026-02-11T22:42:00.444+0000] {logging_mixin.py:188} INFO - [2026-02-11T22:42:00.443+0000] {dagbag.py:545} INFO - Filling up the DagBag from /opt/airflow/dags/main.py
[2026-02-11T22:42:00.495+0000] {processor.py:840} INFO - DAG(s) 'produce_json' retrieved from /opt/airflow/dags/main.py
[2026-02-11T22:42:00.624+0000] {logging_mixin.py:188} INFO - [2026-02-11T22:42:00.624+0000] {dag.py:3096} INFO - Sync 1 DAGs
[2026-02-11T22:42:00.748+0000] {logging_mixin.py:188} INFO - [2026-02-11T22:42:00.747+0000] {dag.py:3954} INFO - Setting next_dagrun for produce_json to 2026-02-11 14:00:00+00:00, run_after=2026-02-12 14:00:00+00:00
[2026-02-11T22:42:00.809+0000] {processor.py:183} INFO - Processing /opt/airflow/dags/main.py took 0.394 seconds
[2026-02-11T22:42:30.973+0000] {processor.py:161} INFO - Started process (PID=400) to work on /opt/airflow/dags/main.py
[2026-02-11T22:42:31.009+0000] {processor.py:830} INFO - Processing file /opt/airflow/dags/main.py for tasks to queue
[2026-02-11T22:42:31.058+0000] {logging_mixin.py:188} INFO - [2026-02-11T22:42:31.058+0000] {dagbag.py:545} INFO - Filling up the DagBag from /opt/airflow/dags/main.py
[2026-02-11T22:42:31.132+0000] {processor.py:840} INFO - DAG(s) 'produce_json' retrieved from /opt/airflow/dags/main.py
[2026-02-11T22:42:31.359+0000] {logging_mixin.py:188} INFO - [2026-02-11T22:42:31.348+0000] {dag.py:3096} INFO - Sync 1 DAGs
[2026-02-11T22:42:31.485+0000] {logging_mixin.py:188} INFO - [2026-02-11T22:42:31.484+0000] {dag.py:3954} INFO - Setting next_dagrun for produce_json to 2026-02-11 14:00:00+00:00, run_after=2026-02-12 14:00:00+00:00
[2026-02-11T22:42:31.598+0000] {processor.py:183} INFO - Processing /opt/airflow/dags/main.py took 0.639 seconds
[2026-02-11T22:43:02.143+0000] {processor.py:161} INFO - Started process (PID=408) to work on /opt/airflow/dags/main.py
[2026-02-11T22:43:02.146+0000] {processor.py:830} INFO - Processing file /opt/airflow/dags/main.py for tasks to queue
[2026-02-11T22:43:02.149+0000] {logging_mixin.py:188} INFO - [2026-02-11T22:43:02.148+0000] {dagbag.py:545} INFO - Filling up the DagBag from /opt/airflow/dags/main.py
[2026-02-11T22:43:02.200+0000] {processor.py:840} INFO - DAG(s) 'produce_json' retrieved from /opt/airflow/dags/main.py
[2026-02-11T22:43:02.307+0000] {logging_mixin.py:188} INFO - [2026-02-11T22:43:02.306+0000] {dag.py:3096} INFO - Sync 1 DAGs
[2026-02-11T22:43:02.367+0000] {logging_mixin.py:188} INFO - [2026-02-11T22:43:02.367+0000] {dag.py:3954} INFO - Setting next_dagrun for produce_json to 2026-02-11 14:00:00+00:00, run_after=2026-02-12 14:00:00+00:00
[2026-02-11T22:43:02.426+0000] {processor.py:183} INFO - Processing /opt/airflow/dags/main.py took 0.295 seconds
[2026-02-11T22:43:33.341+0000] {processor.py:161} INFO - Started process (PID=416) to work on /opt/airflow/dags/main.py
[2026-02-11T22:43:33.374+0000] {processor.py:830} INFO - Processing file /opt/airflow/dags/main.py for tasks to queue
[2026-02-11T22:43:33.385+0000] {logging_mixin.py:188} INFO - [2026-02-11T22:43:33.382+0000] {dagbag.py:545} INFO - Filling up the DagBag from /opt/airflow/dags/main.py
[2026-02-11T22:43:33.449+0000] {processor.py:840} INFO - DAG(s) 'produce_json' retrieved from /opt/airflow/dags/main.py
[2026-02-11T22:43:33.563+0000] {logging_mixin.py:188} INFO - [2026-02-11T22:43:33.562+0000] {dag.py:3096} INFO - Sync 1 DAGs
[2026-02-11T22:43:33.598+0000] {logging_mixin.py:188} INFO - [2026-02-11T22:43:33.597+0000] {dag.py:3954} INFO - Setting next_dagrun for produce_json to 2026-02-11 14:00:00+00:00, run_after=2026-02-12 14:00:00+00:00
[2026-02-11T22:43:33.664+0000] {processor.py:183} INFO - Processing /opt/airflow/dags/main.py took 0.337 seconds
[2026-02-11T22:44:04.041+0000] {processor.py:161} INFO - Started process (PID=423) to work on /opt/airflow/dags/main.py
[2026-02-11T22:44:04.051+0000] {processor.py:830} INFO - Processing file /opt/airflow/dags/main.py for tasks to queue
[2026-02-11T22:44:04.056+0000] {logging_mixin.py:188} INFO - [2026-02-11T22:44:04.055+0000] {dagbag.py:545} INFO - Filling up the DagBag from /opt/airflow/dags/main.py
[2026-02-11T22:44:04.106+0000] {processor.py:840} INFO - DAG(s) 'produce_json' retrieved from /opt/airflow/dags/main.py
[2026-02-11T22:44:04.167+0000] {logging_mixin.py:188} INFO - [2026-02-11T22:44:04.167+0000] {dag.py:3096} INFO - Sync 1 DAGs
[2026-02-11T22:44:04.238+0000] {logging_mixin.py:188} INFO - [2026-02-11T22:44:04.237+0000] {dag.py:3954} INFO - Setting next_dagrun for produce_json to 2026-02-11 14:00:00+00:00, run_after=2026-02-12 14:00:00+00:00
[2026-02-11T22:44:04.307+0000] {processor.py:183} INFO - Processing /opt/airflow/dags/main.py took 0.276 seconds
[2026-02-11T22:44:34.598+0000] {processor.py:161} INFO - Started process (PID=430) to work on /opt/airflow/dags/main.py
[2026-02-11T22:44:34.600+0000] {processor.py:830} INFO - Processing file /opt/airflow/dags/main.py for tasks to queue
[2026-02-11T22:44:34.605+0000] {logging_mixin.py:188} INFO - [2026-02-11T22:44:34.602+0000] {dagbag.py:545} INFO - Filling up the DagBag from /opt/airflow/dags/main.py
[2026-02-11T22:44:34.669+0000] {processor.py:840} INFO - DAG(s) 'produce_json' retrieved from /opt/airflow/dags/main.py
[2026-02-11T22:44:34.736+0000] {logging_mixin.py:188} INFO - [2026-02-11T22:44:34.736+0000] {dag.py:3096} INFO - Sync 1 DAGs
[2026-02-11T22:44:34.788+0000] {logging_mixin.py:188} INFO - [2026-02-11T22:44:34.788+0000] {dag.py:3954} INFO - Setting next_dagrun for produce_json to 2026-02-11 14:00:00+00:00, run_after=2026-02-12 14:00:00+00:00
[2026-02-11T22:44:34.831+0000] {processor.py:183} INFO - Processing /opt/airflow/dags/main.py took 0.244 seconds
[2026-02-11T22:45:05.399+0000] {processor.py:161} INFO - Started process (PID=437) to work on /opt/airflow/dags/main.py
[2026-02-11T22:45:05.401+0000] {processor.py:830} INFO - Processing file /opt/airflow/dags/main.py for tasks to queue
[2026-02-11T22:45:05.404+0000] {logging_mixin.py:188} INFO - [2026-02-11T22:45:05.404+0000] {dagbag.py:545} INFO - Filling up the DagBag from /opt/airflow/dags/main.py
[2026-02-11T22:45:05.448+0000] {processor.py:840} INFO - DAG(s) 'produce_json' retrieved from /opt/airflow/dags/main.py
[2026-02-11T22:45:05.533+0000] {logging_mixin.py:188} INFO - [2026-02-11T22:45:05.531+0000] {dag.py:3096} INFO - Sync 1 DAGs
[2026-02-11T22:45:05.570+0000] {logging_mixin.py:188} INFO - [2026-02-11T22:45:05.569+0000] {dag.py:3954} INFO - Setting next_dagrun for produce_json to 2026-02-11 14:00:00+00:00, run_after=2026-02-12 14:00:00+00:00
[2026-02-11T22:45:05.613+0000] {processor.py:183} INFO - Processing /opt/airflow/dags/main.py took 0.230 seconds
[2026-02-11T22:45:36.204+0000] {processor.py:161} INFO - Started process (PID=444) to work on /opt/airflow/dags/main.py
[2026-02-11T22:45:36.208+0000] {processor.py:830} INFO - Processing file /opt/airflow/dags/main.py for tasks to queue
[2026-02-11T22:45:36.211+0000] {logging_mixin.py:188} INFO - [2026-02-11T22:45:36.210+0000] {dagbag.py:545} INFO - Filling up the DagBag from /opt/airflow/dags/main.py
[2026-02-11T22:45:36.291+0000] {processor.py:840} INFO - DAG(s) 'produce_json' retrieved from /opt/airflow/dags/main.py
[2026-02-11T22:45:36.381+0000] {logging_mixin.py:188} INFO - [2026-02-11T22:45:36.381+0000] {dag.py:3096} INFO - Sync 1 DAGs
[2026-02-11T22:45:36.421+0000] {logging_mixin.py:188} INFO - [2026-02-11T22:45:36.421+0000] {dag.py:3954} INFO - Setting next_dagrun for produce_json to 2026-02-11 14:00:00+00:00, run_after=2026-02-12 14:00:00+00:00
[2026-02-11T22:45:36.493+0000] {processor.py:183} INFO - Processing /opt/airflow/dags/main.py took 0.300 seconds
[2026-02-11T22:46:07.094+0000] {processor.py:161} INFO - Started process (PID=451) to work on /opt/airflow/dags/main.py
[2026-02-11T22:46:07.103+0000] {processor.py:830} INFO - Processing file /opt/airflow/dags/main.py for tasks to queue
[2026-02-11T22:46:07.108+0000] {logging_mixin.py:188} INFO - [2026-02-11T22:46:07.107+0000] {dagbag.py:545} INFO - Filling up the DagBag from /opt/airflow/dags/main.py
[2026-02-11T22:46:07.163+0000] {processor.py:840} INFO - DAG(s) 'produce_json' retrieved from /opt/airflow/dags/main.py
[2026-02-11T22:46:07.226+0000] {logging_mixin.py:188} INFO - [2026-02-11T22:46:07.226+0000] {dag.py:3096} INFO - Sync 1 DAGs
[2026-02-11T22:46:07.274+0000] {logging_mixin.py:188} INFO - [2026-02-11T22:46:07.273+0000] {dag.py:3954} INFO - Setting next_dagrun for produce_json to 2026-02-11 14:00:00+00:00, run_after=2026-02-12 14:00:00+00:00
[2026-02-11T22:46:07.328+0000] {processor.py:183} INFO - Processing /opt/airflow/dags/main.py took 0.248 seconds
[2026-02-11T22:46:38.030+0000] {processor.py:161} INFO - Started process (PID=459) to work on /opt/airflow/dags/main.py
[2026-02-11T22:46:38.051+0000] {processor.py:830} INFO - Processing file /opt/airflow/dags/main.py for tasks to queue
[2026-02-11T22:46:38.054+0000] {logging_mixin.py:188} INFO - [2026-02-11T22:46:38.054+0000] {dagbag.py:545} INFO - Filling up the DagBag from /opt/airflow/dags/main.py
[2026-02-11T22:46:38.169+0000] {processor.py:840} INFO - DAG(s) 'produce_json' retrieved from /opt/airflow/dags/main.py
[2026-02-11T22:46:38.234+0000] {logging_mixin.py:188} INFO - [2026-02-11T22:46:38.234+0000] {dag.py:3096} INFO - Sync 1 DAGs
[2026-02-11T22:46:38.281+0000] {logging_mixin.py:188} INFO - [2026-02-11T22:46:38.281+0000] {dag.py:3954} INFO - Setting next_dagrun for produce_json to 2026-02-11 14:00:00+00:00, run_after=2026-02-12 14:00:00+00:00
[2026-02-11T22:46:38.332+0000] {processor.py:183} INFO - Processing /opt/airflow/dags/main.py took 0.314 seconds
[2026-02-11T22:47:08.396+0000] {processor.py:161} INFO - Started process (PID=466) to work on /opt/airflow/dags/main.py
[2026-02-11T22:47:08.421+0000] {processor.py:830} INFO - Processing file /opt/airflow/dags/main.py for tasks to queue
[2026-02-11T22:47:08.425+0000] {logging_mixin.py:188} INFO - [2026-02-11T22:47:08.424+0000] {dagbag.py:545} INFO - Filling up the DagBag from /opt/airflow/dags/main.py
[2026-02-11T22:47:08.478+0000] {processor.py:840} INFO - DAG(s) 'produce_json' retrieved from /opt/airflow/dags/main.py
[2026-02-11T22:47:08.559+0000] {logging_mixin.py:188} INFO - [2026-02-11T22:47:08.559+0000] {dag.py:3096} INFO - Sync 1 DAGs
[2026-02-11T22:47:08.664+0000] {logging_mixin.py:188} INFO - [2026-02-11T22:47:08.664+0000] {dag.py:3954} INFO - Setting next_dagrun for produce_json to 2026-02-11 14:00:00+00:00, run_after=2026-02-12 14:00:00+00:00
[2026-02-11T22:47:08.723+0000] {processor.py:183} INFO - Processing /opt/airflow/dags/main.py took 0.340 seconds
[2026-02-11T22:47:39.606+0000] {processor.py:161} INFO - Started process (PID=473) to work on /opt/airflow/dags/main.py
[2026-02-11T22:47:39.609+0000] {processor.py:830} INFO - Processing file /opt/airflow/dags/main.py for tasks to queue
[2026-02-11T22:47:39.614+0000] {logging_mixin.py:188} INFO - [2026-02-11T22:47:39.613+0000] {dagbag.py:545} INFO - Filling up the DagBag from /opt/airflow/dags/main.py
[2026-02-11T22:47:39.714+0000] {processor.py:840} INFO - DAG(s) 'produce_json' retrieved from /opt/airflow/dags/main.py
[2026-02-11T22:47:39.829+0000] {logging_mixin.py:188} INFO - [2026-02-11T22:47:39.828+0000] {dag.py:3096} INFO - Sync 1 DAGs
[2026-02-11T22:47:39.884+0000] {logging_mixin.py:188} INFO - [2026-02-11T22:47:39.883+0000] {dag.py:3954} INFO - Setting next_dagrun for produce_json to 2026-02-11 14:00:00+00:00, run_after=2026-02-12 14:00:00+00:00
[2026-02-11T22:47:39.978+0000] {processor.py:183} INFO - Processing /opt/airflow/dags/main.py took 0.394 seconds
[2026-02-11T22:48:10.335+0000] {processor.py:161} INFO - Started process (PID=480) to work on /opt/airflow/dags/main.py
[2026-02-11T22:48:10.337+0000] {processor.py:830} INFO - Processing file /opt/airflow/dags/main.py for tasks to queue
[2026-02-11T22:48:10.340+0000] {logging_mixin.py:188} INFO - [2026-02-11T22:48:10.339+0000] {dagbag.py:545} INFO - Filling up the DagBag from /opt/airflow/dags/main.py
[2026-02-11T22:48:10.405+0000] {processor.py:840} INFO - DAG(s) 'produce_json' retrieved from /opt/airflow/dags/main.py
[2026-02-11T22:48:10.492+0000] {logging_mixin.py:188} INFO - [2026-02-11T22:48:10.491+0000] {dag.py:3096} INFO - Sync 1 DAGs
[2026-02-11T22:48:10.552+0000] {logging_mixin.py:188} INFO - [2026-02-11T22:48:10.551+0000] {dag.py:3954} INFO - Setting next_dagrun for produce_json to 2026-02-11 14:00:00+00:00, run_after=2026-02-12 14:00:00+00:00
[2026-02-11T22:48:10.611+0000] {processor.py:183} INFO - Processing /opt/airflow/dags/main.py took 0.290 seconds
[2026-02-11T22:48:41.445+0000] {processor.py:161} INFO - Started process (PID=487) to work on /opt/airflow/dags/main.py
[2026-02-11T22:48:41.451+0000] {processor.py:830} INFO - Processing file /opt/airflow/dags/main.py for tasks to queue
[2026-02-11T22:48:41.455+0000] {logging_mixin.py:188} INFO - [2026-02-11T22:48:41.454+0000] {dagbag.py:545} INFO - Filling up the DagBag from /opt/airflow/dags/main.py
[2026-02-11T22:48:41.549+0000] {processor.py:840} INFO - DAG(s) 'produce_json' retrieved from /opt/airflow/dags/main.py
[2026-02-11T22:48:41.653+0000] {logging_mixin.py:188} INFO - [2026-02-11T22:48:41.653+0000] {dag.py:3096} INFO - Sync 1 DAGs
[2026-02-11T22:48:41.743+0000] {logging_mixin.py:188} INFO - [2026-02-11T22:48:41.742+0000] {dag.py:3954} INFO - Setting next_dagrun for produce_json to 2026-02-11 14:00:00+00:00, run_after=2026-02-12 14:00:00+00:00
[2026-02-11T22:48:41.819+0000] {processor.py:183} INFO - Processing /opt/airflow/dags/main.py took 0.387 seconds
[2026-02-11T22:49:12.196+0000] {processor.py:161} INFO - Started process (PID=494) to work on /opt/airflow/dags/main.py
[2026-02-11T22:49:12.202+0000] {processor.py:830} INFO - Processing file /opt/airflow/dags/main.py for tasks to queue
[2026-02-11T22:49:12.212+0000] {logging_mixin.py:188} INFO - [2026-02-11T22:49:12.212+0000] {dagbag.py:545} INFO - Filling up the DagBag from /opt/airflow/dags/main.py
[2026-02-11T22:49:12.278+0000] {processor.py:840} INFO - DAG(s) 'produce_json' retrieved from /opt/airflow/dags/main.py
[2026-02-11T22:49:12.352+0000] {logging_mixin.py:188} INFO - [2026-02-11T22:49:12.352+0000] {dag.py:3096} INFO - Sync 1 DAGs
[2026-02-11T22:49:12.410+0000] {logging_mixin.py:188} INFO - [2026-02-11T22:49:12.410+0000] {dag.py:3954} INFO - Setting next_dagrun for produce_json to 2026-02-11 14:00:00+00:00, run_after=2026-02-12 14:00:00+00:00
[2026-02-11T22:49:12.477+0000] {processor.py:183} INFO - Processing /opt/airflow/dags/main.py took 0.299 seconds
[2026-02-11T22:49:43.432+0000] {processor.py:161} INFO - Started process (PID=501) to work on /opt/airflow/dags/main.py
[2026-02-11T22:49:43.436+0000] {processor.py:830} INFO - Processing file /opt/airflow/dags/main.py for tasks to queue
[2026-02-11T22:49:43.445+0000] {logging_mixin.py:188} INFO - [2026-02-11T22:49:43.445+0000] {dagbag.py:545} INFO - Filling up the DagBag from /opt/airflow/dags/main.py
[2026-02-11T22:49:43.546+0000] {processor.py:840} INFO - DAG(s) 'produce_json' retrieved from /opt/airflow/dags/main.py
[2026-02-11T22:49:43.726+0000] {logging_mixin.py:188} INFO - [2026-02-11T22:49:43.726+0000] {dag.py:3096} INFO - Sync 1 DAGs
[2026-02-11T22:49:43.831+0000] {logging_mixin.py:188} INFO - [2026-02-11T22:49:43.831+0000] {dag.py:3954} INFO - Setting next_dagrun for produce_json to 2026-02-11 14:00:00+00:00, run_after=2026-02-12 14:00:00+00:00
[2026-02-11T22:49:43.895+0000] {processor.py:183} INFO - Processing /opt/airflow/dags/main.py took 0.510 seconds
[2026-02-11T22:50:14.189+0000] {processor.py:161} INFO - Started process (PID=508) to work on /opt/airflow/dags/main.py
[2026-02-11T22:50:14.195+0000] {processor.py:830} INFO - Processing file /opt/airflow/dags/main.py for tasks to queue
[2026-02-11T22:50:14.200+0000] {logging_mixin.py:188} INFO - [2026-02-11T22:50:14.199+0000] {dagbag.py:545} INFO - Filling up the DagBag from /opt/airflow/dags/main.py
[2026-02-11T22:50:14.252+0000] {processor.py:840} INFO - DAG(s) 'produce_json' retrieved from /opt/airflow/dags/main.py
[2026-02-11T22:50:14.320+0000] {logging_mixin.py:188} INFO - [2026-02-11T22:50:14.319+0000] {dag.py:3096} INFO - Sync 1 DAGs
[2026-02-11T22:50:14.392+0000] {logging_mixin.py:188} INFO - [2026-02-11T22:50:14.392+0000] {dag.py:3954} INFO - Setting next_dagrun for produce_json to 2026-02-11 14:00:00+00:00, run_after=2026-02-12 14:00:00+00:00
[2026-02-11T22:50:14.446+0000] {processor.py:183} INFO - Processing /opt/airflow/dags/main.py took 0.271 seconds
[2026-02-11T22:50:45.226+0000] {processor.py:161} INFO - Started process (PID=514) to work on /opt/airflow/dags/main.py
[2026-02-11T22:50:45.230+0000] {processor.py:830} INFO - Processing file /opt/airflow/dags/main.py for tasks to queue
[2026-02-11T22:50:45.235+0000] {logging_mixin.py:188} INFO - [2026-02-11T22:50:45.235+0000] {dagbag.py:545} INFO - Filling up the DagBag from /opt/airflow/dags/main.py
[2026-02-11T22:50:45.282+0000] {processor.py:840} INFO - DAG(s) 'produce_json' retrieved from /opt/airflow/dags/main.py
[2026-02-11T22:50:45.369+0000] {logging_mixin.py:188} INFO - [2026-02-11T22:50:45.369+0000] {dag.py:3096} INFO - Sync 1 DAGs
[2026-02-11T22:50:45.429+0000] {logging_mixin.py:188} INFO - [2026-02-11T22:50:45.429+0000] {dag.py:3954} INFO - Setting next_dagrun for produce_json to 2026-02-11 14:00:00+00:00, run_after=2026-02-12 14:00:00+00:00
[2026-02-11T22:50:45.478+0000] {processor.py:183} INFO - Processing /opt/airflow/dags/main.py took 0.265 seconds
[2026-02-11T22:51:18.762+0000] {processor.py:161} INFO - Started process (PID=520) to work on /opt/airflow/dags/main.py
[2026-02-11T22:51:18.769+0000] {processor.py:830} INFO - Processing file /opt/airflow/dags/main.py for tasks to queue
[2026-02-11T22:51:18.783+0000] {logging_mixin.py:188} INFO - [2026-02-11T22:51:18.783+0000] {dagbag.py:545} INFO - Filling up the DagBag from /opt/airflow/dags/main.py
[2026-02-11T22:51:18.837+0000] {processor.py:840} INFO - DAG(s) 'produce_json' retrieved from /opt/airflow/dags/main.py
[2026-02-11T22:51:18.898+0000] {logging_mixin.py:188} INFO - [2026-02-11T22:51:18.897+0000] {dag.py:3096} INFO - Sync 1 DAGs
[2026-02-11T22:51:18.961+0000] {logging_mixin.py:188} INFO - [2026-02-11T22:51:18.961+0000] {dag.py:3954} INFO - Setting next_dagrun for produce_json to 2026-02-11 14:00:00+00:00, run_after=2026-02-12 14:00:00+00:00
[2026-02-11T22:51:19.161+0000] {processor.py:183} INFO - Processing /opt/airflow/dags/main.py took 0.442 seconds
[2026-02-11T22:51:49.899+0000] {processor.py:161} INFO - Started process (PID=527) to work on /opt/airflow/dags/main.py
[2026-02-11T22:51:49.909+0000] {processor.py:830} INFO - Processing file /opt/airflow/dags/main.py for tasks to queue
[2026-02-11T22:51:49.914+0000] {logging_mixin.py:188} INFO - [2026-02-11T22:51:49.913+0000] {dagbag.py:545} INFO - Filling up the DagBag from /opt/airflow/dags/main.py
[2026-02-11T22:51:50.040+0000] {processor.py:840} INFO - DAG(s) 'produce_json' retrieved from /opt/airflow/dags/main.py
[2026-02-11T22:51:50.132+0000] {logging_mixin.py:188} INFO - [2026-02-11T22:51:50.131+0000] {dag.py:3096} INFO - Sync 1 DAGs
[2026-02-11T22:51:50.211+0000] {logging_mixin.py:188} INFO - [2026-02-11T22:51:50.211+0000] {dag.py:3954} INFO - Setting next_dagrun for produce_json to 2026-02-11 14:00:00+00:00, run_after=2026-02-12 14:00:00+00:00
[2026-02-11T22:51:50.274+0000] {processor.py:183} INFO - Processing /opt/airflow/dags/main.py took 0.392 seconds
[2026-02-11T22:52:20.530+0000] {processor.py:161} INFO - Started process (PID=533) to work on /opt/airflow/dags/main.py
[2026-02-11T22:52:20.536+0000] {processor.py:830} INFO - Processing file /opt/airflow/dags/main.py for tasks to queue
[2026-02-11T22:52:20.546+0000] {logging_mixin.py:188} INFO - [2026-02-11T22:52:20.546+0000] {dagbag.py:545} INFO - Filling up the DagBag from /opt/airflow/dags/main.py
[2026-02-11T22:52:20.597+0000] {processor.py:840} INFO - DAG(s) 'produce_json' retrieved from /opt/airflow/dags/main.py
[2026-02-11T22:52:20.668+0000] {logging_mixin.py:188} INFO - [2026-02-11T22:52:20.668+0000] {dag.py:3096} INFO - Sync 1 DAGs
[2026-02-11T22:52:20.725+0000] {logging_mixin.py:188} INFO - [2026-02-11T22:52:20.724+0000] {dag.py:3954} INFO - Setting next_dagrun for produce_json to 2026-02-11 14:00:00+00:00, run_after=2026-02-12 14:00:00+00:00
[2026-02-11T22:52:20.774+0000] {processor.py:183} INFO - Processing /opt/airflow/dags/main.py took 0.256 seconds
[2026-02-11T22:52:51.119+0000] {processor.py:161} INFO - Started process (PID=541) to work on /opt/airflow/dags/main.py
[2026-02-11T22:52:51.132+0000] {processor.py:830} INFO - Processing file /opt/airflow/dags/main.py for tasks to queue
[2026-02-11T22:52:51.138+0000] {logging_mixin.py:188} INFO - [2026-02-11T22:52:51.137+0000] {dagbag.py:545} INFO - Filling up the DagBag from /opt/airflow/dags/main.py
[2026-02-11T22:52:51.211+0000] {processor.py:840} INFO - DAG(s) 'produce_json' retrieved from /opt/airflow/dags/main.py
[2026-02-11T22:52:51.301+0000] {logging_mixin.py:188} INFO - [2026-02-11T22:52:51.300+0000] {dag.py:3096} INFO - Sync 1 DAGs
[2026-02-11T22:52:51.378+0000] {logging_mixin.py:188} INFO - [2026-02-11T22:52:51.377+0000] {dag.py:3954} INFO - Setting next_dagrun for produce_json to 2026-02-11 14:00:00+00:00, run_after=2026-02-12 14:00:00+00:00
[2026-02-11T22:52:51.430+0000] {processor.py:183} INFO - Processing /opt/airflow/dags/main.py took 0.326 seconds
[2026-02-11T22:53:21.524+0000] {processor.py:161} INFO - Started process (PID=549) to work on /opt/airflow/dags/main.py
[2026-02-11T22:53:21.529+0000] {processor.py:830} INFO - Processing file /opt/airflow/dags/main.py for tasks to queue
[2026-02-11T22:53:21.543+0000] {logging_mixin.py:188} INFO - [2026-02-11T22:53:21.543+0000] {dagbag.py:545} INFO - Filling up the DagBag from /opt/airflow/dags/main.py
[2026-02-11T22:53:21.606+0000] {processor.py:840} INFO - DAG(s) 'produce_json' retrieved from /opt/airflow/dags/main.py
[2026-02-11T22:53:21.705+0000] {logging_mixin.py:188} INFO - [2026-02-11T22:53:21.705+0000] {dag.py:3096} INFO - Sync 1 DAGs
[2026-02-11T22:53:21.777+0000] {logging_mixin.py:188} INFO - [2026-02-11T22:53:21.777+0000] {dag.py:3954} INFO - Setting next_dagrun for produce_json to 2026-02-11 14:00:00+00:00, run_after=2026-02-12 14:00:00+00:00
[2026-02-11T22:53:21.836+0000] {processor.py:183} INFO - Processing /opt/airflow/dags/main.py took 0.324 seconds
[2026-02-11T22:53:52.504+0000] {processor.py:161} INFO - Started process (PID=556) to work on /opt/airflow/dags/main.py
[2026-02-11T22:53:52.506+0000] {processor.py:830} INFO - Processing file /opt/airflow/dags/main.py for tasks to queue
[2026-02-11T22:53:52.509+0000] {logging_mixin.py:188} INFO - [2026-02-11T22:53:52.509+0000] {dagbag.py:545} INFO - Filling up the DagBag from /opt/airflow/dags/main.py
[2026-02-11T22:53:52.623+0000] {processor.py:840} INFO - DAG(s) 'produce_json' retrieved from /opt/airflow/dags/main.py
[2026-02-11T22:53:52.717+0000] {logging_mixin.py:188} INFO - [2026-02-11T22:53:52.716+0000] {dag.py:3096} INFO - Sync 1 DAGs
[2026-02-11T22:53:52.755+0000] {logging_mixin.py:188} INFO - [2026-02-11T22:53:52.755+0000] {dag.py:3954} INFO - Setting next_dagrun for produce_json to 2026-02-11 14:00:00+00:00, run_after=2026-02-12 14:00:00+00:00
[2026-02-11T22:53:52.818+0000] {processor.py:183} INFO - Processing /opt/airflow/dags/main.py took 0.325 seconds
[2026-02-11T22:54:23.564+0000] {processor.py:161} INFO - Started process (PID=563) to work on /opt/airflow/dags/main.py
[2026-02-11T22:54:23.570+0000] {processor.py:830} INFO - Processing file /opt/airflow/dags/main.py for tasks to queue
[2026-02-11T22:54:23.574+0000] {logging_mixin.py:188} INFO - [2026-02-11T22:54:23.574+0000] {dagbag.py:545} INFO - Filling up the DagBag from /opt/airflow/dags/main.py
[2026-02-11T22:54:23.642+0000] {processor.py:840} INFO - DAG(s) 'produce_json' retrieved from /opt/airflow/dags/main.py
[2026-02-11T22:54:23.704+0000] {logging_mixin.py:188} INFO - [2026-02-11T22:54:23.703+0000] {dag.py:3096} INFO - Sync 1 DAGs
[2026-02-11T22:54:23.780+0000] {logging_mixin.py:188} INFO - [2026-02-11T22:54:23.780+0000] {dag.py:3954} INFO - Setting next_dagrun for produce_json to 2026-02-11 14:00:00+00:00, run_after=2026-02-12 14:00:00+00:00
[2026-02-11T22:54:23.827+0000] {processor.py:183} INFO - Processing /opt/airflow/dags/main.py took 0.285 seconds
[2026-02-11T22:54:54.437+0000] {processor.py:161} INFO - Started process (PID=570) to work on /opt/airflow/dags/main.py
[2026-02-11T22:54:54.465+0000] {processor.py:830} INFO - Processing file /opt/airflow/dags/main.py for tasks to queue
[2026-02-11T22:54:54.512+0000] {logging_mixin.py:188} INFO - [2026-02-11T22:54:54.512+0000] {dagbag.py:545} INFO - Filling up the DagBag from /opt/airflow/dags/main.py
[2026-02-11T22:54:54.571+0000] {processor.py:840} INFO - DAG(s) 'produce_json' retrieved from /opt/airflow/dags/main.py
[2026-02-11T22:54:54.743+0000] {logging_mixin.py:188} INFO - [2026-02-11T22:54:54.740+0000] {dag.py:3096} INFO - Sync 1 DAGs
[2026-02-11T22:54:54.827+0000] {logging_mixin.py:188} INFO - [2026-02-11T22:54:54.827+0000] {dag.py:3954} INFO - Setting next_dagrun for produce_json to 2026-02-11 14:00:00+00:00, run_after=2026-02-12 14:00:00+00:00
[2026-02-11T22:54:54.876+0000] {processor.py:183} INFO - Processing /opt/airflow/dags/main.py took 0.519 seconds
[2026-02-11T22:55:25.385+0000] {processor.py:161} INFO - Started process (PID=578) to work on /opt/airflow/dags/main.py
[2026-02-11T22:55:25.388+0000] {processor.py:830} INFO - Processing file /opt/airflow/dags/main.py for tasks to queue
[2026-02-11T22:55:25.392+0000] {logging_mixin.py:188} INFO - [2026-02-11T22:55:25.391+0000] {dagbag.py:545} INFO - Filling up the DagBag from /opt/airflow/dags/main.py
[2026-02-11T22:55:25.444+0000] {processor.py:840} INFO - DAG(s) 'produce_json' retrieved from /opt/airflow/dags/main.py
[2026-02-11T22:55:25.563+0000] {logging_mixin.py:188} INFO - [2026-02-11T22:55:25.563+0000] {dag.py:3096} INFO - Sync 1 DAGs
[2026-02-11T22:55:25.656+0000] {logging_mixin.py:188} INFO - [2026-02-11T22:55:25.656+0000] {dag.py:3954} INFO - Setting next_dagrun for produce_json to 2026-02-11 14:00:00+00:00, run_after=2026-02-12 14:00:00+00:00
[2026-02-11T22:55:25.716+0000] {processor.py:183} INFO - Processing /opt/airflow/dags/main.py took 0.350 seconds
[2026-02-11T22:55:56.297+0000] {processor.py:161} INFO - Started process (PID=585) to work on /opt/airflow/dags/main.py
[2026-02-11T22:55:56.303+0000] {processor.py:830} INFO - Processing file /opt/airflow/dags/main.py for tasks to queue
[2026-02-11T22:55:56.324+0000] {logging_mixin.py:188} INFO - [2026-02-11T22:55:56.324+0000] {dagbag.py:545} INFO - Filling up the DagBag from /opt/airflow/dags/main.py
[2026-02-11T22:55:56.437+0000] {processor.py:840} INFO - DAG(s) 'produce_json' retrieved from /opt/airflow/dags/main.py
[2026-02-11T22:55:56.550+0000] {logging_mixin.py:188} INFO - [2026-02-11T22:55:56.548+0000] {dag.py:3096} INFO - Sync 1 DAGs
[2026-02-11T22:55:56.747+0000] {logging_mixin.py:188} INFO - [2026-02-11T22:55:56.747+0000] {dag.py:3954} INFO - Setting next_dagrun for produce_json to 2026-02-11 14:00:00+00:00, run_after=2026-02-12 14:00:00+00:00
[2026-02-11T22:55:56.855+0000] {processor.py:183} INFO - Processing /opt/airflow/dags/main.py took 0.575 seconds
[2026-02-11T22:56:27.395+0000] {processor.py:161} INFO - Started process (PID=591) to work on /opt/airflow/dags/main.py
[2026-02-11T22:56:27.403+0000] {processor.py:830} INFO - Processing file /opt/airflow/dags/main.py for tasks to queue
[2026-02-11T22:56:27.407+0000] {logging_mixin.py:188} INFO - [2026-02-11T22:56:27.406+0000] {dagbag.py:545} INFO - Filling up the DagBag from /opt/airflow/dags/main.py
[2026-02-11T22:56:27.457+0000] {processor.py:840} INFO - DAG(s) 'produce_json' retrieved from /opt/airflow/dags/main.py
[2026-02-11T22:56:27.567+0000] {logging_mixin.py:188} INFO - [2026-02-11T22:56:27.567+0000] {dag.py:3096} INFO - Sync 1 DAGs
[2026-02-11T22:56:27.629+0000] {logging_mixin.py:188} INFO - [2026-02-11T22:56:27.629+0000] {dag.py:3954} INFO - Setting next_dagrun for produce_json to 2026-02-11 14:00:00+00:00, run_after=2026-02-12 14:00:00+00:00
[2026-02-11T22:56:27.660+0000] {processor.py:183} INFO - Processing /opt/airflow/dags/main.py took 0.280 seconds
[2026-02-11T22:56:58.289+0000] {processor.py:161} INFO - Started process (PID=598) to work on /opt/airflow/dags/main.py
[2026-02-11T22:56:58.294+0000] {processor.py:830} INFO - Processing file /opt/airflow/dags/main.py for tasks to queue
[2026-02-11T22:56:58.300+0000] {logging_mixin.py:188} INFO - [2026-02-11T22:56:58.300+0000] {dagbag.py:545} INFO - Filling up the DagBag from /opt/airflow/dags/main.py
[2026-02-11T22:56:58.355+0000] {processor.py:840} INFO - DAG(s) 'produce_json' retrieved from /opt/airflow/dags/main.py
[2026-02-11T22:56:58.429+0000] {logging_mixin.py:188} INFO - [2026-02-11T22:56:58.429+0000] {dag.py:3096} INFO - Sync 1 DAGs
[2026-02-11T22:56:58.479+0000] {logging_mixin.py:188} INFO - [2026-02-11T22:56:58.479+0000] {dag.py:3954} INFO - Setting next_dagrun for produce_json to 2026-02-11 14:00:00+00:00, run_after=2026-02-12 14:00:00+00:00
[2026-02-11T22:56:58.543+0000] {processor.py:183} INFO - Processing /opt/airflow/dags/main.py took 0.266 seconds
[2026-02-11T22:57:28.707+0000] {processor.py:161} INFO - Started process (PID=605) to work on /opt/airflow/dags/main.py
[2026-02-11T22:57:28.710+0000] {processor.py:830} INFO - Processing file /opt/airflow/dags/main.py for tasks to queue
[2026-02-11T22:57:28.719+0000] {logging_mixin.py:188} INFO - [2026-02-11T22:57:28.719+0000] {dagbag.py:545} INFO - Filling up the DagBag from /opt/airflow/dags/main.py
[2026-02-11T22:57:28.777+0000] {processor.py:840} INFO - DAG(s) 'produce_json' retrieved from /opt/airflow/dags/main.py
[2026-02-11T22:57:28.880+0000] {logging_mixin.py:188} INFO - [2026-02-11T22:57:28.880+0000] {dag.py:3096} INFO - Sync 1 DAGs
[2026-02-11T22:57:28.977+0000] {logging_mixin.py:188} INFO - [2026-02-11T22:57:28.977+0000] {dag.py:3954} INFO - Setting next_dagrun for produce_json to 2026-02-11 14:00:00+00:00, run_after=2026-02-12 14:00:00+00:00
[2026-02-11T22:57:29.048+0000] {processor.py:183} INFO - Processing /opt/airflow/dags/main.py took 0.351 seconds
[2026-02-11T22:57:59.238+0000] {processor.py:161} INFO - Started process (PID=612) to work on /opt/airflow/dags/main.py
[2026-02-11T22:57:59.242+0000] {processor.py:830} INFO - Processing file /opt/airflow/dags/main.py for tasks to queue
[2026-02-11T22:57:59.245+0000] {logging_mixin.py:188} INFO - [2026-02-11T22:57:59.245+0000] {dagbag.py:545} INFO - Filling up the DagBag from /opt/airflow/dags/main.py
[2026-02-11T22:57:59.326+0000] {processor.py:840} INFO - DAG(s) 'produce_json' retrieved from /opt/airflow/dags/main.py
[2026-02-11T22:57:59.430+0000] {logging_mixin.py:188} INFO - [2026-02-11T22:57:59.430+0000] {dag.py:3096} INFO - Sync 1 DAGs
[2026-02-11T22:57:59.485+0000] {logging_mixin.py:188} INFO - [2026-02-11T22:57:59.485+0000] {dag.py:3954} INFO - Setting next_dagrun for produce_json to 2026-02-11 14:00:00+00:00, run_after=2026-02-12 14:00:00+00:00
[2026-02-11T22:57:59.556+0000] {processor.py:183} INFO - Processing /opt/airflow/dags/main.py took 0.341 seconds
[2026-02-11T22:58:29.725+0000] {processor.py:161} INFO - Started process (PID=619) to work on /opt/airflow/dags/main.py
[2026-02-11T22:58:29.729+0000] {processor.py:830} INFO - Processing file /opt/airflow/dags/main.py for tasks to queue
[2026-02-11T22:58:29.733+0000] {logging_mixin.py:188} INFO - [2026-02-11T22:58:29.732+0000] {dagbag.py:545} INFO - Filling up the DagBag from /opt/airflow/dags/main.py
[2026-02-11T22:58:30.070+0000] {processor.py:840} INFO - DAG(s) 'produce_json' retrieved from /opt/airflow/dags/main.py
[2026-02-11T22:58:30.252+0000] {logging_mixin.py:188} INFO - [2026-02-11T22:58:30.251+0000] {dag.py:3096} INFO - Sync 1 DAGs
[2026-02-11T22:58:30.296+0000] {logging_mixin.py:188} INFO - [2026-02-11T22:58:30.295+0000] {dag.py:3954} INFO - Setting next_dagrun for produce_json to 2026-02-11 14:00:00+00:00, run_after=2026-02-12 14:00:00+00:00
[2026-02-11T22:58:30.377+0000] {processor.py:183} INFO - Processing /opt/airflow/dags/main.py took 0.665 seconds
[2026-02-11T22:59:00.738+0000] {processor.py:161} INFO - Started process (PID=628) to work on /opt/airflow/dags/main.py
[2026-02-11T22:59:00.751+0000] {processor.py:830} INFO - Processing file /opt/airflow/dags/main.py for tasks to queue
[2026-02-11T22:59:00.755+0000] {logging_mixin.py:188} INFO - [2026-02-11T22:59:00.754+0000] {dagbag.py:545} INFO - Filling up the DagBag from /opt/airflow/dags/main.py
[2026-02-11T22:59:00.809+0000] {processor.py:840} INFO - DAG(s) 'produce_json' retrieved from /opt/airflow/dags/main.py
[2026-02-11T22:59:00.896+0000] {logging_mixin.py:188} INFO - [2026-02-11T22:59:00.896+0000] {dag.py:3096} INFO - Sync 1 DAGs
[2026-02-11T22:59:00.936+0000] {logging_mixin.py:188} INFO - [2026-02-11T22:59:00.936+0000] {dag.py:3954} INFO - Setting next_dagrun for produce_json to 2026-02-11 14:00:00+00:00, run_after=2026-02-12 14:00:00+00:00
[2026-02-11T22:59:01.079+0000] {processor.py:183} INFO - Processing /opt/airflow/dags/main.py took 0.354 seconds
[2026-02-11T22:59:31.219+0000] {processor.py:161} INFO - Started process (PID=636) to work on /opt/airflow/dags/main.py
[2026-02-11T22:59:31.224+0000] {processor.py:830} INFO - Processing file /opt/airflow/dags/main.py for tasks to queue
[2026-02-11T22:59:31.230+0000] {logging_mixin.py:188} INFO - [2026-02-11T22:59:31.230+0000] {dagbag.py:545} INFO - Filling up the DagBag from /opt/airflow/dags/main.py
[2026-02-11T22:59:31.276+0000] {processor.py:840} INFO - DAG(s) 'produce_json' retrieved from /opt/airflow/dags/main.py
[2026-02-11T22:59:31.328+0000] {logging_mixin.py:188} INFO - [2026-02-11T22:59:31.328+0000] {dag.py:3096} INFO - Sync 1 DAGs
[2026-02-11T22:59:31.371+0000] {logging_mixin.py:188} INFO - [2026-02-11T22:59:31.370+0000] {dag.py:3954} INFO - Setting next_dagrun for produce_json to 2026-02-11 14:00:00+00:00, run_after=2026-02-12 14:00:00+00:00
[2026-02-11T22:59:31.426+0000] {processor.py:183} INFO - Processing /opt/airflow/dags/main.py took 0.217 seconds
[2026-02-11T23:00:01.591+0000] {processor.py:161} INFO - Started process (PID=642) to work on /opt/airflow/dags/main.py
[2026-02-11T23:00:01.602+0000] {processor.py:830} INFO - Processing file /opt/airflow/dags/main.py for tasks to queue
[2026-02-11T23:00:01.621+0000] {logging_mixin.py:188} INFO - [2026-02-11T23:00:01.620+0000] {dagbag.py:545} INFO - Filling up the DagBag from /opt/airflow/dags/main.py
[2026-02-11T23:00:01.686+0000] {processor.py:840} INFO - DAG(s) 'produce_json' retrieved from /opt/airflow/dags/main.py
[2026-02-11T23:00:01.793+0000] {logging_mixin.py:188} INFO - [2026-02-11T23:00:01.792+0000] {dag.py:3096} INFO - Sync 1 DAGs
[2026-02-11T23:00:01.862+0000] {logging_mixin.py:188} INFO - [2026-02-11T23:00:01.862+0000] {dag.py:3954} INFO - Setting next_dagrun for produce_json to 2026-02-11 14:00:00+00:00, run_after=2026-02-12 14:00:00+00:00
[2026-02-11T23:00:01.911+0000] {processor.py:183} INFO - Processing /opt/airflow/dags/main.py took 0.333 seconds
[2026-02-11T23:00:32.472+0000] {processor.py:161} INFO - Started process (PID=649) to work on /opt/airflow/dags/main.py
[2026-02-11T23:00:32.477+0000] {processor.py:830} INFO - Processing file /opt/airflow/dags/main.py for tasks to queue
[2026-02-11T23:00:32.483+0000] {logging_mixin.py:188} INFO - [2026-02-11T23:00:32.483+0000] {dagbag.py:545} INFO - Filling up the DagBag from /opt/airflow/dags/main.py
[2026-02-11T23:00:32.566+0000] {processor.py:840} INFO - DAG(s) 'produce_json' retrieved from /opt/airflow/dags/main.py
[2026-02-11T23:00:32.660+0000] {logging_mixin.py:188} INFO - [2026-02-11T23:00:32.660+0000] {dag.py:3096} INFO - Sync 1 DAGs
[2026-02-11T23:00:32.741+0000] {logging_mixin.py:188} INFO - [2026-02-11T23:00:32.740+0000] {dag.py:3954} INFO - Setting next_dagrun for produce_json to 2026-02-11 14:00:00+00:00, run_after=2026-02-12 14:00:00+00:00
[2026-02-11T23:00:32.795+0000] {processor.py:183} INFO - Processing /opt/airflow/dags/main.py took 0.387 seconds
[2026-02-11T23:01:03.381+0000] {processor.py:161} INFO - Started process (PID=655) to work on /opt/airflow/dags/main.py
[2026-02-11T23:01:03.386+0000] {processor.py:830} INFO - Processing file /opt/airflow/dags/main.py for tasks to queue
[2026-02-11T23:01:03.410+0000] {logging_mixin.py:188} INFO - [2026-02-11T23:01:03.409+0000] {dagbag.py:545} INFO - Filling up the DagBag from /opt/airflow/dags/main.py
[2026-02-11T23:01:03.499+0000] {processor.py:840} INFO - DAG(s) 'produce_json' retrieved from /opt/airflow/dags/main.py
[2026-02-11T23:01:03.615+0000] {logging_mixin.py:188} INFO - [2026-02-11T23:01:03.611+0000] {dag.py:3096} INFO - Sync 1 DAGs
[2026-02-11T23:01:03.690+0000] {logging_mixin.py:188} INFO - [2026-02-11T23:01:03.690+0000] {dag.py:3954} INFO - Setting next_dagrun for produce_json to 2026-02-11 14:00:00+00:00, run_after=2026-02-12 14:00:00+00:00
[2026-02-11T23:01:03.767+0000] {processor.py:183} INFO - Processing /opt/airflow/dags/main.py took 0.409 seconds
[2026-02-11T23:01:34.035+0000] {processor.py:161} INFO - Started process (PID=662) to work on /opt/airflow/dags/main.py
[2026-02-11T23:01:34.040+0000] {processor.py:830} INFO - Processing file /opt/airflow/dags/main.py for tasks to queue
[2026-02-11T23:01:34.047+0000] {logging_mixin.py:188} INFO - [2026-02-11T23:01:34.046+0000] {dagbag.py:545} INFO - Filling up the DagBag from /opt/airflow/dags/main.py
[2026-02-11T23:01:34.113+0000] {processor.py:840} INFO - DAG(s) 'produce_json' retrieved from /opt/airflow/dags/main.py
[2026-02-11T23:01:34.189+0000] {logging_mixin.py:188} INFO - [2026-02-11T23:01:34.187+0000] {dag.py:3096} INFO - Sync 1 DAGs
[2026-02-11T23:01:34.256+0000] {logging_mixin.py:188} INFO - [2026-02-11T23:01:34.255+0000] {dag.py:3954} INFO - Setting next_dagrun for produce_json to 2026-02-11 14:00:00+00:00, run_after=2026-02-12 14:00:00+00:00
[2026-02-11T23:01:34.310+0000] {processor.py:183} INFO - Processing /opt/airflow/dags/main.py took 0.291 seconds
[2026-02-11T23:02:05.145+0000] {processor.py:161} INFO - Started process (PID=669) to work on /opt/airflow/dags/main.py
[2026-02-11T23:02:05.149+0000] {processor.py:830} INFO - Processing file /opt/airflow/dags/main.py for tasks to queue
[2026-02-11T23:02:05.155+0000] {logging_mixin.py:188} INFO - [2026-02-11T23:02:05.155+0000] {dagbag.py:545} INFO - Filling up the DagBag from /opt/airflow/dags/main.py
[2026-02-11T23:02:05.219+0000] {processor.py:840} INFO - DAG(s) 'produce_json' retrieved from /opt/airflow/dags/main.py
[2026-02-11T23:02:05.365+0000] {logging_mixin.py:188} INFO - [2026-02-11T23:02:05.365+0000] {dag.py:3096} INFO - Sync 1 DAGs
[2026-02-11T23:02:05.415+0000] {logging_mixin.py:188} INFO - [2026-02-11T23:02:05.415+0000] {dag.py:3954} INFO - Setting next_dagrun for produce_json to 2026-02-11 14:00:00+00:00, run_after=2026-02-12 14:00:00+00:00
[2026-02-11T23:02:05.546+0000] {processor.py:183} INFO - Processing /opt/airflow/dags/main.py took 0.429 seconds
[2026-02-11T23:02:36.463+0000] {processor.py:161} INFO - Started process (PID=676) to work on /opt/airflow/dags/main.py
[2026-02-11T23:02:36.467+0000] {processor.py:830} INFO - Processing file /opt/airflow/dags/main.py for tasks to queue
[2026-02-11T23:02:36.472+0000] {logging_mixin.py:188} INFO - [2026-02-11T23:02:36.471+0000] {dagbag.py:545} INFO - Filling up the DagBag from /opt/airflow/dags/main.py
[2026-02-11T23:02:36.535+0000] {processor.py:840} INFO - DAG(s) 'produce_json' retrieved from /opt/airflow/dags/main.py
[2026-02-11T23:02:36.633+0000] {logging_mixin.py:188} INFO - [2026-02-11T23:02:36.633+0000] {dag.py:3096} INFO - Sync 1 DAGs
[2026-02-11T23:02:36.686+0000] {logging_mixin.py:188} INFO - [2026-02-11T23:02:36.685+0000] {dag.py:3954} INFO - Setting next_dagrun for produce_json to 2026-02-11 14:00:00+00:00, run_after=2026-02-12 14:00:00+00:00
[2026-02-11T23:02:36.763+0000] {processor.py:183} INFO - Processing /opt/airflow/dags/main.py took 0.316 seconds
[2026-02-11T23:03:06.931+0000] {processor.py:161} INFO - Started process (PID=683) to work on /opt/airflow/dags/main.py
[2026-02-11T23:03:06.934+0000] {processor.py:830} INFO - Processing file /opt/airflow/dags/main.py for tasks to queue
[2026-02-11T23:03:06.937+0000] {logging_mixin.py:188} INFO - [2026-02-11T23:03:06.936+0000] {dagbag.py:545} INFO - Filling up the DagBag from /opt/airflow/dags/main.py
[2026-02-11T23:03:06.993+0000] {processor.py:840} INFO - DAG(s) 'produce_json' retrieved from /opt/airflow/dags/main.py
[2026-02-11T23:03:07.079+0000] {logging_mixin.py:188} INFO - [2026-02-11T23:03:07.079+0000] {dag.py:3096} INFO - Sync 1 DAGs
[2026-02-11T23:03:07.130+0000] {logging_mixin.py:188} INFO - [2026-02-11T23:03:07.130+0000] {dag.py:3954} INFO - Setting next_dagrun for produce_json to 2026-02-11 14:00:00+00:00, run_after=2026-02-12 14:00:00+00:00
[2026-02-11T23:03:07.193+0000] {processor.py:183} INFO - Processing /opt/airflow/dags/main.py took 0.275 seconds
[2026-02-11T23:03:37.474+0000] {processor.py:161} INFO - Started process (PID=690) to work on /opt/airflow/dags/main.py
[2026-02-11T23:03:37.479+0000] {processor.py:830} INFO - Processing file /opt/airflow/dags/main.py for tasks to queue
[2026-02-11T23:03:37.488+0000] {logging_mixin.py:188} INFO - [2026-02-11T23:03:37.487+0000] {dagbag.py:545} INFO - Filling up the DagBag from /opt/airflow/dags/main.py
[2026-02-11T23:03:37.567+0000] {processor.py:840} INFO - DAG(s) 'produce_json' retrieved from /opt/airflow/dags/main.py
[2026-02-11T23:03:37.665+0000] {logging_mixin.py:188} INFO - [2026-02-11T23:03:37.665+0000] {dag.py:3096} INFO - Sync 1 DAGs
[2026-02-11T23:03:37.763+0000] {logging_mixin.py:188} INFO - [2026-02-11T23:03:37.763+0000] {dag.py:3954} INFO - Setting next_dagrun for produce_json to 2026-02-11 14:00:00+00:00, run_after=2026-02-12 14:00:00+00:00
[2026-02-11T23:03:37.854+0000] {processor.py:183} INFO - Processing /opt/airflow/dags/main.py took 0.391 seconds
[2026-02-11T23:04:08.634+0000] {processor.py:161} INFO - Started process (PID=697) to work on /opt/airflow/dags/main.py
[2026-02-11T23:04:08.639+0000] {processor.py:830} INFO - Processing file /opt/airflow/dags/main.py for tasks to queue
[2026-02-11T23:04:08.645+0000] {logging_mixin.py:188} INFO - [2026-02-11T23:04:08.644+0000] {dagbag.py:545} INFO - Filling up the DagBag from /opt/airflow/dags/main.py
[2026-02-11T23:04:08.721+0000] {processor.py:840} INFO - DAG(s) 'produce_json' retrieved from /opt/airflow/dags/main.py
[2026-02-11T23:04:08.791+0000] {logging_mixin.py:188} INFO - [2026-02-11T23:04:08.790+0000] {dag.py:3096} INFO - Sync 1 DAGs
[2026-02-11T23:04:08.844+0000] {logging_mixin.py:188} INFO - [2026-02-11T23:04:08.844+0000] {dag.py:3954} INFO - Setting next_dagrun for produce_json to 2026-02-11 14:00:00+00:00, run_after=2026-02-12 14:00:00+00:00
[2026-02-11T23:04:08.903+0000] {processor.py:183} INFO - Processing /opt/airflow/dags/main.py took 0.287 seconds
[2026-02-11T23:04:39.295+0000] {processor.py:161} INFO - Started process (PID=704) to work on /opt/airflow/dags/main.py
[2026-02-11T23:04:39.335+0000] {processor.py:830} INFO - Processing file /opt/airflow/dags/main.py for tasks to queue
[2026-02-11T23:04:39.374+0000] {logging_mixin.py:188} INFO - [2026-02-11T23:04:39.365+0000] {dagbag.py:545} INFO - Filling up the DagBag from /opt/airflow/dags/main.py
[2026-02-11T23:04:39.513+0000] {processor.py:840} INFO - DAG(s) 'produce_json' retrieved from /opt/airflow/dags/main.py
[2026-02-11T23:04:39.595+0000] {logging_mixin.py:188} INFO - [2026-02-11T23:04:39.595+0000] {dag.py:3096} INFO - Sync 1 DAGs
[2026-02-11T23:04:39.642+0000] {logging_mixin.py:188} INFO - [2026-02-11T23:04:39.641+0000] {dag.py:3954} INFO - Setting next_dagrun for produce_json to 2026-02-11 14:00:00+00:00, run_after=2026-02-12 14:00:00+00:00
[2026-02-11T23:04:39.726+0000] {processor.py:183} INFO - Processing /opt/airflow/dags/main.py took 0.462 seconds
[2026-02-11T23:05:10.191+0000] {processor.py:161} INFO - Started process (PID=711) to work on /opt/airflow/dags/main.py
[2026-02-11T23:05:10.195+0000] {processor.py:830} INFO - Processing file /opt/airflow/dags/main.py for tasks to queue
[2026-02-11T23:05:10.199+0000] {logging_mixin.py:188} INFO - [2026-02-11T23:05:10.198+0000] {dagbag.py:545} INFO - Filling up the DagBag from /opt/airflow/dags/main.py
[2026-02-11T23:05:10.246+0000] {processor.py:840} INFO - DAG(s) 'produce_json' retrieved from /opt/airflow/dags/main.py
[2026-02-11T23:05:10.337+0000] {logging_mixin.py:188} INFO - [2026-02-11T23:05:10.336+0000] {dag.py:3096} INFO - Sync 1 DAGs
[2026-02-11T23:05:10.406+0000] {logging_mixin.py:188} INFO - [2026-02-11T23:05:10.406+0000] {dag.py:3954} INFO - Setting next_dagrun for produce_json to 2026-02-11 14:00:00+00:00, run_after=2026-02-12 14:00:00+00:00
[2026-02-11T23:05:10.473+0000] {processor.py:183} INFO - Processing /opt/airflow/dags/main.py took 0.302 seconds
[2026-02-11T23:05:41.033+0000] {processor.py:161} INFO - Started process (PID=719) to work on /opt/airflow/dags/main.py
[2026-02-11T23:05:41.102+0000] {processor.py:830} INFO - Processing file /opt/airflow/dags/main.py for tasks to queue
[2026-02-11T23:05:41.116+0000] {logging_mixin.py:188} INFO - [2026-02-11T23:05:41.116+0000] {dagbag.py:545} INFO - Filling up the DagBag from /opt/airflow/dags/main.py
[2026-02-11T23:05:41.264+0000] {processor.py:840} INFO - DAG(s) 'produce_json' retrieved from /opt/airflow/dags/main.py
[2026-02-11T23:05:41.366+0000] {logging_mixin.py:188} INFO - [2026-02-11T23:05:41.366+0000] {dag.py:3096} INFO - Sync 1 DAGs
[2026-02-11T23:05:41.427+0000] {logging_mixin.py:188} INFO - [2026-02-11T23:05:41.426+0000] {dag.py:3954} INFO - Setting next_dagrun for produce_json to 2026-02-11 14:00:00+00:00, run_after=2026-02-12 14:00:00+00:00
[2026-02-11T23:05:41.506+0000] {processor.py:183} INFO - Processing /opt/airflow/dags/main.py took 0.484 seconds
[2026-02-11T23:06:11.593+0000] {processor.py:161} INFO - Started process (PID=726) to work on /opt/airflow/dags/main.py
[2026-02-11T23:06:11.599+0000] {processor.py:830} INFO - Processing file /opt/airflow/dags/main.py for tasks to queue
[2026-02-11T23:06:11.604+0000] {logging_mixin.py:188} INFO - [2026-02-11T23:06:11.603+0000] {dagbag.py:545} INFO - Filling up the DagBag from /opt/airflow/dags/main.py
[2026-02-11T23:06:11.657+0000] {processor.py:840} INFO - DAG(s) 'produce_json' retrieved from /opt/airflow/dags/main.py
[2026-02-11T23:06:11.736+0000] {logging_mixin.py:188} INFO - [2026-02-11T23:06:11.734+0000] {dag.py:3096} INFO - Sync 1 DAGs
[2026-02-11T23:06:11.933+0000] {logging_mixin.py:188} INFO - [2026-02-11T23:06:11.933+0000] {dag.py:3954} INFO - Setting next_dagrun for produce_json to 2026-02-11 14:00:00+00:00, run_after=2026-02-12 14:00:00+00:00
[2026-02-11T23:06:12.127+0000] {processor.py:183} INFO - Processing /opt/airflow/dags/main.py took 0.551 seconds
[2026-02-11T23:06:42.371+0000] {processor.py:161} INFO - Started process (PID=733) to work on /opt/airflow/dags/main.py
[2026-02-11T23:06:42.374+0000] {processor.py:830} INFO - Processing file /opt/airflow/dags/main.py for tasks to queue
[2026-02-11T23:06:42.377+0000] {logging_mixin.py:188} INFO - [2026-02-11T23:06:42.376+0000] {dagbag.py:545} INFO - Filling up the DagBag from /opt/airflow/dags/main.py
[2026-02-11T23:06:42.470+0000] {processor.py:840} INFO - DAG(s) 'produce_json' retrieved from /opt/airflow/dags/main.py
[2026-02-11T23:06:42.538+0000] {logging_mixin.py:188} INFO - [2026-02-11T23:06:42.537+0000] {dag.py:3096} INFO - Sync 1 DAGs
[2026-02-11T23:06:42.639+0000] {logging_mixin.py:188} INFO - [2026-02-11T23:06:42.637+0000] {dag.py:3954} INFO - Setting next_dagrun for produce_json to 2026-02-11 14:00:00+00:00, run_after=2026-02-12 14:00:00+00:00
[2026-02-11T23:06:42.693+0000] {processor.py:183} INFO - Processing /opt/airflow/dags/main.py took 0.335 seconds
[2026-02-11T23:07:13.117+0000] {processor.py:161} INFO - Started process (PID=740) to work on /opt/airflow/dags/main.py
[2026-02-11T23:07:13.125+0000] {processor.py:830} INFO - Processing file /opt/airflow/dags/main.py for tasks to queue
[2026-02-11T23:07:13.129+0000] {logging_mixin.py:188} INFO - [2026-02-11T23:07:13.128+0000] {dagbag.py:545} INFO - Filling up the DagBag from /opt/airflow/dags/main.py
[2026-02-11T23:07:13.183+0000] {processor.py:840} INFO - DAG(s) 'produce_json' retrieved from /opt/airflow/dags/main.py
[2026-02-11T23:07:13.299+0000] {logging_mixin.py:188} INFO - [2026-02-11T23:07:13.298+0000] {dag.py:3096} INFO - Sync 1 DAGs
[2026-02-11T23:07:13.368+0000] {logging_mixin.py:188} INFO - [2026-02-11T23:07:13.367+0000] {dag.py:3954} INFO - Setting next_dagrun for produce_json to 2026-02-11 14:00:00+00:00, run_after=2026-02-12 14:00:00+00:00
[2026-02-11T23:07:13.447+0000] {processor.py:183} INFO - Processing /opt/airflow/dags/main.py took 0.342 seconds
[2026-02-11T23:07:43.676+0000] {processor.py:161} INFO - Started process (PID=747) to work on /opt/airflow/dags/main.py
[2026-02-11T23:07:43.683+0000] {processor.py:830} INFO - Processing file /opt/airflow/dags/main.py for tasks to queue
[2026-02-11T23:07:43.689+0000] {logging_mixin.py:188} INFO - [2026-02-11T23:07:43.688+0000] {dagbag.py:545} INFO - Filling up the DagBag from /opt/airflow/dags/main.py
[2026-02-11T23:07:43.743+0000] {processor.py:840} INFO - DAG(s) 'produce_json' retrieved from /opt/airflow/dags/main.py
[2026-02-11T23:07:43.824+0000] {logging_mixin.py:188} INFO - [2026-02-11T23:07:43.824+0000] {dag.py:3096} INFO - Sync 1 DAGs
[2026-02-11T23:07:43.871+0000] {logging_mixin.py:188} INFO - [2026-02-11T23:07:43.871+0000] {dag.py:3954} INFO - Setting next_dagrun for produce_json to 2026-02-11 14:00:00+00:00, run_after=2026-02-12 14:00:00+00:00
[2026-02-11T23:07:43.910+0000] {processor.py:183} INFO - Processing /opt/airflow/dags/main.py took 0.246 seconds
[2026-02-11T23:08:14.435+0000] {processor.py:161} INFO - Started process (PID=754) to work on /opt/airflow/dags/main.py
[2026-02-11T23:08:14.438+0000] {processor.py:830} INFO - Processing file /opt/airflow/dags/main.py for tasks to queue
[2026-02-11T23:08:14.447+0000] {logging_mixin.py:188} INFO - [2026-02-11T23:08:14.446+0000] {dagbag.py:545} INFO - Filling up the DagBag from /opt/airflow/dags/main.py
[2026-02-11T23:08:14.505+0000] {processor.py:840} INFO - DAG(s) 'produce_json' retrieved from /opt/airflow/dags/main.py
[2026-02-11T23:08:14.667+0000] {logging_mixin.py:188} INFO - [2026-02-11T23:08:14.667+0000] {dag.py:3096} INFO - Sync 1 DAGs
[2026-02-11T23:08:14.730+0000] {logging_mixin.py:188} INFO - [2026-02-11T23:08:14.730+0000] {dag.py:3954} INFO - Setting next_dagrun for produce_json to 2026-02-11 14:00:00+00:00, run_after=2026-02-12 14:00:00+00:00
[2026-02-11T23:08:14.783+0000] {processor.py:183} INFO - Processing /opt/airflow/dags/main.py took 0.374 seconds
[2026-02-11T23:08:44.863+0000] {processor.py:161} INFO - Started process (PID=761) to work on /opt/airflow/dags/main.py
[2026-02-11T23:08:44.865+0000] {processor.py:830} INFO - Processing file /opt/airflow/dags/main.py for tasks to queue
[2026-02-11T23:08:44.869+0000] {logging_mixin.py:188} INFO - [2026-02-11T23:08:44.868+0000] {dagbag.py:545} INFO - Filling up the DagBag from /opt/airflow/dags/main.py
[2026-02-11T23:08:44.913+0000] {processor.py:840} INFO - DAG(s) 'produce_json' retrieved from /opt/airflow/dags/main.py
[2026-02-11T23:08:45.006+0000] {logging_mixin.py:188} INFO - [2026-02-11T23:08:45.005+0000] {dag.py:3096} INFO - Sync 1 DAGs
[2026-02-11T23:08:45.072+0000] {logging_mixin.py:188} INFO - [2026-02-11T23:08:45.071+0000] {dag.py:3954} INFO - Setting next_dagrun for produce_json to 2026-02-11 14:00:00+00:00, run_after=2026-02-12 14:00:00+00:00
[2026-02-11T23:08:45.136+0000] {processor.py:183} INFO - Processing /opt/airflow/dags/main.py took 0.283 seconds
[2026-02-11T23:09:15.336+0000] {processor.py:161} INFO - Started process (PID=769) to work on /opt/airflow/dags/main.py
[2026-02-11T23:09:15.353+0000] {processor.py:830} INFO - Processing file /opt/airflow/dags/main.py for tasks to queue
[2026-02-11T23:09:15.358+0000] {logging_mixin.py:188} INFO - [2026-02-11T23:09:15.357+0000] {dagbag.py:545} INFO - Filling up the DagBag from /opt/airflow/dags/main.py
[2026-02-11T23:09:15.435+0000] {processor.py:840} INFO - DAG(s) 'produce_json' retrieved from /opt/airflow/dags/main.py
[2026-02-11T23:09:16.689+0000] {logging_mixin.py:188} INFO - [2026-02-11T23:09:16.688+0000] {dag.py:3096} INFO - Sync 1 DAGs
[2026-02-11T23:09:16.740+0000] {logging_mixin.py:188} INFO - [2026-02-11T23:09:16.739+0000] {dag.py:3954} INFO - Setting next_dagrun for produce_json to 2026-02-11 14:00:00+00:00, run_after=2026-02-12 14:00:00+00:00
[2026-02-11T23:09:16.775+0000] {processor.py:183} INFO - Processing /opt/airflow/dags/main.py took 1.459 seconds
[2026-02-11T23:09:47.365+0000] {processor.py:161} INFO - Started process (PID=776) to work on /opt/airflow/dags/main.py
[2026-02-11T23:09:48.063+0000] {processor.py:830} INFO - Processing file /opt/airflow/dags/main.py for tasks to queue
[2026-02-11T23:09:48.206+0000] {logging_mixin.py:188} INFO - [2026-02-11T23:09:48.196+0000] {dagbag.py:545} INFO - Filling up the DagBag from /opt/airflow/dags/main.py
[2026-02-11T23:09:48.284+0000] {processor.py:840} INFO - DAG(s) 'produce_json' retrieved from /opt/airflow/dags/main.py
[2026-02-11T23:09:48.467+0000] {logging_mixin.py:188} INFO - [2026-02-11T23:09:48.466+0000] {dag.py:3096} INFO - Sync 1 DAGs
[2026-02-11T23:09:48.570+0000] {logging_mixin.py:188} INFO - [2026-02-11T23:09:48.569+0000] {dag.py:3954} INFO - Setting next_dagrun for produce_json to 2026-02-11 14:00:00+00:00, run_after=2026-02-12 14:00:00+00:00
[2026-02-11T23:09:48.608+0000] {processor.py:183} INFO - Processing /opt/airflow/dags/main.py took 1.254 seconds
[2026-02-11T23:10:19.591+0000] {processor.py:161} INFO - Started process (PID=784) to work on /opt/airflow/dags/main.py
[2026-02-11T23:10:19.595+0000] {processor.py:830} INFO - Processing file /opt/airflow/dags/main.py for tasks to queue
[2026-02-11T23:10:19.600+0000] {logging_mixin.py:188} INFO - [2026-02-11T23:10:19.599+0000] {dagbag.py:545} INFO - Filling up the DagBag from /opt/airflow/dags/main.py
[2026-02-11T23:10:19.648+0000] {processor.py:840} INFO - DAG(s) 'produce_json' retrieved from /opt/airflow/dags/main.py
[2026-02-11T23:10:19.735+0000] {logging_mixin.py:188} INFO - [2026-02-11T23:10:19.734+0000] {dag.py:3096} INFO - Sync 1 DAGs
[2026-02-11T23:10:19.783+0000] {logging_mixin.py:188} INFO - [2026-02-11T23:10:19.783+0000] {dag.py:3954} INFO - Setting next_dagrun for produce_json to 2026-02-11 14:00:00+00:00, run_after=2026-02-12 14:00:00+00:00
[2026-02-11T23:10:19.843+0000] {processor.py:183} INFO - Processing /opt/airflow/dags/main.py took 0.269 seconds
[2026-02-11T23:10:50.679+0000] {processor.py:161} INFO - Started process (PID=791) to work on /opt/airflow/dags/main.py
[2026-02-11T23:10:50.681+0000] {processor.py:830} INFO - Processing file /opt/airflow/dags/main.py for tasks to queue
[2026-02-11T23:10:50.684+0000] {logging_mixin.py:188} INFO - [2026-02-11T23:10:50.683+0000] {dagbag.py:545} INFO - Filling up the DagBag from /opt/airflow/dags/main.py
[2026-02-11T23:10:50.742+0000] {processor.py:840} INFO - DAG(s) 'produce_json' retrieved from /opt/airflow/dags/main.py
[2026-02-11T23:10:50.830+0000] {logging_mixin.py:188} INFO - [2026-02-11T23:10:50.829+0000] {dag.py:3096} INFO - Sync 1 DAGs
[2026-02-11T23:10:50.884+0000] {logging_mixin.py:188} INFO - [2026-02-11T23:10:50.883+0000] {dag.py:3954} INFO - Setting next_dagrun for produce_json to 2026-02-11 14:00:00+00:00, run_after=2026-02-12 14:00:00+00:00
[2026-02-11T23:10:50.954+0000] {processor.py:183} INFO - Processing /opt/airflow/dags/main.py took 0.293 seconds
[2026-02-11T23:11:21.028+0000] {processor.py:161} INFO - Started process (PID=800) to work on /opt/airflow/dags/main.py
[2026-02-11T23:11:21.030+0000] {processor.py:830} INFO - Processing file /opt/airflow/dags/main.py for tasks to queue
[2026-02-11T23:11:21.033+0000] {logging_mixin.py:188} INFO - [2026-02-11T23:11:21.032+0000] {dagbag.py:545} INFO - Filling up the DagBag from /opt/airflow/dags/main.py
[2026-02-11T23:11:21.108+0000] {processor.py:840} INFO - DAG(s) 'produce_json' retrieved from /opt/airflow/dags/main.py
[2026-02-11T23:11:21.202+0000] {logging_mixin.py:188} INFO - [2026-02-11T23:11:21.202+0000] {dag.py:3096} INFO - Sync 1 DAGs
[2026-02-11T23:11:21.241+0000] {logging_mixin.py:188} INFO - [2026-02-11T23:11:21.241+0000] {dag.py:3954} INFO - Setting next_dagrun for produce_json to 2026-02-11 14:00:00+00:00, run_after=2026-02-12 14:00:00+00:00
[2026-02-11T23:11:21.299+0000] {processor.py:183} INFO - Processing /opt/airflow/dags/main.py took 0.299 seconds
[2026-02-11T23:11:51.357+0000] {processor.py:161} INFO - Started process (PID=807) to work on /opt/airflow/dags/main.py
[2026-02-11T23:11:51.369+0000] {processor.py:830} INFO - Processing file /opt/airflow/dags/main.py for tasks to queue
[2026-02-11T23:11:51.378+0000] {logging_mixin.py:188} INFO - [2026-02-11T23:11:51.378+0000] {dagbag.py:545} INFO - Filling up the DagBag from /opt/airflow/dags/main.py
[2026-02-11T23:11:51.437+0000] {processor.py:840} INFO - DAG(s) 'produce_json' retrieved from /opt/airflow/dags/main.py
[2026-02-11T23:11:51.542+0000] {logging_mixin.py:188} INFO - [2026-02-11T23:11:51.542+0000] {dag.py:3096} INFO - Sync 1 DAGs
[2026-02-11T23:11:51.623+0000] {logging_mixin.py:188} INFO - [2026-02-11T23:11:51.623+0000] {dag.py:3954} INFO - Setting next_dagrun for produce_json to 2026-02-11 14:00:00+00:00, run_after=2026-02-12 14:00:00+00:00
[2026-02-11T23:11:51.710+0000] {processor.py:183} INFO - Processing /opt/airflow/dags/main.py took 0.368 seconds
[2026-02-11T23:12:22.450+0000] {processor.py:161} INFO - Started process (PID=814) to work on /opt/airflow/dags/main.py
[2026-02-11T23:12:22.464+0000] {processor.py:830} INFO - Processing file /opt/airflow/dags/main.py for tasks to queue
[2026-02-11T23:12:22.493+0000] {logging_mixin.py:188} INFO - [2026-02-11T23:12:22.492+0000] {dagbag.py:545} INFO - Filling up the DagBag from /opt/airflow/dags/main.py
[2026-02-11T23:12:22.607+0000] {processor.py:840} INFO - DAG(s) 'produce_json' retrieved from /opt/airflow/dags/main.py
[2026-02-11T23:12:22.685+0000] {logging_mixin.py:188} INFO - [2026-02-11T23:12:22.685+0000] {dag.py:3096} INFO - Sync 1 DAGs
[2026-02-11T23:12:22.727+0000] {logging_mixin.py:188} INFO - [2026-02-11T23:12:22.727+0000] {dag.py:3954} INFO - Setting next_dagrun for produce_json to 2026-02-11 14:00:00+00:00, run_after=2026-02-12 14:00:00+00:00
[2026-02-11T23:12:22.779+0000] {processor.py:183} INFO - Processing /opt/airflow/dags/main.py took 0.358 seconds
[2026-02-11T23:12:53.079+0000] {processor.py:161} INFO - Started process (PID=821) to work on /opt/airflow/dags/main.py
[2026-02-11T23:12:53.088+0000] {processor.py:830} INFO - Processing file /opt/airflow/dags/main.py for tasks to queue
[2026-02-11T23:12:53.096+0000] {logging_mixin.py:188} INFO - [2026-02-11T23:12:53.095+0000] {dagbag.py:545} INFO - Filling up the DagBag from /opt/airflow/dags/main.py
[2026-02-11T23:12:53.184+0000] {processor.py:840} INFO - DAG(s) 'produce_json' retrieved from /opt/airflow/dags/main.py
[2026-02-11T23:12:53.340+0000] {logging_mixin.py:188} INFO - [2026-02-11T23:12:53.340+0000] {dag.py:3096} INFO - Sync 1 DAGs
[2026-02-11T23:12:53.462+0000] {logging_mixin.py:188} INFO - [2026-02-11T23:12:53.462+0000] {dag.py:3954} INFO - Setting next_dagrun for produce_json to 2026-02-11 14:00:00+00:00, run_after=2026-02-12 14:00:00+00:00
[2026-02-11T23:12:53.518+0000] {processor.py:183} INFO - Processing /opt/airflow/dags/main.py took 0.535 seconds
[2026-02-11T23:13:23.625+0000] {processor.py:161} INFO - Started process (PID=829) to work on /opt/airflow/dags/main.py
[2026-02-11T23:13:23.632+0000] {processor.py:830} INFO - Processing file /opt/airflow/dags/main.py for tasks to queue
[2026-02-11T23:13:23.636+0000] {logging_mixin.py:188} INFO - [2026-02-11T23:13:23.636+0000] {dagbag.py:545} INFO - Filling up the DagBag from /opt/airflow/dags/main.py
[2026-02-11T23:13:23.716+0000] {processor.py:840} INFO - DAG(s) 'produce_json' retrieved from /opt/airflow/dags/main.py
[2026-02-11T23:13:23.933+0000] {logging_mixin.py:188} INFO - [2026-02-11T23:13:23.932+0000] {dag.py:3096} INFO - Sync 1 DAGs
[2026-02-11T23:13:24.108+0000] {logging_mixin.py:188} INFO - [2026-02-11T23:13:24.108+0000] {dag.py:3954} INFO - Setting next_dagrun for produce_json to 2026-02-11 14:00:00+00:00, run_after=2026-02-12 14:00:00+00:00
[2026-02-11T23:13:25.222+0000] {processor.py:183} INFO - Processing /opt/airflow/dags/main.py took 1.615 seconds
[2026-02-11T23:13:55.938+0000] {processor.py:161} INFO - Started process (PID=835) to work on /opt/airflow/dags/main.py
[2026-02-11T23:13:55.941+0000] {processor.py:830} INFO - Processing file /opt/airflow/dags/main.py for tasks to queue
[2026-02-11T23:13:55.946+0000] {logging_mixin.py:188} INFO - [2026-02-11T23:13:55.945+0000] {dagbag.py:545} INFO - Filling up the DagBag from /opt/airflow/dags/main.py
[2026-02-11T23:13:56.073+0000] {processor.py:840} INFO - DAG(s) 'produce_json' retrieved from /opt/airflow/dags/main.py
[2026-02-11T23:13:56.150+0000] {logging_mixin.py:188} INFO - [2026-02-11T23:13:56.149+0000] {dag.py:3096} INFO - Sync 1 DAGs
[2026-02-11T23:13:56.230+0000] {logging_mixin.py:188} INFO - [2026-02-11T23:13:56.229+0000] {dag.py:3954} INFO - Setting next_dagrun for produce_json to 2026-02-11 14:00:00+00:00, run_after=2026-02-12 14:00:00+00:00
[2026-02-11T23:13:56.350+0000] {processor.py:183} INFO - Processing /opt/airflow/dags/main.py took 0.433 seconds
[2026-02-11T23:14:27.272+0000] {processor.py:161} INFO - Started process (PID=848) to work on /opt/airflow/dags/main.py
[2026-02-11T23:14:27.276+0000] {processor.py:830} INFO - Processing file /opt/airflow/dags/main.py for tasks to queue
[2026-02-11T23:14:27.280+0000] {logging_mixin.py:188} INFO - [2026-02-11T23:14:27.280+0000] {dagbag.py:545} INFO - Filling up the DagBag from /opt/airflow/dags/main.py
[2026-02-11T23:14:27.343+0000] {processor.py:840} INFO - DAG(s) 'produce_json' retrieved from /opt/airflow/dags/main.py
[2026-02-11T23:14:27.450+0000] {logging_mixin.py:188} INFO - [2026-02-11T23:14:27.448+0000] {dag.py:3096} INFO - Sync 1 DAGs
[2026-02-11T23:14:27.501+0000] {logging_mixin.py:188} INFO - [2026-02-11T23:14:27.500+0000] {dag.py:3954} INFO - Setting next_dagrun for produce_json to 2026-02-11 14:00:00+00:00, run_after=2026-02-12 14:00:00+00:00
[2026-02-11T23:14:27.543+0000] {processor.py:183} INFO - Processing /opt/airflow/dags/main.py took 0.289 seconds
[2026-02-11T23:14:57.634+0000] {processor.py:161} INFO - Started process (PID=855) to work on /opt/airflow/dags/main.py
[2026-02-11T23:14:57.637+0000] {processor.py:830} INFO - Processing file /opt/airflow/dags/main.py for tasks to queue
[2026-02-11T23:14:57.641+0000] {logging_mixin.py:188} INFO - [2026-02-11T23:14:57.640+0000] {dagbag.py:545} INFO - Filling up the DagBag from /opt/airflow/dags/main.py
[2026-02-11T23:14:57.721+0000] {processor.py:840} INFO - DAG(s) 'produce_json' retrieved from /opt/airflow/dags/main.py
[2026-02-11T23:14:57.859+0000] {logging_mixin.py:188} INFO - [2026-02-11T23:14:57.858+0000] {dag.py:3096} INFO - Sync 1 DAGs
[2026-02-11T23:14:58.010+0000] {logging_mixin.py:188} INFO - [2026-02-11T23:14:58.006+0000] {dag.py:3954} INFO - Setting next_dagrun for produce_json to 2026-02-11 14:00:00+00:00, run_after=2026-02-12 14:00:00+00:00
[2026-02-11T23:14:58.139+0000] {processor.py:183} INFO - Processing /opt/airflow/dags/main.py took 0.532 seconds
[2026-02-11T23:15:28.311+0000] {processor.py:161} INFO - Started process (PID=861) to work on /opt/airflow/dags/main.py
[2026-02-11T23:15:28.321+0000] {processor.py:830} INFO - Processing file /opt/airflow/dags/main.py for tasks to queue
[2026-02-11T23:15:28.327+0000] {logging_mixin.py:188} INFO - [2026-02-11T23:15:28.326+0000] {dagbag.py:545} INFO - Filling up the DagBag from /opt/airflow/dags/main.py
[2026-02-11T23:15:28.380+0000] {processor.py:840} INFO - DAG(s) 'produce_json' retrieved from /opt/airflow/dags/main.py
[2026-02-11T23:15:28.476+0000] {logging_mixin.py:188} INFO - [2026-02-11T23:15:28.476+0000] {dag.py:3096} INFO - Sync 1 DAGs
[2026-02-11T23:15:28.530+0000] {logging_mixin.py:188} INFO - [2026-02-11T23:15:28.530+0000] {dag.py:3954} INFO - Setting next_dagrun for produce_json to 2026-02-11 14:00:00+00:00, run_after=2026-02-12 14:00:00+00:00
[2026-02-11T23:15:28.605+0000] {processor.py:183} INFO - Processing /opt/airflow/dags/main.py took 0.305 seconds
[2026-02-11T23:15:59.514+0000] {processor.py:161} INFO - Started process (PID=868) to work on /opt/airflow/dags/main.py
[2026-02-11T23:15:59.520+0000] {processor.py:830} INFO - Processing file /opt/airflow/dags/main.py for tasks to queue
[2026-02-11T23:15:59.526+0000] {logging_mixin.py:188} INFO - [2026-02-11T23:15:59.525+0000] {dagbag.py:545} INFO - Filling up the DagBag from /opt/airflow/dags/main.py
[2026-02-11T23:15:59.595+0000] {processor.py:840} INFO - DAG(s) 'produce_json' retrieved from /opt/airflow/dags/main.py
[2026-02-11T23:15:59.770+0000] {logging_mixin.py:188} INFO - [2026-02-11T23:15:59.770+0000] {dag.py:3096} INFO - Sync 1 DAGs
[2026-02-11T23:15:59.817+0000] {logging_mixin.py:188} INFO - [2026-02-11T23:15:59.816+0000] {dag.py:3954} INFO - Setting next_dagrun for produce_json to 2026-02-11 14:00:00+00:00, run_after=2026-02-12 14:00:00+00:00
[2026-02-11T23:15:59.997+0000] {processor.py:183} INFO - Processing /opt/airflow/dags/main.py took 0.498 seconds
[2026-02-11T23:16:30.720+0000] {processor.py:161} INFO - Started process (PID=875) to work on /opt/airflow/dags/main.py
[2026-02-11T23:16:30.722+0000] {processor.py:830} INFO - Processing file /opt/airflow/dags/main.py for tasks to queue
[2026-02-11T23:16:30.725+0000] {logging_mixin.py:188} INFO - [2026-02-11T23:16:30.724+0000] {dagbag.py:545} INFO - Filling up the DagBag from /opt/airflow/dags/main.py
[2026-02-11T23:16:30.768+0000] {processor.py:840} INFO - DAG(s) 'produce_json' retrieved from /opt/airflow/dags/main.py
[2026-02-11T23:16:30.890+0000] {logging_mixin.py:188} INFO - [2026-02-11T23:16:30.887+0000] {dag.py:3096} INFO - Sync 1 DAGs
[2026-02-11T23:16:30.954+0000] {logging_mixin.py:188} INFO - [2026-02-11T23:16:30.954+0000] {dag.py:3954} INFO - Setting next_dagrun for produce_json to 2026-02-11 14:00:00+00:00, run_after=2026-02-12 14:00:00+00:00
[2026-02-11T23:16:31.004+0000] {processor.py:183} INFO - Processing /opt/airflow/dags/main.py took 0.298 seconds
[2026-02-11T23:17:01.332+0000] {processor.py:161} INFO - Started process (PID=885) to work on /opt/airflow/dags/main.py
[2026-02-11T23:17:01.339+0000] {processor.py:830} INFO - Processing file /opt/airflow/dags/main.py for tasks to queue
[2026-02-11T23:17:01.345+0000] {logging_mixin.py:188} INFO - [2026-02-11T23:17:01.345+0000] {dagbag.py:545} INFO - Filling up the DagBag from /opt/airflow/dags/main.py
[2026-02-11T23:17:01.406+0000] {processor.py:840} INFO - DAG(s) 'produce_json' retrieved from /opt/airflow/dags/main.py
[2026-02-11T23:17:01.480+0000] {logging_mixin.py:188} INFO - [2026-02-11T23:17:01.479+0000] {dag.py:3096} INFO - Sync 1 DAGs
[2026-02-11T23:17:01.539+0000] {logging_mixin.py:188} INFO - [2026-02-11T23:17:01.538+0000] {dag.py:3954} INFO - Setting next_dagrun for produce_json to 2026-02-11 14:00:00+00:00, run_after=2026-02-12 14:00:00+00:00
[2026-02-11T23:17:01.606+0000] {processor.py:183} INFO - Processing /opt/airflow/dags/main.py took 0.289 seconds
[2026-02-11T23:17:31.776+0000] {processor.py:161} INFO - Started process (PID=893) to work on /opt/airflow/dags/main.py
[2026-02-11T23:17:31.781+0000] {processor.py:830} INFO - Processing file /opt/airflow/dags/main.py for tasks to queue
[2026-02-11T23:17:31.786+0000] {logging_mixin.py:188} INFO - [2026-02-11T23:17:31.785+0000] {dagbag.py:545} INFO - Filling up the DagBag from /opt/airflow/dags/main.py
[2026-02-11T23:17:31.841+0000] {processor.py:840} INFO - DAG(s) 'produce_json' retrieved from /opt/airflow/dags/main.py
[2026-02-11T23:17:31.920+0000] {logging_mixin.py:188} INFO - [2026-02-11T23:17:31.920+0000] {dag.py:3096} INFO - Sync 1 DAGs
[2026-02-11T23:17:31.975+0000] {logging_mixin.py:188} INFO - [2026-02-11T23:17:31.975+0000] {dag.py:3954} INFO - Setting next_dagrun for produce_json to 2026-02-11 14:00:00+00:00, run_after=2026-02-12 14:00:00+00:00
[2026-02-11T23:17:32.034+0000] {processor.py:183} INFO - Processing /opt/airflow/dags/main.py took 0.275 seconds
[2026-02-11T23:18:02.090+0000] {processor.py:161} INFO - Started process (PID=900) to work on /opt/airflow/dags/main.py
[2026-02-11T23:18:02.095+0000] {processor.py:830} INFO - Processing file /opt/airflow/dags/main.py for tasks to queue
[2026-02-11T23:18:02.101+0000] {logging_mixin.py:188} INFO - [2026-02-11T23:18:02.100+0000] {dagbag.py:545} INFO - Filling up the DagBag from /opt/airflow/dags/main.py
[2026-02-11T23:18:02.166+0000] {processor.py:840} INFO - DAG(s) 'produce_json' retrieved from /opt/airflow/dags/main.py
[2026-02-11T23:18:02.273+0000] {logging_mixin.py:188} INFO - [2026-02-11T23:18:02.269+0000] {dag.py:3096} INFO - Sync 1 DAGs
[2026-02-11T23:18:02.350+0000] {logging_mixin.py:188} INFO - [2026-02-11T23:18:02.350+0000] {dag.py:3954} INFO - Setting next_dagrun for produce_json to 2026-02-11 14:00:00+00:00, run_after=2026-02-12 14:00:00+00:00
[2026-02-11T23:18:02.430+0000] {processor.py:183} INFO - Processing /opt/airflow/dags/main.py took 0.352 seconds
[2026-02-11T23:18:32.645+0000] {processor.py:161} INFO - Started process (PID=907) to work on /opt/airflow/dags/main.py
[2026-02-11T23:18:32.649+0000] {processor.py:830} INFO - Processing file /opt/airflow/dags/main.py for tasks to queue
[2026-02-11T23:18:32.655+0000] {logging_mixin.py:188} INFO - [2026-02-11T23:18:32.654+0000] {dagbag.py:545} INFO - Filling up the DagBag from /opt/airflow/dags/main.py
[2026-02-11T23:18:32.712+0000] {processor.py:840} INFO - DAG(s) 'produce_json' retrieved from /opt/airflow/dags/main.py
[2026-02-11T23:18:32.828+0000] {logging_mixin.py:188} INFO - [2026-02-11T23:18:32.828+0000] {dag.py:3096} INFO - Sync 1 DAGs
[2026-02-11T23:18:32.900+0000] {logging_mixin.py:188} INFO - [2026-02-11T23:18:32.900+0000] {dag.py:3954} INFO - Setting next_dagrun for produce_json to 2026-02-11 14:00:00+00:00, run_after=2026-02-12 14:00:00+00:00
[2026-02-11T23:18:32.961+0000] {processor.py:183} INFO - Processing /opt/airflow/dags/main.py took 0.326 seconds
[2026-02-11T23:19:03.163+0000] {processor.py:161} INFO - Started process (PID=915) to work on /opt/airflow/dags/main.py
[2026-02-11T23:19:03.176+0000] {processor.py:830} INFO - Processing file /opt/airflow/dags/main.py for tasks to queue
[2026-02-11T23:19:03.183+0000] {logging_mixin.py:188} INFO - [2026-02-11T23:19:03.182+0000] {dagbag.py:545} INFO - Filling up the DagBag from /opt/airflow/dags/main.py
[2026-02-11T23:19:03.237+0000] {processor.py:840} INFO - DAG(s) 'produce_json' retrieved from /opt/airflow/dags/main.py
[2026-02-11T23:19:03.327+0000] {logging_mixin.py:188} INFO - [2026-02-11T23:19:03.327+0000] {dag.py:3096} INFO - Sync 1 DAGs
[2026-02-11T23:19:03.368+0000] {logging_mixin.py:188} INFO - [2026-02-11T23:19:03.368+0000] {dag.py:3954} INFO - Setting next_dagrun for produce_json to 2026-02-11 14:00:00+00:00, run_after=2026-02-12 14:00:00+00:00
[2026-02-11T23:19:03.411+0000] {processor.py:183} INFO - Processing /opt/airflow/dags/main.py took 0.271 seconds
[2026-02-11T23:19:33.755+0000] {processor.py:161} INFO - Started process (PID=922) to work on /opt/airflow/dags/main.py
[2026-02-11T23:19:33.761+0000] {processor.py:830} INFO - Processing file /opt/airflow/dags/main.py for tasks to queue
[2026-02-11T23:19:33.765+0000] {logging_mixin.py:188} INFO - [2026-02-11T23:19:33.765+0000] {dagbag.py:545} INFO - Filling up the DagBag from /opt/airflow/dags/main.py
[2026-02-11T23:19:33.816+0000] {processor.py:840} INFO - DAG(s) 'produce_json' retrieved from /opt/airflow/dags/main.py
[2026-02-11T23:19:33.883+0000] {logging_mixin.py:188} INFO - [2026-02-11T23:19:33.883+0000] {dag.py:3096} INFO - Sync 1 DAGs
[2026-02-11T23:19:33.941+0000] {logging_mixin.py:188} INFO - [2026-02-11T23:19:33.941+0000] {dag.py:3954} INFO - Setting next_dagrun for produce_json to 2026-02-11 14:00:00+00:00, run_after=2026-02-12 14:00:00+00:00
[2026-02-11T23:19:33.985+0000] {processor.py:183} INFO - Processing /opt/airflow/dags/main.py took 0.246 seconds
[2026-02-11T23:20:05.193+0000] {processor.py:161} INFO - Started process (PID=929) to work on /opt/airflow/dags/main.py
[2026-02-11T23:20:05.268+0000] {processor.py:830} INFO - Processing file /opt/airflow/dags/main.py for tasks to queue
[2026-02-11T23:20:05.311+0000] {logging_mixin.py:188} INFO - [2026-02-11T23:20:05.308+0000] {dagbag.py:545} INFO - Filling up the DagBag from /opt/airflow/dags/main.py
[2026-02-11T23:20:05.441+0000] {processor.py:840} INFO - DAG(s) 'produce_json' retrieved from /opt/airflow/dags/main.py
[2026-02-11T23:20:05.537+0000] {logging_mixin.py:188} INFO - [2026-02-11T23:20:05.537+0000] {dag.py:3096} INFO - Sync 1 DAGs
[2026-02-11T23:20:05.588+0000] {logging_mixin.py:188} INFO - [2026-02-11T23:20:05.588+0000] {dag.py:3954} INFO - Setting next_dagrun for produce_json to 2026-02-11 14:00:00+00:00, run_after=2026-02-12 14:00:00+00:00
[2026-02-11T23:20:05.793+0000] {processor.py:183} INFO - Processing /opt/airflow/dags/main.py took 0.615 seconds
[2026-02-11T23:20:36.754+0000] {processor.py:161} INFO - Started process (PID=936) to work on /opt/airflow/dags/main.py
[2026-02-11T23:20:36.776+0000] {processor.py:830} INFO - Processing file /opt/airflow/dags/main.py for tasks to queue
[2026-02-11T23:20:36.778+0000] {logging_mixin.py:188} INFO - [2026-02-11T23:20:36.778+0000] {dagbag.py:545} INFO - Filling up the DagBag from /opt/airflow/dags/main.py
[2026-02-11T23:20:36.844+0000] {processor.py:840} INFO - DAG(s) 'produce_json' retrieved from /opt/airflow/dags/main.py
[2026-02-11T23:20:36.944+0000] {logging_mixin.py:188} INFO - [2026-02-11T23:20:36.944+0000] {dag.py:3096} INFO - Sync 1 DAGs
[2026-02-11T23:20:37.048+0000] {logging_mixin.py:188} INFO - [2026-02-11T23:20:37.048+0000] {dag.py:3954} INFO - Setting next_dagrun for produce_json to 2026-02-11 14:00:00+00:00, run_after=2026-02-12 14:00:00+00:00
[2026-02-11T23:20:37.208+0000] {processor.py:183} INFO - Processing /opt/airflow/dags/main.py took 0.466 seconds
[2026-02-11T23:21:07.379+0000] {processor.py:161} INFO - Started process (PID=942) to work on /opt/airflow/dags/main.py
[2026-02-11T23:21:07.424+0000] {processor.py:830} INFO - Processing file /opt/airflow/dags/main.py for tasks to queue
[2026-02-11T23:21:07.430+0000] {logging_mixin.py:188} INFO - [2026-02-11T23:21:07.429+0000] {dagbag.py:545} INFO - Filling up the DagBag from /opt/airflow/dags/main.py
[2026-02-11T23:21:07.477+0000] {processor.py:840} INFO - DAG(s) 'produce_json' retrieved from /opt/airflow/dags/main.py
[2026-02-11T23:21:07.569+0000] {logging_mixin.py:188} INFO - [2026-02-11T23:21:07.568+0000] {dag.py:3096} INFO - Sync 1 DAGs
[2026-02-11T23:21:07.635+0000] {logging_mixin.py:188} INFO - [2026-02-11T23:21:07.635+0000] {dag.py:3954} INFO - Setting next_dagrun for produce_json to 2026-02-11 14:00:00+00:00, run_after=2026-02-12 14:00:00+00:00
[2026-02-11T23:21:07.695+0000] {processor.py:183} INFO - Processing /opt/airflow/dags/main.py took 0.340 seconds
[2026-02-11T23:21:38.682+0000] {processor.py:161} INFO - Started process (PID=949) to work on /opt/airflow/dags/main.py
[2026-02-11T23:21:38.689+0000] {processor.py:830} INFO - Processing file /opt/airflow/dags/main.py for tasks to queue
[2026-02-11T23:21:38.693+0000] {logging_mixin.py:188} INFO - [2026-02-11T23:21:38.693+0000] {dagbag.py:545} INFO - Filling up the DagBag from /opt/airflow/dags/main.py
[2026-02-11T23:21:38.765+0000] {processor.py:840} INFO - DAG(s) 'produce_json' retrieved from /opt/airflow/dags/main.py
[2026-02-11T23:21:38.859+0000] {logging_mixin.py:188} INFO - [2026-02-11T23:21:38.858+0000] {dag.py:3096} INFO - Sync 1 DAGs
[2026-02-11T23:21:38.940+0000] {logging_mixin.py:188} INFO - [2026-02-11T23:21:38.940+0000] {dag.py:3954} INFO - Setting next_dagrun for produce_json to 2026-02-11 14:00:00+00:00, run_after=2026-02-12 14:00:00+00:00
[2026-02-11T23:21:39.019+0000] {processor.py:183} INFO - Processing /opt/airflow/dags/main.py took 0.356 seconds
[2026-02-11T23:22:09.201+0000] {processor.py:161} INFO - Started process (PID=956) to work on /opt/airflow/dags/main.py
[2026-02-11T23:22:09.206+0000] {processor.py:830} INFO - Processing file /opt/airflow/dags/main.py for tasks to queue
[2026-02-11T23:22:09.215+0000] {logging_mixin.py:188} INFO - [2026-02-11T23:22:09.214+0000] {dagbag.py:545} INFO - Filling up the DagBag from /opt/airflow/dags/main.py
[2026-02-11T23:22:09.306+0000] {processor.py:840} INFO - DAG(s) 'produce_json' retrieved from /opt/airflow/dags/main.py
[2026-02-11T23:22:09.451+0000] {logging_mixin.py:188} INFO - [2026-02-11T23:22:09.450+0000] {dag.py:3096} INFO - Sync 1 DAGs
[2026-02-11T23:22:09.536+0000] {logging_mixin.py:188} INFO - [2026-02-11T23:22:09.535+0000] {dag.py:3954} INFO - Setting next_dagrun for produce_json to 2026-02-11 14:00:00+00:00, run_after=2026-02-12 14:00:00+00:00
[2026-02-11T23:22:09.621+0000] {processor.py:183} INFO - Processing /opt/airflow/dags/main.py took 0.514 seconds
[2026-02-11T23:22:40.625+0000] {processor.py:161} INFO - Started process (PID=963) to work on /opt/airflow/dags/main.py
[2026-02-11T23:22:40.637+0000] {processor.py:830} INFO - Processing file /opt/airflow/dags/main.py for tasks to queue
[2026-02-11T23:22:40.650+0000] {logging_mixin.py:188} INFO - [2026-02-11T23:22:40.648+0000] {dagbag.py:545} INFO - Filling up the DagBag from /opt/airflow/dags/main.py
[2026-02-11T23:22:40.697+0000] {processor.py:840} INFO - DAG(s) 'produce_json' retrieved from /opt/airflow/dags/main.py
[2026-02-11T23:22:40.794+0000] {logging_mixin.py:188} INFO - [2026-02-11T23:22:40.793+0000] {dag.py:3096} INFO - Sync 1 DAGs
[2026-02-11T23:22:40.850+0000] {logging_mixin.py:188} INFO - [2026-02-11T23:22:40.849+0000] {dag.py:3954} INFO - Setting next_dagrun for produce_json to 2026-02-11 14:00:00+00:00, run_after=2026-02-12 14:00:00+00:00
[2026-02-11T23:22:40.913+0000] {processor.py:183} INFO - Processing /opt/airflow/dags/main.py took 0.307 seconds
[2026-02-11T23:23:11.676+0000] {processor.py:161} INFO - Started process (PID=969) to work on /opt/airflow/dags/main.py
[2026-02-11T23:23:11.679+0000] {processor.py:830} INFO - Processing file /opt/airflow/dags/main.py for tasks to queue
[2026-02-11T23:23:11.683+0000] {logging_mixin.py:188} INFO - [2026-02-11T23:23:11.683+0000] {dagbag.py:545} INFO - Filling up the DagBag from /opt/airflow/dags/main.py
[2026-02-11T23:23:11.737+0000] {processor.py:840} INFO - DAG(s) 'produce_json' retrieved from /opt/airflow/dags/main.py
[2026-02-11T23:23:11.876+0000] {logging_mixin.py:188} INFO - [2026-02-11T23:23:11.875+0000] {dag.py:3096} INFO - Sync 1 DAGs
[2026-02-11T23:23:11.951+0000] {logging_mixin.py:188} INFO - [2026-02-11T23:23:11.950+0000] {dag.py:3954} INFO - Setting next_dagrun for produce_json to 2026-02-11 14:00:00+00:00, run_after=2026-02-12 14:00:00+00:00
[2026-02-11T23:23:11.994+0000] {processor.py:183} INFO - Processing /opt/airflow/dags/main.py took 0.344 seconds
[2026-02-11T23:23:42.473+0000] {processor.py:161} INFO - Started process (PID=976) to work on /opt/airflow/dags/main.py
[2026-02-11T23:23:42.477+0000] {processor.py:830} INFO - Processing file /opt/airflow/dags/main.py for tasks to queue
[2026-02-11T23:23:42.497+0000] {logging_mixin.py:188} INFO - [2026-02-11T23:23:42.484+0000] {dagbag.py:545} INFO - Filling up the DagBag from /opt/airflow/dags/main.py
[2026-02-11T23:23:42.610+0000] {processor.py:840} INFO - DAG(s) 'produce_json' retrieved from /opt/airflow/dags/main.py
[2026-02-11T23:23:43.300+0000] {logging_mixin.py:188} INFO - [2026-02-11T23:23:43.299+0000] {dag.py:3096} INFO - Sync 1 DAGs
[2026-02-11T23:23:43.488+0000] {logging_mixin.py:188} INFO - [2026-02-11T23:23:43.487+0000] {dag.py:3954} INFO - Setting next_dagrun for produce_json to 2026-02-11 14:00:00+00:00, run_after=2026-02-12 14:00:00+00:00
[2026-02-11T23:23:43.611+0000] {processor.py:183} INFO - Processing /opt/airflow/dags/main.py took 1.162 seconds
[2026-02-11T23:24:14.612+0000] {processor.py:161} INFO - Started process (PID=982) to work on /opt/airflow/dags/main.py
[2026-02-11T23:24:14.616+0000] {processor.py:830} INFO - Processing file /opt/airflow/dags/main.py for tasks to queue
[2026-02-11T23:24:14.622+0000] {logging_mixin.py:188} INFO - [2026-02-11T23:24:14.622+0000] {dagbag.py:545} INFO - Filling up the DagBag from /opt/airflow/dags/main.py
[2026-02-11T23:24:14.692+0000] {processor.py:840} INFO - DAG(s) 'produce_json' retrieved from /opt/airflow/dags/main.py
[2026-02-11T23:24:14.794+0000] {logging_mixin.py:188} INFO - [2026-02-11T23:24:14.794+0000] {dag.py:3096} INFO - Sync 1 DAGs
[2026-02-11T23:24:14.876+0000] {logging_mixin.py:188} INFO - [2026-02-11T23:24:14.876+0000] {dag.py:3954} INFO - Setting next_dagrun for produce_json to 2026-02-11 14:00:00+00:00, run_after=2026-02-12 14:00:00+00:00
[2026-02-11T23:24:14.935+0000] {processor.py:183} INFO - Processing /opt/airflow/dags/main.py took 0.363 seconds
[2026-02-11T23:24:45.296+0000] {processor.py:161} INFO - Started process (PID=989) to work on /opt/airflow/dags/main.py
[2026-02-11T23:24:45.314+0000] {processor.py:830} INFO - Processing file /opt/airflow/dags/main.py for tasks to queue
[2026-02-11T23:24:45.344+0000] {logging_mixin.py:188} INFO - [2026-02-11T23:24:45.343+0000] {dagbag.py:545} INFO - Filling up the DagBag from /opt/airflow/dags/main.py
[2026-02-11T23:24:45.470+0000] {processor.py:840} INFO - DAG(s) 'produce_json' retrieved from /opt/airflow/dags/main.py
[2026-02-11T23:24:45.704+0000] {logging_mixin.py:188} INFO - [2026-02-11T23:24:45.703+0000] {dag.py:3096} INFO - Sync 1 DAGs
[2026-02-11T23:24:45.813+0000] {logging_mixin.py:188} INFO - [2026-02-11T23:24:45.813+0000] {dag.py:3954} INFO - Setting next_dagrun for produce_json to 2026-02-11 14:00:00+00:00, run_after=2026-02-12 14:00:00+00:00
[2026-02-11T23:24:46.313+0000] {processor.py:183} INFO - Processing /opt/airflow/dags/main.py took 1.140 seconds
[2026-02-11T23:25:16.436+0000] {processor.py:161} INFO - Started process (PID=996) to work on /opt/airflow/dags/main.py
[2026-02-11T23:25:16.439+0000] {processor.py:830} INFO - Processing file /opt/airflow/dags/main.py for tasks to queue
[2026-02-11T23:25:16.443+0000] {logging_mixin.py:188} INFO - [2026-02-11T23:25:16.443+0000] {dagbag.py:545} INFO - Filling up the DagBag from /opt/airflow/dags/main.py
[2026-02-11T23:25:16.498+0000] {processor.py:840} INFO - DAG(s) 'produce_json' retrieved from /opt/airflow/dags/main.py
[2026-02-11T23:25:16.571+0000] {logging_mixin.py:188} INFO - [2026-02-11T23:25:16.570+0000] {dag.py:3096} INFO - Sync 1 DAGs
[2026-02-11T23:25:16.619+0000] {logging_mixin.py:188} INFO - [2026-02-11T23:25:16.619+0000] {dag.py:3954} INFO - Setting next_dagrun for produce_json to 2026-02-11 14:00:00+00:00, run_after=2026-02-12 14:00:00+00:00
[2026-02-11T23:25:16.675+0000] {processor.py:183} INFO - Processing /opt/airflow/dags/main.py took 0.256 seconds
[2026-02-11T23:25:47.135+0000] {processor.py:161} INFO - Started process (PID=1002) to work on /opt/airflow/dags/main.py
[2026-02-11T23:25:47.137+0000] {processor.py:830} INFO - Processing file /opt/airflow/dags/main.py for tasks to queue
[2026-02-11T23:25:47.143+0000] {logging_mixin.py:188} INFO - [2026-02-11T23:25:47.143+0000] {dagbag.py:545} INFO - Filling up the DagBag from /opt/airflow/dags/main.py
[2026-02-11T23:25:47.188+0000] {processor.py:840} INFO - DAG(s) 'produce_json' retrieved from /opt/airflow/dags/main.py
[2026-02-11T23:25:47.310+0000] {logging_mixin.py:188} INFO - [2026-02-11T23:25:47.309+0000] {dag.py:3096} INFO - Sync 1 DAGs
[2026-02-11T23:25:47.385+0000] {logging_mixin.py:188} INFO - [2026-02-11T23:25:47.384+0000] {dag.py:3954} INFO - Setting next_dagrun for produce_json to 2026-02-11 14:00:00+00:00, run_after=2026-02-12 14:00:00+00:00
[2026-02-11T23:25:47.435+0000] {processor.py:183} INFO - Processing /opt/airflow/dags/main.py took 0.314 seconds
[2026-02-11T23:26:17.950+0000] {processor.py:161} INFO - Started process (PID=1009) to work on /opt/airflow/dags/main.py
[2026-02-11T23:26:17.952+0000] {processor.py:830} INFO - Processing file /opt/airflow/dags/main.py for tasks to queue
[2026-02-11T23:26:17.955+0000] {logging_mixin.py:188} INFO - [2026-02-11T23:26:17.955+0000] {dagbag.py:545} INFO - Filling up the DagBag from /opt/airflow/dags/main.py
[2026-02-11T23:26:18.010+0000] {processor.py:840} INFO - DAG(s) 'produce_json' retrieved from /opt/airflow/dags/main.py
[2026-02-11T23:26:18.073+0000] {logging_mixin.py:188} INFO - [2026-02-11T23:26:18.072+0000] {dag.py:3096} INFO - Sync 1 DAGs
[2026-02-11T23:26:18.110+0000] {logging_mixin.py:188} INFO - [2026-02-11T23:26:18.109+0000] {dag.py:3954} INFO - Setting next_dagrun for produce_json to 2026-02-11 14:00:00+00:00, run_after=2026-02-12 14:00:00+00:00
[2026-02-11T23:26:18.177+0000] {processor.py:183} INFO - Processing /opt/airflow/dags/main.py took 0.240 seconds
[2026-02-11T23:26:48.256+0000] {processor.py:161} INFO - Started process (PID=1017) to work on /opt/airflow/dags/main.py
[2026-02-11T23:26:48.261+0000] {processor.py:830} INFO - Processing file /opt/airflow/dags/main.py for tasks to queue
[2026-02-11T23:26:48.264+0000] {logging_mixin.py:188} INFO - [2026-02-11T23:26:48.264+0000] {dagbag.py:545} INFO - Filling up the DagBag from /opt/airflow/dags/main.py
[2026-02-11T23:26:48.348+0000] {processor.py:840} INFO - DAG(s) 'produce_json' retrieved from /opt/airflow/dags/main.py
[2026-02-11T23:26:48.412+0000] {logging_mixin.py:188} INFO - [2026-02-11T23:26:48.411+0000] {dag.py:3096} INFO - Sync 1 DAGs
[2026-02-11T23:26:48.456+0000] {logging_mixin.py:188} INFO - [2026-02-11T23:26:48.456+0000] {dag.py:3954} INFO - Setting next_dagrun for produce_json to 2026-02-11 14:00:00+00:00, run_after=2026-02-12 14:00:00+00:00
[2026-02-11T23:26:48.524+0000] {processor.py:183} INFO - Processing /opt/airflow/dags/main.py took 0.284 seconds
[2026-02-11T23:27:19.786+0000] {processor.py:161} INFO - Started process (PID=1025) to work on /opt/airflow/dags/main.py
[2026-02-11T23:27:19.791+0000] {processor.py:830} INFO - Processing file /opt/airflow/dags/main.py for tasks to queue
[2026-02-11T23:27:19.797+0000] {logging_mixin.py:188} INFO - [2026-02-11T23:27:19.796+0000] {dagbag.py:545} INFO - Filling up the DagBag from /opt/airflow/dags/main.py
[2026-02-11T23:27:19.857+0000] {processor.py:840} INFO - DAG(s) 'produce_json' retrieved from /opt/airflow/dags/main.py
[2026-02-11T23:27:20.383+0000] {logging_mixin.py:188} INFO - [2026-02-11T23:27:20.382+0000] {dag.py:3096} INFO - Sync 1 DAGs
[2026-02-11T23:27:20.940+0000] {logging_mixin.py:188} INFO - [2026-02-11T23:27:20.939+0000] {dag.py:3954} INFO - Setting next_dagrun for produce_json to 2026-02-11 14:00:00+00:00, run_after=2026-02-12 14:00:00+00:00
[2026-02-11T23:27:21.308+0000] {processor.py:183} INFO - Processing /opt/airflow/dags/main.py took 1.534 seconds
[2026-02-11T23:27:51.463+0000] {processor.py:161} INFO - Started process (PID=1032) to work on /opt/airflow/dags/main.py
[2026-02-11T23:27:51.470+0000] {processor.py:830} INFO - Processing file /opt/airflow/dags/main.py for tasks to queue
[2026-02-11T23:27:51.476+0000] {logging_mixin.py:188} INFO - [2026-02-11T23:27:51.475+0000] {dagbag.py:545} INFO - Filling up the DagBag from /opt/airflow/dags/main.py
[2026-02-11T23:27:51.538+0000] {processor.py:840} INFO - DAG(s) 'produce_json' retrieved from /opt/airflow/dags/main.py
[2026-02-11T23:27:51.644+0000] {logging_mixin.py:188} INFO - [2026-02-11T23:27:51.643+0000] {dag.py:3096} INFO - Sync 1 DAGs
[2026-02-11T23:27:51.726+0000] {logging_mixin.py:188} INFO - [2026-02-11T23:27:51.726+0000] {dag.py:3954} INFO - Setting next_dagrun for produce_json to 2026-02-11 14:00:00+00:00, run_after=2026-02-12 14:00:00+00:00
[2026-02-11T23:27:51.774+0000] {processor.py:183} INFO - Processing /opt/airflow/dags/main.py took 0.333 seconds
[2026-02-11T23:28:22.460+0000] {processor.py:161} INFO - Started process (PID=1040) to work on /opt/airflow/dags/main.py
[2026-02-11T23:28:22.469+0000] {processor.py:830} INFO - Processing file /opt/airflow/dags/main.py for tasks to queue
[2026-02-11T23:28:22.473+0000] {logging_mixin.py:188} INFO - [2026-02-11T23:28:22.473+0000] {dagbag.py:545} INFO - Filling up the DagBag from /opt/airflow/dags/main.py
[2026-02-11T23:28:22.539+0000] {processor.py:840} INFO - DAG(s) 'produce_json' retrieved from /opt/airflow/dags/main.py
[2026-02-11T23:28:22.641+0000] {logging_mixin.py:188} INFO - [2026-02-11T23:28:22.641+0000] {dag.py:3096} INFO - Sync 1 DAGs
[2026-02-11T23:28:22.691+0000] {logging_mixin.py:188} INFO - [2026-02-11T23:28:22.690+0000] {dag.py:3954} INFO - Setting next_dagrun for produce_json to 2026-02-11 14:00:00+00:00, run_after=2026-02-12 14:00:00+00:00
[2026-02-11T23:28:22.751+0000] {processor.py:183} INFO - Processing /opt/airflow/dags/main.py took 0.307 seconds
[2026-02-11T23:28:53.425+0000] {processor.py:161} INFO - Started process (PID=1047) to work on /opt/airflow/dags/main.py
[2026-02-11T23:28:53.430+0000] {processor.py:830} INFO - Processing file /opt/airflow/dags/main.py for tasks to queue
[2026-02-11T23:28:53.435+0000] {logging_mixin.py:188} INFO - [2026-02-11T23:28:53.434+0000] {dagbag.py:545} INFO - Filling up the DagBag from /opt/airflow/dags/main.py
[2026-02-11T23:28:53.480+0000] {processor.py:840} INFO - DAG(s) 'produce_json' retrieved from /opt/airflow/dags/main.py
[2026-02-11T23:28:53.566+0000] {logging_mixin.py:188} INFO - [2026-02-11T23:28:53.565+0000] {dag.py:3096} INFO - Sync 1 DAGs
[2026-02-11T23:28:53.629+0000] {logging_mixin.py:188} INFO - [2026-02-11T23:28:53.629+0000] {dag.py:3954} INFO - Setting next_dagrun for produce_json to 2026-02-11 14:00:00+00:00, run_after=2026-02-12 14:00:00+00:00
[2026-02-11T23:28:53.957+0000] {processor.py:183} INFO - Processing /opt/airflow/dags/main.py took 0.557 seconds
[2026-02-11T23:29:24.264+0000] {processor.py:161} INFO - Started process (PID=1054) to work on /opt/airflow/dags/main.py
[2026-02-11T23:29:24.268+0000] {processor.py:830} INFO - Processing file /opt/airflow/dags/main.py for tasks to queue
[2026-02-11T23:29:24.278+0000] {logging_mixin.py:188} INFO - [2026-02-11T23:29:24.277+0000] {dagbag.py:545} INFO - Filling up the DagBag from /opt/airflow/dags/main.py
[2026-02-11T23:29:24.342+0000] {processor.py:840} INFO - DAG(s) 'produce_json' retrieved from /opt/airflow/dags/main.py
[2026-02-11T23:29:24.436+0000] {logging_mixin.py:188} INFO - [2026-02-11T23:29:24.434+0000] {dag.py:3096} INFO - Sync 1 DAGs
[2026-02-11T23:29:24.491+0000] {logging_mixin.py:188} INFO - [2026-02-11T23:29:24.491+0000] {dag.py:3954} INFO - Setting next_dagrun for produce_json to 2026-02-11 14:00:00+00:00, run_after=2026-02-12 14:00:00+00:00
[2026-02-11T23:29:24.547+0000] {processor.py:183} INFO - Processing /opt/airflow/dags/main.py took 0.300 seconds
[2026-02-11T23:29:55.375+0000] {processor.py:161} INFO - Started process (PID=1061) to work on /opt/airflow/dags/main.py
[2026-02-11T23:29:55.383+0000] {processor.py:830} INFO - Processing file /opt/airflow/dags/main.py for tasks to queue
[2026-02-11T23:29:55.393+0000] {logging_mixin.py:188} INFO - [2026-02-11T23:29:55.392+0000] {dagbag.py:545} INFO - Filling up the DagBag from /opt/airflow/dags/main.py
[2026-02-11T23:29:55.448+0000] {processor.py:840} INFO - DAG(s) 'produce_json' retrieved from /opt/airflow/dags/main.py
[2026-02-11T23:29:55.523+0000] {logging_mixin.py:188} INFO - [2026-02-11T23:29:55.523+0000] {dag.py:3096} INFO - Sync 1 DAGs
[2026-02-11T23:29:55.578+0000] {logging_mixin.py:188} INFO - [2026-02-11T23:29:55.578+0000] {dag.py:3954} INFO - Setting next_dagrun for produce_json to 2026-02-11 14:00:00+00:00, run_after=2026-02-12 14:00:00+00:00
[2026-02-11T23:29:55.646+0000] {processor.py:183} INFO - Processing /opt/airflow/dags/main.py took 0.282 seconds
[2026-02-11T23:30:25.897+0000] {processor.py:161} INFO - Started process (PID=1068) to work on /opt/airflow/dags/main.py
[2026-02-11T23:30:25.899+0000] {processor.py:830} INFO - Processing file /opt/airflow/dags/main.py for tasks to queue
[2026-02-11T23:30:25.902+0000] {logging_mixin.py:188} INFO - [2026-02-11T23:30:25.902+0000] {dagbag.py:545} INFO - Filling up the DagBag from /opt/airflow/dags/main.py
[2026-02-11T23:30:25.958+0000] {processor.py:840} INFO - DAG(s) 'produce_json' retrieved from /opt/airflow/dags/main.py
[2026-02-11T23:30:26.016+0000] {logging_mixin.py:188} INFO - [2026-02-11T23:30:26.015+0000] {dag.py:3096} INFO - Sync 1 DAGs
[2026-02-11T23:30:26.052+0000] {logging_mixin.py:188} INFO - [2026-02-11T23:30:26.052+0000] {dag.py:3954} INFO - Setting next_dagrun for produce_json to 2026-02-11 14:00:00+00:00, run_after=2026-02-12 14:00:00+00:00
[2026-02-11T23:30:26.089+0000] {processor.py:183} INFO - Processing /opt/airflow/dags/main.py took 0.203 seconds
[2026-02-11T23:30:56.368+0000] {processor.py:161} INFO - Started process (PID=1076) to work on /opt/airflow/dags/main.py
[2026-02-11T23:30:56.401+0000] {processor.py:830} INFO - Processing file /opt/airflow/dags/main.py for tasks to queue
[2026-02-11T23:30:56.417+0000] {logging_mixin.py:188} INFO - [2026-02-11T23:30:56.416+0000] {dagbag.py:545} INFO - Filling up the DagBag from /opt/airflow/dags/main.py
[2026-02-11T23:30:56.470+0000] {processor.py:840} INFO - DAG(s) 'produce_json' retrieved from /opt/airflow/dags/main.py
[2026-02-11T23:30:56.722+0000] {logging_mixin.py:188} INFO - [2026-02-11T23:30:56.722+0000] {dag.py:3096} INFO - Sync 1 DAGs
[2026-02-11T23:30:56.763+0000] {logging_mixin.py:188} INFO - [2026-02-11T23:30:56.762+0000] {dag.py:3954} INFO - Setting next_dagrun for produce_json to 2026-02-11 14:00:00+00:00, run_after=2026-02-12 14:00:00+00:00
[2026-02-11T23:30:56.797+0000] {processor.py:183} INFO - Processing /opt/airflow/dags/main.py took 0.450 seconds
[2026-02-11T23:31:27.055+0000] {processor.py:161} INFO - Started process (PID=1084) to work on /opt/airflow/dags/main.py
[2026-02-11T23:31:27.062+0000] {processor.py:830} INFO - Processing file /opt/airflow/dags/main.py for tasks to queue
[2026-02-11T23:31:27.066+0000] {logging_mixin.py:188} INFO - [2026-02-11T23:31:27.066+0000] {dagbag.py:545} INFO - Filling up the DagBag from /opt/airflow/dags/main.py
[2026-02-11T23:31:27.165+0000] {processor.py:840} INFO - DAG(s) 'produce_json' retrieved from /opt/airflow/dags/main.py
[2026-02-11T23:31:27.242+0000] {logging_mixin.py:188} INFO - [2026-02-11T23:31:27.241+0000] {dag.py:3096} INFO - Sync 1 DAGs
[2026-02-11T23:31:27.281+0000] {logging_mixin.py:188} INFO - [2026-02-11T23:31:27.281+0000] {dag.py:3954} INFO - Setting next_dagrun for produce_json to 2026-02-11 14:00:00+00:00, run_after=2026-02-12 14:00:00+00:00
[2026-02-11T23:31:27.350+0000] {processor.py:183} INFO - Processing /opt/airflow/dags/main.py took 0.319 seconds
[2026-02-11T23:31:57.588+0000] {processor.py:161} INFO - Started process (PID=1091) to work on /opt/airflow/dags/main.py
[2026-02-11T23:31:57.597+0000] {processor.py:830} INFO - Processing file /opt/airflow/dags/main.py for tasks to queue
[2026-02-11T23:31:57.601+0000] {logging_mixin.py:188} INFO - [2026-02-11T23:31:57.600+0000] {dagbag.py:545} INFO - Filling up the DagBag from /opt/airflow/dags/main.py
[2026-02-11T23:31:57.655+0000] {processor.py:840} INFO - DAG(s) 'produce_json' retrieved from /opt/airflow/dags/main.py
[2026-02-11T23:31:57.749+0000] {logging_mixin.py:188} INFO - [2026-02-11T23:31:57.749+0000] {dag.py:3096} INFO - Sync 1 DAGs
[2026-02-11T23:31:57.816+0000] {logging_mixin.py:188} INFO - [2026-02-11T23:31:57.815+0000] {dag.py:3954} INFO - Setting next_dagrun for produce_json to 2026-02-11 14:00:00+00:00, run_after=2026-02-12 14:00:00+00:00
[2026-02-11T23:31:57.880+0000] {processor.py:183} INFO - Processing /opt/airflow/dags/main.py took 0.305 seconds
[2026-02-11T23:32:28.775+0000] {processor.py:161} INFO - Started process (PID=1098) to work on /opt/airflow/dags/main.py
[2026-02-11T23:32:28.784+0000] {processor.py:830} INFO - Processing file /opt/airflow/dags/main.py for tasks to queue
[2026-02-11T23:32:28.791+0000] {logging_mixin.py:188} INFO - [2026-02-11T23:32:28.787+0000] {dagbag.py:545} INFO - Filling up the DagBag from /opt/airflow/dags/main.py
[2026-02-11T23:32:28.834+0000] {processor.py:840} INFO - DAG(s) 'produce_json' retrieved from /opt/airflow/dags/main.py
[2026-02-11T23:32:28.911+0000] {logging_mixin.py:188} INFO - [2026-02-11T23:32:28.911+0000] {dag.py:3096} INFO - Sync 1 DAGs
[2026-02-11T23:32:28.974+0000] {logging_mixin.py:188} INFO - [2026-02-11T23:32:28.974+0000] {dag.py:3954} INFO - Setting next_dagrun for produce_json to 2026-02-11 14:00:00+00:00, run_after=2026-02-12 14:00:00+00:00
[2026-02-11T23:32:29.030+0000] {processor.py:183} INFO - Processing /opt/airflow/dags/main.py took 0.270 seconds
[2026-02-11T23:32:59.458+0000] {processor.py:161} INFO - Started process (PID=1106) to work on /opt/airflow/dags/main.py
[2026-02-11T23:32:59.463+0000] {processor.py:830} INFO - Processing file /opt/airflow/dags/main.py for tasks to queue
[2026-02-11T23:32:59.466+0000] {logging_mixin.py:188} INFO - [2026-02-11T23:32:59.466+0000] {dagbag.py:545} INFO - Filling up the DagBag from /opt/airflow/dags/main.py
[2026-02-11T23:32:59.532+0000] {processor.py:840} INFO - DAG(s) 'produce_json' retrieved from /opt/airflow/dags/main.py
[2026-02-11T23:32:59.597+0000] {logging_mixin.py:188} INFO - [2026-02-11T23:32:59.597+0000] {dag.py:3096} INFO - Sync 1 DAGs
[2026-02-11T23:32:59.632+0000] {logging_mixin.py:188} INFO - [2026-02-11T23:32:59.632+0000] {dag.py:3954} INFO - Setting next_dagrun for produce_json to 2026-02-11 14:00:00+00:00, run_after=2026-02-12 14:00:00+00:00
[2026-02-11T23:32:59.672+0000] {processor.py:183} INFO - Processing /opt/airflow/dags/main.py took 0.232 seconds
[2026-02-11T23:33:29.979+0000] {processor.py:161} INFO - Started process (PID=1114) to work on /opt/airflow/dags/main.py
[2026-02-11T23:33:29.990+0000] {processor.py:830} INFO - Processing file /opt/airflow/dags/main.py for tasks to queue
[2026-02-11T23:33:29.998+0000] {logging_mixin.py:188} INFO - [2026-02-11T23:33:29.998+0000] {dagbag.py:545} INFO - Filling up the DagBag from /opt/airflow/dags/main.py
[2026-02-11T23:33:30.350+0000] {processor.py:840} INFO - DAG(s) 'produce_json' retrieved from /opt/airflow/dags/main.py
[2026-02-11T23:33:30.512+0000] {logging_mixin.py:188} INFO - [2026-02-11T23:33:30.511+0000] {dag.py:3096} INFO - Sync 1 DAGs
[2026-02-11T23:33:30.592+0000] {logging_mixin.py:188} INFO - [2026-02-11T23:33:30.591+0000] {dag.py:3954} INFO - Setting next_dagrun for produce_json to 2026-02-11 14:00:00+00:00, run_after=2026-02-12 14:00:00+00:00
[2026-02-11T23:33:31.063+0000] {processor.py:183} INFO - Processing /opt/airflow/dags/main.py took 1.137 seconds
[2026-02-11T23:34:01.975+0000] {processor.py:161} INFO - Started process (PID=1121) to work on /opt/airflow/dags/main.py
[2026-02-11T23:34:01.986+0000] {processor.py:830} INFO - Processing file /opt/airflow/dags/main.py for tasks to queue
[2026-02-11T23:34:01.994+0000] {logging_mixin.py:188} INFO - [2026-02-11T23:34:01.990+0000] {dagbag.py:545} INFO - Filling up the DagBag from /opt/airflow/dags/main.py
[2026-02-11T23:34:02.128+0000] {processor.py:840} INFO - DAG(s) 'produce_json' retrieved from /opt/airflow/dags/main.py
[2026-02-11T23:34:02.234+0000] {logging_mixin.py:188} INFO - [2026-02-11T23:34:02.234+0000] {dag.py:3096} INFO - Sync 1 DAGs
[2026-02-11T23:34:02.301+0000] {logging_mixin.py:188} INFO - [2026-02-11T23:34:02.300+0000] {dag.py:3954} INFO - Setting next_dagrun for produce_json to 2026-02-11 14:00:00+00:00, run_after=2026-02-12 14:00:00+00:00
[2026-02-11T23:34:02.354+0000] {processor.py:183} INFO - Processing /opt/airflow/dags/main.py took 0.414 seconds
[2026-02-11T23:34:33.240+0000] {processor.py:161} INFO - Started process (PID=1129) to work on /opt/airflow/dags/main.py
[2026-02-11T23:34:33.283+0000] {processor.py:830} INFO - Processing file /opt/airflow/dags/main.py for tasks to queue
[2026-02-11T23:34:33.334+0000] {logging_mixin.py:188} INFO - [2026-02-11T23:34:33.333+0000] {dagbag.py:545} INFO - Filling up the DagBag from /opt/airflow/dags/main.py
[2026-02-11T23:34:33.524+0000] {processor.py:840} INFO - DAG(s) 'produce_json' retrieved from /opt/airflow/dags/main.py
[2026-02-11T23:34:33.741+0000] {logging_mixin.py:188} INFO - [2026-02-11T23:34:33.740+0000] {dag.py:3096} INFO - Sync 1 DAGs
[2026-02-11T23:34:33.784+0000] {logging_mixin.py:188} INFO - [2026-02-11T23:34:33.784+0000] {dag.py:3954} INFO - Setting next_dagrun for produce_json to 2026-02-11 14:00:00+00:00, run_after=2026-02-12 14:00:00+00:00
[2026-02-11T23:34:33.847+0000] {processor.py:183} INFO - Processing /opt/airflow/dags/main.py took 0.623 seconds
[2026-02-11T23:35:04.588+0000] {processor.py:161} INFO - Started process (PID=1136) to work on /opt/airflow/dags/main.py
[2026-02-11T23:35:04.591+0000] {processor.py:830} INFO - Processing file /opt/airflow/dags/main.py for tasks to queue
[2026-02-11T23:35:04.594+0000] {logging_mixin.py:188} INFO - [2026-02-11T23:35:04.593+0000] {dagbag.py:545} INFO - Filling up the DagBag from /opt/airflow/dags/main.py
[2026-02-11T23:35:04.689+0000] {processor.py:840} INFO - DAG(s) 'produce_json' retrieved from /opt/airflow/dags/main.py
[2026-02-11T23:35:04.796+0000] {logging_mixin.py:188} INFO - [2026-02-11T23:35:04.796+0000] {dag.py:3096} INFO - Sync 1 DAGs
[2026-02-11T23:35:04.848+0000] {logging_mixin.py:188} INFO - [2026-02-11T23:35:04.848+0000] {dag.py:3954} INFO - Setting next_dagrun for produce_json to 2026-02-11 14:00:00+00:00, run_after=2026-02-12 14:00:00+00:00
[2026-02-11T23:35:04.884+0000] {processor.py:183} INFO - Processing /opt/airflow/dags/main.py took 0.329 seconds
[2026-02-11T23:35:35.679+0000] {processor.py:161} INFO - Started process (PID=1143) to work on /opt/airflow/dags/main.py
[2026-02-11T23:35:35.696+0000] {processor.py:830} INFO - Processing file /opt/airflow/dags/main.py for tasks to queue
[2026-02-11T23:35:35.721+0000] {logging_mixin.py:188} INFO - [2026-02-11T23:35:35.716+0000] {dagbag.py:545} INFO - Filling up the DagBag from /opt/airflow/dags/main.py
[2026-02-11T23:35:35.836+0000] {processor.py:840} INFO - DAG(s) 'produce_json' retrieved from /opt/airflow/dags/main.py
[2026-02-11T23:35:36.153+0000] {logging_mixin.py:188} INFO - [2026-02-11T23:35:36.152+0000] {dag.py:3096} INFO - Sync 1 DAGs
[2026-02-11T23:35:36.262+0000] {logging_mixin.py:188} INFO - [2026-02-11T23:35:36.255+0000] {dag.py:3954} INFO - Setting next_dagrun for produce_json to 2026-02-11 14:00:00+00:00, run_after=2026-02-12 14:00:00+00:00
[2026-02-11T23:35:36.316+0000] {processor.py:183} INFO - Processing /opt/airflow/dags/main.py took 0.653 seconds
